ISO-10303-21;
HEADER;
/* Generated by software containing ST-Developer
 * from STEP Tools, Inc. (www.steptools.com) 
 */

FILE_DESCRIPTION(
/* description */ (''),
/* implementation_level */ '2;1');

FILE_NAME(
/* name */ 'MontagemDaCaixa.step',
/* time_stamp */ '2026-04-01T20:57:50-03:00',
/* author */ (''),
/* organization */ (''),
/* preprocessor_version */ 'ST-DEVELOPER v20.1',
/* originating_system */ 'Autodesk Translation Framework v14.24.0.0',
/* authorisation */ '');

FILE_SCHEMA (('AUTOMOTIVE_DESIGN { 1 0 10303 214 3 1 1 }'));
ENDSEC;

DATA;
#10=MECHANICAL_DESIGN_GEOMETRIC_PRESENTATION_REPRESENTATION('',(#75,#76,
#77,#78,#79,#80,#81,#82),#9510);
#11=ITEM_DEFINED_TRANSFORMATION($,$,#5973,#6059);
#12=ITEM_DEFINED_TRANSFORMATION($,$,#6021,#6060);
#13=ITEM_DEFINED_TRANSFORMATION($,$,#6021,#6061);
#14=ITEM_DEFINED_TRANSFORMATION($,$,#6040,#6062);
#15=ITEM_DEFINED_TRANSFORMATION($,$,#6040,#6063);
#16=ITEM_DEFINED_TRANSFORMATION($,$,#6065,#6338);
#17=ITEM_DEFINED_TRANSFORMATION($,$,#6128,#6339);
#18=ITEM_DEFINED_TRANSFORMATION($,$,#6178,#6340);
#19=ITEM_DEFINED_TRANSFORMATION($,$,#6252,#6341);
#20=ITEM_DEFINED_TRANSFORMATION($,$,#6303,#6342);
#21=ITEM_DEFINED_TRANSFORMATION($,$,#5972,#6343);
#22=ITEM_DEFINED_TRANSFORMATION($,$,#6064,#6344);
#23=(
REPRESENTATION_RELATIONSHIP($,$,#9551,#9550)
REPRESENTATION_RELATIONSHIP_WITH_TRANSFORMATION(#11)
SHAPE_REPRESENTATION_RELATIONSHIP()
);
#24=(
REPRESENTATION_RELATIONSHIP($,$,#9552,#9550)
REPRESENTATION_RELATIONSHIP_WITH_TRANSFORMATION(#12)
SHAPE_REPRESENTATION_RELATIONSHIP()
);
#25=(
REPRESENTATION_RELATIONSHIP($,$,#9552,#9550)
REPRESENTATION_RELATIONSHIP_WITH_TRANSFORMATION(#13)
SHAPE_REPRESENTATION_RELATIONSHIP()
);
#26=(
REPRESENTATION_RELATIONSHIP($,$,#9553,#9550)
REPRESENTATION_RELATIONSHIP_WITH_TRANSFORMATION(#14)
SHAPE_REPRESENTATION_RELATIONSHIP()
);
#27=(
REPRESENTATION_RELATIONSHIP($,$,#9553,#9550)
REPRESENTATION_RELATIONSHIP_WITH_TRANSFORMATION(#15)
SHAPE_REPRESENTATION_RELATIONSHIP()
);
#28=(
REPRESENTATION_RELATIONSHIP($,$,#9555,#9554)
REPRESENTATION_RELATIONSHIP_WITH_TRANSFORMATION(#16)
SHAPE_REPRESENTATION_RELATIONSHIP()
);
#29=(
REPRESENTATION_RELATIONSHIP($,$,#9556,#9554)
REPRESENTATION_RELATIONSHIP_WITH_TRANSFORMATION(#17)
SHAPE_REPRESENTATION_RELATIONSHIP()
);
#30=(
REPRESENTATION_RELATIONSHIP($,$,#9557,#9554)
REPRESENTATION_RELATIONSHIP_WITH_TRANSFORMATION(#18)
SHAPE_REPRESENTATION_RELATIONSHIP()
);
#31=(
REPRESENTATION_RELATIONSHIP($,$,#9558,#9554)
REPRESENTATION_RELATIONSHIP_WITH_TRANSFORMATION(#19)
SHAPE_REPRESENTATION_RELATIONSHIP()
);
#32=(
REPRESENTATION_RELATIONSHIP($,$,#9559,#9554)
REPRESENTATION_RELATIONSHIP_WITH_TRANSFORMATION(#20)
SHAPE_REPRESENTATION_RELATIONSHIP()
);
#33=(
REPRESENTATION_RELATIONSHIP($,$,#9550,#9549)
REPRESENTATION_RELATIONSHIP_WITH_TRANSFORMATION(#21)
SHAPE_REPRESENTATION_RELATIONSHIP()
);
#34=(
REPRESENTATION_RELATIONSHIP($,$,#9554,#9549)
REPRESENTATION_RELATIONSHIP_WITH_TRANSFORMATION(#22)
SHAPE_REPRESENTATION_RELATIONSHIP()
);
#35=CONTEXT_DEPENDENT_SHAPE_REPRESENTATION(#23,#9531);
#36=CONTEXT_DEPENDENT_SHAPE_REPRESENTATION(#24,#9532);
#37=CONTEXT_DEPENDENT_SHAPE_REPRESENTATION(#25,#9533);
#38=CONTEXT_DEPENDENT_SHAPE_REPRESENTATION(#26,#9534);
#39=CONTEXT_DEPENDENT_SHAPE_REPRESENTATION(#27,#9535);
#40=CONTEXT_DEPENDENT_SHAPE_REPRESENTATION(#28,#9542);
#41=CONTEXT_DEPENDENT_SHAPE_REPRESENTATION(#29,#9543);
#42=CONTEXT_DEPENDENT_SHAPE_REPRESENTATION(#30,#9544);
#43=CONTEXT_DEPENDENT_SHAPE_REPRESENTATION(#31,#9545);
#44=CONTEXT_DEPENDENT_SHAPE_REPRESENTATION(#32,#9546);
#45=CONTEXT_DEPENDENT_SHAPE_REPRESENTATION(#33,#9547);
#46=CONTEXT_DEPENDENT_SHAPE_REPRESENTATION(#34,#9548);
#47=NEXT_ASSEMBLY_USAGE_OCCURRENCE('Base Superior Tampa v10:1',
'Base Superior Tampa v10:1','Base Superior Tampa v10:1',#9562,#9563,
'Base Superior Tampa v10:1');
#48=NEXT_ASSEMBLY_USAGE_OCCURRENCE('Tampa Frontal v6:1',
'Tampa Frontal v6:1','Tampa Frontal v6:1',#9562,#9564,
'Tampa Frontal v6:1');
#49=NEXT_ASSEMBLY_USAGE_OCCURRENCE('Tampa Frontal v6:2',
'Tampa Frontal v6:2','Tampa Frontal v6:2',#9562,#9564,
'Tampa Frontal v6:2');
#50=NEXT_ASSEMBLY_USAGE_OCCURRENCE('Tampa Lateral v5:1',
'Tampa Lateral v5:1','Tampa Lateral v5:1',#9562,#9565,
'Tampa Lateral v5:1');
#51=NEXT_ASSEMBLY_USAGE_OCCURRENCE('Tampa Lateral v5:2',
'Tampa Lateral v5:2','Tampa Lateral v5:2',#9562,#9565,
'Tampa Lateral v5:2');
#52=NEXT_ASSEMBLY_USAGE_OCCURRENCE('Base Inferior v44:1',
'Base Inferior v44:1','Base Inferior v44:1',#9566,#9567,
'Base Inferior v44:1');
#53=NEXT_ASSEMBLY_USAGE_OCCURRENCE('Lateral esquerda v9:1',
'Lateral esquerda v9:1','Lateral esquerda v9:1',#9566,#9568,
'Lateral esquerda v9:1');
#54=NEXT_ASSEMBLY_USAGE_OCCURRENCE('Lateral v40:2','Lateral v40:2',
'Lateral v40:2',#9566,#9569,'Lateral v40:2');
#55=NEXT_ASSEMBLY_USAGE_OCCURRENCE('Frontal v18:1','Frontal v18:1',
'Frontal v18:1',#9566,#9570,'Frontal v18:1');
#56=NEXT_ASSEMBLY_USAGE_OCCURRENCE('Posterior_1 v4:1',
'Posterior_1 v4:1','Posterior_1 v4:1',#9566,#9571,'Posterior_1 v4:1');
#57=NEXT_ASSEMBLY_USAGE_OCCURRENCE('Montagem da tampa v9:1',
'Montagem da tampa v9:1','Montagem da tampa v9:1',#9561,#9562,
'Montagem da tampa v9:1');
#58=NEXT_ASSEMBLY_USAGE_OCCURRENCE('Montagem da base v59:1',
'Montagem da base v59:1','Montagem da base v59:1',#9561,#9566,
'Montagem da base v59:1');
#59=SHAPE_REPRESENTATION_RELATIONSHIP('SRR','None',#9551,#67);
#60=SHAPE_REPRESENTATION_RELATIONSHIP('SRR','None',#9552,#68);
#61=SHAPE_REPRESENTATION_RELATIONSHIP('SRR','None',#9553,#69);
#62=SHAPE_REPRESENTATION_RELATIONSHIP('SRR','None',#9555,#70);
#63=SHAPE_REPRESENTATION_RELATIONSHIP('SRR','None',#9556,#71);
#64=SHAPE_REPRESENTATION_RELATIONSHIP('SRR','None',#9557,#72);
#65=SHAPE_REPRESENTATION_RELATIONSHIP('SRR','None',#9558,#73);
#66=SHAPE_REPRESENTATION_RELATIONSHIP('SRR','None',#9559,#74);
#67=ADVANCED_BREP_SHAPE_REPRESENTATION('',(#83),#9501);
#68=ADVANCED_BREP_SHAPE_REPRESENTATION('',(#84),#9502);
#69=ADVANCED_BREP_SHAPE_REPRESENTATION('',(#85),#9503);
#70=ADVANCED_BREP_SHAPE_REPRESENTATION('',(#86),#9505);
#71=ADVANCED_BREP_SHAPE_REPRESENTATION('',(#87),#9506);
#72=ADVANCED_BREP_SHAPE_REPRESENTATION('',(#88),#9507);
#73=ADVANCED_BREP_SHAPE_REPRESENTATION('',(#89),#9508);
#74=ADVANCED_BREP_SHAPE_REPRESENTATION('',(#90),#9509);
#75=STYLED_ITEM('',(#9608),#83);
#76=STYLED_ITEM('',(#9608),#84);
#77=STYLED_ITEM('',(#9608),#85);
#78=STYLED_ITEM('',(#9608),#86);
#79=STYLED_ITEM('',(#9608),#87);
#80=STYLED_ITEM('',(#9608),#88);
#81=STYLED_ITEM('',(#9608),#89);
#82=STYLED_ITEM('',(#9608),#90);
#83=MANIFOLD_SOLID_BREP('Corpo2',#5874);
#84=MANIFOLD_SOLID_BREP('Corpo1',#5875);
#85=MANIFOLD_SOLID_BREP('Corpo2',#5876);
#86=MANIFOLD_SOLID_BREP('Corpo2',#5877);
#87=MANIFOLD_SOLID_BREP('Corpo8',#5878);
#88=MANIFOLD_SOLID_BREP('Corpo2',#5879);
#89=MANIFOLD_SOLID_BREP('Corpo1',#5880);
#90=MANIFOLD_SOLID_BREP('Corpo1',#5881);
#91=FACE_BOUND('',#736,.T.);
#92=FACE_BOUND('',#737,.T.);
#93=FACE_BOUND('',#738,.T.);
#94=FACE_BOUND('',#740,.T.);
#95=FACE_BOUND('',#741,.T.);
#96=FACE_BOUND('',#742,.T.);
#97=FACE_BOUND('',#824,.T.);
#98=FACE_BOUND('',#825,.T.);
#99=FACE_BOUND('',#826,.T.);
#100=FACE_BOUND('',#827,.T.);
#101=FACE_BOUND('',#828,.T.);
#102=FACE_BOUND('',#829,.T.);
#103=FACE_BOUND('',#830,.T.);
#104=FACE_BOUND('',#831,.T.);
#105=FACE_BOUND('',#833,.T.);
#106=FACE_BOUND('',#834,.T.);
#107=FACE_BOUND('',#835,.T.);
#108=FACE_BOUND('',#836,.T.);
#109=FACE_BOUND('',#837,.T.);
#110=FACE_BOUND('',#838,.T.);
#111=FACE_BOUND('',#839,.T.);
#112=FACE_BOUND('',#840,.T.);
#113=FACE_BOUND('',#879,.T.);
#114=FACE_BOUND('',#880,.T.);
#115=FACE_BOUND('',#881,.T.);
#116=FACE_BOUND('',#882,.T.);
#117=FACE_BOUND('',#883,.T.);
#118=FACE_BOUND('',#885,.T.);
#119=FACE_BOUND('',#886,.T.);
#120=FACE_BOUND('',#887,.T.);
#121=FACE_BOUND('',#888,.T.);
#122=FACE_BOUND('',#889,.T.);
#123=FACE_BOUND('',#936,.T.);
#124=FACE_BOUND('',#937,.T.);
#125=FACE_BOUND('',#938,.T.);
#126=FACE_BOUND('',#939,.T.);
#127=FACE_BOUND('',#940,.T.);
#128=FACE_BOUND('',#941,.T.);
#129=FACE_BOUND('',#942,.T.);
#130=FACE_BOUND('',#943,.T.);
#131=FACE_BOUND('',#944,.T.);
#132=FACE_BOUND('',#945,.T.);
#133=FACE_BOUND('',#946,.T.);
#134=FACE_BOUND('',#947,.T.);
#135=FACE_BOUND('',#948,.T.);
#136=FACE_BOUND('',#950,.T.);
#137=FACE_BOUND('',#951,.T.);
#138=FACE_BOUND('',#952,.T.);
#139=FACE_BOUND('',#953,.T.);
#140=FACE_BOUND('',#954,.T.);
#141=FACE_BOUND('',#955,.T.);
#142=FACE_BOUND('',#956,.T.);
#143=FACE_BOUND('',#957,.T.);
#144=FACE_BOUND('',#958,.T.);
#145=FACE_BOUND('',#959,.T.);
#146=FACE_BOUND('',#960,.T.);
#147=FACE_BOUND('',#961,.T.);
#148=FACE_BOUND('',#962,.T.);
#149=FACE_BOUND('',#1004,.T.);
#150=FACE_BOUND('',#1005,.T.);
#151=FACE_BOUND('',#1006,.T.);
#152=FACE_BOUND('',#1007,.T.);
#153=FACE_BOUND('',#1008,.T.);
#154=FACE_BOUND('',#1010,.T.);
#155=FACE_BOUND('',#1011,.T.);
#156=FACE_BOUND('',#1012,.T.);
#157=FACE_BOUND('',#1013,.T.);
#158=FACE_BOUND('',#1014,.T.);
#159=PLANE('',#5983);
#160=PLANE('',#5984);
#161=PLANE('',#5985);
#162=PLANE('',#5986);
#163=PLANE('',#5987);
#164=PLANE('',#5988);
#165=PLANE('',#5989);
#166=PLANE('',#5990);
#167=PLANE('',#5991);
#168=PLANE('',#5992);
#169=PLANE('',#5993);
#170=PLANE('',#5994);
#171=PLANE('',#5995);
#172=PLANE('',#5996);
#173=PLANE('',#5997);
#174=PLANE('',#5998);
#175=PLANE('',#5999);
#176=PLANE('',#6000);
#177=PLANE('',#6001);
#178=PLANE('',#6002);
#179=PLANE('',#6003);
#180=PLANE('',#6004);
#181=PLANE('',#6005);
#182=PLANE('',#6006);
#183=PLANE('',#6007);
#184=PLANE('',#6008);
#185=PLANE('',#6009);
#186=PLANE('',#6010);
#187=PLANE('',#6011);
#188=PLANE('',#6012);
#189=PLANE('',#6013);
#190=PLANE('',#6014);
#191=PLANE('',#6015);
#192=PLANE('',#6016);
#193=PLANE('',#6017);
#194=PLANE('',#6018);
#195=PLANE('',#6019);
#196=PLANE('',#6020);
#197=PLANE('',#6022);
#198=PLANE('',#6023);
#199=PLANE('',#6024);
#200=PLANE('',#6025);
#201=PLANE('',#6026);
#202=PLANE('',#6027);
#203=PLANE('',#6028);
#204=PLANE('',#6029);
#205=PLANE('',#6030);
#206=PLANE('',#6031);
#207=PLANE('',#6032);
#208=PLANE('',#6033);
#209=PLANE('',#6034);
#210=PLANE('',#6035);
#211=PLANE('',#6036);
#212=PLANE('',#6037);
#213=PLANE('',#6038);
#214=PLANE('',#6039);
#215=PLANE('',#6041);
#216=PLANE('',#6042);
#217=PLANE('',#6043);
#218=PLANE('',#6044);
#219=PLANE('',#6045);
#220=PLANE('',#6046);
#221=PLANE('',#6047);
#222=PLANE('',#6048);
#223=PLANE('',#6049);
#224=PLANE('',#6050);
#225=PLANE('',#6051);
#226=PLANE('',#6052);
#227=PLANE('',#6053);
#228=PLANE('',#6054);
#229=PLANE('',#6055);
#230=PLANE('',#6056);
#231=PLANE('',#6057);
#232=PLANE('',#6058);
#233=PLANE('',#6090);
#234=PLANE('',#6091);
#235=PLANE('',#6092);
#236=PLANE('',#6093);
#237=PLANE('',#6094);
#238=PLANE('',#6095);
#239=PLANE('',#6096);
#240=PLANE('',#6097);
#241=PLANE('',#6098);
#242=PLANE('',#6099);
#243=PLANE('',#6100);
#244=PLANE('',#6101);
#245=PLANE('',#6102);
#246=PLANE('',#6103);
#247=PLANE('',#6104);
#248=PLANE('',#6105);
#249=PLANE('',#6106);
#250=PLANE('',#6107);
#251=PLANE('',#6108);
#252=PLANE('',#6109);
#253=PLANE('',#6110);
#254=PLANE('',#6111);
#255=PLANE('',#6112);
#256=PLANE('',#6113);
#257=PLANE('',#6114);
#258=PLANE('',#6115);
#259=PLANE('',#6116);
#260=PLANE('',#6117);
#261=PLANE('',#6118);
#262=PLANE('',#6119);
#263=PLANE('',#6120);
#264=PLANE('',#6121);
#265=PLANE('',#6122);
#266=PLANE('',#6123);
#267=PLANE('',#6124);
#268=PLANE('',#6125);
#269=PLANE('',#6126);
#270=PLANE('',#6127);
#271=PLANE('',#6144);
#272=PLANE('',#6145);
#273=PLANE('',#6146);
#274=PLANE('',#6147);
#275=PLANE('',#6148);
#276=PLANE('',#6149);
#277=PLANE('',#6150);
#278=PLANE('',#6151);
#279=PLANE('',#6152);
#280=PLANE('',#6153);
#281=PLANE('',#6154);
#282=PLANE('',#6155);
#283=PLANE('',#6156);
#284=PLANE('',#6157);
#285=PLANE('',#6158);
#286=PLANE('',#6159);
#287=PLANE('',#6160);
#288=PLANE('',#6161);
#289=PLANE('',#6162);
#290=PLANE('',#6163);
#291=PLANE('',#6164);
#292=PLANE('',#6165);
#293=PLANE('',#6166);
#294=PLANE('',#6167);
#295=PLANE('',#6168);
#296=PLANE('',#6169);
#297=PLANE('',#6170);
#298=PLANE('',#6171);
#299=PLANE('',#6172);
#300=PLANE('',#6173);
#301=PLANE('',#6174);
#302=PLANE('',#6175);
#303=PLANE('',#6176);
#304=PLANE('',#6177);
#305=PLANE('',#6218);
#306=PLANE('',#6219);
#307=PLANE('',#6220);
#308=PLANE('',#6221);
#309=PLANE('',#6222);
#310=PLANE('',#6223);
#311=PLANE('',#6224);
#312=PLANE('',#6225);
#313=PLANE('',#6226);
#314=PLANE('',#6227);
#315=PLANE('',#6228);
#316=PLANE('',#6229);
#317=PLANE('',#6230);
#318=PLANE('',#6231);
#319=PLANE('',#6232);
#320=PLANE('',#6233);
#321=PLANE('',#6234);
#322=PLANE('',#6235);
#323=PLANE('',#6236);
#324=PLANE('',#6237);
#325=PLANE('',#6238);
#326=PLANE('',#6239);
#327=PLANE('',#6240);
#328=PLANE('',#6241);
#329=PLANE('',#6242);
#330=PLANE('',#6243);
#331=PLANE('',#6244);
#332=PLANE('',#6245);
#333=PLANE('',#6246);
#334=PLANE('',#6247);
#335=PLANE('',#6248);
#336=PLANE('',#6249);
#337=PLANE('',#6250);
#338=PLANE('',#6251);
#339=PLANE('',#6259);
#340=PLANE('',#6260);
#341=PLANE('',#6261);
#342=PLANE('',#6262);
#343=PLANE('',#6269);
#344=PLANE('',#6270);
#345=PLANE('',#6271);
#346=PLANE('',#6272);
#347=PLANE('',#6273);
#348=PLANE('',#6274);
#349=PLANE('',#6275);
#350=PLANE('',#6276);
#351=PLANE('',#6277);
#352=PLANE('',#6278);
#353=PLANE('',#6279);
#354=PLANE('',#6280);
#355=PLANE('',#6281);
#356=PLANE('',#6282);
#357=PLANE('',#6283);
#358=PLANE('',#6284);
#359=PLANE('',#6285);
#360=PLANE('',#6286);
#361=PLANE('',#6287);
#362=PLANE('',#6288);
#363=PLANE('',#6289);
#364=PLANE('',#6290);
#365=PLANE('',#6291);
#366=PLANE('',#6292);
#367=PLANE('',#6293);
#368=PLANE('',#6294);
#369=PLANE('',#6295);
#370=PLANE('',#6296);
#371=PLANE('',#6297);
#372=PLANE('',#6298);
#373=PLANE('',#6299);
#374=PLANE('',#6300);
#375=PLANE('',#6301);
#376=PLANE('',#6302);
#377=PLANE('',#6304);
#378=PLANE('',#6305);
#379=PLANE('',#6306);
#380=PLANE('',#6307);
#381=PLANE('',#6308);
#382=PLANE('',#6309);
#383=PLANE('',#6310);
#384=PLANE('',#6311);
#385=PLANE('',#6312);
#386=PLANE('',#6313);
#387=PLANE('',#6314);
#388=PLANE('',#6315);
#389=PLANE('',#6316);
#390=PLANE('',#6317);
#391=PLANE('',#6318);
#392=PLANE('',#6319);
#393=PLANE('',#6320);
#394=PLANE('',#6321);
#395=PLANE('',#6322);
#396=PLANE('',#6323);
#397=PLANE('',#6324);
#398=PLANE('',#6325);
#399=PLANE('',#6326);
#400=PLANE('',#6327);
#401=PLANE('',#6328);
#402=PLANE('',#6329);
#403=PLANE('',#6330);
#404=PLANE('',#6331);
#405=PLANE('',#6332);
#406=PLANE('',#6333);
#407=PLANE('',#6334);
#408=PLANE('',#6335);
#409=PLANE('',#6336);
#410=PLANE('',#6337);
#411=FACE_OUTER_BOUND('',#696,.T.);
#412=FACE_OUTER_BOUND('',#697,.T.);
#413=FACE_OUTER_BOUND('',#698,.T.);
#414=FACE_OUTER_BOUND('',#699,.T.);
#415=FACE_OUTER_BOUND('',#700,.T.);
#416=FACE_OUTER_BOUND('',#701,.T.);
#417=FACE_OUTER_BOUND('',#702,.T.);
#418=FACE_OUTER_BOUND('',#703,.T.);
#419=FACE_OUTER_BOUND('',#704,.T.);
#420=FACE_OUTER_BOUND('',#705,.T.);
#421=FACE_OUTER_BOUND('',#706,.T.);
#422=FACE_OUTER_BOUND('',#707,.T.);
#423=FACE_OUTER_BOUND('',#708,.T.);
#424=FACE_OUTER_BOUND('',#709,.T.);
#425=FACE_OUTER_BOUND('',#710,.T.);
#426=FACE_OUTER_BOUND('',#711,.T.);
#427=FACE_OUTER_BOUND('',#712,.T.);
#428=FACE_OUTER_BOUND('',#713,.T.);
#429=FACE_OUTER_BOUND('',#714,.T.);
#430=FACE_OUTER_BOUND('',#715,.T.);
#431=FACE_OUTER_BOUND('',#716,.T.);
#432=FACE_OUTER_BOUND('',#717,.T.);
#433=FACE_OUTER_BOUND('',#718,.T.);
#434=FACE_OUTER_BOUND('',#719,.T.);
#435=FACE_OUTER_BOUND('',#720,.T.);
#436=FACE_OUTER_BOUND('',#721,.T.);
#437=FACE_OUTER_BOUND('',#722,.T.);
#438=FACE_OUTER_BOUND('',#723,.T.);
#439=FACE_OUTER_BOUND('',#724,.T.);
#440=FACE_OUTER_BOUND('',#725,.T.);
#441=FACE_OUTER_BOUND('',#726,.T.);
#442=FACE_OUTER_BOUND('',#727,.T.);
#443=FACE_OUTER_BOUND('',#728,.T.);
#444=FACE_OUTER_BOUND('',#729,.T.);
#445=FACE_OUTER_BOUND('',#730,.T.);
#446=FACE_OUTER_BOUND('',#731,.T.);
#447=FACE_OUTER_BOUND('',#732,.T.);
#448=FACE_OUTER_BOUND('',#733,.T.);
#449=FACE_OUTER_BOUND('',#734,.T.);
#450=FACE_OUTER_BOUND('',#735,.T.);
#451=FACE_OUTER_BOUND('',#739,.T.);
#452=FACE_OUTER_BOUND('',#743,.T.);
#453=FACE_OUTER_BOUND('',#744,.T.);
#454=FACE_OUTER_BOUND('',#745,.T.);
#455=FACE_OUTER_BOUND('',#746,.T.);
#456=FACE_OUTER_BOUND('',#747,.T.);
#457=FACE_OUTER_BOUND('',#748,.T.);
#458=FACE_OUTER_BOUND('',#749,.T.);
#459=FACE_OUTER_BOUND('',#750,.T.);
#460=FACE_OUTER_BOUND('',#751,.T.);
#461=FACE_OUTER_BOUND('',#752,.T.);
#462=FACE_OUTER_BOUND('',#753,.T.);
#463=FACE_OUTER_BOUND('',#754,.T.);
#464=FACE_OUTER_BOUND('',#755,.T.);
#465=FACE_OUTER_BOUND('',#756,.T.);
#466=FACE_OUTER_BOUND('',#757,.T.);
#467=FACE_OUTER_BOUND('',#758,.T.);
#468=FACE_OUTER_BOUND('',#759,.T.);
#469=FACE_OUTER_BOUND('',#760,.T.);
#470=FACE_OUTER_BOUND('',#761,.T.);
#471=FACE_OUTER_BOUND('',#762,.T.);
#472=FACE_OUTER_BOUND('',#763,.T.);
#473=FACE_OUTER_BOUND('',#764,.T.);
#474=FACE_OUTER_BOUND('',#765,.T.);
#475=FACE_OUTER_BOUND('',#766,.T.);
#476=FACE_OUTER_BOUND('',#767,.T.);
#477=FACE_OUTER_BOUND('',#768,.T.);
#478=FACE_OUTER_BOUND('',#769,.T.);
#479=FACE_OUTER_BOUND('',#770,.T.);
#480=FACE_OUTER_BOUND('',#771,.T.);
#481=FACE_OUTER_BOUND('',#772,.T.);
#482=FACE_OUTER_BOUND('',#773,.T.);
#483=FACE_OUTER_BOUND('',#774,.T.);
#484=FACE_OUTER_BOUND('',#775,.T.);
#485=FACE_OUTER_BOUND('',#776,.T.);
#486=FACE_OUTER_BOUND('',#777,.T.);
#487=FACE_OUTER_BOUND('',#778,.T.);
#488=FACE_OUTER_BOUND('',#779,.T.);
#489=FACE_OUTER_BOUND('',#780,.T.);
#490=FACE_OUTER_BOUND('',#781,.T.);
#491=FACE_OUTER_BOUND('',#782,.T.);
#492=FACE_OUTER_BOUND('',#783,.T.);
#493=FACE_OUTER_BOUND('',#784,.T.);
#494=FACE_OUTER_BOUND('',#785,.T.);
#495=FACE_OUTER_BOUND('',#786,.T.);
#496=FACE_OUTER_BOUND('',#787,.T.);
#497=FACE_OUTER_BOUND('',#788,.T.);
#498=FACE_OUTER_BOUND('',#789,.T.);
#499=FACE_OUTER_BOUND('',#790,.T.);
#500=FACE_OUTER_BOUND('',#791,.T.);
#501=FACE_OUTER_BOUND('',#792,.T.);
#502=FACE_OUTER_BOUND('',#793,.T.);
#503=FACE_OUTER_BOUND('',#794,.T.);
#504=FACE_OUTER_BOUND('',#795,.T.);
#505=FACE_OUTER_BOUND('',#796,.T.);
#506=FACE_OUTER_BOUND('',#797,.T.);
#507=FACE_OUTER_BOUND('',#798,.T.);
#508=FACE_OUTER_BOUND('',#799,.T.);
#509=FACE_OUTER_BOUND('',#800,.T.);
#510=FACE_OUTER_BOUND('',#801,.T.);
#511=FACE_OUTER_BOUND('',#802,.T.);
#512=FACE_OUTER_BOUND('',#803,.T.);
#513=FACE_OUTER_BOUND('',#804,.T.);
#514=FACE_OUTER_BOUND('',#805,.T.);
#515=FACE_OUTER_BOUND('',#806,.T.);
#516=FACE_OUTER_BOUND('',#807,.T.);
#517=FACE_OUTER_BOUND('',#808,.T.);
#518=FACE_OUTER_BOUND('',#809,.T.);
#519=FACE_OUTER_BOUND('',#810,.T.);
#520=FACE_OUTER_BOUND('',#811,.T.);
#521=FACE_OUTER_BOUND('',#812,.T.);
#522=FACE_OUTER_BOUND('',#813,.T.);
#523=FACE_OUTER_BOUND('',#814,.T.);
#524=FACE_OUTER_BOUND('',#815,.T.);
#525=FACE_OUTER_BOUND('',#816,.T.);
#526=FACE_OUTER_BOUND('',#817,.T.);
#527=FACE_OUTER_BOUND('',#818,.T.);
#528=FACE_OUTER_BOUND('',#819,.T.);
#529=FACE_OUTER_BOUND('',#820,.T.);
#530=FACE_OUTER_BOUND('',#821,.T.);
#531=FACE_OUTER_BOUND('',#822,.T.);
#532=FACE_OUTER_BOUND('',#823,.T.);
#533=FACE_OUTER_BOUND('',#832,.T.);
#534=FACE_OUTER_BOUND('',#841,.T.);
#535=FACE_OUTER_BOUND('',#842,.T.);
#536=FACE_OUTER_BOUND('',#843,.T.);
#537=FACE_OUTER_BOUND('',#844,.T.);
#538=FACE_OUTER_BOUND('',#845,.T.);
#539=FACE_OUTER_BOUND('',#846,.T.);
#540=FACE_OUTER_BOUND('',#847,.T.);
#541=FACE_OUTER_BOUND('',#848,.T.);
#542=FACE_OUTER_BOUND('',#849,.T.);
#543=FACE_OUTER_BOUND('',#850,.T.);
#544=FACE_OUTER_BOUND('',#851,.T.);
#545=FACE_OUTER_BOUND('',#852,.T.);
#546=FACE_OUTER_BOUND('',#853,.T.);
#547=FACE_OUTER_BOUND('',#854,.T.);
#548=FACE_OUTER_BOUND('',#855,.T.);
#549=FACE_OUTER_BOUND('',#856,.T.);
#550=FACE_OUTER_BOUND('',#857,.T.);
#551=FACE_OUTER_BOUND('',#858,.T.);
#552=FACE_OUTER_BOUND('',#859,.T.);
#553=FACE_OUTER_BOUND('',#860,.T.);
#554=FACE_OUTER_BOUND('',#861,.T.);
#555=FACE_OUTER_BOUND('',#862,.T.);
#556=FACE_OUTER_BOUND('',#863,.T.);
#557=FACE_OUTER_BOUND('',#864,.T.);
#558=FACE_OUTER_BOUND('',#865,.T.);
#559=FACE_OUTER_BOUND('',#866,.T.);
#560=FACE_OUTER_BOUND('',#867,.T.);
#561=FACE_OUTER_BOUND('',#868,.T.);
#562=FACE_OUTER_BOUND('',#869,.T.);
#563=FACE_OUTER_BOUND('',#870,.T.);
#564=FACE_OUTER_BOUND('',#871,.T.);
#565=FACE_OUTER_BOUND('',#872,.T.);
#566=FACE_OUTER_BOUND('',#873,.T.);
#567=FACE_OUTER_BOUND('',#874,.T.);
#568=FACE_OUTER_BOUND('',#875,.T.);
#569=FACE_OUTER_BOUND('',#876,.T.);
#570=FACE_OUTER_BOUND('',#877,.T.);
#571=FACE_OUTER_BOUND('',#878,.T.);
#572=FACE_OUTER_BOUND('',#884,.T.);
#573=FACE_OUTER_BOUND('',#890,.T.);
#574=FACE_OUTER_BOUND('',#891,.T.);
#575=FACE_OUTER_BOUND('',#892,.T.);
#576=FACE_OUTER_BOUND('',#893,.T.);
#577=FACE_OUTER_BOUND('',#894,.T.);
#578=FACE_OUTER_BOUND('',#895,.T.);
#579=FACE_OUTER_BOUND('',#896,.T.);
#580=FACE_OUTER_BOUND('',#897,.T.);
#581=FACE_OUTER_BOUND('',#898,.T.);
#582=FACE_OUTER_BOUND('',#899,.T.);
#583=FACE_OUTER_BOUND('',#900,.T.);
#584=FACE_OUTER_BOUND('',#901,.T.);
#585=FACE_OUTER_BOUND('',#902,.T.);
#586=FACE_OUTER_BOUND('',#903,.T.);
#587=FACE_OUTER_BOUND('',#904,.T.);
#588=FACE_OUTER_BOUND('',#905,.T.);
#589=FACE_OUTER_BOUND('',#906,.T.);
#590=FACE_OUTER_BOUND('',#907,.T.);
#591=FACE_OUTER_BOUND('',#908,.T.);
#592=FACE_OUTER_BOUND('',#909,.T.);
#593=FACE_OUTER_BOUND('',#910,.T.);
#594=FACE_OUTER_BOUND('',#911,.T.);
#595=FACE_OUTER_BOUND('',#912,.T.);
#596=FACE_OUTER_BOUND('',#913,.T.);
#597=FACE_OUTER_BOUND('',#914,.T.);
#598=FACE_OUTER_BOUND('',#915,.T.);
#599=FACE_OUTER_BOUND('',#916,.T.);
#600=FACE_OUTER_BOUND('',#917,.T.);
#601=FACE_OUTER_BOUND('',#918,.T.);
#602=FACE_OUTER_BOUND('',#919,.T.);
#603=FACE_OUTER_BOUND('',#920,.T.);
#604=FACE_OUTER_BOUND('',#921,.T.);
#605=FACE_OUTER_BOUND('',#922,.T.);
#606=FACE_OUTER_BOUND('',#923,.T.);
#607=FACE_OUTER_BOUND('',#924,.T.);
#608=FACE_OUTER_BOUND('',#925,.T.);
#609=FACE_OUTER_BOUND('',#926,.T.);
#610=FACE_OUTER_BOUND('',#927,.T.);
#611=FACE_OUTER_BOUND('',#928,.T.);
#612=FACE_OUTER_BOUND('',#929,.T.);
#613=FACE_OUTER_BOUND('',#930,.T.);
#614=FACE_OUTER_BOUND('',#931,.T.);
#615=FACE_OUTER_BOUND('',#932,.T.);
#616=FACE_OUTER_BOUND('',#933,.T.);
#617=FACE_OUTER_BOUND('',#934,.T.);
#618=FACE_OUTER_BOUND('',#935,.T.);
#619=FACE_OUTER_BOUND('',#949,.T.);
#620=FACE_OUTER_BOUND('',#963,.T.);
#621=FACE_OUTER_BOUND('',#964,.T.);
#622=FACE_OUTER_BOUND('',#965,.T.);
#623=FACE_OUTER_BOUND('',#966,.T.);
#624=FACE_OUTER_BOUND('',#967,.T.);
#625=FACE_OUTER_BOUND('',#968,.T.);
#626=FACE_OUTER_BOUND('',#969,.T.);
#627=FACE_OUTER_BOUND('',#970,.T.);
#628=FACE_OUTER_BOUND('',#971,.T.);
#629=FACE_OUTER_BOUND('',#972,.T.);
#630=FACE_OUTER_BOUND('',#973,.T.);
#631=FACE_OUTER_BOUND('',#974,.T.);
#632=FACE_OUTER_BOUND('',#975,.T.);
#633=FACE_OUTER_BOUND('',#976,.T.);
#634=FACE_OUTER_BOUND('',#977,.T.);
#635=FACE_OUTER_BOUND('',#978,.T.);
#636=FACE_OUTER_BOUND('',#979,.T.);
#637=FACE_OUTER_BOUND('',#980,.T.);
#638=FACE_OUTER_BOUND('',#981,.T.);
#639=FACE_OUTER_BOUND('',#982,.T.);
#640=FACE_OUTER_BOUND('',#983,.T.);
#641=FACE_OUTER_BOUND('',#984,.T.);
#642=FACE_OUTER_BOUND('',#985,.T.);
#643=FACE_OUTER_BOUND('',#986,.T.);
#644=FACE_OUTER_BOUND('',#987,.T.);
#645=FACE_OUTER_BOUND('',#988,.T.);
#646=FACE_OUTER_BOUND('',#989,.T.);
#647=FACE_OUTER_BOUND('',#990,.T.);
#648=FACE_OUTER_BOUND('',#991,.T.);
#649=FACE_OUTER_BOUND('',#992,.T.);
#650=FACE_OUTER_BOUND('',#993,.T.);
#651=FACE_OUTER_BOUND('',#994,.T.);
#652=FACE_OUTER_BOUND('',#995,.T.);
#653=FACE_OUTER_BOUND('',#996,.T.);
#654=FACE_OUTER_BOUND('',#997,.T.);
#655=FACE_OUTER_BOUND('',#998,.T.);
#656=FACE_OUTER_BOUND('',#999,.T.);
#657=FACE_OUTER_BOUND('',#1000,.T.);
#658=FACE_OUTER_BOUND('',#1001,.T.);
#659=FACE_OUTER_BOUND('',#1002,.T.);
#660=FACE_OUTER_BOUND('',#1003,.T.);
#661=FACE_OUTER_BOUND('',#1009,.T.);
#662=FACE_OUTER_BOUND('',#1015,.T.);
#663=FACE_OUTER_BOUND('',#1016,.T.);
#664=FACE_OUTER_BOUND('',#1017,.T.);
#665=FACE_OUTER_BOUND('',#1018,.T.);
#666=FACE_OUTER_BOUND('',#1019,.T.);
#667=FACE_OUTER_BOUND('',#1020,.T.);
#668=FACE_OUTER_BOUND('',#1021,.T.);
#669=FACE_OUTER_BOUND('',#1022,.T.);
#670=FACE_OUTER_BOUND('',#1023,.T.);
#671=FACE_OUTER_BOUND('',#1024,.T.);
#672=FACE_OUTER_BOUND('',#1025,.T.);
#673=FACE_OUTER_BOUND('',#1026,.T.);
#674=FACE_OUTER_BOUND('',#1027,.T.);
#675=FACE_OUTER_BOUND('',#1028,.T.);
#676=FACE_OUTER_BOUND('',#1029,.T.);
#677=FACE_OUTER_BOUND('',#1030,.T.);
#678=FACE_OUTER_BOUND('',#1031,.T.);
#679=FACE_OUTER_BOUND('',#1032,.T.);
#680=FACE_OUTER_BOUND('',#1033,.T.);
#681=FACE_OUTER_BOUND('',#1034,.T.);
#682=FACE_OUTER_BOUND('',#1035,.T.);
#683=FACE_OUTER_BOUND('',#1036,.T.);
#684=FACE_OUTER_BOUND('',#1037,.T.);
#685=FACE_OUTER_BOUND('',#1038,.T.);
#686=FACE_OUTER_BOUND('',#1039,.T.);
#687=FACE_OUTER_BOUND('',#1040,.T.);
#688=FACE_OUTER_BOUND('',#1041,.T.);
#689=FACE_OUTER_BOUND('',#1042,.T.);
#690=FACE_OUTER_BOUND('',#1043,.T.);
#691=FACE_OUTER_BOUND('',#1044,.T.);
#692=FACE_OUTER_BOUND('',#1045,.T.);
#693=FACE_OUTER_BOUND('',#1046,.T.);
#694=FACE_OUTER_BOUND('',#1047,.T.);
#695=FACE_OUTER_BOUND('',#1048,.T.);
#696=EDGE_LOOP('',(#3942,#3943,#3944,#3945));
#697=EDGE_LOOP('',(#3946,#3947,#3948,#3949));
#698=EDGE_LOOP('',(#3950,#3951,#3952,#3953));
#699=EDGE_LOOP('',(#3954,#3955,#3956,#3957));
#700=EDGE_LOOP('',(#3958,#3959,#3960,#3961));
#701=EDGE_LOOP('',(#3962,#3963,#3964,#3965));
#702=EDGE_LOOP('',(#3966,#3967,#3968,#3969));
#703=EDGE_LOOP('',(#3970,#3971,#3972,#3973));
#704=EDGE_LOOP('',(#3974,#3975,#3976,#3977));
#705=EDGE_LOOP('',(#3978,#3979,#3980,#3981));
#706=EDGE_LOOP('',(#3982,#3983,#3984,#3985));
#707=EDGE_LOOP('',(#3986,#3987,#3988,#3989));
#708=EDGE_LOOP('',(#3990,#3991,#3992,#3993));
#709=EDGE_LOOP('',(#3994,#3995,#3996,#3997));
#710=EDGE_LOOP('',(#3998,#3999,#4000,#4001));
#711=EDGE_LOOP('',(#4002,#4003,#4004,#4005));
#712=EDGE_LOOP('',(#4006,#4007,#4008,#4009));
#713=EDGE_LOOP('',(#4010,#4011,#4012,#4013));
#714=EDGE_LOOP('',(#4014,#4015,#4016,#4017));
#715=EDGE_LOOP('',(#4018,#4019,#4020,#4021));
#716=EDGE_LOOP('',(#4022,#4023,#4024,#4025));
#717=EDGE_LOOP('',(#4026,#4027,#4028,#4029));
#718=EDGE_LOOP('',(#4030,#4031,#4032,#4033));
#719=EDGE_LOOP('',(#4034,#4035,#4036,#4037));
#720=EDGE_LOOP('',(#4038,#4039,#4040,#4041));
#721=EDGE_LOOP('',(#4042,#4043,#4044,#4045));
#722=EDGE_LOOP('',(#4046,#4047,#4048,#4049));
#723=EDGE_LOOP('',(#4050,#4051,#4052,#4053));
#724=EDGE_LOOP('',(#4054,#4055,#4056,#4057));
#725=EDGE_LOOP('',(#4058,#4059,#4060,#4061));
#726=EDGE_LOOP('',(#4062,#4063,#4064,#4065));
#727=EDGE_LOOP('',(#4066,#4067,#4068,#4069));
#728=EDGE_LOOP('',(#4070,#4071,#4072,#4073));
#729=EDGE_LOOP('',(#4074,#4075,#4076,#4077));
#730=EDGE_LOOP('',(#4078,#4079,#4080,#4081));
#731=EDGE_LOOP('',(#4082,#4083,#4084,#4085));
#732=EDGE_LOOP('',(#4086,#4087,#4088,#4089));
#733=EDGE_LOOP('',(#4090,#4091,#4092,#4093));
#734=EDGE_LOOP('',(#4094,#4095,#4096,#4097));
#735=EDGE_LOOP('',(#4098,#4099,#4100,#4101,#4102,#4103,#4104,#4105,#4106,
#4107,#4108,#4109,#4110,#4111,#4112,#4113,#4114,#4115,#4116,#4117,#4118,
#4119,#4120,#4121,#4122,#4123,#4124,#4125,#4126,#4127,#4128,#4129,#4130,
#4131,#4132,#4133));
#736=EDGE_LOOP('',(#4134));
#737=EDGE_LOOP('',(#4135));
#738=EDGE_LOOP('',(#4136));
#739=EDGE_LOOP('',(#4137,#4138,#4139,#4140,#4141,#4142,#4143,#4144,#4145,
#4146,#4147,#4148,#4149,#4150,#4151,#4152,#4153,#4154,#4155,#4156,#4157,
#4158,#4159,#4160,#4161,#4162,#4163,#4164,#4165,#4166,#4167,#4168,#4169,
#4170,#4171,#4172));
#740=EDGE_LOOP('',(#4173));
#741=EDGE_LOOP('',(#4174));
#742=EDGE_LOOP('',(#4175));
#743=EDGE_LOOP('',(#4176,#4177,#4178,#4179));
#744=EDGE_LOOP('',(#4180,#4181,#4182,#4183));
#745=EDGE_LOOP('',(#4184,#4185,#4186,#4187));
#746=EDGE_LOOP('',(#4188,#4189,#4190,#4191));
#747=EDGE_LOOP('',(#4192,#4193,#4194,#4195));
#748=EDGE_LOOP('',(#4196,#4197,#4198,#4199));
#749=EDGE_LOOP('',(#4200,#4201,#4202,#4203));
#750=EDGE_LOOP('',(#4204,#4205,#4206,#4207));
#751=EDGE_LOOP('',(#4208,#4209,#4210,#4211));
#752=EDGE_LOOP('',(#4212,#4213,#4214,#4215));
#753=EDGE_LOOP('',(#4216,#4217,#4218,#4219));
#754=EDGE_LOOP('',(#4220,#4221,#4222,#4223));
#755=EDGE_LOOP('',(#4224,#4225,#4226,#4227));
#756=EDGE_LOOP('',(#4228,#4229,#4230,#4231));
#757=EDGE_LOOP('',(#4232,#4233,#4234,#4235));
#758=EDGE_LOOP('',(#4236,#4237,#4238,#4239));
#759=EDGE_LOOP('',(#4240,#4241,#4242,#4243,#4244,#4245,#4246,#4247,#4248,
#4249,#4250,#4251,#4252,#4253,#4254,#4255));
#760=EDGE_LOOP('',(#4256,#4257,#4258,#4259,#4260,#4261,#4262,#4263,#4264,
#4265,#4266,#4267,#4268,#4269,#4270,#4271));
#761=EDGE_LOOP('',(#4272,#4273,#4274,#4275));
#762=EDGE_LOOP('',(#4276,#4277,#4278,#4279));
#763=EDGE_LOOP('',(#4280,#4281,#4282,#4283));
#764=EDGE_LOOP('',(#4284,#4285,#4286,#4287));
#765=EDGE_LOOP('',(#4288,#4289,#4290,#4291));
#766=EDGE_LOOP('',(#4292,#4293,#4294,#4295));
#767=EDGE_LOOP('',(#4296,#4297,#4298,#4299));
#768=EDGE_LOOP('',(#4300,#4301,#4302,#4303));
#769=EDGE_LOOP('',(#4304,#4305,#4306,#4307));
#770=EDGE_LOOP('',(#4308,#4309,#4310,#4311));
#771=EDGE_LOOP('',(#4312,#4313,#4314,#4315));
#772=EDGE_LOOP('',(#4316,#4317,#4318,#4319));
#773=EDGE_LOOP('',(#4320,#4321,#4322,#4323));
#774=EDGE_LOOP('',(#4324,#4325,#4326,#4327));
#775=EDGE_LOOP('',(#4328,#4329,#4330,#4331));
#776=EDGE_LOOP('',(#4332,#4333,#4334,#4335));
#777=EDGE_LOOP('',(#4336,#4337,#4338,#4339,#4340,#4341,#4342,#4343,#4344,
#4345,#4346,#4347,#4348,#4349,#4350,#4351));
#778=EDGE_LOOP('',(#4352,#4353,#4354,#4355,#4356,#4357,#4358,#4359,#4360,
#4361,#4362,#4363,#4364,#4365,#4366,#4367));
#779=EDGE_LOOP('',(#4368,#4369,#4370,#4371));
#780=EDGE_LOOP('',(#4372,#4373,#4374,#4375));
#781=EDGE_LOOP('',(#4376,#4377,#4378,#4379));
#782=EDGE_LOOP('',(#4380,#4381,#4382,#4383));
#783=EDGE_LOOP('',(#4384,#4385,#4386,#4387));
#784=EDGE_LOOP('',(#4388,#4389,#4390,#4391));
#785=EDGE_LOOP('',(#4392,#4393,#4394,#4395));
#786=EDGE_LOOP('',(#4396,#4397,#4398,#4399));
#787=EDGE_LOOP('',(#4400,#4401,#4402,#4403));
#788=EDGE_LOOP('',(#4404,#4405,#4406,#4407));
#789=EDGE_LOOP('',(#4408,#4409,#4410,#4411));
#790=EDGE_LOOP('',(#4412,#4413,#4414,#4415));
#791=EDGE_LOOP('',(#4416,#4417,#4418,#4419));
#792=EDGE_LOOP('',(#4420,#4421,#4422,#4423));
#793=EDGE_LOOP('',(#4424,#4425,#4426,#4427));
#794=EDGE_LOOP('',(#4428,#4429,#4430,#4431));
#795=EDGE_LOOP('',(#4432,#4433,#4434,#4435));
#796=EDGE_LOOP('',(#4436,#4437,#4438,#4439));
#797=EDGE_LOOP('',(#4440,#4441,#4442,#4443));
#798=EDGE_LOOP('',(#4444,#4445,#4446,#4447));
#799=EDGE_LOOP('',(#4448,#4449,#4450,#4451));
#800=EDGE_LOOP('',(#4452,#4453,#4454,#4455));
#801=EDGE_LOOP('',(#4456,#4457,#4458,#4459));
#802=EDGE_LOOP('',(#4460,#4461,#4462,#4463));
#803=EDGE_LOOP('',(#4464,#4465,#4466,#4467));
#804=EDGE_LOOP('',(#4468,#4469,#4470,#4471));
#805=EDGE_LOOP('',(#4472,#4473,#4474,#4475));
#806=EDGE_LOOP('',(#4476,#4477,#4478,#4479));
#807=EDGE_LOOP('',(#4480,#4481,#4482,#4483));
#808=EDGE_LOOP('',(#4484,#4485,#4486,#4487));
#809=EDGE_LOOP('',(#4488,#4489,#4490,#4491));
#810=EDGE_LOOP('',(#4492,#4493,#4494,#4495));
#811=EDGE_LOOP('',(#4496,#4497,#4498,#4499));
#812=EDGE_LOOP('',(#4500,#4501,#4502,#4503));
#813=EDGE_LOOP('',(#4504,#4505,#4506,#4507));
#814=EDGE_LOOP('',(#4508,#4509,#4510,#4511));
#815=EDGE_LOOP('',(#4512,#4513,#4514,#4515));
#816=EDGE_LOOP('',(#4516,#4517,#4518,#4519));
#817=EDGE_LOOP('',(#4520,#4521,#4522,#4523));
#818=EDGE_LOOP('',(#4524,#4525,#4526,#4527));
#819=EDGE_LOOP('',(#4528,#4529,#4530,#4531));
#820=EDGE_LOOP('',(#4532,#4533,#4534,#4535));
#821=EDGE_LOOP('',(#4536,#4537,#4538,#4539));
#822=EDGE_LOOP('',(#4540,#4541,#4542,#4543));
#823=EDGE_LOOP('',(#4544,#4545,#4546,#4547,#4548,#4549,#4550,#4551,#4552,
#4553,#4554,#4555,#4556,#4557,#4558,#4559,#4560,#4561,#4562,#4563,#4564,
#4565,#4566,#4567,#4568,#4569,#4570,#4571,#4572,#4573,#4574,#4575,#4576,
#4577,#4578,#4579));
#824=EDGE_LOOP('',(#4580));
#825=EDGE_LOOP('',(#4581));
#826=EDGE_LOOP('',(#4582));
#827=EDGE_LOOP('',(#4583));
#828=EDGE_LOOP('',(#4584));
#829=EDGE_LOOP('',(#4585));
#830=EDGE_LOOP('',(#4586));
#831=EDGE_LOOP('',(#4587));
#832=EDGE_LOOP('',(#4588,#4589,#4590,#4591,#4592,#4593,#4594,#4595,#4596,
#4597,#4598,#4599,#4600,#4601,#4602,#4603,#4604,#4605,#4606,#4607,#4608,
#4609,#4610,#4611,#4612,#4613,#4614,#4615,#4616,#4617,#4618,#4619,#4620,
#4621,#4622,#4623));
#833=EDGE_LOOP('',(#4624));
#834=EDGE_LOOP('',(#4625));
#835=EDGE_LOOP('',(#4626));
#836=EDGE_LOOP('',(#4627));
#837=EDGE_LOOP('',(#4628));
#838=EDGE_LOOP('',(#4629));
#839=EDGE_LOOP('',(#4630));
#840=EDGE_LOOP('',(#4631));
#841=EDGE_LOOP('',(#4632,#4633,#4634,#4635));
#842=EDGE_LOOP('',(#4636,#4637,#4638,#4639));
#843=EDGE_LOOP('',(#4640,#4641,#4642,#4643));
#844=EDGE_LOOP('',(#4644,#4645,#4646,#4647));
#845=EDGE_LOOP('',(#4648,#4649,#4650,#4651));
#846=EDGE_LOOP('',(#4652,#4653,#4654,#4655));
#847=EDGE_LOOP('',(#4656,#4657,#4658,#4659));
#848=EDGE_LOOP('',(#4660,#4661,#4662,#4663));
#849=EDGE_LOOP('',(#4664,#4665,#4666,#4667));
#850=EDGE_LOOP('',(#4668,#4669,#4670,#4671));
#851=EDGE_LOOP('',(#4672,#4673,#4674,#4675));
#852=EDGE_LOOP('',(#4676,#4677,#4678,#4679));
#853=EDGE_LOOP('',(#4680,#4681,#4682,#4683));
#854=EDGE_LOOP('',(#4684,#4685,#4686,#4687));
#855=EDGE_LOOP('',(#4688,#4689,#4690,#4691));
#856=EDGE_LOOP('',(#4692,#4693,#4694,#4695));
#857=EDGE_LOOP('',(#4696,#4697,#4698,#4699));
#858=EDGE_LOOP('',(#4700,#4701,#4702,#4703));
#859=EDGE_LOOP('',(#4704,#4705,#4706,#4707));
#860=EDGE_LOOP('',(#4708,#4709,#4710,#4711));
#861=EDGE_LOOP('',(#4712,#4713,#4714,#4715));
#862=EDGE_LOOP('',(#4716,#4717,#4718,#4719));
#863=EDGE_LOOP('',(#4720,#4721,#4722,#4723));
#864=EDGE_LOOP('',(#4724,#4725,#4726,#4727));
#865=EDGE_LOOP('',(#4728,#4729,#4730,#4731));
#866=EDGE_LOOP('',(#4732,#4733,#4734,#4735));
#867=EDGE_LOOP('',(#4736,#4737,#4738,#4739));
#868=EDGE_LOOP('',(#4740,#4741,#4742,#4743));
#869=EDGE_LOOP('',(#4744,#4745,#4746,#4747));
#870=EDGE_LOOP('',(#4748,#4749,#4750,#4751));
#871=EDGE_LOOP('',(#4752,#4753,#4754,#4755));
#872=EDGE_LOOP('',(#4756,#4757,#4758,#4759));
#873=EDGE_LOOP('',(#4760,#4761,#4762,#4763));
#874=EDGE_LOOP('',(#4764,#4765,#4766,#4767));
#875=EDGE_LOOP('',(#4768,#4769,#4770,#4771));
#876=EDGE_LOOP('',(#4772,#4773,#4774,#4775));
#877=EDGE_LOOP('',(#4776,#4777,#4778,#4779));
#878=EDGE_LOOP('',(#4780,#4781,#4782,#4783,#4784,#4785,#4786,#4787,#4788,
#4789,#4790,#4791,#4792,#4793,#4794,#4795,#4796,#4797,#4798,#4799,#4800,
#4801,#4802,#4803,#4804,#4805,#4806,#4807,#4808,#4809,#4810,#4811));
#879=EDGE_LOOP('',(#4812));
#880=EDGE_LOOP('',(#4813));
#881=EDGE_LOOP('',(#4814));
#882=EDGE_LOOP('',(#4815));
#883=EDGE_LOOP('',(#4816));
#884=EDGE_LOOP('',(#4817,#4818,#4819,#4820,#4821,#4822,#4823,#4824,#4825,
#4826,#4827,#4828,#4829,#4830,#4831,#4832,#4833,#4834,#4835,#4836,#4837,
#4838,#4839,#4840,#4841,#4842,#4843,#4844,#4845,#4846,#4847,#4848));
#885=EDGE_LOOP('',(#4849));
#886=EDGE_LOOP('',(#4850));
#887=EDGE_LOOP('',(#4851));
#888=EDGE_LOOP('',(#4852));
#889=EDGE_LOOP('',(#4853));
#890=EDGE_LOOP('',(#4854,#4855,#4856,#4857));
#891=EDGE_LOOP('',(#4858,#4859,#4860,#4861));
#892=EDGE_LOOP('',(#4862,#4863,#4864,#4865));
#893=EDGE_LOOP('',(#4866,#4867,#4868,#4869));
#894=EDGE_LOOP('',(#4870,#4871,#4872,#4873));
#895=EDGE_LOOP('',(#4874,#4875,#4876,#4877));
#896=EDGE_LOOP('',(#4878,#4879,#4880,#4881));
#897=EDGE_LOOP('',(#4882,#4883,#4884,#4885));
#898=EDGE_LOOP('',(#4886,#4887,#4888,#4889));
#899=EDGE_LOOP('',(#4890,#4891,#4892,#4893));
#900=EDGE_LOOP('',(#4894,#4895,#4896,#4897));
#901=EDGE_LOOP('',(#4898,#4899,#4900,#4901));
#902=EDGE_LOOP('',(#4902,#4903,#4904,#4905));
#903=EDGE_LOOP('',(#4906,#4907,#4908,#4909));
#904=EDGE_LOOP('',(#4910,#4911,#4912,#4913));
#905=EDGE_LOOP('',(#4914,#4915,#4916,#4917));
#906=EDGE_LOOP('',(#4918,#4919,#4920,#4921));
#907=EDGE_LOOP('',(#4922,#4923,#4924,#4925));
#908=EDGE_LOOP('',(#4926,#4927,#4928,#4929));
#909=EDGE_LOOP('',(#4930,#4931,#4932,#4933));
#910=EDGE_LOOP('',(#4934,#4935,#4936,#4937));
#911=EDGE_LOOP('',(#4938,#4939,#4940,#4941));
#912=EDGE_LOOP('',(#4942,#4943,#4944,#4945));
#913=EDGE_LOOP('',(#4946,#4947,#4948,#4949));
#914=EDGE_LOOP('',(#4950,#4951,#4952,#4953));
#915=EDGE_LOOP('',(#4954,#4955,#4956,#4957));
#916=EDGE_LOOP('',(#4958,#4959,#4960,#4961));
#917=EDGE_LOOP('',(#4962,#4963,#4964,#4965));
#918=EDGE_LOOP('',(#4966,#4967,#4968,#4969));
#919=EDGE_LOOP('',(#4970,#4971,#4972,#4973));
#920=EDGE_LOOP('',(#4974,#4975,#4976,#4977));
#921=EDGE_LOOP('',(#4978,#4979,#4980,#4981));
#922=EDGE_LOOP('',(#4982,#4983,#4984,#4985));
#923=EDGE_LOOP('',(#4986,#4987,#4988,#4989));
#924=EDGE_LOOP('',(#4990,#4991,#4992,#4993));
#925=EDGE_LOOP('',(#4994,#4995,#4996,#4997));
#926=EDGE_LOOP('',(#4998,#4999,#5000,#5001));
#927=EDGE_LOOP('',(#5002,#5003,#5004,#5005));
#928=EDGE_LOOP('',(#5006,#5007,#5008,#5009));
#929=EDGE_LOOP('',(#5010,#5011,#5012,#5013));
#930=EDGE_LOOP('',(#5014,#5015,#5016,#5017));
#931=EDGE_LOOP('',(#5018,#5019,#5020,#5021));
#932=EDGE_LOOP('',(#5022,#5023,#5024,#5025));
#933=EDGE_LOOP('',(#5026,#5027,#5028,#5029));
#934=EDGE_LOOP('',(#5030,#5031,#5032,#5033));
#935=EDGE_LOOP('',(#5034,#5035,#5036,#5037,#5038,#5039,#5040,#5041,#5042,
#5043,#5044,#5045,#5046,#5047,#5048,#5049,#5050,#5051,#5052,#5053,#5054,
#5055,#5056,#5057,#5058,#5059,#5060,#5061,#5062,#5063,#5064,#5065));
#936=EDGE_LOOP('',(#5066));
#937=EDGE_LOOP('',(#5067));
#938=EDGE_LOOP('',(#5068));
#939=EDGE_LOOP('',(#5069));
#940=EDGE_LOOP('',(#5070));
#941=EDGE_LOOP('',(#5071));
#942=EDGE_LOOP('',(#5072));
#943=EDGE_LOOP('',(#5073));
#944=EDGE_LOOP('',(#5074));
#945=EDGE_LOOP('',(#5075));
#946=EDGE_LOOP('',(#5076));
#947=EDGE_LOOP('',(#5077));
#948=EDGE_LOOP('',(#5078));
#949=EDGE_LOOP('',(#5079,#5080,#5081,#5082,#5083,#5084,#5085,#5086,#5087,
#5088,#5089,#5090,#5091,#5092,#5093,#5094,#5095,#5096,#5097,#5098,#5099,
#5100,#5101,#5102,#5103,#5104,#5105,#5106,#5107,#5108,#5109,#5110));
#950=EDGE_LOOP('',(#5111));
#951=EDGE_LOOP('',(#5112));
#952=EDGE_LOOP('',(#5113));
#953=EDGE_LOOP('',(#5114));
#954=EDGE_LOOP('',(#5115));
#955=EDGE_LOOP('',(#5116));
#956=EDGE_LOOP('',(#5117));
#957=EDGE_LOOP('',(#5118));
#958=EDGE_LOOP('',(#5119));
#959=EDGE_LOOP('',(#5120));
#960=EDGE_LOOP('',(#5121));
#961=EDGE_LOOP('',(#5122));
#962=EDGE_LOOP('',(#5123));
#963=EDGE_LOOP('',(#5124,#5125,#5126,#5127));
#964=EDGE_LOOP('',(#5128,#5129,#5130,#5131));
#965=EDGE_LOOP('',(#5132,#5133,#5134,#5135));
#966=EDGE_LOOP('',(#5136,#5137,#5138,#5139));
#967=EDGE_LOOP('',(#5140,#5141,#5142,#5143));
#968=EDGE_LOOP('',(#5144,#5145,#5146,#5147));
#969=EDGE_LOOP('',(#5148,#5149,#5150,#5151));
#970=EDGE_LOOP('',(#5152,#5153,#5154,#5155));
#971=EDGE_LOOP('',(#5156,#5157,#5158,#5159));
#972=EDGE_LOOP('',(#5160,#5161,#5162,#5163));
#973=EDGE_LOOP('',(#5164,#5165,#5166,#5167));
#974=EDGE_LOOP('',(#5168,#5169,#5170,#5171));
#975=EDGE_LOOP('',(#5172,#5173,#5174,#5175));
#976=EDGE_LOOP('',(#5176,#5177,#5178,#5179));
#977=EDGE_LOOP('',(#5180,#5181,#5182,#5183));
#978=EDGE_LOOP('',(#5184,#5185,#5186,#5187));
#979=EDGE_LOOP('',(#5188,#5189,#5190,#5191));
#980=EDGE_LOOP('',(#5192,#5193,#5194,#5195));
#981=EDGE_LOOP('',(#5196,#5197,#5198,#5199));
#982=EDGE_LOOP('',(#5200,#5201,#5202,#5203));
#983=EDGE_LOOP('',(#5204,#5205,#5206,#5207));
#984=EDGE_LOOP('',(#5208,#5209,#5210,#5211));
#985=EDGE_LOOP('',(#5212,#5213,#5214,#5215));
#986=EDGE_LOOP('',(#5216,#5217,#5218,#5219));
#987=EDGE_LOOP('',(#5220,#5221,#5222,#5223));
#988=EDGE_LOOP('',(#5224,#5225,#5226,#5227));
#989=EDGE_LOOP('',(#5228,#5229,#5230,#5231));
#990=EDGE_LOOP('',(#5232,#5233,#5234,#5235));
#991=EDGE_LOOP('',(#5236,#5237,#5238,#5239));
#992=EDGE_LOOP('',(#5240,#5241,#5242,#5243));
#993=EDGE_LOOP('',(#5244,#5245,#5246,#5247));
#994=EDGE_LOOP('',(#5248,#5249,#5250,#5251));
#995=EDGE_LOOP('',(#5252,#5253,#5254,#5255));
#996=EDGE_LOOP('',(#5256,#5257,#5258,#5259));
#997=EDGE_LOOP('',(#5260,#5261,#5262,#5263));
#998=EDGE_LOOP('',(#5264,#5265,#5266,#5267));
#999=EDGE_LOOP('',(#5268,#5269,#5270,#5271));
#1000=EDGE_LOOP('',(#5272,#5273,#5274,#5275));
#1001=EDGE_LOOP('',(#5276,#5277,#5278,#5279));
#1002=EDGE_LOOP('',(#5280,#5281,#5282,#5283));
#1003=EDGE_LOOP('',(#5284,#5285,#5286,#5287,#5288,#5289,#5290,#5291,#5292,
#5293,#5294,#5295,#5296,#5297,#5298,#5299,#5300,#5301,#5302,#5303,#5304,
#5305,#5306,#5307,#5308,#5309,#5310,#5311,#5312,#5313,#5314,#5315));
#1004=EDGE_LOOP('',(#5316));
#1005=EDGE_LOOP('',(#5317));
#1006=EDGE_LOOP('',(#5318,#5319,#5320,#5321));
#1007=EDGE_LOOP('',(#5322));
#1008=EDGE_LOOP('',(#5323));
#1009=EDGE_LOOP('',(#5324,#5325,#5326,#5327,#5328,#5329,#5330,#5331,#5332,
#5333,#5334,#5335,#5336,#5337,#5338,#5339,#5340,#5341,#5342,#5343,#5344,
#5345,#5346,#5347,#5348,#5349,#5350,#5351,#5352,#5353,#5354,#5355));
#1010=EDGE_LOOP('',(#5356));
#1011=EDGE_LOOP('',(#5357));
#1012=EDGE_LOOP('',(#5358,#5359,#5360,#5361));
#1013=EDGE_LOOP('',(#5362));
#1014=EDGE_LOOP('',(#5363));
#1015=EDGE_LOOP('',(#5364,#5365,#5366,#5367));
#1016=EDGE_LOOP('',(#5368,#5369,#5370,#5371));
#1017=EDGE_LOOP('',(#5372,#5373,#5374,#5375));
#1018=EDGE_LOOP('',(#5376,#5377,#5378,#5379));
#1019=EDGE_LOOP('',(#5380,#5381,#5382,#5383));
#1020=EDGE_LOOP('',(#5384,#5385,#5386,#5387));
#1021=EDGE_LOOP('',(#5388,#5389,#5390,#5391));
#1022=EDGE_LOOP('',(#5392,#5393,#5394,#5395));
#1023=EDGE_LOOP('',(#5396,#5397,#5398,#5399));
#1024=EDGE_LOOP('',(#5400,#5401,#5402,#5403));
#1025=EDGE_LOOP('',(#5404,#5405,#5406,#5407));
#1026=EDGE_LOOP('',(#5408,#5409,#5410,#5411));
#1027=EDGE_LOOP('',(#5412,#5413,#5414,#5415));
#1028=EDGE_LOOP('',(#5416,#5417,#5418,#5419));
#1029=EDGE_LOOP('',(#5420,#5421,#5422,#5423));
#1030=EDGE_LOOP('',(#5424,#5425,#5426,#5427));
#1031=EDGE_LOOP('',(#5428,#5429,#5430,#5431));
#1032=EDGE_LOOP('',(#5432,#5433,#5434,#5435));
#1033=EDGE_LOOP('',(#5436,#5437,#5438,#5439));
#1034=EDGE_LOOP('',(#5440,#5441,#5442,#5443));
#1035=EDGE_LOOP('',(#5444,#5445,#5446,#5447));
#1036=EDGE_LOOP('',(#5448,#5449,#5450,#5451));
#1037=EDGE_LOOP('',(#5452,#5453,#5454,#5455));
#1038=EDGE_LOOP('',(#5456,#5457,#5458,#5459));
#1039=EDGE_LOOP('',(#5460,#5461,#5462,#5463));
#1040=EDGE_LOOP('',(#5464,#5465,#5466,#5467));
#1041=EDGE_LOOP('',(#5468,#5469,#5470,#5471));
#1042=EDGE_LOOP('',(#5472,#5473,#5474,#5475));
#1043=EDGE_LOOP('',(#5476,#5477,#5478,#5479));
#1044=EDGE_LOOP('',(#5480,#5481,#5482,#5483));
#1045=EDGE_LOOP('',(#5484,#5485,#5486,#5487));
#1046=EDGE_LOOP('',(#5488,#5489,#5490,#5491));
#1047=EDGE_LOOP('',(#5492,#5493,#5494,#5495,#5496,#5497,#5498,#5499,#5500,
#5501,#5502,#5503,#5504,#5505,#5506,#5507,#5508,#5509,#5510,#5511,#5512,
#5513,#5514,#5515,#5516,#5517,#5518,#5519,#5520,#5521,#5522,#5523));
#1048=EDGE_LOOP('',(#5524,#5525,#5526,#5527,#5528,#5529,#5530,#5531,#5532,
#5533,#5534,#5535,#5536,#5537,#5538,#5539,#5540,#5541,#5542,#5543,#5544,
#5545,#5546,#5547,#5548,#5549,#5550,#5551,#5552,#5553,#5554,#5555));
#1049=LINE('',#7841,#1790);
#1050=LINE('',#7847,#1791);
#1051=LINE('',#7853,#1792);
#1052=LINE('',#7858,#1793);
#1053=LINE('',#7860,#1794);
#1054=LINE('',#7862,#1795);
#1055=LINE('',#7863,#1796);
#1056=LINE('',#7866,#1797);
#1057=LINE('',#7868,#1798);
#1058=LINE('',#7869,#1799);
#1059=LINE('',#7872,#1800);
#1060=LINE('',#7874,#1801);
#1061=LINE('',#7875,#1802);
#1062=LINE('',#7878,#1803);
#1063=LINE('',#7880,#1804);
#1064=LINE('',#7881,#1805);
#1065=LINE('',#7884,#1806);
#1066=LINE('',#7886,#1807);
#1067=LINE('',#7887,#1808);
#1068=LINE('',#7890,#1809);
#1069=LINE('',#7892,#1810);
#1070=LINE('',#7893,#1811);
#1071=LINE('',#7896,#1812);
#1072=LINE('',#7898,#1813);
#1073=LINE('',#7899,#1814);
#1074=LINE('',#7902,#1815);
#1075=LINE('',#7904,#1816);
#1076=LINE('',#7905,#1817);
#1077=LINE('',#7908,#1818);
#1078=LINE('',#7910,#1819);
#1079=LINE('',#7911,#1820);
#1080=LINE('',#7914,#1821);
#1081=LINE('',#7916,#1822);
#1082=LINE('',#7917,#1823);
#1083=LINE('',#7920,#1824);
#1084=LINE('',#7922,#1825);
#1085=LINE('',#7923,#1826);
#1086=LINE('',#7926,#1827);
#1087=LINE('',#7928,#1828);
#1088=LINE('',#7929,#1829);
#1089=LINE('',#7932,#1830);
#1090=LINE('',#7934,#1831);
#1091=LINE('',#7935,#1832);
#1092=LINE('',#7938,#1833);
#1093=LINE('',#7940,#1834);
#1094=LINE('',#7941,#1835);
#1095=LINE('',#7944,#1836);
#1096=LINE('',#7946,#1837);
#1097=LINE('',#7947,#1838);
#1098=LINE('',#7950,#1839);
#1099=LINE('',#7952,#1840);
#1100=LINE('',#7953,#1841);
#1101=LINE('',#7956,#1842);
#1102=LINE('',#7958,#1843);
#1103=LINE('',#7959,#1844);
#1104=LINE('',#7962,#1845);
#1105=LINE('',#7964,#1846);
#1106=LINE('',#7965,#1847);
#1107=LINE('',#7968,#1848);
#1108=LINE('',#7970,#1849);
#1109=LINE('',#7971,#1850);
#1110=LINE('',#7974,#1851);
#1111=LINE('',#7976,#1852);
#1112=LINE('',#7977,#1853);
#1113=LINE('',#7980,#1854);
#1114=LINE('',#7982,#1855);
#1115=LINE('',#7983,#1856);
#1116=LINE('',#7986,#1857);
#1117=LINE('',#7988,#1858);
#1118=LINE('',#7989,#1859);
#1119=LINE('',#7992,#1860);
#1120=LINE('',#7994,#1861);
#1121=LINE('',#7995,#1862);
#1122=LINE('',#7998,#1863);
#1123=LINE('',#8000,#1864);
#1124=LINE('',#8001,#1865);
#1125=LINE('',#8004,#1866);
#1126=LINE('',#8006,#1867);
#1127=LINE('',#8007,#1868);
#1128=LINE('',#8010,#1869);
#1129=LINE('',#8012,#1870);
#1130=LINE('',#8013,#1871);
#1131=LINE('',#8016,#1872);
#1132=LINE('',#8018,#1873);
#1133=LINE('',#8019,#1874);
#1134=LINE('',#8022,#1875);
#1135=LINE('',#8024,#1876);
#1136=LINE('',#8025,#1877);
#1137=LINE('',#8028,#1878);
#1138=LINE('',#8030,#1879);
#1139=LINE('',#8031,#1880);
#1140=LINE('',#8034,#1881);
#1141=LINE('',#8036,#1882);
#1142=LINE('',#8037,#1883);
#1143=LINE('',#8040,#1884);
#1144=LINE('',#8042,#1885);
#1145=LINE('',#8043,#1886);
#1146=LINE('',#8046,#1887);
#1147=LINE('',#8048,#1888);
#1148=LINE('',#8049,#1889);
#1149=LINE('',#8052,#1890);
#1150=LINE('',#8054,#1891);
#1151=LINE('',#8055,#1892);
#1152=LINE('',#8058,#1893);
#1153=LINE('',#8060,#1894);
#1154=LINE('',#8061,#1895);
#1155=LINE('',#8064,#1896);
#1156=LINE('',#8066,#1897);
#1157=LINE('',#8067,#1898);
#1158=LINE('',#8069,#1899);
#1159=LINE('',#8070,#1900);
#1160=LINE('',#8077,#1901);
#1161=LINE('',#8079,#1902);
#1162=LINE('',#8081,#1903);
#1163=LINE('',#8082,#1904);
#1164=LINE('',#8085,#1905);
#1165=LINE('',#8087,#1906);
#1166=LINE('',#8088,#1907);
#1167=LINE('',#8091,#1908);
#1168=LINE('',#8093,#1909);
#1169=LINE('',#8094,#1910);
#1170=LINE('',#8097,#1911);
#1171=LINE('',#8099,#1912);
#1172=LINE('',#8100,#1913);
#1173=LINE('',#8103,#1914);
#1174=LINE('',#8105,#1915);
#1175=LINE('',#8106,#1916);
#1176=LINE('',#8109,#1917);
#1177=LINE('',#8111,#1918);
#1178=LINE('',#8112,#1919);
#1179=LINE('',#8115,#1920);
#1180=LINE('',#8117,#1921);
#1181=LINE('',#8118,#1922);
#1182=LINE('',#8121,#1923);
#1183=LINE('',#8123,#1924);
#1184=LINE('',#8124,#1925);
#1185=LINE('',#8127,#1926);
#1186=LINE('',#8129,#1927);
#1187=LINE('',#8130,#1928);
#1188=LINE('',#8133,#1929);
#1189=LINE('',#8135,#1930);
#1190=LINE('',#8136,#1931);
#1191=LINE('',#8139,#1932);
#1192=LINE('',#8141,#1933);
#1193=LINE('',#8142,#1934);
#1194=LINE('',#8145,#1935);
#1195=LINE('',#8147,#1936);
#1196=LINE('',#8148,#1937);
#1197=LINE('',#8151,#1938);
#1198=LINE('',#8153,#1939);
#1199=LINE('',#8154,#1940);
#1200=LINE('',#8157,#1941);
#1201=LINE('',#8159,#1942);
#1202=LINE('',#8160,#1943);
#1203=LINE('',#8163,#1944);
#1204=LINE('',#8165,#1945);
#1205=LINE('',#8166,#1946);
#1206=LINE('',#8168,#1947);
#1207=LINE('',#8169,#1948);
#1208=LINE('',#8176,#1949);
#1209=LINE('',#8178,#1950);
#1210=LINE('',#8180,#1951);
#1211=LINE('',#8181,#1952);
#1212=LINE('',#8184,#1953);
#1213=LINE('',#8186,#1954);
#1214=LINE('',#8187,#1955);
#1215=LINE('',#8190,#1956);
#1216=LINE('',#8192,#1957);
#1217=LINE('',#8193,#1958);
#1218=LINE('',#8196,#1959);
#1219=LINE('',#8198,#1960);
#1220=LINE('',#8199,#1961);
#1221=LINE('',#8202,#1962);
#1222=LINE('',#8204,#1963);
#1223=LINE('',#8205,#1964);
#1224=LINE('',#8208,#1965);
#1225=LINE('',#8210,#1966);
#1226=LINE('',#8211,#1967);
#1227=LINE('',#8214,#1968);
#1228=LINE('',#8216,#1969);
#1229=LINE('',#8217,#1970);
#1230=LINE('',#8220,#1971);
#1231=LINE('',#8222,#1972);
#1232=LINE('',#8223,#1973);
#1233=LINE('',#8226,#1974);
#1234=LINE('',#8228,#1975);
#1235=LINE('',#8229,#1976);
#1236=LINE('',#8232,#1977);
#1237=LINE('',#8234,#1978);
#1238=LINE('',#8235,#1979);
#1239=LINE('',#8238,#1980);
#1240=LINE('',#8240,#1981);
#1241=LINE('',#8241,#1982);
#1242=LINE('',#8244,#1983);
#1243=LINE('',#8246,#1984);
#1244=LINE('',#8247,#1985);
#1245=LINE('',#8250,#1986);
#1246=LINE('',#8252,#1987);
#1247=LINE('',#8253,#1988);
#1248=LINE('',#8256,#1989);
#1249=LINE('',#8258,#1990);
#1250=LINE('',#8259,#1991);
#1251=LINE('',#8262,#1992);
#1252=LINE('',#8264,#1993);
#1253=LINE('',#8265,#1994);
#1254=LINE('',#8267,#1995);
#1255=LINE('',#8268,#1996);
#1256=LINE('',#8282,#1997);
#1257=LINE('',#8288,#1998);
#1258=LINE('',#8294,#1999);
#1259=LINE('',#8300,#2000);
#1260=LINE('',#8306,#2001);
#1261=LINE('',#8312,#2002);
#1262=LINE('',#8318,#2003);
#1263=LINE('',#8324,#2004);
#1264=LINE('',#8329,#2005);
#1265=LINE('',#8331,#2006);
#1266=LINE('',#8333,#2007);
#1267=LINE('',#8334,#2008);
#1268=LINE('',#8337,#2009);
#1269=LINE('',#8339,#2010);
#1270=LINE('',#8340,#2011);
#1271=LINE('',#8343,#2012);
#1272=LINE('',#8345,#2013);
#1273=LINE('',#8346,#2014);
#1274=LINE('',#8349,#2015);
#1275=LINE('',#8351,#2016);
#1276=LINE('',#8352,#2017);
#1277=LINE('',#8355,#2018);
#1278=LINE('',#8357,#2019);
#1279=LINE('',#8358,#2020);
#1280=LINE('',#8361,#2021);
#1281=LINE('',#8363,#2022);
#1282=LINE('',#8364,#2023);
#1283=LINE('',#8367,#2024);
#1284=LINE('',#8369,#2025);
#1285=LINE('',#8370,#2026);
#1286=LINE('',#8373,#2027);
#1287=LINE('',#8375,#2028);
#1288=LINE('',#8376,#2029);
#1289=LINE('',#8379,#2030);
#1290=LINE('',#8381,#2031);
#1291=LINE('',#8382,#2032);
#1292=LINE('',#8385,#2033);
#1293=LINE('',#8387,#2034);
#1294=LINE('',#8388,#2035);
#1295=LINE('',#8391,#2036);
#1296=LINE('',#8393,#2037);
#1297=LINE('',#8394,#2038);
#1298=LINE('',#8397,#2039);
#1299=LINE('',#8399,#2040);
#1300=LINE('',#8400,#2041);
#1301=LINE('',#8403,#2042);
#1302=LINE('',#8405,#2043);
#1303=LINE('',#8406,#2044);
#1304=LINE('',#8409,#2045);
#1305=LINE('',#8411,#2046);
#1306=LINE('',#8412,#2047);
#1307=LINE('',#8415,#2048);
#1308=LINE('',#8417,#2049);
#1309=LINE('',#8418,#2050);
#1310=LINE('',#8421,#2051);
#1311=LINE('',#8423,#2052);
#1312=LINE('',#8424,#2053);
#1313=LINE('',#8427,#2054);
#1314=LINE('',#8429,#2055);
#1315=LINE('',#8430,#2056);
#1316=LINE('',#8433,#2057);
#1317=LINE('',#8435,#2058);
#1318=LINE('',#8436,#2059);
#1319=LINE('',#8439,#2060);
#1320=LINE('',#8441,#2061);
#1321=LINE('',#8442,#2062);
#1322=LINE('',#8445,#2063);
#1323=LINE('',#8447,#2064);
#1324=LINE('',#8448,#2065);
#1325=LINE('',#8451,#2066);
#1326=LINE('',#8453,#2067);
#1327=LINE('',#8454,#2068);
#1328=LINE('',#8457,#2069);
#1329=LINE('',#8459,#2070);
#1330=LINE('',#8460,#2071);
#1331=LINE('',#8463,#2072);
#1332=LINE('',#8465,#2073);
#1333=LINE('',#8466,#2074);
#1334=LINE('',#8469,#2075);
#1335=LINE('',#8471,#2076);
#1336=LINE('',#8472,#2077);
#1337=LINE('',#8475,#2078);
#1338=LINE('',#8477,#2079);
#1339=LINE('',#8478,#2080);
#1340=LINE('',#8481,#2081);
#1341=LINE('',#8483,#2082);
#1342=LINE('',#8484,#2083);
#1343=LINE('',#8487,#2084);
#1344=LINE('',#8489,#2085);
#1345=LINE('',#8490,#2086);
#1346=LINE('',#8493,#2087);
#1347=LINE('',#8495,#2088);
#1348=LINE('',#8496,#2089);
#1349=LINE('',#8499,#2090);
#1350=LINE('',#8501,#2091);
#1351=LINE('',#8502,#2092);
#1352=LINE('',#8505,#2093);
#1353=LINE('',#8507,#2094);
#1354=LINE('',#8508,#2095);
#1355=LINE('',#8511,#2096);
#1356=LINE('',#8513,#2097);
#1357=LINE('',#8514,#2098);
#1358=LINE('',#8517,#2099);
#1359=LINE('',#8519,#2100);
#1360=LINE('',#8520,#2101);
#1361=LINE('',#8523,#2102);
#1362=LINE('',#8525,#2103);
#1363=LINE('',#8526,#2104);
#1364=LINE('',#8529,#2105);
#1365=LINE('',#8531,#2106);
#1366=LINE('',#8532,#2107);
#1367=LINE('',#8535,#2108);
#1368=LINE('',#8537,#2109);
#1369=LINE('',#8538,#2110);
#1370=LINE('',#8540,#2111);
#1371=LINE('',#8541,#2112);
#1372=LINE('',#8549,#2113);
#1373=LINE('',#8555,#2114);
#1374=LINE('',#8561,#2115);
#1375=LINE('',#8567,#2116);
#1376=LINE('',#8573,#2117);
#1377=LINE('',#8578,#2118);
#1378=LINE('',#8580,#2119);
#1379=LINE('',#8582,#2120);
#1380=LINE('',#8583,#2121);
#1381=LINE('',#8586,#2122);
#1382=LINE('',#8588,#2123);
#1383=LINE('',#8589,#2124);
#1384=LINE('',#8592,#2125);
#1385=LINE('',#8594,#2126);
#1386=LINE('',#8595,#2127);
#1387=LINE('',#8598,#2128);
#1388=LINE('',#8600,#2129);
#1389=LINE('',#8601,#2130);
#1390=LINE('',#8604,#2131);
#1391=LINE('',#8606,#2132);
#1392=LINE('',#8607,#2133);
#1393=LINE('',#8610,#2134);
#1394=LINE('',#8612,#2135);
#1395=LINE('',#8613,#2136);
#1396=LINE('',#8616,#2137);
#1397=LINE('',#8618,#2138);
#1398=LINE('',#8619,#2139);
#1399=LINE('',#8622,#2140);
#1400=LINE('',#8624,#2141);
#1401=LINE('',#8625,#2142);
#1402=LINE('',#8628,#2143);
#1403=LINE('',#8630,#2144);
#1404=LINE('',#8631,#2145);
#1405=LINE('',#8634,#2146);
#1406=LINE('',#8636,#2147);
#1407=LINE('',#8637,#2148);
#1408=LINE('',#8640,#2149);
#1409=LINE('',#8642,#2150);
#1410=LINE('',#8643,#2151);
#1411=LINE('',#8646,#2152);
#1412=LINE('',#8648,#2153);
#1413=LINE('',#8649,#2154);
#1414=LINE('',#8652,#2155);
#1415=LINE('',#8654,#2156);
#1416=LINE('',#8655,#2157);
#1417=LINE('',#8658,#2158);
#1418=LINE('',#8660,#2159);
#1419=LINE('',#8661,#2160);
#1420=LINE('',#8664,#2161);
#1421=LINE('',#8666,#2162);
#1422=LINE('',#8667,#2163);
#1423=LINE('',#8670,#2164);
#1424=LINE('',#8672,#2165);
#1425=LINE('',#8673,#2166);
#1426=LINE('',#8676,#2167);
#1427=LINE('',#8678,#2168);
#1428=LINE('',#8679,#2169);
#1429=LINE('',#8682,#2170);
#1430=LINE('',#8684,#2171);
#1431=LINE('',#8685,#2172);
#1432=LINE('',#8688,#2173);
#1433=LINE('',#8690,#2174);
#1434=LINE('',#8691,#2175);
#1435=LINE('',#8694,#2176);
#1436=LINE('',#8696,#2177);
#1437=LINE('',#8697,#2178);
#1438=LINE('',#8700,#2179);
#1439=LINE('',#8702,#2180);
#1440=LINE('',#8703,#2181);
#1441=LINE('',#8706,#2182);
#1442=LINE('',#8708,#2183);
#1443=LINE('',#8709,#2184);
#1444=LINE('',#8712,#2185);
#1445=LINE('',#8714,#2186);
#1446=LINE('',#8715,#2187);
#1447=LINE('',#8718,#2188);
#1448=LINE('',#8720,#2189);
#1449=LINE('',#8721,#2190);
#1450=LINE('',#8724,#2191);
#1451=LINE('',#8726,#2192);
#1452=LINE('',#8727,#2193);
#1453=LINE('',#8730,#2194);
#1454=LINE('',#8732,#2195);
#1455=LINE('',#8733,#2196);
#1456=LINE('',#8736,#2197);
#1457=LINE('',#8738,#2198);
#1458=LINE('',#8739,#2199);
#1459=LINE('',#8742,#2200);
#1460=LINE('',#8744,#2201);
#1461=LINE('',#8745,#2202);
#1462=LINE('',#8748,#2203);
#1463=LINE('',#8750,#2204);
#1464=LINE('',#8751,#2205);
#1465=LINE('',#8754,#2206);
#1466=LINE('',#8756,#2207);
#1467=LINE('',#8757,#2208);
#1468=LINE('',#8760,#2209);
#1469=LINE('',#8762,#2210);
#1470=LINE('',#8763,#2211);
#1471=LINE('',#8765,#2212);
#1472=LINE('',#8766,#2213);
#1473=LINE('',#8774,#2214);
#1474=LINE('',#8780,#2215);
#1475=LINE('',#8786,#2216);
#1476=LINE('',#8792,#2217);
#1477=LINE('',#8798,#2218);
#1478=LINE('',#8804,#2219);
#1479=LINE('',#8810,#2220);
#1480=LINE('',#8816,#2221);
#1481=LINE('',#8822,#2222);
#1482=LINE('',#8828,#2223);
#1483=LINE('',#8834,#2224);
#1484=LINE('',#8840,#2225);
#1485=LINE('',#8846,#2226);
#1486=LINE('',#8851,#2227);
#1487=LINE('',#8853,#2228);
#1488=LINE('',#8855,#2229);
#1489=LINE('',#8856,#2230);
#1490=LINE('',#8859,#2231);
#1491=LINE('',#8861,#2232);
#1492=LINE('',#8862,#2233);
#1493=LINE('',#8865,#2234);
#1494=LINE('',#8867,#2235);
#1495=LINE('',#8868,#2236);
#1496=LINE('',#8871,#2237);
#1497=LINE('',#8873,#2238);
#1498=LINE('',#8874,#2239);
#1499=LINE('',#8877,#2240);
#1500=LINE('',#8879,#2241);
#1501=LINE('',#8880,#2242);
#1502=LINE('',#8883,#2243);
#1503=LINE('',#8885,#2244);
#1504=LINE('',#8886,#2245);
#1505=LINE('',#8889,#2246);
#1506=LINE('',#8891,#2247);
#1507=LINE('',#8892,#2248);
#1508=LINE('',#8895,#2249);
#1509=LINE('',#8897,#2250);
#1510=LINE('',#8898,#2251);
#1511=LINE('',#8901,#2252);
#1512=LINE('',#8903,#2253);
#1513=LINE('',#8904,#2254);
#1514=LINE('',#8907,#2255);
#1515=LINE('',#8909,#2256);
#1516=LINE('',#8910,#2257);
#1517=LINE('',#8913,#2258);
#1518=LINE('',#8915,#2259);
#1519=LINE('',#8916,#2260);
#1520=LINE('',#8919,#2261);
#1521=LINE('',#8921,#2262);
#1522=LINE('',#8922,#2263);
#1523=LINE('',#8925,#2264);
#1524=LINE('',#8927,#2265);
#1525=LINE('',#8928,#2266);
#1526=LINE('',#8931,#2267);
#1527=LINE('',#8933,#2268);
#1528=LINE('',#8934,#2269);
#1529=LINE('',#8937,#2270);
#1530=LINE('',#8939,#2271);
#1531=LINE('',#8940,#2272);
#1532=LINE('',#8943,#2273);
#1533=LINE('',#8945,#2274);
#1534=LINE('',#8946,#2275);
#1535=LINE('',#8949,#2276);
#1536=LINE('',#8951,#2277);
#1537=LINE('',#8952,#2278);
#1538=LINE('',#8955,#2279);
#1539=LINE('',#8957,#2280);
#1540=LINE('',#8958,#2281);
#1541=LINE('',#8961,#2282);
#1542=LINE('',#8963,#2283);
#1543=LINE('',#8964,#2284);
#1544=LINE('',#8967,#2285);
#1545=LINE('',#8969,#2286);
#1546=LINE('',#8970,#2287);
#1547=LINE('',#8973,#2288);
#1548=LINE('',#8975,#2289);
#1549=LINE('',#8976,#2290);
#1550=LINE('',#8979,#2291);
#1551=LINE('',#8981,#2292);
#1552=LINE('',#8982,#2293);
#1553=LINE('',#8985,#2294);
#1554=LINE('',#8987,#2295);
#1555=LINE('',#8988,#2296);
#1556=LINE('',#8991,#2297);
#1557=LINE('',#8993,#2298);
#1558=LINE('',#8994,#2299);
#1559=LINE('',#8997,#2300);
#1560=LINE('',#8999,#2301);
#1561=LINE('',#9000,#2302);
#1562=LINE('',#9003,#2303);
#1563=LINE('',#9005,#2304);
#1564=LINE('',#9006,#2305);
#1565=LINE('',#9009,#2306);
#1566=LINE('',#9011,#2307);
#1567=LINE('',#9012,#2308);
#1568=LINE('',#9015,#2309);
#1569=LINE('',#9017,#2310);
#1570=LINE('',#9018,#2311);
#1571=LINE('',#9021,#2312);
#1572=LINE('',#9023,#2313);
#1573=LINE('',#9024,#2314);
#1574=LINE('',#9027,#2315);
#1575=LINE('',#9029,#2316);
#1576=LINE('',#9030,#2317);
#1577=LINE('',#9033,#2318);
#1578=LINE('',#9035,#2319);
#1579=LINE('',#9036,#2320);
#1580=LINE('',#9038,#2321);
#1581=LINE('',#9039,#2322);
#1582=LINE('',#9047,#2323);
#1583=LINE('',#9053,#2324);
#1584=LINE('',#9058,#2325);
#1585=LINE('',#9060,#2326);
#1586=LINE('',#9062,#2327);
#1587=LINE('',#9063,#2328);
#1588=LINE('',#9066,#2329);
#1589=LINE('',#9068,#2330);
#1590=LINE('',#9069,#2331);
#1591=LINE('',#9072,#2332);
#1592=LINE('',#9074,#2333);
#1593=LINE('',#9075,#2334);
#1594=LINE('',#9077,#2335);
#1595=LINE('',#9078,#2336);
#1596=LINE('',#9083,#2337);
#1597=LINE('',#9089,#2338);
#1598=LINE('',#9094,#2339);
#1599=LINE('',#9096,#2340);
#1600=LINE('',#9098,#2341);
#1601=LINE('',#9099,#2342);
#1602=LINE('',#9102,#2343);
#1603=LINE('',#9104,#2344);
#1604=LINE('',#9105,#2345);
#1605=LINE('',#9108,#2346);
#1606=LINE('',#9110,#2347);
#1607=LINE('',#9111,#2348);
#1608=LINE('',#9114,#2349);
#1609=LINE('',#9116,#2350);
#1610=LINE('',#9117,#2351);
#1611=LINE('',#9120,#2352);
#1612=LINE('',#9122,#2353);
#1613=LINE('',#9123,#2354);
#1614=LINE('',#9126,#2355);
#1615=LINE('',#9128,#2356);
#1616=LINE('',#9129,#2357);
#1617=LINE('',#9132,#2358);
#1618=LINE('',#9134,#2359);
#1619=LINE('',#9135,#2360);
#1620=LINE('',#9138,#2361);
#1621=LINE('',#9140,#2362);
#1622=LINE('',#9141,#2363);
#1623=LINE('',#9144,#2364);
#1624=LINE('',#9146,#2365);
#1625=LINE('',#9147,#2366);
#1626=LINE('',#9150,#2367);
#1627=LINE('',#9152,#2368);
#1628=LINE('',#9153,#2369);
#1629=LINE('',#9156,#2370);
#1630=LINE('',#9158,#2371);
#1631=LINE('',#9159,#2372);
#1632=LINE('',#9162,#2373);
#1633=LINE('',#9164,#2374);
#1634=LINE('',#9165,#2375);
#1635=LINE('',#9168,#2376);
#1636=LINE('',#9170,#2377);
#1637=LINE('',#9171,#2378);
#1638=LINE('',#9174,#2379);
#1639=LINE('',#9176,#2380);
#1640=LINE('',#9177,#2381);
#1641=LINE('',#9180,#2382);
#1642=LINE('',#9182,#2383);
#1643=LINE('',#9183,#2384);
#1644=LINE('',#9186,#2385);
#1645=LINE('',#9188,#2386);
#1646=LINE('',#9189,#2387);
#1647=LINE('',#9192,#2388);
#1648=LINE('',#9194,#2389);
#1649=LINE('',#9195,#2390);
#1650=LINE('',#9198,#2391);
#1651=LINE('',#9200,#2392);
#1652=LINE('',#9201,#2393);
#1653=LINE('',#9204,#2394);
#1654=LINE('',#9206,#2395);
#1655=LINE('',#9207,#2396);
#1656=LINE('',#9210,#2397);
#1657=LINE('',#9212,#2398);
#1658=LINE('',#9213,#2399);
#1659=LINE('',#9216,#2400);
#1660=LINE('',#9218,#2401);
#1661=LINE('',#9219,#2402);
#1662=LINE('',#9222,#2403);
#1663=LINE('',#9224,#2404);
#1664=LINE('',#9225,#2405);
#1665=LINE('',#9228,#2406);
#1666=LINE('',#9230,#2407);
#1667=LINE('',#9231,#2408);
#1668=LINE('',#9234,#2409);
#1669=LINE('',#9236,#2410);
#1670=LINE('',#9237,#2411);
#1671=LINE('',#9240,#2412);
#1672=LINE('',#9242,#2413);
#1673=LINE('',#9243,#2414);
#1674=LINE('',#9246,#2415);
#1675=LINE('',#9248,#2416);
#1676=LINE('',#9249,#2417);
#1677=LINE('',#9252,#2418);
#1678=LINE('',#9254,#2419);
#1679=LINE('',#9255,#2420);
#1680=LINE('',#9258,#2421);
#1681=LINE('',#9260,#2422);
#1682=LINE('',#9261,#2423);
#1683=LINE('',#9264,#2424);
#1684=LINE('',#9266,#2425);
#1685=LINE('',#9267,#2426);
#1686=LINE('',#9270,#2427);
#1687=LINE('',#9272,#2428);
#1688=LINE('',#9273,#2429);
#1689=LINE('',#9276,#2430);
#1690=LINE('',#9278,#2431);
#1691=LINE('',#9279,#2432);
#1692=LINE('',#9281,#2433);
#1693=LINE('',#9282,#2434);
#1694=LINE('',#9289,#2435);
#1695=LINE('',#9291,#2436);
#1696=LINE('',#9293,#2437);
#1697=LINE('',#9294,#2438);
#1698=LINE('',#9297,#2439);
#1699=LINE('',#9299,#2440);
#1700=LINE('',#9300,#2441);
#1701=LINE('',#9303,#2442);
#1702=LINE('',#9305,#2443);
#1703=LINE('',#9306,#2444);
#1704=LINE('',#9309,#2445);
#1705=LINE('',#9311,#2446);
#1706=LINE('',#9312,#2447);
#1707=LINE('',#9315,#2448);
#1708=LINE('',#9317,#2449);
#1709=LINE('',#9318,#2450);
#1710=LINE('',#9321,#2451);
#1711=LINE('',#9323,#2452);
#1712=LINE('',#9324,#2453);
#1713=LINE('',#9327,#2454);
#1714=LINE('',#9329,#2455);
#1715=LINE('',#9330,#2456);
#1716=LINE('',#9333,#2457);
#1717=LINE('',#9335,#2458);
#1718=LINE('',#9336,#2459);
#1719=LINE('',#9339,#2460);
#1720=LINE('',#9341,#2461);
#1721=LINE('',#9342,#2462);
#1722=LINE('',#9345,#2463);
#1723=LINE('',#9347,#2464);
#1724=LINE('',#9348,#2465);
#1725=LINE('',#9351,#2466);
#1726=LINE('',#9353,#2467);
#1727=LINE('',#9354,#2468);
#1728=LINE('',#9357,#2469);
#1729=LINE('',#9359,#2470);
#1730=LINE('',#9360,#2471);
#1731=LINE('',#9363,#2472);
#1732=LINE('',#9365,#2473);
#1733=LINE('',#9366,#2474);
#1734=LINE('',#9369,#2475);
#1735=LINE('',#9371,#2476);
#1736=LINE('',#9372,#2477);
#1737=LINE('',#9375,#2478);
#1738=LINE('',#9377,#2479);
#1739=LINE('',#9378,#2480);
#1740=LINE('',#9381,#2481);
#1741=LINE('',#9383,#2482);
#1742=LINE('',#9384,#2483);
#1743=LINE('',#9387,#2484);
#1744=LINE('',#9389,#2485);
#1745=LINE('',#9390,#2486);
#1746=LINE('',#9393,#2487);
#1747=LINE('',#9395,#2488);
#1748=LINE('',#9396,#2489);
#1749=LINE('',#9399,#2490);
#1750=LINE('',#9401,#2491);
#1751=LINE('',#9402,#2492);
#1752=LINE('',#9405,#2493);
#1753=LINE('',#9407,#2494);
#1754=LINE('',#9408,#2495);
#1755=LINE('',#9411,#2496);
#1756=LINE('',#9413,#2497);
#1757=LINE('',#9414,#2498);
#1758=LINE('',#9417,#2499);
#1759=LINE('',#9419,#2500);
#1760=LINE('',#9420,#2501);
#1761=LINE('',#9423,#2502);
#1762=LINE('',#9425,#2503);
#1763=LINE('',#9426,#2504);
#1764=LINE('',#9429,#2505);
#1765=LINE('',#9431,#2506);
#1766=LINE('',#9432,#2507);
#1767=LINE('',#9435,#2508);
#1768=LINE('',#9437,#2509);
#1769=LINE('',#9438,#2510);
#1770=LINE('',#9441,#2511);
#1771=LINE('',#9443,#2512);
#1772=LINE('',#9444,#2513);
#1773=LINE('',#9447,#2514);
#1774=LINE('',#9449,#2515);
#1775=LINE('',#9450,#2516);
#1776=LINE('',#9453,#2517);
#1777=LINE('',#9455,#2518);
#1778=LINE('',#9456,#2519);
#1779=LINE('',#9459,#2520);
#1780=LINE('',#9461,#2521);
#1781=LINE('',#9462,#2522);
#1782=LINE('',#9465,#2523);
#1783=LINE('',#9467,#2524);
#1784=LINE('',#9468,#2525);
#1785=LINE('',#9471,#2526);
#1786=LINE('',#9473,#2527);
#1787=LINE('',#9474,#2528);
#1788=LINE('',#9476,#2529);
#1789=LINE('',#9477,#2530);
#1790=VECTOR('',#6355,5.74999999999999);
#1791=VECTOR('',#6362,11.25);
#1792=VECTOR('',#6369,5.74999999999999);
#1793=VECTOR('',#6374,10.);
#1794=VECTOR('',#6375,10.);
#1795=VECTOR('',#6376,10.);
#1796=VECTOR('',#6377,10.);
#1797=VECTOR('',#6380,10.);
#1798=VECTOR('',#6381,10.);
#1799=VECTOR('',#6382,10.);
#1800=VECTOR('',#6385,10.);
#1801=VECTOR('',#6386,10.);
#1802=VECTOR('',#6387,10.);
#1803=VECTOR('',#6390,10.);
#1804=VECTOR('',#6391,10.);
#1805=VECTOR('',#6392,10.);
#1806=VECTOR('',#6395,10.);
#1807=VECTOR('',#6396,10.);
#1808=VECTOR('',#6397,10.);
#1809=VECTOR('',#6400,10.);
#1810=VECTOR('',#6401,10.);
#1811=VECTOR('',#6402,10.);
#1812=VECTOR('',#6405,10.);
#1813=VECTOR('',#6406,10.);
#1814=VECTOR('',#6407,10.);
#1815=VECTOR('',#6410,10.);
#1816=VECTOR('',#6411,10.);
#1817=VECTOR('',#6412,10.);
#1818=VECTOR('',#6415,10.);
#1819=VECTOR('',#6416,10.);
#1820=VECTOR('',#6417,10.);
#1821=VECTOR('',#6420,10.);
#1822=VECTOR('',#6421,10.);
#1823=VECTOR('',#6422,10.);
#1824=VECTOR('',#6425,10.);
#1825=VECTOR('',#6426,10.);
#1826=VECTOR('',#6427,10.);
#1827=VECTOR('',#6430,10.);
#1828=VECTOR('',#6431,10.);
#1829=VECTOR('',#6432,10.);
#1830=VECTOR('',#6435,10.);
#1831=VECTOR('',#6436,10.);
#1832=VECTOR('',#6437,10.);
#1833=VECTOR('',#6440,10.);
#1834=VECTOR('',#6441,10.);
#1835=VECTOR('',#6442,10.);
#1836=VECTOR('',#6445,10.);
#1837=VECTOR('',#6446,10.);
#1838=VECTOR('',#6447,10.);
#1839=VECTOR('',#6450,10.);
#1840=VECTOR('',#6451,10.);
#1841=VECTOR('',#6452,10.);
#1842=VECTOR('',#6455,10.);
#1843=VECTOR('',#6456,10.);
#1844=VECTOR('',#6457,10.);
#1845=VECTOR('',#6460,10.);
#1846=VECTOR('',#6461,10.);
#1847=VECTOR('',#6462,10.);
#1848=VECTOR('',#6465,10.);
#1849=VECTOR('',#6466,10.);
#1850=VECTOR('',#6467,10.);
#1851=VECTOR('',#6470,10.);
#1852=VECTOR('',#6471,10.);
#1853=VECTOR('',#6472,10.);
#1854=VECTOR('',#6475,10.);
#1855=VECTOR('',#6476,10.);
#1856=VECTOR('',#6477,10.);
#1857=VECTOR('',#6480,10.);
#1858=VECTOR('',#6481,10.);
#1859=VECTOR('',#6482,10.);
#1860=VECTOR('',#6485,10.);
#1861=VECTOR('',#6486,10.);
#1862=VECTOR('',#6487,10.);
#1863=VECTOR('',#6490,10.);
#1864=VECTOR('',#6491,10.);
#1865=VECTOR('',#6492,10.);
#1866=VECTOR('',#6495,10.);
#1867=VECTOR('',#6496,10.);
#1868=VECTOR('',#6497,10.);
#1869=VECTOR('',#6500,10.);
#1870=VECTOR('',#6501,10.);
#1871=VECTOR('',#6502,10.);
#1872=VECTOR('',#6505,10.);
#1873=VECTOR('',#6506,10.);
#1874=VECTOR('',#6507,10.);
#1875=VECTOR('',#6510,10.);
#1876=VECTOR('',#6511,10.);
#1877=VECTOR('',#6512,10.);
#1878=VECTOR('',#6515,10.);
#1879=VECTOR('',#6516,10.);
#1880=VECTOR('',#6517,10.);
#1881=VECTOR('',#6520,10.);
#1882=VECTOR('',#6521,10.);
#1883=VECTOR('',#6522,10.);
#1884=VECTOR('',#6525,10.);
#1885=VECTOR('',#6526,10.);
#1886=VECTOR('',#6527,10.);
#1887=VECTOR('',#6530,10.);
#1888=VECTOR('',#6531,10.);
#1889=VECTOR('',#6532,10.);
#1890=VECTOR('',#6535,10.);
#1891=VECTOR('',#6536,10.);
#1892=VECTOR('',#6537,10.);
#1893=VECTOR('',#6540,10.);
#1894=VECTOR('',#6541,10.);
#1895=VECTOR('',#6542,10.);
#1896=VECTOR('',#6545,10.);
#1897=VECTOR('',#6546,10.);
#1898=VECTOR('',#6547,10.);
#1899=VECTOR('',#6550,10.);
#1900=VECTOR('',#6551,10.);
#1901=VECTOR('',#6560,10.);
#1902=VECTOR('',#6561,10.);
#1903=VECTOR('',#6562,10.);
#1904=VECTOR('',#6563,10.);
#1905=VECTOR('',#6566,10.);
#1906=VECTOR('',#6567,10.);
#1907=VECTOR('',#6568,10.);
#1908=VECTOR('',#6571,10.);
#1909=VECTOR('',#6572,10.);
#1910=VECTOR('',#6573,10.);
#1911=VECTOR('',#6576,10.);
#1912=VECTOR('',#6577,10.);
#1913=VECTOR('',#6578,10.);
#1914=VECTOR('',#6581,10.);
#1915=VECTOR('',#6582,10.);
#1916=VECTOR('',#6583,10.);
#1917=VECTOR('',#6586,10.);
#1918=VECTOR('',#6587,10.);
#1919=VECTOR('',#6588,10.);
#1920=VECTOR('',#6591,10.);
#1921=VECTOR('',#6592,10.);
#1922=VECTOR('',#6593,10.);
#1923=VECTOR('',#6596,10.);
#1924=VECTOR('',#6597,10.);
#1925=VECTOR('',#6598,10.);
#1926=VECTOR('',#6601,10.);
#1927=VECTOR('',#6602,10.);
#1928=VECTOR('',#6603,10.);
#1929=VECTOR('',#6606,10.);
#1930=VECTOR('',#6607,10.);
#1931=VECTOR('',#6608,10.);
#1932=VECTOR('',#6611,10.);
#1933=VECTOR('',#6612,10.);
#1934=VECTOR('',#6613,10.);
#1935=VECTOR('',#6616,10.);
#1936=VECTOR('',#6617,10.);
#1937=VECTOR('',#6618,10.);
#1938=VECTOR('',#6621,10.);
#1939=VECTOR('',#6622,10.);
#1940=VECTOR('',#6623,10.);
#1941=VECTOR('',#6626,10.);
#1942=VECTOR('',#6627,10.);
#1943=VECTOR('',#6628,10.);
#1944=VECTOR('',#6631,10.);
#1945=VECTOR('',#6632,10.);
#1946=VECTOR('',#6633,10.);
#1947=VECTOR('',#6636,10.);
#1948=VECTOR('',#6637,10.);
#1949=VECTOR('',#6646,10.);
#1950=VECTOR('',#6647,10.);
#1951=VECTOR('',#6648,10.);
#1952=VECTOR('',#6649,10.);
#1953=VECTOR('',#6652,10.);
#1954=VECTOR('',#6653,10.);
#1955=VECTOR('',#6654,10.);
#1956=VECTOR('',#6657,10.);
#1957=VECTOR('',#6658,10.);
#1958=VECTOR('',#6659,10.);
#1959=VECTOR('',#6662,10.);
#1960=VECTOR('',#6663,10.);
#1961=VECTOR('',#6664,10.);
#1962=VECTOR('',#6667,10.);
#1963=VECTOR('',#6668,10.);
#1964=VECTOR('',#6669,10.);
#1965=VECTOR('',#6672,10.);
#1966=VECTOR('',#6673,10.);
#1967=VECTOR('',#6674,10.);
#1968=VECTOR('',#6677,10.);
#1969=VECTOR('',#6678,10.);
#1970=VECTOR('',#6679,10.);
#1971=VECTOR('',#6682,10.);
#1972=VECTOR('',#6683,10.);
#1973=VECTOR('',#6684,10.);
#1974=VECTOR('',#6687,10.);
#1975=VECTOR('',#6688,10.);
#1976=VECTOR('',#6689,10.);
#1977=VECTOR('',#6692,10.);
#1978=VECTOR('',#6693,10.);
#1979=VECTOR('',#6694,10.);
#1980=VECTOR('',#6697,10.);
#1981=VECTOR('',#6698,10.);
#1982=VECTOR('',#6699,10.);
#1983=VECTOR('',#6702,10.);
#1984=VECTOR('',#6703,10.);
#1985=VECTOR('',#6704,10.);
#1986=VECTOR('',#6707,10.);
#1987=VECTOR('',#6708,10.);
#1988=VECTOR('',#6709,10.);
#1989=VECTOR('',#6712,10.);
#1990=VECTOR('',#6713,10.);
#1991=VECTOR('',#6714,10.);
#1992=VECTOR('',#6717,10.);
#1993=VECTOR('',#6718,10.);
#1994=VECTOR('',#6719,10.);
#1995=VECTOR('',#6722,10.);
#1996=VECTOR('',#6723,10.);
#1997=VECTOR('',#6746,1.6);
#1998=VECTOR('',#6753,1.6);
#1999=VECTOR('',#6760,1.6);
#2000=VECTOR('',#6767,1.6);
#2001=VECTOR('',#6774,1.6);
#2002=VECTOR('',#6781,1.6);
#2003=VECTOR('',#6788,1.6);
#2004=VECTOR('',#6795,1.6);
#2005=VECTOR('',#6800,10.);
#2006=VECTOR('',#6801,10.);
#2007=VECTOR('',#6802,10.);
#2008=VECTOR('',#6803,10.);
#2009=VECTOR('',#6806,10.);
#2010=VECTOR('',#6807,10.);
#2011=VECTOR('',#6808,10.);
#2012=VECTOR('',#6811,10.);
#2013=VECTOR('',#6812,10.);
#2014=VECTOR('',#6813,10.);
#2015=VECTOR('',#6816,10.);
#2016=VECTOR('',#6817,10.);
#2017=VECTOR('',#6818,10.);
#2018=VECTOR('',#6821,10.);
#2019=VECTOR('',#6822,10.);
#2020=VECTOR('',#6823,10.);
#2021=VECTOR('',#6826,10.);
#2022=VECTOR('',#6827,10.);
#2023=VECTOR('',#6828,10.);
#2024=VECTOR('',#6831,10.);
#2025=VECTOR('',#6832,10.);
#2026=VECTOR('',#6833,10.);
#2027=VECTOR('',#6836,10.);
#2028=VECTOR('',#6837,10.);
#2029=VECTOR('',#6838,10.);
#2030=VECTOR('',#6841,10.);
#2031=VECTOR('',#6842,10.);
#2032=VECTOR('',#6843,10.);
#2033=VECTOR('',#6846,10.);
#2034=VECTOR('',#6847,10.);
#2035=VECTOR('',#6848,10.);
#2036=VECTOR('',#6851,10.);
#2037=VECTOR('',#6852,10.);
#2038=VECTOR('',#6853,10.);
#2039=VECTOR('',#6856,10.);
#2040=VECTOR('',#6857,10.);
#2041=VECTOR('',#6858,10.);
#2042=VECTOR('',#6861,10.);
#2043=VECTOR('',#6862,10.);
#2044=VECTOR('',#6863,10.);
#2045=VECTOR('',#6866,10.);
#2046=VECTOR('',#6867,10.);
#2047=VECTOR('',#6868,10.);
#2048=VECTOR('',#6871,10.);
#2049=VECTOR('',#6872,10.);
#2050=VECTOR('',#6873,10.);
#2051=VECTOR('',#6876,10.);
#2052=VECTOR('',#6877,10.);
#2053=VECTOR('',#6878,10.);
#2054=VECTOR('',#6881,10.);
#2055=VECTOR('',#6882,10.);
#2056=VECTOR('',#6883,10.);
#2057=VECTOR('',#6886,10.);
#2058=VECTOR('',#6887,10.);
#2059=VECTOR('',#6888,10.);
#2060=VECTOR('',#6891,10.);
#2061=VECTOR('',#6892,10.);
#2062=VECTOR('',#6893,10.);
#2063=VECTOR('',#6896,10.);
#2064=VECTOR('',#6897,10.);
#2065=VECTOR('',#6898,10.);
#2066=VECTOR('',#6901,10.);
#2067=VECTOR('',#6902,10.);
#2068=VECTOR('',#6903,10.);
#2069=VECTOR('',#6906,10.);
#2070=VECTOR('',#6907,10.);
#2071=VECTOR('',#6908,10.);
#2072=VECTOR('',#6911,10.);
#2073=VECTOR('',#6912,10.);
#2074=VECTOR('',#6913,10.);
#2075=VECTOR('',#6916,10.);
#2076=VECTOR('',#6917,10.);
#2077=VECTOR('',#6918,10.);
#2078=VECTOR('',#6921,10.);
#2079=VECTOR('',#6922,10.);
#2080=VECTOR('',#6923,10.);
#2081=VECTOR('',#6926,10.);
#2082=VECTOR('',#6927,10.);
#2083=VECTOR('',#6928,10.);
#2084=VECTOR('',#6931,10.);
#2085=VECTOR('',#6932,10.);
#2086=VECTOR('',#6933,10.);
#2087=VECTOR('',#6936,10.);
#2088=VECTOR('',#6937,10.);
#2089=VECTOR('',#6938,10.);
#2090=VECTOR('',#6941,10.);
#2091=VECTOR('',#6942,10.);
#2092=VECTOR('',#6943,10.);
#2093=VECTOR('',#6946,10.);
#2094=VECTOR('',#6947,10.);
#2095=VECTOR('',#6948,10.);
#2096=VECTOR('',#6951,10.);
#2097=VECTOR('',#6952,10.);
#2098=VECTOR('',#6953,10.);
#2099=VECTOR('',#6956,10.);
#2100=VECTOR('',#6957,10.);
#2101=VECTOR('',#6958,10.);
#2102=VECTOR('',#6961,10.);
#2103=VECTOR('',#6962,10.);
#2104=VECTOR('',#6963,10.);
#2105=VECTOR('',#6966,10.);
#2106=VECTOR('',#6967,10.);
#2107=VECTOR('',#6968,10.);
#2108=VECTOR('',#6971,10.);
#2109=VECTOR('',#6972,10.);
#2110=VECTOR('',#6973,10.);
#2111=VECTOR('',#6976,10.);
#2112=VECTOR('',#6977,10.);
#2113=VECTOR('',#6988,1.5);
#2114=VECTOR('',#6995,1.5);
#2115=VECTOR('',#7002,1.5);
#2116=VECTOR('',#7009,1.5);
#2117=VECTOR('',#7016,19.);
#2118=VECTOR('',#7021,10.);
#2119=VECTOR('',#7022,10.);
#2120=VECTOR('',#7023,10.);
#2121=VECTOR('',#7024,10.);
#2122=VECTOR('',#7027,10.);
#2123=VECTOR('',#7028,10.);
#2124=VECTOR('',#7029,10.);
#2125=VECTOR('',#7032,10.);
#2126=VECTOR('',#7033,10.);
#2127=VECTOR('',#7034,10.);
#2128=VECTOR('',#7037,10.);
#2129=VECTOR('',#7038,10.);
#2130=VECTOR('',#7039,10.);
#2131=VECTOR('',#7042,10.);
#2132=VECTOR('',#7043,10.);
#2133=VECTOR('',#7044,10.);
#2134=VECTOR('',#7047,10.);
#2135=VECTOR('',#7048,10.);
#2136=VECTOR('',#7049,10.);
#2137=VECTOR('',#7052,10.);
#2138=VECTOR('',#7053,10.);
#2139=VECTOR('',#7054,10.);
#2140=VECTOR('',#7057,10.);
#2141=VECTOR('',#7058,10.);
#2142=VECTOR('',#7059,10.);
#2143=VECTOR('',#7062,10.);
#2144=VECTOR('',#7063,10.);
#2145=VECTOR('',#7064,10.);
#2146=VECTOR('',#7067,10.);
#2147=VECTOR('',#7068,10.);
#2148=VECTOR('',#7069,10.);
#2149=VECTOR('',#7072,10.);
#2150=VECTOR('',#7073,10.);
#2151=VECTOR('',#7074,10.);
#2152=VECTOR('',#7077,10.);
#2153=VECTOR('',#7078,10.);
#2154=VECTOR('',#7079,10.);
#2155=VECTOR('',#7082,10.);
#2156=VECTOR('',#7083,10.);
#2157=VECTOR('',#7084,10.);
#2158=VECTOR('',#7087,10.);
#2159=VECTOR('',#7088,10.);
#2160=VECTOR('',#7089,10.);
#2161=VECTOR('',#7092,10.);
#2162=VECTOR('',#7093,10.);
#2163=VECTOR('',#7094,10.);
#2164=VECTOR('',#7097,10.);
#2165=VECTOR('',#7098,10.);
#2166=VECTOR('',#7099,10.);
#2167=VECTOR('',#7102,10.);
#2168=VECTOR('',#7103,10.);
#2169=VECTOR('',#7104,10.);
#2170=VECTOR('',#7107,10.);
#2171=VECTOR('',#7108,10.);
#2172=VECTOR('',#7109,10.);
#2173=VECTOR('',#7112,10.);
#2174=VECTOR('',#7113,10.);
#2175=VECTOR('',#7114,10.);
#2176=VECTOR('',#7117,10.);
#2177=VECTOR('',#7118,10.);
#2178=VECTOR('',#7119,10.);
#2179=VECTOR('',#7122,10.);
#2180=VECTOR('',#7123,10.);
#2181=VECTOR('',#7124,10.);
#2182=VECTOR('',#7127,10.);
#2183=VECTOR('',#7128,10.);
#2184=VECTOR('',#7129,10.);
#2185=VECTOR('',#7132,10.);
#2186=VECTOR('',#7133,10.);
#2187=VECTOR('',#7134,10.);
#2188=VECTOR('',#7137,10.);
#2189=VECTOR('',#7138,10.);
#2190=VECTOR('',#7139,10.);
#2191=VECTOR('',#7142,10.);
#2192=VECTOR('',#7143,10.);
#2193=VECTOR('',#7144,10.);
#2194=VECTOR('',#7147,10.);
#2195=VECTOR('',#7148,10.);
#2196=VECTOR('',#7149,10.);
#2197=VECTOR('',#7152,10.);
#2198=VECTOR('',#7153,10.);
#2199=VECTOR('',#7154,10.);
#2200=VECTOR('',#7157,10.);
#2201=VECTOR('',#7158,10.);
#2202=VECTOR('',#7159,10.);
#2203=VECTOR('',#7162,10.);
#2204=VECTOR('',#7163,10.);
#2205=VECTOR('',#7164,10.);
#2206=VECTOR('',#7167,10.);
#2207=VECTOR('',#7168,10.);
#2208=VECTOR('',#7169,10.);
#2209=VECTOR('',#7172,10.);
#2210=VECTOR('',#7173,10.);
#2211=VECTOR('',#7174,10.);
#2212=VECTOR('',#7177,10.);
#2213=VECTOR('',#7178,10.);
#2214=VECTOR('',#7189,2.1);
#2215=VECTOR('',#7196,2.1);
#2216=VECTOR('',#7203,2.1);
#2217=VECTOR('',#7210,2.1);
#2218=VECTOR('',#7217,2.1);
#2219=VECTOR('',#7224,2.1);
#2220=VECTOR('',#7231,2.1);
#2221=VECTOR('',#7238,2.1);
#2222=VECTOR('',#7245,2.1);
#2223=VECTOR('',#7252,1.75);
#2224=VECTOR('',#7259,3.00000000000001);
#2225=VECTOR('',#7266,3.00000000000001);
#2226=VECTOR('',#7273,1.75);
#2227=VECTOR('',#7278,10.);
#2228=VECTOR('',#7279,10.);
#2229=VECTOR('',#7280,10.);
#2230=VECTOR('',#7281,10.);
#2231=VECTOR('',#7284,10.);
#2232=VECTOR('',#7285,10.);
#2233=VECTOR('',#7286,10.);
#2234=VECTOR('',#7289,10.);
#2235=VECTOR('',#7290,10.);
#2236=VECTOR('',#7291,10.);
#2237=VECTOR('',#7294,10.);
#2238=VECTOR('',#7295,10.);
#2239=VECTOR('',#7296,10.);
#2240=VECTOR('',#7299,10.);
#2241=VECTOR('',#7300,10.);
#2242=VECTOR('',#7301,10.);
#2243=VECTOR('',#7304,10.);
#2244=VECTOR('',#7305,10.);
#2245=VECTOR('',#7306,10.);
#2246=VECTOR('',#7309,10.);
#2247=VECTOR('',#7310,10.);
#2248=VECTOR('',#7311,10.);
#2249=VECTOR('',#7314,10.);
#2250=VECTOR('',#7315,10.);
#2251=VECTOR('',#7316,10.);
#2252=VECTOR('',#7319,10.);
#2253=VECTOR('',#7320,10.);
#2254=VECTOR('',#7321,10.);
#2255=VECTOR('',#7324,10.);
#2256=VECTOR('',#7325,10.);
#2257=VECTOR('',#7326,10.);
#2258=VECTOR('',#7329,10.);
#2259=VECTOR('',#7330,10.);
#2260=VECTOR('',#7331,10.);
#2261=VECTOR('',#7334,10.);
#2262=VECTOR('',#7335,10.);
#2263=VECTOR('',#7336,10.);
#2264=VECTOR('',#7339,10.);
#2265=VECTOR('',#7340,10.);
#2266=VECTOR('',#7341,10.);
#2267=VECTOR('',#7344,10.);
#2268=VECTOR('',#7345,10.);
#2269=VECTOR('',#7346,10.);
#2270=VECTOR('',#7349,10.);
#2271=VECTOR('',#7350,10.);
#2272=VECTOR('',#7351,10.);
#2273=VECTOR('',#7354,10.);
#2274=VECTOR('',#7355,10.);
#2275=VECTOR('',#7356,10.);
#2276=VECTOR('',#7359,10.);
#2277=VECTOR('',#7360,10.);
#2278=VECTOR('',#7361,10.);
#2279=VECTOR('',#7364,10.);
#2280=VECTOR('',#7365,10.);
#2281=VECTOR('',#7366,10.);
#2282=VECTOR('',#7369,10.);
#2283=VECTOR('',#7370,10.);
#2284=VECTOR('',#7371,10.);
#2285=VECTOR('',#7374,10.);
#2286=VECTOR('',#7375,10.);
#2287=VECTOR('',#7376,10.);
#2288=VECTOR('',#7379,10.);
#2289=VECTOR('',#7380,10.);
#2290=VECTOR('',#7381,10.);
#2291=VECTOR('',#7384,10.);
#2292=VECTOR('',#7385,10.);
#2293=VECTOR('',#7386,10.);
#2294=VECTOR('',#7389,10.);
#2295=VECTOR('',#7390,10.);
#2296=VECTOR('',#7391,10.);
#2297=VECTOR('',#7394,10.);
#2298=VECTOR('',#7395,10.);
#2299=VECTOR('',#7396,10.);
#2300=VECTOR('',#7399,10.);
#2301=VECTOR('',#7400,10.);
#2302=VECTOR('',#7401,10.);
#2303=VECTOR('',#7404,10.);
#2304=VECTOR('',#7405,10.);
#2305=VECTOR('',#7406,10.);
#2306=VECTOR('',#7409,10.);
#2307=VECTOR('',#7410,10.);
#2308=VECTOR('',#7411,10.);
#2309=VECTOR('',#7414,10.);
#2310=VECTOR('',#7415,10.);
#2311=VECTOR('',#7416,10.);
#2312=VECTOR('',#7419,10.);
#2313=VECTOR('',#7420,10.);
#2314=VECTOR('',#7421,10.);
#2315=VECTOR('',#7424,10.);
#2316=VECTOR('',#7425,10.);
#2317=VECTOR('',#7426,10.);
#2318=VECTOR('',#7429,10.);
#2319=VECTOR('',#7430,10.);
#2320=VECTOR('',#7431,10.);
#2321=VECTOR('',#7434,10.);
#2322=VECTOR('',#7435,10.);
#2323=VECTOR('',#7446,2.5);
#2324=VECTOR('',#7453,2.5);
#2325=VECTOR('',#7458,10.);
#2326=VECTOR('',#7459,10.);
#2327=VECTOR('',#7460,10.);
#2328=VECTOR('',#7461,10.);
#2329=VECTOR('',#7464,10.);
#2330=VECTOR('',#7465,10.);
#2331=VECTOR('',#7466,10.);
#2332=VECTOR('',#7469,10.);
#2333=VECTOR('',#7470,10.);
#2334=VECTOR('',#7471,10.);
#2335=VECTOR('',#7474,10.);
#2336=VECTOR('',#7475,10.);
#2337=VECTOR('',#7480,10.);
#2338=VECTOR('',#7487,9.99999999999998);
#2339=VECTOR('',#7492,10.);
#2340=VECTOR('',#7493,10.);
#2341=VECTOR('',#7494,10.);
#2342=VECTOR('',#7495,10.);
#2343=VECTOR('',#7498,10.);
#2344=VECTOR('',#7499,10.);
#2345=VECTOR('',#7500,10.);
#2346=VECTOR('',#7503,10.);
#2347=VECTOR('',#7504,10.);
#2348=VECTOR('',#7505,10.);
#2349=VECTOR('',#7508,10.);
#2350=VECTOR('',#7509,10.);
#2351=VECTOR('',#7510,10.);
#2352=VECTOR('',#7513,10.);
#2353=VECTOR('',#7514,10.);
#2354=VECTOR('',#7515,10.);
#2355=VECTOR('',#7518,10.);
#2356=VECTOR('',#7519,10.);
#2357=VECTOR('',#7520,10.);
#2358=VECTOR('',#7523,10.);
#2359=VECTOR('',#7524,10.);
#2360=VECTOR('',#7525,10.);
#2361=VECTOR('',#7528,10.);
#2362=VECTOR('',#7529,10.);
#2363=VECTOR('',#7530,10.);
#2364=VECTOR('',#7533,10.);
#2365=VECTOR('',#7534,10.);
#2366=VECTOR('',#7535,10.);
#2367=VECTOR('',#7538,10.);
#2368=VECTOR('',#7539,10.);
#2369=VECTOR('',#7540,10.);
#2370=VECTOR('',#7543,10.);
#2371=VECTOR('',#7544,10.);
#2372=VECTOR('',#7545,10.);
#2373=VECTOR('',#7548,10.);
#2374=VECTOR('',#7549,10.);
#2375=VECTOR('',#7550,10.);
#2376=VECTOR('',#7553,10.);
#2377=VECTOR('',#7554,10.);
#2378=VECTOR('',#7555,10.);
#2379=VECTOR('',#7558,10.);
#2380=VECTOR('',#7559,10.);
#2381=VECTOR('',#7560,10.);
#2382=VECTOR('',#7563,10.);
#2383=VECTOR('',#7564,10.);
#2384=VECTOR('',#7565,10.);
#2385=VECTOR('',#7568,10.);
#2386=VECTOR('',#7569,10.);
#2387=VECTOR('',#7570,10.);
#2388=VECTOR('',#7573,10.);
#2389=VECTOR('',#7574,10.);
#2390=VECTOR('',#7575,10.);
#2391=VECTOR('',#7578,10.);
#2392=VECTOR('',#7579,10.);
#2393=VECTOR('',#7580,10.);
#2394=VECTOR('',#7583,10.);
#2395=VECTOR('',#7584,10.);
#2396=VECTOR('',#7585,10.);
#2397=VECTOR('',#7588,10.);
#2398=VECTOR('',#7589,10.);
#2399=VECTOR('',#7590,10.);
#2400=VECTOR('',#7593,10.);
#2401=VECTOR('',#7594,10.);
#2402=VECTOR('',#7595,10.);
#2403=VECTOR('',#7598,10.);
#2404=VECTOR('',#7599,10.);
#2405=VECTOR('',#7600,10.);
#2406=VECTOR('',#7603,10.);
#2407=VECTOR('',#7604,10.);
#2408=VECTOR('',#7605,10.);
#2409=VECTOR('',#7608,10.);
#2410=VECTOR('',#7609,10.);
#2411=VECTOR('',#7610,10.);
#2412=VECTOR('',#7613,10.);
#2413=VECTOR('',#7614,10.);
#2414=VECTOR('',#7615,10.);
#2415=VECTOR('',#7618,10.);
#2416=VECTOR('',#7619,10.);
#2417=VECTOR('',#7620,10.);
#2418=VECTOR('',#7623,10.);
#2419=VECTOR('',#7624,10.);
#2420=VECTOR('',#7625,10.);
#2421=VECTOR('',#7628,10.);
#2422=VECTOR('',#7629,10.);
#2423=VECTOR('',#7630,10.);
#2424=VECTOR('',#7633,10.);
#2425=VECTOR('',#7634,10.);
#2426=VECTOR('',#7635,10.);
#2427=VECTOR('',#7638,10.);
#2428=VECTOR('',#7639,10.);
#2429=VECTOR('',#7640,10.);
#2430=VECTOR('',#7643,10.);
#2431=VECTOR('',#7644,10.);
#2432=VECTOR('',#7645,10.);
#2433=VECTOR('',#7648,10.);
#2434=VECTOR('',#7649,10.);
#2435=VECTOR('',#7658,10.);
#2436=VECTOR('',#7659,10.);
#2437=VECTOR('',#7660,10.);
#2438=VECTOR('',#7661,10.);
#2439=VECTOR('',#7664,10.);
#2440=VECTOR('',#7665,10.);
#2441=VECTOR('',#7666,10.);
#2442=VECTOR('',#7669,10.);
#2443=VECTOR('',#7670,10.);
#2444=VECTOR('',#7671,10.);
#2445=VECTOR('',#7674,10.);
#2446=VECTOR('',#7675,10.);
#2447=VECTOR('',#7676,10.);
#2448=VECTOR('',#7679,10.);
#2449=VECTOR('',#7680,10.);
#2450=VECTOR('',#7681,10.);
#2451=VECTOR('',#7684,10.);
#2452=VECTOR('',#7685,10.);
#2453=VECTOR('',#7686,10.);
#2454=VECTOR('',#7689,10.);
#2455=VECTOR('',#7690,10.);
#2456=VECTOR('',#7691,10.);
#2457=VECTOR('',#7694,10.);
#2458=VECTOR('',#7695,10.);
#2459=VECTOR('',#7696,10.);
#2460=VECTOR('',#7699,10.);
#2461=VECTOR('',#7700,10.);
#2462=VECTOR('',#7701,10.);
#2463=VECTOR('',#7704,10.);
#2464=VECTOR('',#7705,10.);
#2465=VECTOR('',#7706,10.);
#2466=VECTOR('',#7709,10.);
#2467=VECTOR('',#7710,10.);
#2468=VECTOR('',#7711,10.);
#2469=VECTOR('',#7714,10.);
#2470=VECTOR('',#7715,10.);
#2471=VECTOR('',#7716,10.);
#2472=VECTOR('',#7719,10.);
#2473=VECTOR('',#7720,10.);
#2474=VECTOR('',#7721,10.);
#2475=VECTOR('',#7724,10.);
#2476=VECTOR('',#7725,10.);
#2477=VECTOR('',#7726,10.);
#2478=VECTOR('',#7729,10.);
#2479=VECTOR('',#7730,10.);
#2480=VECTOR('',#7731,10.);
#2481=VECTOR('',#7734,10.);
#2482=VECTOR('',#7735,10.);
#2483=VECTOR('',#7736,10.);
#2484=VECTOR('',#7739,10.);
#2485=VECTOR('',#7740,10.);
#2486=VECTOR('',#7741,10.);
#2487=VECTOR('',#7744,10.);
#2488=VECTOR('',#7745,10.);
#2489=VECTOR('',#7746,10.);
#2490=VECTOR('',#7749,10.);
#2491=VECTOR('',#7750,10.);
#2492=VECTOR('',#7751,10.);
#2493=VECTOR('',#7754,10.);
#2494=VECTOR('',#7755,10.);
#2495=VECTOR('',#7756,10.);
#2496=VECTOR('',#7759,10.);
#2497=VECTOR('',#7760,10.);
#2498=VECTOR('',#7761,10.);
#2499=VECTOR('',#7764,10.);
#2500=VECTOR('',#7765,10.);
#2501=VECTOR('',#7766,10.);
#2502=VECTOR('',#7769,10.);
#2503=VECTOR('',#7770,10.);
#2504=VECTOR('',#7771,10.);
#2505=VECTOR('',#7774,10.);
#2506=VECTOR('',#7775,10.);
#2507=VECTOR('',#7776,10.);
#2508=VECTOR('',#7779,10.);
#2509=VECTOR('',#7780,10.);
#2510=VECTOR('',#7781,10.);
#2511=VECTOR('',#7784,10.);
#2512=VECTOR('',#7785,10.);
#2513=VECTOR('',#7786,10.);
#2514=VECTOR('',#7789,10.);
#2515=VECTOR('',#7790,10.);
#2516=VECTOR('',#7791,10.);
#2517=VECTOR('',#7794,10.);
#2518=VECTOR('',#7795,10.);
#2519=VECTOR('',#7796,10.);
#2520=VECTOR('',#7799,10.);
#2521=VECTOR('',#7800,10.);
#2522=VECTOR('',#7801,10.);
#2523=VECTOR('',#7804,10.);
#2524=VECTOR('',#7805,10.);
#2525=VECTOR('',#7806,10.);
#2526=VECTOR('',#7809,10.);
#2527=VECTOR('',#7810,10.);
#2528=VECTOR('',#7811,10.);
#2529=VECTOR('',#7814,10.);
#2530=VECTOR('',#7815,10.);
#2531=CIRCLE('',#5975,5.74999999999999);
#2532=CIRCLE('',#5976,5.74999999999999);
#2533=CIRCLE('',#5978,11.25);
#2534=CIRCLE('',#5979,11.25);
#2535=CIRCLE('',#5981,5.74999999999999);
#2536=CIRCLE('',#5982,5.74999999999999);
#2537=CIRCLE('',#6067,1.6);
#2538=CIRCLE('',#6068,1.6);
#2539=CIRCLE('',#6070,1.6);
#2540=CIRCLE('',#6071,1.6);
#2541=CIRCLE('',#6073,1.6);
#2542=CIRCLE('',#6074,1.6);
#2543=CIRCLE('',#6076,1.6);
#2544=CIRCLE('',#6077,1.6);
#2545=CIRCLE('',#6079,1.6);
#2546=CIRCLE('',#6080,1.6);
#2547=CIRCLE('',#6082,1.6);
#2548=CIRCLE('',#6083,1.6);
#2549=CIRCLE('',#6085,1.6);
#2550=CIRCLE('',#6086,1.6);
#2551=CIRCLE('',#6088,1.6);
#2552=CIRCLE('',#6089,1.6);
#2553=CIRCLE('',#6130,1.5);
#2554=CIRCLE('',#6131,1.5);
#2555=CIRCLE('',#6133,1.5);
#2556=CIRCLE('',#6134,1.5);
#2557=CIRCLE('',#6136,1.5);
#2558=CIRCLE('',#6137,1.5);
#2559=CIRCLE('',#6139,1.5);
#2560=CIRCLE('',#6140,1.5);
#2561=CIRCLE('',#6142,19.);
#2562=CIRCLE('',#6143,19.);
#2563=CIRCLE('',#6180,2.1);
#2564=CIRCLE('',#6181,2.1);
#2565=CIRCLE('',#6183,2.1);
#2566=CIRCLE('',#6184,2.1);
#2567=CIRCLE('',#6186,2.1);
#2568=CIRCLE('',#6187,2.1);
#2569=CIRCLE('',#6189,2.1);
#2570=CIRCLE('',#6190,2.1);
#2571=CIRCLE('',#6192,2.1);
#2572=CIRCLE('',#6193,2.1);
#2573=CIRCLE('',#6195,2.1);
#2574=CIRCLE('',#6196,2.1);
#2575=CIRCLE('',#6198,2.1);
#2576=CIRCLE('',#6199,2.1);
#2577=CIRCLE('',#6201,2.1);
#2578=CIRCLE('',#6202,2.1);
#2579=CIRCLE('',#6204,2.1);
#2580=CIRCLE('',#6205,2.1);
#2581=CIRCLE('',#6207,1.75);
#2582=CIRCLE('',#6208,1.75);
#2583=CIRCLE('',#6210,3.00000000000001);
#2584=CIRCLE('',#6211,3.00000000000001);
#2585=CIRCLE('',#6213,3.00000000000001);
#2586=CIRCLE('',#6214,3.00000000000001);
#2587=CIRCLE('',#6216,1.75);
#2588=CIRCLE('',#6217,1.75);
#2589=CIRCLE('',#6254,2.5);
#2590=CIRCLE('',#6255,2.5);
#2591=CIRCLE('',#6257,2.5);
#2592=CIRCLE('',#6258,2.5);
#2593=CIRCLE('',#6264,10.);
#2594=CIRCLE('',#6265,10.);
#2595=CIRCLE('',#6267,9.99999999999998);
#2596=CIRCLE('',#6268,9.99999999999998);
#2597=VERTEX_POINT('',#7838);
#2598=VERTEX_POINT('',#7840);
#2599=VERTEX_POINT('',#7844);
#2600=VERTEX_POINT('',#7846);
#2601=VERTEX_POINT('',#7850);
#2602=VERTEX_POINT('',#7852);
#2603=VERTEX_POINT('',#7856);
#2604=VERTEX_POINT('',#7857);
#2605=VERTEX_POINT('',#7859);
#2606=VERTEX_POINT('',#7861);
#2607=VERTEX_POINT('',#7865);
#2608=VERTEX_POINT('',#7867);
#2609=VERTEX_POINT('',#7871);
#2610=VERTEX_POINT('',#7873);
#2611=VERTEX_POINT('',#7877);
#2612=VERTEX_POINT('',#7879);
#2613=VERTEX_POINT('',#7883);
#2614=VERTEX_POINT('',#7885);
#2615=VERTEX_POINT('',#7889);
#2616=VERTEX_POINT('',#7891);
#2617=VERTEX_POINT('',#7895);
#2618=VERTEX_POINT('',#7897);
#2619=VERTEX_POINT('',#7901);
#2620=VERTEX_POINT('',#7903);
#2621=VERTEX_POINT('',#7907);
#2622=VERTEX_POINT('',#7909);
#2623=VERTEX_POINT('',#7913);
#2624=VERTEX_POINT('',#7915);
#2625=VERTEX_POINT('',#7919);
#2626=VERTEX_POINT('',#7921);
#2627=VERTEX_POINT('',#7925);
#2628=VERTEX_POINT('',#7927);
#2629=VERTEX_POINT('',#7931);
#2630=VERTEX_POINT('',#7933);
#2631=VERTEX_POINT('',#7937);
#2632=VERTEX_POINT('',#7939);
#2633=VERTEX_POINT('',#7943);
#2634=VERTEX_POINT('',#7945);
#2635=VERTEX_POINT('',#7949);
#2636=VERTEX_POINT('',#7951);
#2637=VERTEX_POINT('',#7955);
#2638=VERTEX_POINT('',#7957);
#2639=VERTEX_POINT('',#7961);
#2640=VERTEX_POINT('',#7963);
#2641=VERTEX_POINT('',#7967);
#2642=VERTEX_POINT('',#7969);
#2643=VERTEX_POINT('',#7973);
#2644=VERTEX_POINT('',#7975);
#2645=VERTEX_POINT('',#7979);
#2646=VERTEX_POINT('',#7981);
#2647=VERTEX_POINT('',#7985);
#2648=VERTEX_POINT('',#7987);
#2649=VERTEX_POINT('',#7991);
#2650=VERTEX_POINT('',#7993);
#2651=VERTEX_POINT('',#7997);
#2652=VERTEX_POINT('',#7999);
#2653=VERTEX_POINT('',#8003);
#2654=VERTEX_POINT('',#8005);
#2655=VERTEX_POINT('',#8009);
#2656=VERTEX_POINT('',#8011);
#2657=VERTEX_POINT('',#8015);
#2658=VERTEX_POINT('',#8017);
#2659=VERTEX_POINT('',#8021);
#2660=VERTEX_POINT('',#8023);
#2661=VERTEX_POINT('',#8027);
#2662=VERTEX_POINT('',#8029);
#2663=VERTEX_POINT('',#8033);
#2664=VERTEX_POINT('',#8035);
#2665=VERTEX_POINT('',#8039);
#2666=VERTEX_POINT('',#8041);
#2667=VERTEX_POINT('',#8045);
#2668=VERTEX_POINT('',#8047);
#2669=VERTEX_POINT('',#8051);
#2670=VERTEX_POINT('',#8053);
#2671=VERTEX_POINT('',#8057);
#2672=VERTEX_POINT('',#8059);
#2673=VERTEX_POINT('',#8063);
#2674=VERTEX_POINT('',#8065);
#2675=VERTEX_POINT('',#8075);
#2676=VERTEX_POINT('',#8076);
#2677=VERTEX_POINT('',#8078);
#2678=VERTEX_POINT('',#8080);
#2679=VERTEX_POINT('',#8084);
#2680=VERTEX_POINT('',#8086);
#2681=VERTEX_POINT('',#8090);
#2682=VERTEX_POINT('',#8092);
#2683=VERTEX_POINT('',#8096);
#2684=VERTEX_POINT('',#8098);
#2685=VERTEX_POINT('',#8102);
#2686=VERTEX_POINT('',#8104);
#2687=VERTEX_POINT('',#8108);
#2688=VERTEX_POINT('',#8110);
#2689=VERTEX_POINT('',#8114);
#2690=VERTEX_POINT('',#8116);
#2691=VERTEX_POINT('',#8120);
#2692=VERTEX_POINT('',#8122);
#2693=VERTEX_POINT('',#8126);
#2694=VERTEX_POINT('',#8128);
#2695=VERTEX_POINT('',#8132);
#2696=VERTEX_POINT('',#8134);
#2697=VERTEX_POINT('',#8138);
#2698=VERTEX_POINT('',#8140);
#2699=VERTEX_POINT('',#8144);
#2700=VERTEX_POINT('',#8146);
#2701=VERTEX_POINT('',#8150);
#2702=VERTEX_POINT('',#8152);
#2703=VERTEX_POINT('',#8156);
#2704=VERTEX_POINT('',#8158);
#2705=VERTEX_POINT('',#8162);
#2706=VERTEX_POINT('',#8164);
#2707=VERTEX_POINT('',#8174);
#2708=VERTEX_POINT('',#8175);
#2709=VERTEX_POINT('',#8177);
#2710=VERTEX_POINT('',#8179);
#2711=VERTEX_POINT('',#8183);
#2712=VERTEX_POINT('',#8185);
#2713=VERTEX_POINT('',#8189);
#2714=VERTEX_POINT('',#8191);
#2715=VERTEX_POINT('',#8195);
#2716=VERTEX_POINT('',#8197);
#2717=VERTEX_POINT('',#8201);
#2718=VERTEX_POINT('',#8203);
#2719=VERTEX_POINT('',#8207);
#2720=VERTEX_POINT('',#8209);
#2721=VERTEX_POINT('',#8213);
#2722=VERTEX_POINT('',#8215);
#2723=VERTEX_POINT('',#8219);
#2724=VERTEX_POINT('',#8221);
#2725=VERTEX_POINT('',#8225);
#2726=VERTEX_POINT('',#8227);
#2727=VERTEX_POINT('',#8231);
#2728=VERTEX_POINT('',#8233);
#2729=VERTEX_POINT('',#8237);
#2730=VERTEX_POINT('',#8239);
#2731=VERTEX_POINT('',#8243);
#2732=VERTEX_POINT('',#8245);
#2733=VERTEX_POINT('',#8249);
#2734=VERTEX_POINT('',#8251);
#2735=VERTEX_POINT('',#8255);
#2736=VERTEX_POINT('',#8257);
#2737=VERTEX_POINT('',#8261);
#2738=VERTEX_POINT('',#8263);
#2739=VERTEX_POINT('',#8279);
#2740=VERTEX_POINT('',#8281);
#2741=VERTEX_POINT('',#8285);
#2742=VERTEX_POINT('',#8287);
#2743=VERTEX_POINT('',#8291);
#2744=VERTEX_POINT('',#8293);
#2745=VERTEX_POINT('',#8297);
#2746=VERTEX_POINT('',#8299);
#2747=VERTEX_POINT('',#8303);
#2748=VERTEX_POINT('',#8305);
#2749=VERTEX_POINT('',#8309);
#2750=VERTEX_POINT('',#8311);
#2751=VERTEX_POINT('',#8315);
#2752=VERTEX_POINT('',#8317);
#2753=VERTEX_POINT('',#8321);
#2754=VERTEX_POINT('',#8323);
#2755=VERTEX_POINT('',#8327);
#2756=VERTEX_POINT('',#8328);
#2757=VERTEX_POINT('',#8330);
#2758=VERTEX_POINT('',#8332);
#2759=VERTEX_POINT('',#8336);
#2760=VERTEX_POINT('',#8338);
#2761=VERTEX_POINT('',#8342);
#2762=VERTEX_POINT('',#8344);
#2763=VERTEX_POINT('',#8348);
#2764=VERTEX_POINT('',#8350);
#2765=VERTEX_POINT('',#8354);
#2766=VERTEX_POINT('',#8356);
#2767=VERTEX_POINT('',#8360);
#2768=VERTEX_POINT('',#8362);
#2769=VERTEX_POINT('',#8366);
#2770=VERTEX_POINT('',#8368);
#2771=VERTEX_POINT('',#8372);
#2772=VERTEX_POINT('',#8374);
#2773=VERTEX_POINT('',#8378);
#2774=VERTEX_POINT('',#8380);
#2775=VERTEX_POINT('',#8384);
#2776=VERTEX_POINT('',#8386);
#2777=VERTEX_POINT('',#8390);
#2778=VERTEX_POINT('',#8392);
#2779=VERTEX_POINT('',#8396);
#2780=VERTEX_POINT('',#8398);
#2781=VERTEX_POINT('',#8402);
#2782=VERTEX_POINT('',#8404);
#2783=VERTEX_POINT('',#8408);
#2784=VERTEX_POINT('',#8410);
#2785=VERTEX_POINT('',#8414);
#2786=VERTEX_POINT('',#8416);
#2787=VERTEX_POINT('',#8420);
#2788=VERTEX_POINT('',#8422);
#2789=VERTEX_POINT('',#8426);
#2790=VERTEX_POINT('',#8428);
#2791=VERTEX_POINT('',#8432);
#2792=VERTEX_POINT('',#8434);
#2793=VERTEX_POINT('',#8438);
#2794=VERTEX_POINT('',#8440);
#2795=VERTEX_POINT('',#8444);
#2796=VERTEX_POINT('',#8446);
#2797=VERTEX_POINT('',#8450);
#2798=VERTEX_POINT('',#8452);
#2799=VERTEX_POINT('',#8456);
#2800=VERTEX_POINT('',#8458);
#2801=VERTEX_POINT('',#8462);
#2802=VERTEX_POINT('',#8464);
#2803=VERTEX_POINT('',#8468);
#2804=VERTEX_POINT('',#8470);
#2805=VERTEX_POINT('',#8474);
#2806=VERTEX_POINT('',#8476);
#2807=VERTEX_POINT('',#8480);
#2808=VERTEX_POINT('',#8482);
#2809=VERTEX_POINT('',#8486);
#2810=VERTEX_POINT('',#8488);
#2811=VERTEX_POINT('',#8492);
#2812=VERTEX_POINT('',#8494);
#2813=VERTEX_POINT('',#8498);
#2814=VERTEX_POINT('',#8500);
#2815=VERTEX_POINT('',#8504);
#2816=VERTEX_POINT('',#8506);
#2817=VERTEX_POINT('',#8510);
#2818=VERTEX_POINT('',#8512);
#2819=VERTEX_POINT('',#8516);
#2820=VERTEX_POINT('',#8518);
#2821=VERTEX_POINT('',#8522);
#2822=VERTEX_POINT('',#8524);
#2823=VERTEX_POINT('',#8528);
#2824=VERTEX_POINT('',#8530);
#2825=VERTEX_POINT('',#8534);
#2826=VERTEX_POINT('',#8536);
#2827=VERTEX_POINT('',#8546);
#2828=VERTEX_POINT('',#8548);
#2829=VERTEX_POINT('',#8552);
#2830=VERTEX_POINT('',#8554);
#2831=VERTEX_POINT('',#8558);
#2832=VERTEX_POINT('',#8560);
#2833=VERTEX_POINT('',#8564);
#2834=VERTEX_POINT('',#8566);
#2835=VERTEX_POINT('',#8570);
#2836=VERTEX_POINT('',#8572);
#2837=VERTEX_POINT('',#8576);
#2838=VERTEX_POINT('',#8577);
#2839=VERTEX_POINT('',#8579);
#2840=VERTEX_POINT('',#8581);
#2841=VERTEX_POINT('',#8585);
#2842=VERTEX_POINT('',#8587);
#2843=VERTEX_POINT('',#8591);
#2844=VERTEX_POINT('',#8593);
#2845=VERTEX_POINT('',#8597);
#2846=VERTEX_POINT('',#8599);
#2847=VERTEX_POINT('',#8603);
#2848=VERTEX_POINT('',#8605);
#2849=VERTEX_POINT('',#8609);
#2850=VERTEX_POINT('',#8611);
#2851=VERTEX_POINT('',#8615);
#2852=VERTEX_POINT('',#8617);
#2853=VERTEX_POINT('',#8621);
#2854=VERTEX_POINT('',#8623);
#2855=VERTEX_POINT('',#8627);
#2856=VERTEX_POINT('',#8629);
#2857=VERTEX_POINT('',#8633);
#2858=VERTEX_POINT('',#8635);
#2859=VERTEX_POINT('',#8639);
#2860=VERTEX_POINT('',#8641);
#2861=VERTEX_POINT('',#8645);
#2862=VERTEX_POINT('',#8647);
#2863=VERTEX_POINT('',#8651);
#2864=VERTEX_POINT('',#8653);
#2865=VERTEX_POINT('',#8657);
#2866=VERTEX_POINT('',#8659);
#2867=VERTEX_POINT('',#8663);
#2868=VERTEX_POINT('',#8665);
#2869=VERTEX_POINT('',#8669);
#2870=VERTEX_POINT('',#8671);
#2871=VERTEX_POINT('',#8675);
#2872=VERTEX_POINT('',#8677);
#2873=VERTEX_POINT('',#8681);
#2874=VERTEX_POINT('',#8683);
#2875=VERTEX_POINT('',#8687);
#2876=VERTEX_POINT('',#8689);
#2877=VERTEX_POINT('',#8693);
#2878=VERTEX_POINT('',#8695);
#2879=VERTEX_POINT('',#8699);
#2880=VERTEX_POINT('',#8701);
#2881=VERTEX_POINT('',#8705);
#2882=VERTEX_POINT('',#8707);
#2883=VERTEX_POINT('',#8711);
#2884=VERTEX_POINT('',#8713);
#2885=VERTEX_POINT('',#8717);
#2886=VERTEX_POINT('',#8719);
#2887=VERTEX_POINT('',#8723);
#2888=VERTEX_POINT('',#8725);
#2889=VERTEX_POINT('',#8729);
#2890=VERTEX_POINT('',#8731);
#2891=VERTEX_POINT('',#8735);
#2892=VERTEX_POINT('',#8737);
#2893=VERTEX_POINT('',#8741);
#2894=VERTEX_POINT('',#8743);
#2895=VERTEX_POINT('',#8747);
#2896=VERTEX_POINT('',#8749);
#2897=VERTEX_POINT('',#8753);
#2898=VERTEX_POINT('',#8755);
#2899=VERTEX_POINT('',#8759);
#2900=VERTEX_POINT('',#8761);
#2901=VERTEX_POINT('',#8771);
#2902=VERTEX_POINT('',#8773);
#2903=VERTEX_POINT('',#8777);
#2904=VERTEX_POINT('',#8779);
#2905=VERTEX_POINT('',#8783);
#2906=VERTEX_POINT('',#8785);
#2907=VERTEX_POINT('',#8789);
#2908=VERTEX_POINT('',#8791);
#2909=VERTEX_POINT('',#8795);
#2910=VERTEX_POINT('',#8797);
#2911=VERTEX_POINT('',#8801);
#2912=VERTEX_POINT('',#8803);
#2913=VERTEX_POINT('',#8807);
#2914=VERTEX_POINT('',#8809);
#2915=VERTEX_POINT('',#8813);
#2916=VERTEX_POINT('',#8815);
#2917=VERTEX_POINT('',#8819);
#2918=VERTEX_POINT('',#8821);
#2919=VERTEX_POINT('',#8825);
#2920=VERTEX_POINT('',#8827);
#2921=VERTEX_POINT('',#8831);
#2922=VERTEX_POINT('',#8833);
#2923=VERTEX_POINT('',#8837);
#2924=VERTEX_POINT('',#8839);
#2925=VERTEX_POINT('',#8843);
#2926=VERTEX_POINT('',#8845);
#2927=VERTEX_POINT('',#8849);
#2928=VERTEX_POINT('',#8850);
#2929=VERTEX_POINT('',#8852);
#2930=VERTEX_POINT('',#8854);
#2931=VERTEX_POINT('',#8858);
#2932=VERTEX_POINT('',#8860);
#2933=VERTEX_POINT('',#8864);
#2934=VERTEX_POINT('',#8866);
#2935=VERTEX_POINT('',#8870);
#2936=VERTEX_POINT('',#8872);
#2937=VERTEX_POINT('',#8876);
#2938=VERTEX_POINT('',#8878);
#2939=VERTEX_POINT('',#8882);
#2940=VERTEX_POINT('',#8884);
#2941=VERTEX_POINT('',#8888);
#2942=VERTEX_POINT('',#8890);
#2943=VERTEX_POINT('',#8894);
#2944=VERTEX_POINT('',#8896);
#2945=VERTEX_POINT('',#8900);
#2946=VERTEX_POINT('',#8902);
#2947=VERTEX_POINT('',#8906);
#2948=VERTEX_POINT('',#8908);
#2949=VERTEX_POINT('',#8912);
#2950=VERTEX_POINT('',#8914);
#2951=VERTEX_POINT('',#8918);
#2952=VERTEX_POINT('',#8920);
#2953=VERTEX_POINT('',#8924);
#2954=VERTEX_POINT('',#8926);
#2955=VERTEX_POINT('',#8930);
#2956=VERTEX_POINT('',#8932);
#2957=VERTEX_POINT('',#8936);
#2958=VERTEX_POINT('',#8938);
#2959=VERTEX_POINT('',#8942);
#2960=VERTEX_POINT('',#8944);
#2961=VERTEX_POINT('',#8948);
#2962=VERTEX_POINT('',#8950);
#2963=VERTEX_POINT('',#8954);
#2964=VERTEX_POINT('',#8956);
#2965=VERTEX_POINT('',#8960);
#2966=VERTEX_POINT('',#8962);
#2967=VERTEX_POINT('',#8966);
#2968=VERTEX_POINT('',#8968);
#2969=VERTEX_POINT('',#8972);
#2970=VERTEX_POINT('',#8974);
#2971=VERTEX_POINT('',#8978);
#2972=VERTEX_POINT('',#8980);
#2973=VERTEX_POINT('',#8984);
#2974=VERTEX_POINT('',#8986);
#2975=VERTEX_POINT('',#8990);
#2976=VERTEX_POINT('',#8992);
#2977=VERTEX_POINT('',#8996);
#2978=VERTEX_POINT('',#8998);
#2979=VERTEX_POINT('',#9002);
#2980=VERTEX_POINT('',#9004);
#2981=VERTEX_POINT('',#9008);
#2982=VERTEX_POINT('',#9010);
#2983=VERTEX_POINT('',#9014);
#2984=VERTEX_POINT('',#9016);
#2985=VERTEX_POINT('',#9020);
#2986=VERTEX_POINT('',#9022);
#2987=VERTEX_POINT('',#9026);
#2988=VERTEX_POINT('',#9028);
#2989=VERTEX_POINT('',#9032);
#2990=VERTEX_POINT('',#9034);
#2991=VERTEX_POINT('',#9044);
#2992=VERTEX_POINT('',#9046);
#2993=VERTEX_POINT('',#9050);
#2994=VERTEX_POINT('',#9052);
#2995=VERTEX_POINT('',#9056);
#2996=VERTEX_POINT('',#9057);
#2997=VERTEX_POINT('',#9059);
#2998=VERTEX_POINT('',#9061);
#2999=VERTEX_POINT('',#9065);
#3000=VERTEX_POINT('',#9067);
#3001=VERTEX_POINT('',#9071);
#3002=VERTEX_POINT('',#9073);
#3003=VERTEX_POINT('',#9080);
#3004=VERTEX_POINT('',#9082);
#3005=VERTEX_POINT('',#9086);
#3006=VERTEX_POINT('',#9088);
#3007=VERTEX_POINT('',#9092);
#3008=VERTEX_POINT('',#9093);
#3009=VERTEX_POINT('',#9095);
#3010=VERTEX_POINT('',#9097);
#3011=VERTEX_POINT('',#9101);
#3012=VERTEX_POINT('',#9103);
#3013=VERTEX_POINT('',#9107);
#3014=VERTEX_POINT('',#9109);
#3015=VERTEX_POINT('',#9113);
#3016=VERTEX_POINT('',#9115);
#3017=VERTEX_POINT('',#9119);
#3018=VERTEX_POINT('',#9121);
#3019=VERTEX_POINT('',#9125);
#3020=VERTEX_POINT('',#9127);
#3021=VERTEX_POINT('',#9131);
#3022=VERTEX_POINT('',#9133);
#3023=VERTEX_POINT('',#9137);
#3024=VERTEX_POINT('',#9139);
#3025=VERTEX_POINT('',#9143);
#3026=VERTEX_POINT('',#9145);
#3027=VERTEX_POINT('',#9149);
#3028=VERTEX_POINT('',#9151);
#3029=VERTEX_POINT('',#9155);
#3030=VERTEX_POINT('',#9157);
#3031=VERTEX_POINT('',#9161);
#3032=VERTEX_POINT('',#9163);
#3033=VERTEX_POINT('',#9167);
#3034=VERTEX_POINT('',#9169);
#3035=VERTEX_POINT('',#9173);
#3036=VERTEX_POINT('',#9175);
#3037=VERTEX_POINT('',#9179);
#3038=VERTEX_POINT('',#9181);
#3039=VERTEX_POINT('',#9185);
#3040=VERTEX_POINT('',#9187);
#3041=VERTEX_POINT('',#9191);
#3042=VERTEX_POINT('',#9193);
#3043=VERTEX_POINT('',#9197);
#3044=VERTEX_POINT('',#9199);
#3045=VERTEX_POINT('',#9203);
#3046=VERTEX_POINT('',#9205);
#3047=VERTEX_POINT('',#9209);
#3048=VERTEX_POINT('',#9211);
#3049=VERTEX_POINT('',#9215);
#3050=VERTEX_POINT('',#9217);
#3051=VERTEX_POINT('',#9221);
#3052=VERTEX_POINT('',#9223);
#3053=VERTEX_POINT('',#9227);
#3054=VERTEX_POINT('',#9229);
#3055=VERTEX_POINT('',#9233);
#3056=VERTEX_POINT('',#9235);
#3057=VERTEX_POINT('',#9239);
#3058=VERTEX_POINT('',#9241);
#3059=VERTEX_POINT('',#9245);
#3060=VERTEX_POINT('',#9247);
#3061=VERTEX_POINT('',#9251);
#3062=VERTEX_POINT('',#9253);
#3063=VERTEX_POINT('',#9257);
#3064=VERTEX_POINT('',#9259);
#3065=VERTEX_POINT('',#9263);
#3066=VERTEX_POINT('',#9265);
#3067=VERTEX_POINT('',#9269);
#3068=VERTEX_POINT('',#9271);
#3069=VERTEX_POINT('',#9275);
#3070=VERTEX_POINT('',#9277);
#3071=VERTEX_POINT('',#9287);
#3072=VERTEX_POINT('',#9288);
#3073=VERTEX_POINT('',#9290);
#3074=VERTEX_POINT('',#9292);
#3075=VERTEX_POINT('',#9296);
#3076=VERTEX_POINT('',#9298);
#3077=VERTEX_POINT('',#9302);
#3078=VERTEX_POINT('',#9304);
#3079=VERTEX_POINT('',#9308);
#3080=VERTEX_POINT('',#9310);
#3081=VERTEX_POINT('',#9314);
#3082=VERTEX_POINT('',#9316);
#3083=VERTEX_POINT('',#9320);
#3084=VERTEX_POINT('',#9322);
#3085=VERTEX_POINT('',#9326);
#3086=VERTEX_POINT('',#9328);
#3087=VERTEX_POINT('',#9332);
#3088=VERTEX_POINT('',#9334);
#3089=VERTEX_POINT('',#9338);
#3090=VERTEX_POINT('',#9340);
#3091=VERTEX_POINT('',#9344);
#3092=VERTEX_POINT('',#9346);
#3093=VERTEX_POINT('',#9350);
#3094=VERTEX_POINT('',#9352);
#3095=VERTEX_POINT('',#9356);
#3096=VERTEX_POINT('',#9358);
#3097=VERTEX_POINT('',#9362);
#3098=VERTEX_POINT('',#9364);
#3099=VERTEX_POINT('',#9368);
#3100=VERTEX_POINT('',#9370);
#3101=VERTEX_POINT('',#9374);
#3102=VERTEX_POINT('',#9376);
#3103=VERTEX_POINT('',#9380);
#3104=VERTEX_POINT('',#9382);
#3105=VERTEX_POINT('',#9386);
#3106=VERTEX_POINT('',#9388);
#3107=VERTEX_POINT('',#9392);
#3108=VERTEX_POINT('',#9394);
#3109=VERTEX_POINT('',#9398);
#3110=VERTEX_POINT('',#9400);
#3111=VERTEX_POINT('',#9404);
#3112=VERTEX_POINT('',#9406);
#3113=VERTEX_POINT('',#9410);
#3114=VERTEX_POINT('',#9412);
#3115=VERTEX_POINT('',#9416);
#3116=VERTEX_POINT('',#9418);
#3117=VERTEX_POINT('',#9422);
#3118=VERTEX_POINT('',#9424);
#3119=VERTEX_POINT('',#9428);
#3120=VERTEX_POINT('',#9430);
#3121=VERTEX_POINT('',#9434);
#3122=VERTEX_POINT('',#9436);
#3123=VERTEX_POINT('',#9440);
#3124=VERTEX_POINT('',#9442);
#3125=VERTEX_POINT('',#9446);
#3126=VERTEX_POINT('',#9448);
#3127=VERTEX_POINT('',#9452);
#3128=VERTEX_POINT('',#9454);
#3129=VERTEX_POINT('',#9458);
#3130=VERTEX_POINT('',#9460);
#3131=VERTEX_POINT('',#9464);
#3132=VERTEX_POINT('',#9466);
#3133=VERTEX_POINT('',#9470);
#3134=VERTEX_POINT('',#9472);
#3135=EDGE_CURVE('',#2597,#2597,#2531,.T.);
#3136=EDGE_CURVE('',#2597,#2598,#1049,.T.);
#3137=EDGE_CURVE('',#2598,#2598,#2532,.T.);
#3138=EDGE_CURVE('',#2599,#2599,#2533,.T.);
#3139=EDGE_CURVE('',#2599,#2600,#1050,.T.);
#3140=EDGE_CURVE('',#2600,#2600,#2534,.T.);
#3141=EDGE_CURVE('',#2601,#2601,#2535,.T.);
#3142=EDGE_CURVE('',#2601,#2602,#1051,.T.);
#3143=EDGE_CURVE('',#2602,#2602,#2536,.T.);
#3144=EDGE_CURVE('',#2603,#2604,#1052,.T.);
#3145=EDGE_CURVE('',#2603,#2605,#1053,.T.);
#3146=EDGE_CURVE('',#2606,#2605,#1054,.T.);
#3147=EDGE_CURVE('',#2604,#2606,#1055,.T.);
#3148=EDGE_CURVE('',#2604,#2607,#1056,.T.);
#3149=EDGE_CURVE('',#2608,#2606,#1057,.T.);
#3150=EDGE_CURVE('',#2607,#2608,#1058,.T.);
#3151=EDGE_CURVE('',#2607,#2609,#1059,.T.);
#3152=EDGE_CURVE('',#2610,#2608,#1060,.T.);
#3153=EDGE_CURVE('',#2609,#2610,#1061,.T.);
#3154=EDGE_CURVE('',#2609,#2611,#1062,.T.);
#3155=EDGE_CURVE('',#2612,#2610,#1063,.T.);
#3156=EDGE_CURVE('',#2611,#2612,#1064,.T.);
#3157=EDGE_CURVE('',#2611,#2613,#1065,.T.);
#3158=EDGE_CURVE('',#2614,#2612,#1066,.T.);
#3159=EDGE_CURVE('',#2613,#2614,#1067,.T.);
#3160=EDGE_CURVE('',#2613,#2615,#1068,.T.);
#3161=EDGE_CURVE('',#2616,#2614,#1069,.T.);
#3162=EDGE_CURVE('',#2615,#2616,#1070,.T.);
#3163=EDGE_CURVE('',#2615,#2617,#1071,.T.);
#3164=EDGE_CURVE('',#2618,#2616,#1072,.T.);
#3165=EDGE_CURVE('',#2617,#2618,#1073,.T.);
#3166=EDGE_CURVE('',#2617,#2619,#1074,.T.);
#3167=EDGE_CURVE('',#2620,#2618,#1075,.T.);
#3168=EDGE_CURVE('',#2619,#2620,#1076,.T.);
#3169=EDGE_CURVE('',#2621,#2619,#1077,.T.);
#3170=EDGE_CURVE('',#2622,#2620,#1078,.T.);
#3171=EDGE_CURVE('',#2621,#2622,#1079,.T.);
#3172=EDGE_CURVE('',#2623,#2621,#1080,.T.);
#3173=EDGE_CURVE('',#2624,#2622,#1081,.T.);
#3174=EDGE_CURVE('',#2623,#2624,#1082,.T.);
#3175=EDGE_CURVE('',#2623,#2625,#1083,.T.);
#3176=EDGE_CURVE('',#2626,#2624,#1084,.T.);
#3177=EDGE_CURVE('',#2625,#2626,#1085,.T.);
#3178=EDGE_CURVE('',#2627,#2625,#1086,.T.);
#3179=EDGE_CURVE('',#2628,#2626,#1087,.T.);
#3180=EDGE_CURVE('',#2627,#2628,#1088,.T.);
#3181=EDGE_CURVE('',#2627,#2629,#1089,.T.);
#3182=EDGE_CURVE('',#2630,#2628,#1090,.T.);
#3183=EDGE_CURVE('',#2629,#2630,#1091,.T.);
#3184=EDGE_CURVE('',#2629,#2631,#1092,.T.);
#3185=EDGE_CURVE('',#2632,#2630,#1093,.T.);
#3186=EDGE_CURVE('',#2631,#2632,#1094,.T.);
#3187=EDGE_CURVE('',#2631,#2633,#1095,.T.);
#3188=EDGE_CURVE('',#2634,#2632,#1096,.T.);
#3189=EDGE_CURVE('',#2633,#2634,#1097,.T.);
#3190=EDGE_CURVE('',#2635,#2633,#1098,.T.);
#3191=EDGE_CURVE('',#2636,#2634,#1099,.T.);
#3192=EDGE_CURVE('',#2635,#2636,#1100,.T.);
#3193=EDGE_CURVE('',#2635,#2637,#1101,.T.);
#3194=EDGE_CURVE('',#2638,#2636,#1102,.T.);
#3195=EDGE_CURVE('',#2637,#2638,#1103,.T.);
#3196=EDGE_CURVE('',#2637,#2639,#1104,.T.);
#3197=EDGE_CURVE('',#2640,#2638,#1105,.T.);
#3198=EDGE_CURVE('',#2639,#2640,#1106,.T.);
#3199=EDGE_CURVE('',#2639,#2641,#1107,.T.);
#3200=EDGE_CURVE('',#2642,#2640,#1108,.T.);
#3201=EDGE_CURVE('',#2641,#2642,#1109,.T.);
#3202=EDGE_CURVE('',#2641,#2643,#1110,.T.);
#3203=EDGE_CURVE('',#2644,#2642,#1111,.T.);
#3204=EDGE_CURVE('',#2643,#2644,#1112,.T.);
#3205=EDGE_CURVE('',#2645,#2643,#1113,.T.);
#3206=EDGE_CURVE('',#2646,#2644,#1114,.T.);
#3207=EDGE_CURVE('',#2645,#2646,#1115,.T.);
#3208=EDGE_CURVE('',#2647,#2645,#1116,.T.);
#3209=EDGE_CURVE('',#2648,#2646,#1117,.T.);
#3210=EDGE_CURVE('',#2647,#2648,#1118,.T.);
#3211=EDGE_CURVE('',#2649,#2647,#1119,.T.);
#3212=EDGE_CURVE('',#2650,#2648,#1120,.T.);
#3213=EDGE_CURVE('',#2649,#2650,#1121,.T.);
#3214=EDGE_CURVE('',#2651,#2649,#1122,.T.);
#3215=EDGE_CURVE('',#2652,#2650,#1123,.T.);
#3216=EDGE_CURVE('',#2651,#2652,#1124,.T.);
#3217=EDGE_CURVE('',#2653,#2651,#1125,.T.);
#3218=EDGE_CURVE('',#2654,#2652,#1126,.T.);
#3219=EDGE_CURVE('',#2653,#2654,#1127,.T.);
#3220=EDGE_CURVE('',#2655,#2653,#1128,.T.);
#3221=EDGE_CURVE('',#2656,#2654,#1129,.T.);
#3222=EDGE_CURVE('',#2655,#2656,#1130,.T.);
#3223=EDGE_CURVE('',#2657,#2655,#1131,.T.);
#3224=EDGE_CURVE('',#2658,#2656,#1132,.T.);
#3225=EDGE_CURVE('',#2657,#2658,#1133,.T.);
#3226=EDGE_CURVE('',#2657,#2659,#1134,.T.);
#3227=EDGE_CURVE('',#2660,#2658,#1135,.T.);
#3228=EDGE_CURVE('',#2659,#2660,#1136,.T.);
#3229=EDGE_CURVE('',#2659,#2661,#1137,.T.);
#3230=EDGE_CURVE('',#2662,#2660,#1138,.T.);
#3231=EDGE_CURVE('',#2661,#2662,#1139,.T.);
#3232=EDGE_CURVE('',#2661,#2663,#1140,.T.);
#3233=EDGE_CURVE('',#2664,#2662,#1141,.T.);
#3234=EDGE_CURVE('',#2663,#2664,#1142,.T.);
#3235=EDGE_CURVE('',#2665,#2663,#1143,.T.);
#3236=EDGE_CURVE('',#2666,#2664,#1144,.T.);
#3237=EDGE_CURVE('',#2665,#2666,#1145,.T.);
#3238=EDGE_CURVE('',#2667,#2665,#1146,.T.);
#3239=EDGE_CURVE('',#2668,#2666,#1147,.T.);
#3240=EDGE_CURVE('',#2667,#2668,#1148,.T.);
#3241=EDGE_CURVE('',#2667,#2669,#1149,.T.);
#3242=EDGE_CURVE('',#2670,#2668,#1150,.T.);
#3243=EDGE_CURVE('',#2669,#2670,#1151,.T.);
#3244=EDGE_CURVE('',#2669,#2671,#1152,.T.);
#3245=EDGE_CURVE('',#2672,#2670,#1153,.T.);
#3246=EDGE_CURVE('',#2671,#2672,#1154,.T.);
#3247=EDGE_CURVE('',#2671,#2673,#1155,.T.);
#3248=EDGE_CURVE('',#2674,#2672,#1156,.T.);
#3249=EDGE_CURVE('',#2673,#2674,#1157,.T.);
#3250=EDGE_CURVE('',#2603,#2673,#1158,.T.);
#3251=EDGE_CURVE('',#2605,#2674,#1159,.T.);
#3252=EDGE_CURVE('',#2675,#2676,#1160,.T.);
#3253=EDGE_CURVE('',#2675,#2677,#1161,.T.);
#3254=EDGE_CURVE('',#2678,#2677,#1162,.T.);
#3255=EDGE_CURVE('',#2676,#2678,#1163,.T.);
#3256=EDGE_CURVE('',#2676,#2679,#1164,.T.);
#3257=EDGE_CURVE('',#2680,#2678,#1165,.T.);
#3258=EDGE_CURVE('',#2679,#2680,#1166,.T.);
#3259=EDGE_CURVE('',#2679,#2681,#1167,.T.);
#3260=EDGE_CURVE('',#2682,#2680,#1168,.T.);
#3261=EDGE_CURVE('',#2681,#2682,#1169,.T.);
#3262=EDGE_CURVE('',#2681,#2683,#1170,.T.);
#3263=EDGE_CURVE('',#2684,#2682,#1171,.T.);
#3264=EDGE_CURVE('',#2683,#2684,#1172,.T.);
#3265=EDGE_CURVE('',#2683,#2685,#1173,.T.);
#3266=EDGE_CURVE('',#2686,#2684,#1174,.T.);
#3267=EDGE_CURVE('',#2685,#2686,#1175,.T.);
#3268=EDGE_CURVE('',#2685,#2687,#1176,.T.);
#3269=EDGE_CURVE('',#2688,#2686,#1177,.T.);
#3270=EDGE_CURVE('',#2687,#2688,#1178,.T.);
#3271=EDGE_CURVE('',#2689,#2687,#1179,.T.);
#3272=EDGE_CURVE('',#2690,#2688,#1180,.T.);
#3273=EDGE_CURVE('',#2689,#2690,#1181,.T.);
#3274=EDGE_CURVE('',#2691,#2689,#1182,.T.);
#3275=EDGE_CURVE('',#2692,#2690,#1183,.T.);
#3276=EDGE_CURVE('',#2691,#2692,#1184,.T.);
#3277=EDGE_CURVE('',#2693,#2691,#1185,.T.);
#3278=EDGE_CURVE('',#2694,#2692,#1186,.T.);
#3279=EDGE_CURVE('',#2693,#2694,#1187,.T.);
#3280=EDGE_CURVE('',#2695,#2693,#1188,.T.);
#3281=EDGE_CURVE('',#2696,#2694,#1189,.T.);
#3282=EDGE_CURVE('',#2695,#2696,#1190,.T.);
#3283=EDGE_CURVE('',#2695,#2697,#1191,.T.);
#3284=EDGE_CURVE('',#2698,#2696,#1192,.T.);
#3285=EDGE_CURVE('',#2697,#2698,#1193,.T.);
#3286=EDGE_CURVE('',#2699,#2697,#1194,.T.);
#3287=EDGE_CURVE('',#2700,#2698,#1195,.T.);
#3288=EDGE_CURVE('',#2699,#2700,#1196,.T.);
#3289=EDGE_CURVE('',#2699,#2701,#1197,.T.);
#3290=EDGE_CURVE('',#2702,#2700,#1198,.T.);
#3291=EDGE_CURVE('',#2701,#2702,#1199,.T.);
#3292=EDGE_CURVE('',#2701,#2703,#1200,.T.);
#3293=EDGE_CURVE('',#2704,#2702,#1201,.T.);
#3294=EDGE_CURVE('',#2703,#2704,#1202,.T.);
#3295=EDGE_CURVE('',#2703,#2705,#1203,.T.);
#3296=EDGE_CURVE('',#2706,#2704,#1204,.T.);
#3297=EDGE_CURVE('',#2705,#2706,#1205,.T.);
#3298=EDGE_CURVE('',#2675,#2705,#1206,.T.);
#3299=EDGE_CURVE('',#2677,#2706,#1207,.T.);
#3300=EDGE_CURVE('',#2707,#2708,#1208,.T.);
#3301=EDGE_CURVE('',#2707,#2709,#1209,.T.);
#3302=EDGE_CURVE('',#2710,#2709,#1210,.T.);
#3303=EDGE_CURVE('',#2708,#2710,#1211,.T.);
#3304=EDGE_CURVE('',#2708,#2711,#1212,.T.);
#3305=EDGE_CURVE('',#2712,#2710,#1213,.T.);
#3306=EDGE_CURVE('',#2711,#2712,#1214,.T.);
#3307=EDGE_CURVE('',#2711,#2713,#1215,.T.);
#3308=EDGE_CURVE('',#2714,#2712,#1216,.T.);
#3309=EDGE_CURVE('',#2713,#2714,#1217,.T.);
#3310=EDGE_CURVE('',#2715,#2713,#1218,.T.);
#3311=EDGE_CURVE('',#2716,#2714,#1219,.T.);
#3312=EDGE_CURVE('',#2715,#2716,#1220,.T.);
#3313=EDGE_CURVE('',#2717,#2715,#1221,.T.);
#3314=EDGE_CURVE('',#2718,#2716,#1222,.T.);
#3315=EDGE_CURVE('',#2717,#2718,#1223,.T.);
#3316=EDGE_CURVE('',#2719,#2717,#1224,.T.);
#3317=EDGE_CURVE('',#2720,#2718,#1225,.T.);
#3318=EDGE_CURVE('',#2719,#2720,#1226,.T.);
#3319=EDGE_CURVE('',#2721,#2719,#1227,.T.);
#3320=EDGE_CURVE('',#2722,#2720,#1228,.T.);
#3321=EDGE_CURVE('',#2721,#2722,#1229,.T.);
#3322=EDGE_CURVE('',#2723,#2721,#1230,.T.);
#3323=EDGE_CURVE('',#2724,#2722,#1231,.T.);
#3324=EDGE_CURVE('',#2723,#2724,#1232,.T.);
#3325=EDGE_CURVE('',#2725,#2723,#1233,.T.);
#3326=EDGE_CURVE('',#2726,#2724,#1234,.T.);
#3327=EDGE_CURVE('',#2725,#2726,#1235,.T.);
#3328=EDGE_CURVE('',#2727,#2725,#1236,.T.);
#3329=EDGE_CURVE('',#2728,#2726,#1237,.T.);
#3330=EDGE_CURVE('',#2727,#2728,#1238,.T.);
#3331=EDGE_CURVE('',#2729,#2727,#1239,.T.);
#3332=EDGE_CURVE('',#2730,#2728,#1240,.T.);
#3333=EDGE_CURVE('',#2729,#2730,#1241,.T.);
#3334=EDGE_CURVE('',#2731,#2729,#1242,.T.);
#3335=EDGE_CURVE('',#2732,#2730,#1243,.T.);
#3336=EDGE_CURVE('',#2731,#2732,#1244,.T.);
#3337=EDGE_CURVE('',#2733,#2731,#1245,.T.);
#3338=EDGE_CURVE('',#2734,#2732,#1246,.T.);
#3339=EDGE_CURVE('',#2733,#2734,#1247,.T.);
#3340=EDGE_CURVE('',#2735,#2733,#1248,.T.);
#3341=EDGE_CURVE('',#2736,#2734,#1249,.T.);
#3342=EDGE_CURVE('',#2735,#2736,#1250,.T.);
#3343=EDGE_CURVE('',#2737,#2735,#1251,.T.);
#3344=EDGE_CURVE('',#2738,#2736,#1252,.T.);
#3345=EDGE_CURVE('',#2737,#2738,#1253,.T.);
#3346=EDGE_CURVE('',#2707,#2737,#1254,.T.);
#3347=EDGE_CURVE('',#2709,#2738,#1255,.T.);
#3348=EDGE_CURVE('',#2739,#2739,#2537,.T.);
#3349=EDGE_CURVE('',#2739,#2740,#1256,.T.);
#3350=EDGE_CURVE('',#2740,#2740,#2538,.T.);
#3351=EDGE_CURVE('',#2741,#2741,#2539,.T.);
#3352=EDGE_CURVE('',#2741,#2742,#1257,.T.);
#3353=EDGE_CURVE('',#2742,#2742,#2540,.T.);
#3354=EDGE_CURVE('',#2743,#2743,#2541,.T.);
#3355=EDGE_CURVE('',#2743,#2744,#1258,.T.);
#3356=EDGE_CURVE('',#2744,#2744,#2542,.T.);
#3357=EDGE_CURVE('',#2745,#2745,#2543,.T.);
#3358=EDGE_CURVE('',#2745,#2746,#1259,.T.);
#3359=EDGE_CURVE('',#2746,#2746,#2544,.T.);
#3360=EDGE_CURVE('',#2747,#2747,#2545,.T.);
#3361=EDGE_CURVE('',#2747,#2748,#1260,.T.);
#3362=EDGE_CURVE('',#2748,#2748,#2546,.T.);
#3363=EDGE_CURVE('',#2749,#2749,#2547,.T.);
#3364=EDGE_CURVE('',#2749,#2750,#1261,.T.);
#3365=EDGE_CURVE('',#2750,#2750,#2548,.T.);
#3366=EDGE_CURVE('',#2751,#2751,#2549,.T.);
#3367=EDGE_CURVE('',#2751,#2752,#1262,.T.);
#3368=EDGE_CURVE('',#2752,#2752,#2550,.T.);
#3369=EDGE_CURVE('',#2753,#2753,#2551,.T.);
#3370=EDGE_CURVE('',#2753,#2754,#1263,.T.);
#3371=EDGE_CURVE('',#2754,#2754,#2552,.T.);
#3372=EDGE_CURVE('',#2755,#2756,#1264,.T.);
#3373=EDGE_CURVE('',#2755,#2757,#1265,.T.);
#3374=EDGE_CURVE('',#2758,#2757,#1266,.T.);
#3375=EDGE_CURVE('',#2756,#2758,#1267,.T.);
#3376=EDGE_CURVE('',#2756,#2759,#1268,.T.);
#3377=EDGE_CURVE('',#2760,#2758,#1269,.T.);
#3378=EDGE_CURVE('',#2759,#2760,#1270,.T.);
#3379=EDGE_CURVE('',#2759,#2761,#1271,.T.);
#3380=EDGE_CURVE('',#2762,#2760,#1272,.T.);
#3381=EDGE_CURVE('',#2761,#2762,#1273,.T.);
#3382=EDGE_CURVE('',#2761,#2763,#1274,.T.);
#3383=EDGE_CURVE('',#2764,#2762,#1275,.T.);
#3384=EDGE_CURVE('',#2763,#2764,#1276,.T.);
#3385=EDGE_CURVE('',#2763,#2765,#1277,.T.);
#3386=EDGE_CURVE('',#2766,#2764,#1278,.T.);
#3387=EDGE_CURVE('',#2765,#2766,#1279,.T.);
#3388=EDGE_CURVE('',#2765,#2767,#1280,.T.);
#3389=EDGE_CURVE('',#2768,#2766,#1281,.T.);
#3390=EDGE_CURVE('',#2767,#2768,#1282,.T.);
#3391=EDGE_CURVE('',#2767,#2769,#1283,.T.);
#3392=EDGE_CURVE('',#2770,#2768,#1284,.T.);
#3393=EDGE_CURVE('',#2769,#2770,#1285,.T.);
#3394=EDGE_CURVE('',#2771,#2769,#1286,.T.);
#3395=EDGE_CURVE('',#2772,#2770,#1287,.T.);
#3396=EDGE_CURVE('',#2771,#2772,#1288,.T.);
#3397=EDGE_CURVE('',#2773,#2771,#1289,.T.);
#3398=EDGE_CURVE('',#2774,#2772,#1290,.T.);
#3399=EDGE_CURVE('',#2773,#2774,#1291,.T.);
#3400=EDGE_CURVE('',#2773,#2775,#1292,.T.);
#3401=EDGE_CURVE('',#2776,#2774,#1293,.T.);
#3402=EDGE_CURVE('',#2775,#2776,#1294,.T.);
#3403=EDGE_CURVE('',#2777,#2775,#1295,.T.);
#3404=EDGE_CURVE('',#2778,#2776,#1296,.T.);
#3405=EDGE_CURVE('',#2777,#2778,#1297,.T.);
#3406=EDGE_CURVE('',#2777,#2779,#1298,.T.);
#3407=EDGE_CURVE('',#2780,#2778,#1299,.T.);
#3408=EDGE_CURVE('',#2779,#2780,#1300,.T.);
#3409=EDGE_CURVE('',#2779,#2781,#1301,.T.);
#3410=EDGE_CURVE('',#2782,#2780,#1302,.T.);
#3411=EDGE_CURVE('',#2781,#2782,#1303,.T.);
#3412=EDGE_CURVE('',#2781,#2783,#1304,.T.);
#3413=EDGE_CURVE('',#2784,#2782,#1305,.T.);
#3414=EDGE_CURVE('',#2783,#2784,#1306,.T.);
#3415=EDGE_CURVE('',#2785,#2783,#1307,.T.);
#3416=EDGE_CURVE('',#2786,#2784,#1308,.T.);
#3417=EDGE_CURVE('',#2785,#2786,#1309,.T.);
#3418=EDGE_CURVE('',#2785,#2787,#1310,.T.);
#3419=EDGE_CURVE('',#2788,#2786,#1311,.T.);
#3420=EDGE_CURVE('',#2787,#2788,#1312,.T.);
#3421=EDGE_CURVE('',#2787,#2789,#1313,.T.);
#3422=EDGE_CURVE('',#2790,#2788,#1314,.T.);
#3423=EDGE_CURVE('',#2789,#2790,#1315,.T.);
#3424=EDGE_CURVE('',#2789,#2791,#1316,.T.);
#3425=EDGE_CURVE('',#2792,#2790,#1317,.T.);
#3426=EDGE_CURVE('',#2791,#2792,#1318,.T.);
#3427=EDGE_CURVE('',#2791,#2793,#1319,.T.);
#3428=EDGE_CURVE('',#2794,#2792,#1320,.T.);
#3429=EDGE_CURVE('',#2793,#2794,#1321,.T.);
#3430=EDGE_CURVE('',#2795,#2793,#1322,.T.);
#3431=EDGE_CURVE('',#2796,#2794,#1323,.T.);
#3432=EDGE_CURVE('',#2795,#2796,#1324,.T.);
#3433=EDGE_CURVE('',#2797,#2795,#1325,.T.);
#3434=EDGE_CURVE('',#2798,#2796,#1326,.T.);
#3435=EDGE_CURVE('',#2797,#2798,#1327,.T.);
#3436=EDGE_CURVE('',#2799,#2797,#1328,.T.);
#3437=EDGE_CURVE('',#2800,#2798,#1329,.T.);
#3438=EDGE_CURVE('',#2799,#2800,#1330,.T.);
#3439=EDGE_CURVE('',#2801,#2799,#1331,.T.);
#3440=EDGE_CURVE('',#2802,#2800,#1332,.T.);
#3441=EDGE_CURVE('',#2801,#2802,#1333,.T.);
#3442=EDGE_CURVE('',#2803,#2801,#1334,.T.);
#3443=EDGE_CURVE('',#2804,#2802,#1335,.T.);
#3444=EDGE_CURVE('',#2803,#2804,#1336,.T.);
#3445=EDGE_CURVE('',#2805,#2803,#1337,.T.);
#3446=EDGE_CURVE('',#2806,#2804,#1338,.T.);
#3447=EDGE_CURVE('',#2805,#2806,#1339,.T.);
#3448=EDGE_CURVE('',#2807,#2805,#1340,.T.);
#3449=EDGE_CURVE('',#2808,#2806,#1341,.T.);
#3450=EDGE_CURVE('',#2807,#2808,#1342,.T.);
#3451=EDGE_CURVE('',#2807,#2809,#1343,.T.);
#3452=EDGE_CURVE('',#2810,#2808,#1344,.T.);
#3453=EDGE_CURVE('',#2809,#2810,#1345,.T.);
#3454=EDGE_CURVE('',#2809,#2811,#1346,.T.);
#3455=EDGE_CURVE('',#2812,#2810,#1347,.T.);
#3456=EDGE_CURVE('',#2811,#2812,#1348,.T.);
#3457=EDGE_CURVE('',#2811,#2813,#1349,.T.);
#3458=EDGE_CURVE('',#2814,#2812,#1350,.T.);
#3459=EDGE_CURVE('',#2813,#2814,#1351,.T.);
#3460=EDGE_CURVE('',#2813,#2815,#1352,.T.);
#3461=EDGE_CURVE('',#2816,#2814,#1353,.T.);
#3462=EDGE_CURVE('',#2815,#2816,#1354,.T.);
#3463=EDGE_CURVE('',#2817,#2815,#1355,.T.);
#3464=EDGE_CURVE('',#2818,#2816,#1356,.T.);
#3465=EDGE_CURVE('',#2817,#2818,#1357,.T.);
#3466=EDGE_CURVE('',#2817,#2819,#1358,.T.);
#3467=EDGE_CURVE('',#2820,#2818,#1359,.T.);
#3468=EDGE_CURVE('',#2819,#2820,#1360,.T.);
#3469=EDGE_CURVE('',#2819,#2821,#1361,.T.);
#3470=EDGE_CURVE('',#2822,#2820,#1362,.T.);
#3471=EDGE_CURVE('',#2821,#2822,#1363,.T.);
#3472=EDGE_CURVE('',#2821,#2823,#1364,.T.);
#3473=EDGE_CURVE('',#2824,#2822,#1365,.T.);
#3474=EDGE_CURVE('',#2823,#2824,#1366,.T.);
#3475=EDGE_CURVE('',#2825,#2823,#1367,.T.);
#3476=EDGE_CURVE('',#2826,#2824,#1368,.T.);
#3477=EDGE_CURVE('',#2825,#2826,#1369,.T.);
#3478=EDGE_CURVE('',#2825,#2755,#1370,.T.);
#3479=EDGE_CURVE('',#2757,#2826,#1371,.T.);
#3480=EDGE_CURVE('',#2827,#2827,#2553,.T.);
#3481=EDGE_CURVE('',#2827,#2828,#1372,.T.);
#3482=EDGE_CURVE('',#2828,#2828,#2554,.T.);
#3483=EDGE_CURVE('',#2829,#2829,#2555,.T.);
#3484=EDGE_CURVE('',#2829,#2830,#1373,.T.);
#3485=EDGE_CURVE('',#2830,#2830,#2556,.T.);
#3486=EDGE_CURVE('',#2831,#2831,#2557,.T.);
#3487=EDGE_CURVE('',#2831,#2832,#1374,.T.);
#3488=EDGE_CURVE('',#2832,#2832,#2558,.T.);
#3489=EDGE_CURVE('',#2833,#2833,#2559,.T.);
#3490=EDGE_CURVE('',#2833,#2834,#1375,.T.);
#3491=EDGE_CURVE('',#2834,#2834,#2560,.T.);
#3492=EDGE_CURVE('',#2835,#2835,#2561,.T.);
#3493=EDGE_CURVE('',#2835,#2836,#1376,.T.);
#3494=EDGE_CURVE('',#2836,#2836,#2562,.T.);
#3495=EDGE_CURVE('',#2837,#2838,#1377,.T.);
#3496=EDGE_CURVE('',#2837,#2839,#1378,.T.);
#3497=EDGE_CURVE('',#2840,#2839,#1379,.T.);
#3498=EDGE_CURVE('',#2838,#2840,#1380,.T.);
#3499=EDGE_CURVE('',#2838,#2841,#1381,.T.);
#3500=EDGE_CURVE('',#2842,#2840,#1382,.T.);
#3501=EDGE_CURVE('',#2841,#2842,#1383,.T.);
#3502=EDGE_CURVE('',#2841,#2843,#1384,.T.);
#3503=EDGE_CURVE('',#2844,#2842,#1385,.T.);
#3504=EDGE_CURVE('',#2843,#2844,#1386,.T.);
#3505=EDGE_CURVE('',#2843,#2845,#1387,.T.);
#3506=EDGE_CURVE('',#2846,#2844,#1388,.T.);
#3507=EDGE_CURVE('',#2845,#2846,#1389,.T.);
#3508=EDGE_CURVE('',#2845,#2847,#1390,.T.);
#3509=EDGE_CURVE('',#2848,#2846,#1391,.T.);
#3510=EDGE_CURVE('',#2847,#2848,#1392,.T.);
#3511=EDGE_CURVE('',#2847,#2849,#1393,.T.);
#3512=EDGE_CURVE('',#2850,#2848,#1394,.T.);
#3513=EDGE_CURVE('',#2849,#2850,#1395,.T.);
#3514=EDGE_CURVE('',#2849,#2851,#1396,.T.);
#3515=EDGE_CURVE('',#2852,#2850,#1397,.T.);
#3516=EDGE_CURVE('',#2851,#2852,#1398,.T.);
#3517=EDGE_CURVE('',#2851,#2853,#1399,.T.);
#3518=EDGE_CURVE('',#2854,#2852,#1400,.T.);
#3519=EDGE_CURVE('',#2853,#2854,#1401,.T.);
#3520=EDGE_CURVE('',#2853,#2855,#1402,.T.);
#3521=EDGE_CURVE('',#2856,#2854,#1403,.T.);
#3522=EDGE_CURVE('',#2855,#2856,#1404,.T.);
#3523=EDGE_CURVE('',#2855,#2857,#1405,.T.);
#3524=EDGE_CURVE('',#2858,#2856,#1406,.T.);
#3525=EDGE_CURVE('',#2857,#2858,#1407,.T.);
#3526=EDGE_CURVE('',#2857,#2859,#1408,.T.);
#3527=EDGE_CURVE('',#2860,#2858,#1409,.T.);
#3528=EDGE_CURVE('',#2859,#2860,#1410,.T.);
#3529=EDGE_CURVE('',#2861,#2859,#1411,.T.);
#3530=EDGE_CURVE('',#2862,#2860,#1412,.T.);
#3531=EDGE_CURVE('',#2861,#2862,#1413,.T.);
#3532=EDGE_CURVE('',#2863,#2861,#1414,.T.);
#3533=EDGE_CURVE('',#2864,#2862,#1415,.T.);
#3534=EDGE_CURVE('',#2863,#2864,#1416,.T.);
#3535=EDGE_CURVE('',#2865,#2863,#1417,.T.);
#3536=EDGE_CURVE('',#2866,#2864,#1418,.T.);
#3537=EDGE_CURVE('',#2865,#2866,#1419,.T.);
#3538=EDGE_CURVE('',#2867,#2865,#1420,.T.);
#3539=EDGE_CURVE('',#2868,#2866,#1421,.T.);
#3540=EDGE_CURVE('',#2867,#2868,#1422,.T.);
#3541=EDGE_CURVE('',#2869,#2867,#1423,.T.);
#3542=EDGE_CURVE('',#2870,#2868,#1424,.T.);
#3543=EDGE_CURVE('',#2869,#2870,#1425,.T.);
#3544=EDGE_CURVE('',#2871,#2869,#1426,.T.);
#3545=EDGE_CURVE('',#2872,#2870,#1427,.T.);
#3546=EDGE_CURVE('',#2871,#2872,#1428,.T.);
#3547=EDGE_CURVE('',#2873,#2871,#1429,.T.);
#3548=EDGE_CURVE('',#2874,#2872,#1430,.T.);
#3549=EDGE_CURVE('',#2873,#2874,#1431,.T.);
#3550=EDGE_CURVE('',#2875,#2873,#1432,.T.);
#3551=EDGE_CURVE('',#2876,#2874,#1433,.T.);
#3552=EDGE_CURVE('',#2875,#2876,#1434,.T.);
#3553=EDGE_CURVE('',#2877,#2875,#1435,.T.);
#3554=EDGE_CURVE('',#2878,#2876,#1436,.T.);
#3555=EDGE_CURVE('',#2877,#2878,#1437,.T.);
#3556=EDGE_CURVE('',#2879,#2877,#1438,.T.);
#3557=EDGE_CURVE('',#2880,#2878,#1439,.T.);
#3558=EDGE_CURVE('',#2879,#2880,#1440,.T.);
#3559=EDGE_CURVE('',#2881,#2879,#1441,.T.);
#3560=EDGE_CURVE('',#2882,#2880,#1442,.T.);
#3561=EDGE_CURVE('',#2881,#2882,#1443,.T.);
#3562=EDGE_CURVE('',#2883,#2881,#1444,.T.);
#3563=EDGE_CURVE('',#2884,#2882,#1445,.T.);
#3564=EDGE_CURVE('',#2883,#2884,#1446,.T.);
#3565=EDGE_CURVE('',#2885,#2883,#1447,.T.);
#3566=EDGE_CURVE('',#2886,#2884,#1448,.T.);
#3567=EDGE_CURVE('',#2885,#2886,#1449,.T.);
#3568=EDGE_CURVE('',#2887,#2885,#1450,.T.);
#3569=EDGE_CURVE('',#2888,#2886,#1451,.T.);
#3570=EDGE_CURVE('',#2887,#2888,#1452,.T.);
#3571=EDGE_CURVE('',#2889,#2887,#1453,.T.);
#3572=EDGE_CURVE('',#2890,#2888,#1454,.T.);
#3573=EDGE_CURVE('',#2889,#2890,#1455,.T.);
#3574=EDGE_CURVE('',#2891,#2889,#1456,.T.);
#3575=EDGE_CURVE('',#2892,#2890,#1457,.T.);
#3576=EDGE_CURVE('',#2891,#2892,#1458,.T.);
#3577=EDGE_CURVE('',#2893,#2891,#1459,.T.);
#3578=EDGE_CURVE('',#2894,#2892,#1460,.T.);
#3579=EDGE_CURVE('',#2893,#2894,#1461,.T.);
#3580=EDGE_CURVE('',#2895,#2893,#1462,.T.);
#3581=EDGE_CURVE('',#2896,#2894,#1463,.T.);
#3582=EDGE_CURVE('',#2895,#2896,#1464,.T.);
#3583=EDGE_CURVE('',#2897,#2895,#1465,.T.);
#3584=EDGE_CURVE('',#2898,#2896,#1466,.T.);
#3585=EDGE_CURVE('',#2897,#2898,#1467,.T.);
#3586=EDGE_CURVE('',#2899,#2897,#1468,.T.);
#3587=EDGE_CURVE('',#2900,#2898,#1469,.T.);
#3588=EDGE_CURVE('',#2899,#2900,#1470,.T.);
#3589=EDGE_CURVE('',#2837,#2899,#1471,.T.);
#3590=EDGE_CURVE('',#2839,#2900,#1472,.T.);
#3591=EDGE_CURVE('',#2901,#2901,#2563,.T.);
#3592=EDGE_CURVE('',#2901,#2902,#1473,.T.);
#3593=EDGE_CURVE('',#2902,#2902,#2564,.T.);
#3594=EDGE_CURVE('',#2903,#2903,#2565,.T.);
#3595=EDGE_CURVE('',#2903,#2904,#1474,.T.);
#3596=EDGE_CURVE('',#2904,#2904,#2566,.T.);
#3597=EDGE_CURVE('',#2905,#2905,#2567,.T.);
#3598=EDGE_CURVE('',#2905,#2906,#1475,.T.);
#3599=EDGE_CURVE('',#2906,#2906,#2568,.T.);
#3600=EDGE_CURVE('',#2907,#2907,#2569,.T.);
#3601=EDGE_CURVE('',#2907,#2908,#1476,.T.);
#3602=EDGE_CURVE('',#2908,#2908,#2570,.T.);
#3603=EDGE_CURVE('',#2909,#2909,#2571,.T.);
#3604=EDGE_CURVE('',#2909,#2910,#1477,.T.);
#3605=EDGE_CURVE('',#2910,#2910,#2572,.T.);
#3606=EDGE_CURVE('',#2911,#2911,#2573,.T.);
#3607=EDGE_CURVE('',#2911,#2912,#1478,.T.);
#3608=EDGE_CURVE('',#2912,#2912,#2574,.T.);
#3609=EDGE_CURVE('',#2913,#2913,#2575,.T.);
#3610=EDGE_CURVE('',#2913,#2914,#1479,.T.);
#3611=EDGE_CURVE('',#2914,#2914,#2576,.T.);
#3612=EDGE_CURVE('',#2915,#2915,#2577,.T.);
#3613=EDGE_CURVE('',#2915,#2916,#1480,.T.);
#3614=EDGE_CURVE('',#2916,#2916,#2578,.T.);
#3615=EDGE_CURVE('',#2917,#2917,#2579,.T.);
#3616=EDGE_CURVE('',#2917,#2918,#1481,.T.);
#3617=EDGE_CURVE('',#2918,#2918,#2580,.T.);
#3618=EDGE_CURVE('',#2919,#2919,#2581,.T.);
#3619=EDGE_CURVE('',#2919,#2920,#1482,.T.);
#3620=EDGE_CURVE('',#2920,#2920,#2582,.T.);
#3621=EDGE_CURVE('',#2921,#2921,#2583,.T.);
#3622=EDGE_CURVE('',#2921,#2922,#1483,.T.);
#3623=EDGE_CURVE('',#2922,#2922,#2584,.T.);
#3624=EDGE_CURVE('',#2923,#2923,#2585,.T.);
#3625=EDGE_CURVE('',#2923,#2924,#1484,.T.);
#3626=EDGE_CURVE('',#2924,#2924,#2586,.T.);
#3627=EDGE_CURVE('',#2925,#2925,#2587,.T.);
#3628=EDGE_CURVE('',#2925,#2926,#1485,.T.);
#3629=EDGE_CURVE('',#2926,#2926,#2588,.T.);
#3630=EDGE_CURVE('',#2927,#2928,#1486,.T.);
#3631=EDGE_CURVE('',#2927,#2929,#1487,.T.);
#3632=EDGE_CURVE('',#2930,#2929,#1488,.T.);
#3633=EDGE_CURVE('',#2928,#2930,#1489,.T.);
#3634=EDGE_CURVE('',#2928,#2931,#1490,.T.);
#3635=EDGE_CURVE('',#2932,#2930,#1491,.T.);
#3636=EDGE_CURVE('',#2931,#2932,#1492,.T.);
#3637=EDGE_CURVE('',#2931,#2933,#1493,.T.);
#3638=EDGE_CURVE('',#2934,#2932,#1494,.T.);
#3639=EDGE_CURVE('',#2933,#2934,#1495,.T.);
#3640=EDGE_CURVE('',#2933,#2935,#1496,.T.);
#3641=EDGE_CURVE('',#2936,#2934,#1497,.T.);
#3642=EDGE_CURVE('',#2935,#2936,#1498,.T.);
#3643=EDGE_CURVE('',#2935,#2937,#1499,.T.);
#3644=EDGE_CURVE('',#2938,#2936,#1500,.T.);
#3645=EDGE_CURVE('',#2937,#2938,#1501,.T.);
#3646=EDGE_CURVE('',#2937,#2939,#1502,.T.);
#3647=EDGE_CURVE('',#2940,#2938,#1503,.T.);
#3648=EDGE_CURVE('',#2939,#2940,#1504,.T.);
#3649=EDGE_CURVE('',#2939,#2941,#1505,.T.);
#3650=EDGE_CURVE('',#2942,#2940,#1506,.T.);
#3651=EDGE_CURVE('',#2941,#2942,#1507,.T.);
#3652=EDGE_CURVE('',#2941,#2943,#1508,.T.);
#3653=EDGE_CURVE('',#2944,#2942,#1509,.T.);
#3654=EDGE_CURVE('',#2943,#2944,#1510,.T.);
#3655=EDGE_CURVE('',#2943,#2945,#1511,.T.);
#3656=EDGE_CURVE('',#2946,#2944,#1512,.T.);
#3657=EDGE_CURVE('',#2945,#2946,#1513,.T.);
#3658=EDGE_CURVE('',#2945,#2947,#1514,.T.);
#3659=EDGE_CURVE('',#2948,#2946,#1515,.T.);
#3660=EDGE_CURVE('',#2947,#2948,#1516,.T.);
#3661=EDGE_CURVE('',#2947,#2949,#1517,.T.);
#3662=EDGE_CURVE('',#2950,#2948,#1518,.T.);
#3663=EDGE_CURVE('',#2949,#2950,#1519,.T.);
#3664=EDGE_CURVE('',#2949,#2951,#1520,.T.);
#3665=EDGE_CURVE('',#2952,#2950,#1521,.T.);
#3666=EDGE_CURVE('',#2951,#2952,#1522,.T.);
#3667=EDGE_CURVE('',#2951,#2953,#1523,.T.);
#3668=EDGE_CURVE('',#2954,#2952,#1524,.T.);
#3669=EDGE_CURVE('',#2953,#2954,#1525,.T.);
#3670=EDGE_CURVE('',#2953,#2955,#1526,.T.);
#3671=EDGE_CURVE('',#2956,#2954,#1527,.T.);
#3672=EDGE_CURVE('',#2955,#2956,#1528,.T.);
#3673=EDGE_CURVE('',#2955,#2957,#1529,.T.);
#3674=EDGE_CURVE('',#2958,#2956,#1530,.T.);
#3675=EDGE_CURVE('',#2957,#2958,#1531,.T.);
#3676=EDGE_CURVE('',#2957,#2959,#1532,.T.);
#3677=EDGE_CURVE('',#2960,#2958,#1533,.T.);
#3678=EDGE_CURVE('',#2959,#2960,#1534,.T.);
#3679=EDGE_CURVE('',#2959,#2961,#1535,.T.);
#3680=EDGE_CURVE('',#2962,#2960,#1536,.T.);
#3681=EDGE_CURVE('',#2961,#2962,#1537,.T.);
#3682=EDGE_CURVE('',#2961,#2963,#1538,.T.);
#3683=EDGE_CURVE('',#2964,#2962,#1539,.T.);
#3684=EDGE_CURVE('',#2963,#2964,#1540,.T.);
#3685=EDGE_CURVE('',#2963,#2965,#1541,.T.);
#3686=EDGE_CURVE('',#2966,#2964,#1542,.T.);
#3687=EDGE_CURVE('',#2965,#2966,#1543,.T.);
#3688=EDGE_CURVE('',#2965,#2967,#1544,.T.);
#3689=EDGE_CURVE('',#2968,#2966,#1545,.T.);
#3690=EDGE_CURVE('',#2967,#2968,#1546,.T.);
#3691=EDGE_CURVE('',#2969,#2967,#1547,.T.);
#3692=EDGE_CURVE('',#2970,#2968,#1548,.T.);
#3693=EDGE_CURVE('',#2969,#2970,#1549,.T.);
#3694=EDGE_CURVE('',#2971,#2969,#1550,.T.);
#3695=EDGE_CURVE('',#2972,#2970,#1551,.T.);
#3696=EDGE_CURVE('',#2971,#2972,#1552,.T.);
#3697=EDGE_CURVE('',#2973,#2971,#1553,.T.);
#3698=EDGE_CURVE('',#2974,#2972,#1554,.T.);
#3699=EDGE_CURVE('',#2973,#2974,#1555,.T.);
#3700=EDGE_CURVE('',#2975,#2973,#1556,.T.);
#3701=EDGE_CURVE('',#2976,#2974,#1557,.T.);
#3702=EDGE_CURVE('',#2975,#2976,#1558,.T.);
#3703=EDGE_CURVE('',#2977,#2975,#1559,.T.);
#3704=EDGE_CURVE('',#2978,#2976,#1560,.T.);
#3705=EDGE_CURVE('',#2977,#2978,#1561,.T.);
#3706=EDGE_CURVE('',#2979,#2977,#1562,.T.);
#3707=EDGE_CURVE('',#2980,#2978,#1563,.T.);
#3708=EDGE_CURVE('',#2979,#2980,#1564,.T.);
#3709=EDGE_CURVE('',#2981,#2979,#1565,.T.);
#3710=EDGE_CURVE('',#2982,#2980,#1566,.T.);
#3711=EDGE_CURVE('',#2981,#2982,#1567,.T.);
#3712=EDGE_CURVE('',#2981,#2983,#1568,.T.);
#3713=EDGE_CURVE('',#2984,#2982,#1569,.T.);
#3714=EDGE_CURVE('',#2983,#2984,#1570,.T.);
#3715=EDGE_CURVE('',#2983,#2985,#1571,.T.);
#3716=EDGE_CURVE('',#2986,#2984,#1572,.T.);
#3717=EDGE_CURVE('',#2985,#2986,#1573,.T.);
#3718=EDGE_CURVE('',#2985,#2987,#1574,.T.);
#3719=EDGE_CURVE('',#2988,#2986,#1575,.T.);
#3720=EDGE_CURVE('',#2987,#2988,#1576,.T.);
#3721=EDGE_CURVE('',#2989,#2987,#1577,.T.);
#3722=EDGE_CURVE('',#2990,#2988,#1578,.T.);
#3723=EDGE_CURVE('',#2989,#2990,#1579,.T.);
#3724=EDGE_CURVE('',#2927,#2989,#1580,.T.);
#3725=EDGE_CURVE('',#2929,#2990,#1581,.T.);
#3726=EDGE_CURVE('',#2991,#2991,#2589,.T.);
#3727=EDGE_CURVE('',#2991,#2992,#1582,.T.);
#3728=EDGE_CURVE('',#2992,#2992,#2590,.T.);
#3729=EDGE_CURVE('',#2993,#2993,#2591,.T.);
#3730=EDGE_CURVE('',#2993,#2994,#1583,.T.);
#3731=EDGE_CURVE('',#2994,#2994,#2592,.T.);
#3732=EDGE_CURVE('',#2995,#2996,#1584,.T.);
#3733=EDGE_CURVE('',#2997,#2995,#1585,.T.);
#3734=EDGE_CURVE('',#2998,#2997,#1586,.T.);
#3735=EDGE_CURVE('',#2998,#2996,#1587,.T.);
#3736=EDGE_CURVE('',#2996,#2999,#1588,.T.);
#3737=EDGE_CURVE('',#3000,#2998,#1589,.T.);
#3738=EDGE_CURVE('',#3000,#2999,#1590,.T.);
#3739=EDGE_CURVE('',#2999,#3001,#1591,.T.);
#3740=EDGE_CURVE('',#3002,#3000,#1592,.T.);
#3741=EDGE_CURVE('',#3002,#3001,#1593,.T.);
#3742=EDGE_CURVE('',#3001,#2995,#1594,.T.);
#3743=EDGE_CURVE('',#2997,#3002,#1595,.T.);
#3744=EDGE_CURVE('',#3003,#3003,#2593,.T.);
#3745=EDGE_CURVE('',#3003,#3004,#1596,.T.);
#3746=EDGE_CURVE('',#3004,#3004,#2594,.T.);
#3747=EDGE_CURVE('',#3005,#3005,#2595,.T.);
#3748=EDGE_CURVE('',#3005,#3006,#1597,.T.);
#3749=EDGE_CURVE('',#3006,#3006,#2596,.T.);
#3750=EDGE_CURVE('',#3007,#3008,#1598,.T.);
#3751=EDGE_CURVE('',#3007,#3009,#1599,.T.);
#3752=EDGE_CURVE('',#3010,#3009,#1600,.T.);
#3753=EDGE_CURVE('',#3008,#3010,#1601,.T.);
#3754=EDGE_CURVE('',#3011,#3008,#1602,.T.);
#3755=EDGE_CURVE('',#3012,#3010,#1603,.T.);
#3756=EDGE_CURVE('',#3011,#3012,#1604,.T.);
#3757=EDGE_CURVE('',#3013,#3011,#1605,.T.);
#3758=EDGE_CURVE('',#3014,#3012,#1606,.T.);
#3759=EDGE_CURVE('',#3013,#3014,#1607,.T.);
#3760=EDGE_CURVE('',#3013,#3015,#1608,.T.);
#3761=EDGE_CURVE('',#3016,#3014,#1609,.T.);
#3762=EDGE_CURVE('',#3015,#3016,#1610,.T.);
#3763=EDGE_CURVE('',#3015,#3017,#1611,.T.);
#3764=EDGE_CURVE('',#3018,#3016,#1612,.T.);
#3765=EDGE_CURVE('',#3017,#3018,#1613,.T.);
#3766=EDGE_CURVE('',#3017,#3019,#1614,.T.);
#3767=EDGE_CURVE('',#3020,#3018,#1615,.T.);
#3768=EDGE_CURVE('',#3019,#3020,#1616,.T.);
#3769=EDGE_CURVE('',#3019,#3021,#1617,.T.);
#3770=EDGE_CURVE('',#3022,#3020,#1618,.T.);
#3771=EDGE_CURVE('',#3021,#3022,#1619,.T.);
#3772=EDGE_CURVE('',#3021,#3023,#1620,.T.);
#3773=EDGE_CURVE('',#3024,#3022,#1621,.T.);
#3774=EDGE_CURVE('',#3023,#3024,#1622,.T.);
#3775=EDGE_CURVE('',#3023,#3025,#1623,.T.);
#3776=EDGE_CURVE('',#3026,#3024,#1624,.T.);
#3777=EDGE_CURVE('',#3025,#3026,#1625,.T.);
#3778=EDGE_CURVE('',#3025,#3027,#1626,.T.);
#3779=EDGE_CURVE('',#3028,#3026,#1627,.T.);
#3780=EDGE_CURVE('',#3027,#3028,#1628,.T.);
#3781=EDGE_CURVE('',#3027,#3029,#1629,.T.);
#3782=EDGE_CURVE('',#3030,#3028,#1630,.T.);
#3783=EDGE_CURVE('',#3029,#3030,#1631,.T.);
#3784=EDGE_CURVE('',#3029,#3031,#1632,.T.);
#3785=EDGE_CURVE('',#3032,#3030,#1633,.T.);
#3786=EDGE_CURVE('',#3031,#3032,#1634,.T.);
#3787=EDGE_CURVE('',#3031,#3033,#1635,.T.);
#3788=EDGE_CURVE('',#3034,#3032,#1636,.T.);
#3789=EDGE_CURVE('',#3033,#3034,#1637,.T.);
#3790=EDGE_CURVE('',#3033,#3035,#1638,.T.);
#3791=EDGE_CURVE('',#3036,#3034,#1639,.T.);
#3792=EDGE_CURVE('',#3035,#3036,#1640,.T.);
#3793=EDGE_CURVE('',#3035,#3037,#1641,.T.);
#3794=EDGE_CURVE('',#3038,#3036,#1642,.T.);
#3795=EDGE_CURVE('',#3037,#3038,#1643,.T.);
#3796=EDGE_CURVE('',#3037,#3039,#1644,.T.);
#3797=EDGE_CURVE('',#3040,#3038,#1645,.T.);
#3798=EDGE_CURVE('',#3039,#3040,#1646,.T.);
#3799=EDGE_CURVE('',#3039,#3041,#1647,.T.);
#3800=EDGE_CURVE('',#3042,#3040,#1648,.T.);
#3801=EDGE_CURVE('',#3041,#3042,#1649,.T.);
#3802=EDGE_CURVE('',#3041,#3043,#1650,.T.);
#3803=EDGE_CURVE('',#3044,#3042,#1651,.T.);
#3804=EDGE_CURVE('',#3043,#3044,#1652,.T.);
#3805=EDGE_CURVE('',#3043,#3045,#1653,.T.);
#3806=EDGE_CURVE('',#3046,#3044,#1654,.T.);
#3807=EDGE_CURVE('',#3045,#3046,#1655,.T.);
#3808=EDGE_CURVE('',#3045,#3047,#1656,.T.);
#3809=EDGE_CURVE('',#3048,#3046,#1657,.T.);
#3810=EDGE_CURVE('',#3047,#3048,#1658,.T.);
#3811=EDGE_CURVE('',#3047,#3049,#1659,.T.);
#3812=EDGE_CURVE('',#3050,#3048,#1660,.T.);
#3813=EDGE_CURVE('',#3049,#3050,#1661,.T.);
#3814=EDGE_CURVE('',#3051,#3049,#1662,.T.);
#3815=EDGE_CURVE('',#3052,#3050,#1663,.T.);
#3816=EDGE_CURVE('',#3051,#3052,#1664,.T.);
#3817=EDGE_CURVE('',#3053,#3051,#1665,.T.);
#3818=EDGE_CURVE('',#3054,#3052,#1666,.T.);
#3819=EDGE_CURVE('',#3053,#3054,#1667,.T.);
#3820=EDGE_CURVE('',#3055,#3053,#1668,.T.);
#3821=EDGE_CURVE('',#3056,#3054,#1669,.T.);
#3822=EDGE_CURVE('',#3055,#3056,#1670,.T.);
#3823=EDGE_CURVE('',#3057,#3055,#1671,.T.);
#3824=EDGE_CURVE('',#3058,#3056,#1672,.T.);
#3825=EDGE_CURVE('',#3057,#3058,#1673,.T.);
#3826=EDGE_CURVE('',#3059,#3057,#1674,.T.);
#3827=EDGE_CURVE('',#3060,#3058,#1675,.T.);
#3828=EDGE_CURVE('',#3059,#3060,#1676,.T.);
#3829=EDGE_CURVE('',#3061,#3059,#1677,.T.);
#3830=EDGE_CURVE('',#3062,#3060,#1678,.T.);
#3831=EDGE_CURVE('',#3061,#3062,#1679,.T.);
#3832=EDGE_CURVE('',#3063,#3061,#1680,.T.);
#3833=EDGE_CURVE('',#3064,#3062,#1681,.T.);
#3834=EDGE_CURVE('',#3063,#3064,#1682,.T.);
#3835=EDGE_CURVE('',#3065,#3063,#1683,.T.);
#3836=EDGE_CURVE('',#3066,#3064,#1684,.T.);
#3837=EDGE_CURVE('',#3065,#3066,#1685,.T.);
#3838=EDGE_CURVE('',#3067,#3065,#1686,.T.);
#3839=EDGE_CURVE('',#3068,#3066,#1687,.T.);
#3840=EDGE_CURVE('',#3067,#3068,#1688,.T.);
#3841=EDGE_CURVE('',#3069,#3067,#1689,.T.);
#3842=EDGE_CURVE('',#3070,#3068,#1690,.T.);
#3843=EDGE_CURVE('',#3069,#3070,#1691,.T.);
#3844=EDGE_CURVE('',#3007,#3069,#1692,.T.);
#3845=EDGE_CURVE('',#3009,#3070,#1693,.T.);
#3846=EDGE_CURVE('',#3071,#3072,#1694,.T.);
#3847=EDGE_CURVE('',#3071,#3073,#1695,.T.);
#3848=EDGE_CURVE('',#3074,#3073,#1696,.T.);
#3849=EDGE_CURVE('',#3072,#3074,#1697,.T.);
#3850=EDGE_CURVE('',#3075,#3072,#1698,.T.);
#3851=EDGE_CURVE('',#3076,#3074,#1699,.T.);
#3852=EDGE_CURVE('',#3075,#3076,#1700,.T.);
#3853=EDGE_CURVE('',#3077,#3075,#1701,.T.);
#3854=EDGE_CURVE('',#3078,#3076,#1702,.T.);
#3855=EDGE_CURVE('',#3077,#3078,#1703,.T.);
#3856=EDGE_CURVE('',#3077,#3079,#1704,.T.);
#3857=EDGE_CURVE('',#3080,#3078,#1705,.T.);
#3858=EDGE_CURVE('',#3079,#3080,#1706,.T.);
#3859=EDGE_CURVE('',#3079,#3081,#1707,.T.);
#3860=EDGE_CURVE('',#3082,#3080,#1708,.T.);
#3861=EDGE_CURVE('',#3081,#3082,#1709,.T.);
#3862=EDGE_CURVE('',#3081,#3083,#1710,.T.);
#3863=EDGE_CURVE('',#3084,#3082,#1711,.T.);
#3864=EDGE_CURVE('',#3083,#3084,#1712,.T.);
#3865=EDGE_CURVE('',#3083,#3085,#1713,.T.);
#3866=EDGE_CURVE('',#3086,#3084,#1714,.T.);
#3867=EDGE_CURVE('',#3085,#3086,#1715,.T.);
#3868=EDGE_CURVE('',#3085,#3087,#1716,.T.);
#3869=EDGE_CURVE('',#3088,#3086,#1717,.T.);
#3870=EDGE_CURVE('',#3087,#3088,#1718,.T.);
#3871=EDGE_CURVE('',#3087,#3089,#1719,.T.);
#3872=EDGE_CURVE('',#3090,#3088,#1720,.T.);
#3873=EDGE_CURVE('',#3089,#3090,#1721,.T.);
#3874=EDGE_CURVE('',#3089,#3091,#1722,.T.);
#3875=EDGE_CURVE('',#3092,#3090,#1723,.T.);
#3876=EDGE_CURVE('',#3091,#3092,#1724,.T.);
#3877=EDGE_CURVE('',#3091,#3093,#1725,.T.);
#3878=EDGE_CURVE('',#3094,#3092,#1726,.T.);
#3879=EDGE_CURVE('',#3093,#3094,#1727,.T.);
#3880=EDGE_CURVE('',#3093,#3095,#1728,.T.);
#3881=EDGE_CURVE('',#3096,#3094,#1729,.T.);
#3882=EDGE_CURVE('',#3095,#3096,#1730,.T.);
#3883=EDGE_CURVE('',#3095,#3097,#1731,.T.);
#3884=EDGE_CURVE('',#3098,#3096,#1732,.T.);
#3885=EDGE_CURVE('',#3097,#3098,#1733,.T.);
#3886=EDGE_CURVE('',#3097,#3099,#1734,.T.);
#3887=EDGE_CURVE('',#3100,#3098,#1735,.T.);
#3888=EDGE_CURVE('',#3099,#3100,#1736,.T.);
#3889=EDGE_CURVE('',#3099,#3101,#1737,.T.);
#3890=EDGE_CURVE('',#3102,#3100,#1738,.T.);
#3891=EDGE_CURVE('',#3101,#3102,#1739,.T.);
#3892=EDGE_CURVE('',#3101,#3103,#1740,.T.);
#3893=EDGE_CURVE('',#3104,#3102,#1741,.T.);
#3894=EDGE_CURVE('',#3103,#3104,#1742,.T.);
#3895=EDGE_CURVE('',#3103,#3105,#1743,.T.);
#3896=EDGE_CURVE('',#3106,#3104,#1744,.T.);
#3897=EDGE_CURVE('',#3105,#3106,#1745,.T.);
#3898=EDGE_CURVE('',#3105,#3107,#1746,.T.);
#3899=EDGE_CURVE('',#3108,#3106,#1747,.T.);
#3900=EDGE_CURVE('',#3107,#3108,#1748,.T.);
#3901=EDGE_CURVE('',#3107,#3109,#1749,.T.);
#3902=EDGE_CURVE('',#3110,#3108,#1750,.T.);
#3903=EDGE_CURVE('',#3109,#3110,#1751,.T.);
#3904=EDGE_CURVE('',#3109,#3111,#1752,.T.);
#3905=EDGE_CURVE('',#3112,#3110,#1753,.T.);
#3906=EDGE_CURVE('',#3111,#3112,#1754,.T.);
#3907=EDGE_CURVE('',#3111,#3113,#1755,.T.);
#3908=EDGE_CURVE('',#3114,#3112,#1756,.T.);
#3909=EDGE_CURVE('',#3113,#3114,#1757,.T.);
#3910=EDGE_CURVE('',#3115,#3113,#1758,.T.);
#3911=EDGE_CURVE('',#3116,#3114,#1759,.T.);
#3912=EDGE_CURVE('',#3115,#3116,#1760,.T.);
#3913=EDGE_CURVE('',#3117,#3115,#1761,.T.);
#3914=EDGE_CURVE('',#3118,#3116,#1762,.T.);
#3915=EDGE_CURVE('',#3117,#3118,#1763,.T.);
#3916=EDGE_CURVE('',#3119,#3117,#1764,.T.);
#3917=EDGE_CURVE('',#3120,#3118,#1765,.T.);
#3918=EDGE_CURVE('',#3119,#3120,#1766,.T.);
#3919=EDGE_CURVE('',#3121,#3119,#1767,.T.);
#3920=EDGE_CURVE('',#3122,#3120,#1768,.T.);
#3921=EDGE_CURVE('',#3121,#3122,#1769,.T.);
#3922=EDGE_CURVE('',#3123,#3121,#1770,.T.);
#3923=EDGE_CURVE('',#3124,#3122,#1771,.T.);
#3924=EDGE_CURVE('',#3123,#3124,#1772,.T.);
#3925=EDGE_CURVE('',#3125,#3123,#1773,.T.);
#3926=EDGE_CURVE('',#3126,#3124,#1774,.T.);
#3927=EDGE_CURVE('',#3125,#3126,#1775,.T.);
#3928=EDGE_CURVE('',#3127,#3125,#1776,.T.);
#3929=EDGE_CURVE('',#3128,#3126,#1777,.T.);
#3930=EDGE_CURVE('',#3127,#3128,#1778,.T.);
#3931=EDGE_CURVE('',#3129,#3127,#1779,.T.);
#3932=EDGE_CURVE('',#3130,#3128,#1780,.T.);
#3933=EDGE_CURVE('',#3129,#3130,#1781,.T.);
#3934=EDGE_CURVE('',#3131,#3129,#1782,.T.);
#3935=EDGE_CURVE('',#3132,#3130,#1783,.T.);
#3936=EDGE_CURVE('',#3131,#3132,#1784,.T.);
#3937=EDGE_CURVE('',#3133,#3131,#1785,.T.);
#3938=EDGE_CURVE('',#3134,#3132,#1786,.T.);
#3939=EDGE_CURVE('',#3133,#3134,#1787,.T.);
#3940=EDGE_CURVE('',#3071,#3133,#1788,.T.);
#3941=EDGE_CURVE('',#3073,#3134,#1789,.T.);
#3942=ORIENTED_EDGE('',*,*,#3135,.F.);
#3943=ORIENTED_EDGE('',*,*,#3136,.T.);
#3944=ORIENTED_EDGE('',*,*,#3137,.F.);
#3945=ORIENTED_EDGE('',*,*,#3136,.F.);
#3946=ORIENTED_EDGE('',*,*,#3138,.F.);
#3947=ORIENTED_EDGE('',*,*,#3139,.T.);
#3948=ORIENTED_EDGE('',*,*,#3140,.F.);
#3949=ORIENTED_EDGE('',*,*,#3139,.F.);
#3950=ORIENTED_EDGE('',*,*,#3141,.F.);
#3951=ORIENTED_EDGE('',*,*,#3142,.T.);
#3952=ORIENTED_EDGE('',*,*,#3143,.F.);
#3953=ORIENTED_EDGE('',*,*,#3142,.F.);
#3954=ORIENTED_EDGE('',*,*,#3144,.F.);
#3955=ORIENTED_EDGE('',*,*,#3145,.T.);
#3956=ORIENTED_EDGE('',*,*,#3146,.F.);
#3957=ORIENTED_EDGE('',*,*,#3147,.F.);
#3958=ORIENTED_EDGE('',*,*,#3148,.F.);
#3959=ORIENTED_EDGE('',*,*,#3147,.T.);
#3960=ORIENTED_EDGE('',*,*,#3149,.F.);
#3961=ORIENTED_EDGE('',*,*,#3150,.F.);
#3962=ORIENTED_EDGE('',*,*,#3151,.F.);
#3963=ORIENTED_EDGE('',*,*,#3150,.T.);
#3964=ORIENTED_EDGE('',*,*,#3152,.F.);
#3965=ORIENTED_EDGE('',*,*,#3153,.F.);
#3966=ORIENTED_EDGE('',*,*,#3154,.F.);
#3967=ORIENTED_EDGE('',*,*,#3153,.T.);
#3968=ORIENTED_EDGE('',*,*,#3155,.F.);
#3969=ORIENTED_EDGE('',*,*,#3156,.F.);
#3970=ORIENTED_EDGE('',*,*,#3157,.F.);
#3971=ORIENTED_EDGE('',*,*,#3156,.T.);
#3972=ORIENTED_EDGE('',*,*,#3158,.F.);
#3973=ORIENTED_EDGE('',*,*,#3159,.F.);
#3974=ORIENTED_EDGE('',*,*,#3160,.F.);
#3975=ORIENTED_EDGE('',*,*,#3159,.T.);
#3976=ORIENTED_EDGE('',*,*,#3161,.F.);
#3977=ORIENTED_EDGE('',*,*,#3162,.F.);
#3978=ORIENTED_EDGE('',*,*,#3163,.F.);
#3979=ORIENTED_EDGE('',*,*,#3162,.T.);
#3980=ORIENTED_EDGE('',*,*,#3164,.F.);
#3981=ORIENTED_EDGE('',*,*,#3165,.F.);
#3982=ORIENTED_EDGE('',*,*,#3166,.F.);
#3983=ORIENTED_EDGE('',*,*,#3165,.T.);
#3984=ORIENTED_EDGE('',*,*,#3167,.F.);
#3985=ORIENTED_EDGE('',*,*,#3168,.F.);
#3986=ORIENTED_EDGE('',*,*,#3169,.T.);
#3987=ORIENTED_EDGE('',*,*,#3168,.T.);
#3988=ORIENTED_EDGE('',*,*,#3170,.F.);
#3989=ORIENTED_EDGE('',*,*,#3171,.F.);
#3990=ORIENTED_EDGE('',*,*,#3172,.T.);
#3991=ORIENTED_EDGE('',*,*,#3171,.T.);
#3992=ORIENTED_EDGE('',*,*,#3173,.F.);
#3993=ORIENTED_EDGE('',*,*,#3174,.F.);
#3994=ORIENTED_EDGE('',*,*,#3175,.F.);
#3995=ORIENTED_EDGE('',*,*,#3174,.T.);
#3996=ORIENTED_EDGE('',*,*,#3176,.F.);
#3997=ORIENTED_EDGE('',*,*,#3177,.F.);
#3998=ORIENTED_EDGE('',*,*,#3178,.T.);
#3999=ORIENTED_EDGE('',*,*,#3177,.T.);
#4000=ORIENTED_EDGE('',*,*,#3179,.F.);
#4001=ORIENTED_EDGE('',*,*,#3180,.F.);
#4002=ORIENTED_EDGE('',*,*,#3181,.F.);
#4003=ORIENTED_EDGE('',*,*,#3180,.T.);
#4004=ORIENTED_EDGE('',*,*,#3182,.F.);
#4005=ORIENTED_EDGE('',*,*,#3183,.F.);
#4006=ORIENTED_EDGE('',*,*,#3184,.F.);
#4007=ORIENTED_EDGE('',*,*,#3183,.T.);
#4008=ORIENTED_EDGE('',*,*,#3185,.F.);
#4009=ORIENTED_EDGE('',*,*,#3186,.F.);
#4010=ORIENTED_EDGE('',*,*,#3187,.F.);
#4011=ORIENTED_EDGE('',*,*,#3186,.T.);
#4012=ORIENTED_EDGE('',*,*,#3188,.F.);
#4013=ORIENTED_EDGE('',*,*,#3189,.F.);
#4014=ORIENTED_EDGE('',*,*,#3190,.T.);
#4015=ORIENTED_EDGE('',*,*,#3189,.T.);
#4016=ORIENTED_EDGE('',*,*,#3191,.F.);
#4017=ORIENTED_EDGE('',*,*,#3192,.F.);
#4018=ORIENTED_EDGE('',*,*,#3193,.F.);
#4019=ORIENTED_EDGE('',*,*,#3192,.T.);
#4020=ORIENTED_EDGE('',*,*,#3194,.F.);
#4021=ORIENTED_EDGE('',*,*,#3195,.F.);
#4022=ORIENTED_EDGE('',*,*,#3196,.F.);
#4023=ORIENTED_EDGE('',*,*,#3195,.T.);
#4024=ORIENTED_EDGE('',*,*,#3197,.F.);
#4025=ORIENTED_EDGE('',*,*,#3198,.F.);
#4026=ORIENTED_EDGE('',*,*,#3199,.F.);
#4027=ORIENTED_EDGE('',*,*,#3198,.T.);
#4028=ORIENTED_EDGE('',*,*,#3200,.F.);
#4029=ORIENTED_EDGE('',*,*,#3201,.F.);
#4030=ORIENTED_EDGE('',*,*,#3202,.F.);
#4031=ORIENTED_EDGE('',*,*,#3201,.T.);
#4032=ORIENTED_EDGE('',*,*,#3203,.F.);
#4033=ORIENTED_EDGE('',*,*,#3204,.F.);
#4034=ORIENTED_EDGE('',*,*,#3205,.T.);
#4035=ORIENTED_EDGE('',*,*,#3204,.T.);
#4036=ORIENTED_EDGE('',*,*,#3206,.F.);
#4037=ORIENTED_EDGE('',*,*,#3207,.F.);
#4038=ORIENTED_EDGE('',*,*,#3208,.T.);
#4039=ORIENTED_EDGE('',*,*,#3207,.T.);
#4040=ORIENTED_EDGE('',*,*,#3209,.F.);
#4041=ORIENTED_EDGE('',*,*,#3210,.F.);
#4042=ORIENTED_EDGE('',*,*,#3211,.T.);
#4043=ORIENTED_EDGE('',*,*,#3210,.T.);
#4044=ORIENTED_EDGE('',*,*,#3212,.F.);
#4045=ORIENTED_EDGE('',*,*,#3213,.F.);
#4046=ORIENTED_EDGE('',*,*,#3214,.T.);
#4047=ORIENTED_EDGE('',*,*,#3213,.T.);
#4048=ORIENTED_EDGE('',*,*,#3215,.F.);
#4049=ORIENTED_EDGE('',*,*,#3216,.F.);
#4050=ORIENTED_EDGE('',*,*,#3217,.T.);
#4051=ORIENTED_EDGE('',*,*,#3216,.T.);
#4052=ORIENTED_EDGE('',*,*,#3218,.F.);
#4053=ORIENTED_EDGE('',*,*,#3219,.F.);
#4054=ORIENTED_EDGE('',*,*,#3220,.T.);
#4055=ORIENTED_EDGE('',*,*,#3219,.T.);
#4056=ORIENTED_EDGE('',*,*,#3221,.F.);
#4057=ORIENTED_EDGE('',*,*,#3222,.F.);
#4058=ORIENTED_EDGE('',*,*,#3223,.T.);
#4059=ORIENTED_EDGE('',*,*,#3222,.T.);
#4060=ORIENTED_EDGE('',*,*,#3224,.F.);
#4061=ORIENTED_EDGE('',*,*,#3225,.F.);
#4062=ORIENTED_EDGE('',*,*,#3226,.F.);
#4063=ORIENTED_EDGE('',*,*,#3225,.T.);
#4064=ORIENTED_EDGE('',*,*,#3227,.F.);
#4065=ORIENTED_EDGE('',*,*,#3228,.F.);
#4066=ORIENTED_EDGE('',*,*,#3229,.F.);
#4067=ORIENTED_EDGE('',*,*,#3228,.T.);
#4068=ORIENTED_EDGE('',*,*,#3230,.F.);
#4069=ORIENTED_EDGE('',*,*,#3231,.F.);
#4070=ORIENTED_EDGE('',*,*,#3232,.F.);
#4071=ORIENTED_EDGE('',*,*,#3231,.T.);
#4072=ORIENTED_EDGE('',*,*,#3233,.F.);
#4073=ORIENTED_EDGE('',*,*,#3234,.F.);
#4074=ORIENTED_EDGE('',*,*,#3235,.T.);
#4075=ORIENTED_EDGE('',*,*,#3234,.T.);
#4076=ORIENTED_EDGE('',*,*,#3236,.F.);
#4077=ORIENTED_EDGE('',*,*,#3237,.F.);
#4078=ORIENTED_EDGE('',*,*,#3238,.T.);
#4079=ORIENTED_EDGE('',*,*,#3237,.T.);
#4080=ORIENTED_EDGE('',*,*,#3239,.F.);
#4081=ORIENTED_EDGE('',*,*,#3240,.F.);
#4082=ORIENTED_EDGE('',*,*,#3241,.F.);
#4083=ORIENTED_EDGE('',*,*,#3240,.T.);
#4084=ORIENTED_EDGE('',*,*,#3242,.F.);
#4085=ORIENTED_EDGE('',*,*,#3243,.F.);
#4086=ORIENTED_EDGE('',*,*,#3244,.F.);
#4087=ORIENTED_EDGE('',*,*,#3243,.T.);
#4088=ORIENTED_EDGE('',*,*,#3245,.F.);
#4089=ORIENTED_EDGE('',*,*,#3246,.F.);
#4090=ORIENTED_EDGE('',*,*,#3247,.F.);
#4091=ORIENTED_EDGE('',*,*,#3246,.T.);
#4092=ORIENTED_EDGE('',*,*,#3248,.F.);
#4093=ORIENTED_EDGE('',*,*,#3249,.F.);
#4094=ORIENTED_EDGE('',*,*,#3250,.T.);
#4095=ORIENTED_EDGE('',*,*,#3249,.T.);
#4096=ORIENTED_EDGE('',*,*,#3251,.F.);
#4097=ORIENTED_EDGE('',*,*,#3145,.F.);
#4098=ORIENTED_EDGE('',*,*,#3251,.T.);
#4099=ORIENTED_EDGE('',*,*,#3248,.T.);
#4100=ORIENTED_EDGE('',*,*,#3245,.T.);
#4101=ORIENTED_EDGE('',*,*,#3242,.T.);
#4102=ORIENTED_EDGE('',*,*,#3239,.T.);
#4103=ORIENTED_EDGE('',*,*,#3236,.T.);
#4104=ORIENTED_EDGE('',*,*,#3233,.T.);
#4105=ORIENTED_EDGE('',*,*,#3230,.T.);
#4106=ORIENTED_EDGE('',*,*,#3227,.T.);
#4107=ORIENTED_EDGE('',*,*,#3224,.T.);
#4108=ORIENTED_EDGE('',*,*,#3221,.T.);
#4109=ORIENTED_EDGE('',*,*,#3218,.T.);
#4110=ORIENTED_EDGE('',*,*,#3215,.T.);
#4111=ORIENTED_EDGE('',*,*,#3212,.T.);
#4112=ORIENTED_EDGE('',*,*,#3209,.T.);
#4113=ORIENTED_EDGE('',*,*,#3206,.T.);
#4114=ORIENTED_EDGE('',*,*,#3203,.T.);
#4115=ORIENTED_EDGE('',*,*,#3200,.T.);
#4116=ORIENTED_EDGE('',*,*,#3197,.T.);
#4117=ORIENTED_EDGE('',*,*,#3194,.T.);
#4118=ORIENTED_EDGE('',*,*,#3191,.T.);
#4119=ORIENTED_EDGE('',*,*,#3188,.T.);
#4120=ORIENTED_EDGE('',*,*,#3185,.T.);
#4121=ORIENTED_EDGE('',*,*,#3182,.T.);
#4122=ORIENTED_EDGE('',*,*,#3179,.T.);
#4123=ORIENTED_EDGE('',*,*,#3176,.T.);
#4124=ORIENTED_EDGE('',*,*,#3173,.T.);
#4125=ORIENTED_EDGE('',*,*,#3170,.T.);
#4126=ORIENTED_EDGE('',*,*,#3167,.T.);
#4127=ORIENTED_EDGE('',*,*,#3164,.T.);
#4128=ORIENTED_EDGE('',*,*,#3161,.T.);
#4129=ORIENTED_EDGE('',*,*,#3158,.T.);
#4130=ORIENTED_EDGE('',*,*,#3155,.T.);
#4131=ORIENTED_EDGE('',*,*,#3152,.T.);
#4132=ORIENTED_EDGE('',*,*,#3149,.T.);
#4133=ORIENTED_EDGE('',*,*,#3146,.T.);
#4134=ORIENTED_EDGE('',*,*,#3137,.T.);
#4135=ORIENTED_EDGE('',*,*,#3140,.T.);
#4136=ORIENTED_EDGE('',*,*,#3143,.T.);
#4137=ORIENTED_EDGE('',*,*,#3250,.F.);
#4138=ORIENTED_EDGE('',*,*,#3144,.T.);
#4139=ORIENTED_EDGE('',*,*,#3148,.T.);
#4140=ORIENTED_EDGE('',*,*,#3151,.T.);
#4141=ORIENTED_EDGE('',*,*,#3154,.T.);
#4142=ORIENTED_EDGE('',*,*,#3157,.T.);
#4143=ORIENTED_EDGE('',*,*,#3160,.T.);
#4144=ORIENTED_EDGE('',*,*,#3163,.T.);
#4145=ORIENTED_EDGE('',*,*,#3166,.T.);
#4146=ORIENTED_EDGE('',*,*,#3169,.F.);
#4147=ORIENTED_EDGE('',*,*,#3172,.F.);
#4148=ORIENTED_EDGE('',*,*,#3175,.T.);
#4149=ORIENTED_EDGE('',*,*,#3178,.F.);
#4150=ORIENTED_EDGE('',*,*,#3181,.T.);
#4151=ORIENTED_EDGE('',*,*,#3184,.T.);
#4152=ORIENTED_EDGE('',*,*,#3187,.T.);
#4153=ORIENTED_EDGE('',*,*,#3190,.F.);
#4154=ORIENTED_EDGE('',*,*,#3193,.T.);
#4155=ORIENTED_EDGE('',*,*,#3196,.T.);
#4156=ORIENTED_EDGE('',*,*,#3199,.T.);
#4157=ORIENTED_EDGE('',*,*,#3202,.T.);
#4158=ORIENTED_EDGE('',*,*,#3205,.F.);
#4159=ORIENTED_EDGE('',*,*,#3208,.F.);
#4160=ORIENTED_EDGE('',*,*,#3211,.F.);
#4161=ORIENTED_EDGE('',*,*,#3214,.F.);
#4162=ORIENTED_EDGE('',*,*,#3217,.F.);
#4163=ORIENTED_EDGE('',*,*,#3220,.F.);
#4164=ORIENTED_EDGE('',*,*,#3223,.F.);
#4165=ORIENTED_EDGE('',*,*,#3226,.T.);
#4166=ORIENTED_EDGE('',*,*,#3229,.T.);
#4167=ORIENTED_EDGE('',*,*,#3232,.T.);
#4168=ORIENTED_EDGE('',*,*,#3235,.F.);
#4169=ORIENTED_EDGE('',*,*,#3238,.F.);
#4170=ORIENTED_EDGE('',*,*,#3241,.T.);
#4171=ORIENTED_EDGE('',*,*,#3244,.T.);
#4172=ORIENTED_EDGE('',*,*,#3247,.T.);
#4173=ORIENTED_EDGE('',*,*,#3135,.T.);
#4174=ORIENTED_EDGE('',*,*,#3138,.T.);
#4175=ORIENTED_EDGE('',*,*,#3141,.T.);
#4176=ORIENTED_EDGE('',*,*,#3252,.F.);
#4177=ORIENTED_EDGE('',*,*,#3253,.T.);
#4178=ORIENTED_EDGE('',*,*,#3254,.F.);
#4179=ORIENTED_EDGE('',*,*,#3255,.F.);
#4180=ORIENTED_EDGE('',*,*,#3256,.F.);
#4181=ORIENTED_EDGE('',*,*,#3255,.T.);
#4182=ORIENTED_EDGE('',*,*,#3257,.F.);
#4183=ORIENTED_EDGE('',*,*,#3258,.F.);
#4184=ORIENTED_EDGE('',*,*,#3259,.F.);
#4185=ORIENTED_EDGE('',*,*,#3258,.T.);
#4186=ORIENTED_EDGE('',*,*,#3260,.F.);
#4187=ORIENTED_EDGE('',*,*,#3261,.F.);
#4188=ORIENTED_EDGE('',*,*,#3262,.F.);
#4189=ORIENTED_EDGE('',*,*,#3261,.T.);
#4190=ORIENTED_EDGE('',*,*,#3263,.F.);
#4191=ORIENTED_EDGE('',*,*,#3264,.F.);
#4192=ORIENTED_EDGE('',*,*,#3265,.F.);
#4193=ORIENTED_EDGE('',*,*,#3264,.T.);
#4194=ORIENTED_EDGE('',*,*,#3266,.F.);
#4195=ORIENTED_EDGE('',*,*,#3267,.F.);
#4196=ORIENTED_EDGE('',*,*,#3268,.F.);
#4197=ORIENTED_EDGE('',*,*,#3267,.T.);
#4198=ORIENTED_EDGE('',*,*,#3269,.F.);
#4199=ORIENTED_EDGE('',*,*,#3270,.F.);
#4200=ORIENTED_EDGE('',*,*,#3271,.T.);
#4201=ORIENTED_EDGE('',*,*,#3270,.T.);
#4202=ORIENTED_EDGE('',*,*,#3272,.F.);
#4203=ORIENTED_EDGE('',*,*,#3273,.F.);
#4204=ORIENTED_EDGE('',*,*,#3274,.T.);
#4205=ORIENTED_EDGE('',*,*,#3273,.T.);
#4206=ORIENTED_EDGE('',*,*,#3275,.F.);
#4207=ORIENTED_EDGE('',*,*,#3276,.F.);
#4208=ORIENTED_EDGE('',*,*,#3277,.T.);
#4209=ORIENTED_EDGE('',*,*,#3276,.T.);
#4210=ORIENTED_EDGE('',*,*,#3278,.F.);
#4211=ORIENTED_EDGE('',*,*,#3279,.F.);
#4212=ORIENTED_EDGE('',*,*,#3280,.T.);
#4213=ORIENTED_EDGE('',*,*,#3279,.T.);
#4214=ORIENTED_EDGE('',*,*,#3281,.F.);
#4215=ORIENTED_EDGE('',*,*,#3282,.F.);
#4216=ORIENTED_EDGE('',*,*,#3283,.F.);
#4217=ORIENTED_EDGE('',*,*,#3282,.T.);
#4218=ORIENTED_EDGE('',*,*,#3284,.F.);
#4219=ORIENTED_EDGE('',*,*,#3285,.F.);
#4220=ORIENTED_EDGE('',*,*,#3286,.T.);
#4221=ORIENTED_EDGE('',*,*,#3285,.T.);
#4222=ORIENTED_EDGE('',*,*,#3287,.F.);
#4223=ORIENTED_EDGE('',*,*,#3288,.F.);
#4224=ORIENTED_EDGE('',*,*,#3289,.F.);
#4225=ORIENTED_EDGE('',*,*,#3288,.T.);
#4226=ORIENTED_EDGE('',*,*,#3290,.F.);
#4227=ORIENTED_EDGE('',*,*,#3291,.F.);
#4228=ORIENTED_EDGE('',*,*,#3292,.F.);
#4229=ORIENTED_EDGE('',*,*,#3291,.T.);
#4230=ORIENTED_EDGE('',*,*,#3293,.F.);
#4231=ORIENTED_EDGE('',*,*,#3294,.F.);
#4232=ORIENTED_EDGE('',*,*,#3295,.F.);
#4233=ORIENTED_EDGE('',*,*,#3294,.T.);
#4234=ORIENTED_EDGE('',*,*,#3296,.F.);
#4235=ORIENTED_EDGE('',*,*,#3297,.F.);
#4236=ORIENTED_EDGE('',*,*,#3298,.T.);
#4237=ORIENTED_EDGE('',*,*,#3297,.T.);
#4238=ORIENTED_EDGE('',*,*,#3299,.F.);
#4239=ORIENTED_EDGE('',*,*,#3253,.F.);
#4240=ORIENTED_EDGE('',*,*,#3299,.T.);
#4241=ORIENTED_EDGE('',*,*,#3296,.T.);
#4242=ORIENTED_EDGE('',*,*,#3293,.T.);
#4243=ORIENTED_EDGE('',*,*,#3290,.T.);
#4244=ORIENTED_EDGE('',*,*,#3287,.T.);
#4245=ORIENTED_EDGE('',*,*,#3284,.T.);
#4246=ORIENTED_EDGE('',*,*,#3281,.T.);
#4247=ORIENTED_EDGE('',*,*,#3278,.T.);
#4248=ORIENTED_EDGE('',*,*,#3275,.T.);
#4249=ORIENTED_EDGE('',*,*,#3272,.T.);
#4250=ORIENTED_EDGE('',*,*,#3269,.T.);
#4251=ORIENTED_EDGE('',*,*,#3266,.T.);
#4252=ORIENTED_EDGE('',*,*,#3263,.T.);
#4253=ORIENTED_EDGE('',*,*,#3260,.T.);
#4254=ORIENTED_EDGE('',*,*,#3257,.T.);
#4255=ORIENTED_EDGE('',*,*,#3254,.T.);
#4256=ORIENTED_EDGE('',*,*,#3298,.F.);
#4257=ORIENTED_EDGE('',*,*,#3252,.T.);
#4258=ORIENTED_EDGE('',*,*,#3256,.T.);
#4259=ORIENTED_EDGE('',*,*,#3259,.T.);
#4260=ORIENTED_EDGE('',*,*,#3262,.T.);
#4261=ORIENTED_EDGE('',*,*,#3265,.T.);
#4262=ORIENTED_EDGE('',*,*,#3268,.T.);
#4263=ORIENTED_EDGE('',*,*,#3271,.F.);
#4264=ORIENTED_EDGE('',*,*,#3274,.F.);
#4265=ORIENTED_EDGE('',*,*,#3277,.F.);
#4266=ORIENTED_EDGE('',*,*,#3280,.F.);
#4267=ORIENTED_EDGE('',*,*,#3283,.T.);
#4268=ORIENTED_EDGE('',*,*,#3286,.F.);
#4269=ORIENTED_EDGE('',*,*,#3289,.T.);
#4270=ORIENTED_EDGE('',*,*,#3292,.T.);
#4271=ORIENTED_EDGE('',*,*,#3295,.T.);
#4272=ORIENTED_EDGE('',*,*,#3300,.F.);
#4273=ORIENTED_EDGE('',*,*,#3301,.T.);
#4274=ORIENTED_EDGE('',*,*,#3302,.F.);
#4275=ORIENTED_EDGE('',*,*,#3303,.F.);
#4276=ORIENTED_EDGE('',*,*,#3304,.F.);
#4277=ORIENTED_EDGE('',*,*,#3303,.T.);
#4278=ORIENTED_EDGE('',*,*,#3305,.F.);
#4279=ORIENTED_EDGE('',*,*,#3306,.F.);
#4280=ORIENTED_EDGE('',*,*,#3307,.F.);
#4281=ORIENTED_EDGE('',*,*,#3306,.T.);
#4282=ORIENTED_EDGE('',*,*,#3308,.F.);
#4283=ORIENTED_EDGE('',*,*,#3309,.F.);
#4284=ORIENTED_EDGE('',*,*,#3310,.T.);
#4285=ORIENTED_EDGE('',*,*,#3309,.T.);
#4286=ORIENTED_EDGE('',*,*,#3311,.F.);
#4287=ORIENTED_EDGE('',*,*,#3312,.F.);
#4288=ORIENTED_EDGE('',*,*,#3313,.T.);
#4289=ORIENTED_EDGE('',*,*,#3312,.T.);
#4290=ORIENTED_EDGE('',*,*,#3314,.F.);
#4291=ORIENTED_EDGE('',*,*,#3315,.F.);
#4292=ORIENTED_EDGE('',*,*,#3316,.T.);
#4293=ORIENTED_EDGE('',*,*,#3315,.T.);
#4294=ORIENTED_EDGE('',*,*,#3317,.F.);
#4295=ORIENTED_EDGE('',*,*,#3318,.F.);
#4296=ORIENTED_EDGE('',*,*,#3319,.T.);
#4297=ORIENTED_EDGE('',*,*,#3318,.T.);
#4298=ORIENTED_EDGE('',*,*,#3320,.F.);
#4299=ORIENTED_EDGE('',*,*,#3321,.F.);
#4300=ORIENTED_EDGE('',*,*,#3322,.T.);
#4301=ORIENTED_EDGE('',*,*,#3321,.T.);
#4302=ORIENTED_EDGE('',*,*,#3323,.F.);
#4303=ORIENTED_EDGE('',*,*,#3324,.F.);
#4304=ORIENTED_EDGE('',*,*,#3325,.T.);
#4305=ORIENTED_EDGE('',*,*,#3324,.T.);
#4306=ORIENTED_EDGE('',*,*,#3326,.F.);
#4307=ORIENTED_EDGE('',*,*,#3327,.F.);
#4308=ORIENTED_EDGE('',*,*,#3328,.T.);
#4309=ORIENTED_EDGE('',*,*,#3327,.T.);
#4310=ORIENTED_EDGE('',*,*,#3329,.F.);
#4311=ORIENTED_EDGE('',*,*,#3330,.F.);
#4312=ORIENTED_EDGE('',*,*,#3331,.T.);
#4313=ORIENTED_EDGE('',*,*,#3330,.T.);
#4314=ORIENTED_EDGE('',*,*,#3332,.F.);
#4315=ORIENTED_EDGE('',*,*,#3333,.F.);
#4316=ORIENTED_EDGE('',*,*,#3334,.T.);
#4317=ORIENTED_EDGE('',*,*,#3333,.T.);
#4318=ORIENTED_EDGE('',*,*,#3335,.F.);
#4319=ORIENTED_EDGE('',*,*,#3336,.F.);
#4320=ORIENTED_EDGE('',*,*,#3337,.T.);
#4321=ORIENTED_EDGE('',*,*,#3336,.T.);
#4322=ORIENTED_EDGE('',*,*,#3338,.F.);
#4323=ORIENTED_EDGE('',*,*,#3339,.F.);
#4324=ORIENTED_EDGE('',*,*,#3340,.T.);
#4325=ORIENTED_EDGE('',*,*,#3339,.T.);
#4326=ORIENTED_EDGE('',*,*,#3341,.F.);
#4327=ORIENTED_EDGE('',*,*,#3342,.F.);
#4328=ORIENTED_EDGE('',*,*,#3343,.T.);
#4329=ORIENTED_EDGE('',*,*,#3342,.T.);
#4330=ORIENTED_EDGE('',*,*,#3344,.F.);
#4331=ORIENTED_EDGE('',*,*,#3345,.F.);
#4332=ORIENTED_EDGE('',*,*,#3346,.T.);
#4333=ORIENTED_EDGE('',*,*,#3345,.T.);
#4334=ORIENTED_EDGE('',*,*,#3347,.F.);
#4335=ORIENTED_EDGE('',*,*,#3301,.F.);
#4336=ORIENTED_EDGE('',*,*,#3347,.T.);
#4337=ORIENTED_EDGE('',*,*,#3344,.T.);
#4338=ORIENTED_EDGE('',*,*,#3341,.T.);
#4339=ORIENTED_EDGE('',*,*,#3338,.T.);
#4340=ORIENTED_EDGE('',*,*,#3335,.T.);
#4341=ORIENTED_EDGE('',*,*,#3332,.T.);
#4342=ORIENTED_EDGE('',*,*,#3329,.T.);
#4343=ORIENTED_EDGE('',*,*,#3326,.T.);
#4344=ORIENTED_EDGE('',*,*,#3323,.T.);
#4345=ORIENTED_EDGE('',*,*,#3320,.T.);
#4346=ORIENTED_EDGE('',*,*,#3317,.T.);
#4347=ORIENTED_EDGE('',*,*,#3314,.T.);
#4348=ORIENTED_EDGE('',*,*,#3311,.T.);
#4349=ORIENTED_EDGE('',*,*,#3308,.T.);
#4350=ORIENTED_EDGE('',*,*,#3305,.T.);
#4351=ORIENTED_EDGE('',*,*,#3302,.T.);
#4352=ORIENTED_EDGE('',*,*,#3346,.F.);
#4353=ORIENTED_EDGE('',*,*,#3300,.T.);
#4354=ORIENTED_EDGE('',*,*,#3304,.T.);
#4355=ORIENTED_EDGE('',*,*,#3307,.T.);
#4356=ORIENTED_EDGE('',*,*,#3310,.F.);
#4357=ORIENTED_EDGE('',*,*,#3313,.F.);
#4358=ORIENTED_EDGE('',*,*,#3316,.F.);
#4359=ORIENTED_EDGE('',*,*,#3319,.F.);
#4360=ORIENTED_EDGE('',*,*,#3322,.F.);
#4361=ORIENTED_EDGE('',*,*,#3325,.F.);
#4362=ORIENTED_EDGE('',*,*,#3328,.F.);
#4363=ORIENTED_EDGE('',*,*,#3331,.F.);
#4364=ORIENTED_EDGE('',*,*,#3334,.F.);
#4365=ORIENTED_EDGE('',*,*,#3337,.F.);
#4366=ORIENTED_EDGE('',*,*,#3340,.F.);
#4367=ORIENTED_EDGE('',*,*,#3343,.F.);
#4368=ORIENTED_EDGE('',*,*,#3348,.F.);
#4369=ORIENTED_EDGE('',*,*,#3349,.T.);
#4370=ORIENTED_EDGE('',*,*,#3350,.F.);
#4371=ORIENTED_EDGE('',*,*,#3349,.F.);
#4372=ORIENTED_EDGE('',*,*,#3351,.F.);
#4373=ORIENTED_EDGE('',*,*,#3352,.T.);
#4374=ORIENTED_EDGE('',*,*,#3353,.F.);
#4375=ORIENTED_EDGE('',*,*,#3352,.F.);
#4376=ORIENTED_EDGE('',*,*,#3354,.F.);
#4377=ORIENTED_EDGE('',*,*,#3355,.T.);
#4378=ORIENTED_EDGE('',*,*,#3356,.F.);
#4379=ORIENTED_EDGE('',*,*,#3355,.F.);
#4380=ORIENTED_EDGE('',*,*,#3357,.F.);
#4381=ORIENTED_EDGE('',*,*,#3358,.T.);
#4382=ORIENTED_EDGE('',*,*,#3359,.F.);
#4383=ORIENTED_EDGE('',*,*,#3358,.F.);
#4384=ORIENTED_EDGE('',*,*,#3360,.F.);
#4385=ORIENTED_EDGE('',*,*,#3361,.T.);
#4386=ORIENTED_EDGE('',*,*,#3362,.F.);
#4387=ORIENTED_EDGE('',*,*,#3361,.F.);
#4388=ORIENTED_EDGE('',*,*,#3363,.F.);
#4389=ORIENTED_EDGE('',*,*,#3364,.T.);
#4390=ORIENTED_EDGE('',*,*,#3365,.F.);
#4391=ORIENTED_EDGE('',*,*,#3364,.F.);
#4392=ORIENTED_EDGE('',*,*,#3366,.F.);
#4393=ORIENTED_EDGE('',*,*,#3367,.T.);
#4394=ORIENTED_EDGE('',*,*,#3368,.F.);
#4395=ORIENTED_EDGE('',*,*,#3367,.F.);
#4396=ORIENTED_EDGE('',*,*,#3369,.F.);
#4397=ORIENTED_EDGE('',*,*,#3370,.T.);
#4398=ORIENTED_EDGE('',*,*,#3371,.F.);
#4399=ORIENTED_EDGE('',*,*,#3370,.F.);
#4400=ORIENTED_EDGE('',*,*,#3372,.F.);
#4401=ORIENTED_EDGE('',*,*,#3373,.T.);
#4402=ORIENTED_EDGE('',*,*,#3374,.F.);
#4403=ORIENTED_EDGE('',*,*,#3375,.F.);
#4404=ORIENTED_EDGE('',*,*,#3376,.F.);
#4405=ORIENTED_EDGE('',*,*,#3375,.T.);
#4406=ORIENTED_EDGE('',*,*,#3377,.F.);
#4407=ORIENTED_EDGE('',*,*,#3378,.F.);
#4408=ORIENTED_EDGE('',*,*,#3379,.F.);
#4409=ORIENTED_EDGE('',*,*,#3378,.T.);
#4410=ORIENTED_EDGE('',*,*,#3380,.F.);
#4411=ORIENTED_EDGE('',*,*,#3381,.F.);
#4412=ORIENTED_EDGE('',*,*,#3382,.F.);
#4413=ORIENTED_EDGE('',*,*,#3381,.T.);
#4414=ORIENTED_EDGE('',*,*,#3383,.F.);
#4415=ORIENTED_EDGE('',*,*,#3384,.F.);
#4416=ORIENTED_EDGE('',*,*,#3385,.F.);
#4417=ORIENTED_EDGE('',*,*,#3384,.T.);
#4418=ORIENTED_EDGE('',*,*,#3386,.F.);
#4419=ORIENTED_EDGE('',*,*,#3387,.F.);
#4420=ORIENTED_EDGE('',*,*,#3388,.F.);
#4421=ORIENTED_EDGE('',*,*,#3387,.T.);
#4422=ORIENTED_EDGE('',*,*,#3389,.F.);
#4423=ORIENTED_EDGE('',*,*,#3390,.F.);
#4424=ORIENTED_EDGE('',*,*,#3391,.F.);
#4425=ORIENTED_EDGE('',*,*,#3390,.T.);
#4426=ORIENTED_EDGE('',*,*,#3392,.F.);
#4427=ORIENTED_EDGE('',*,*,#3393,.F.);
#4428=ORIENTED_EDGE('',*,*,#3394,.T.);
#4429=ORIENTED_EDGE('',*,*,#3393,.T.);
#4430=ORIENTED_EDGE('',*,*,#3395,.F.);
#4431=ORIENTED_EDGE('',*,*,#3396,.F.);
#4432=ORIENTED_EDGE('',*,*,#3397,.T.);
#4433=ORIENTED_EDGE('',*,*,#3396,.T.);
#4434=ORIENTED_EDGE('',*,*,#3398,.F.);
#4435=ORIENTED_EDGE('',*,*,#3399,.F.);
#4436=ORIENTED_EDGE('',*,*,#3400,.F.);
#4437=ORIENTED_EDGE('',*,*,#3399,.T.);
#4438=ORIENTED_EDGE('',*,*,#3401,.F.);
#4439=ORIENTED_EDGE('',*,*,#3402,.F.);
#4440=ORIENTED_EDGE('',*,*,#3403,.T.);
#4441=ORIENTED_EDGE('',*,*,#3402,.T.);
#4442=ORIENTED_EDGE('',*,*,#3404,.F.);
#4443=ORIENTED_EDGE('',*,*,#3405,.F.);
#4444=ORIENTED_EDGE('',*,*,#3406,.F.);
#4445=ORIENTED_EDGE('',*,*,#3405,.T.);
#4446=ORIENTED_EDGE('',*,*,#3407,.F.);
#4447=ORIENTED_EDGE('',*,*,#3408,.F.);
#4448=ORIENTED_EDGE('',*,*,#3409,.F.);
#4449=ORIENTED_EDGE('',*,*,#3408,.T.);
#4450=ORIENTED_EDGE('',*,*,#3410,.F.);
#4451=ORIENTED_EDGE('',*,*,#3411,.F.);
#4452=ORIENTED_EDGE('',*,*,#3412,.F.);
#4453=ORIENTED_EDGE('',*,*,#3411,.T.);
#4454=ORIENTED_EDGE('',*,*,#3413,.F.);
#4455=ORIENTED_EDGE('',*,*,#3414,.F.);
#4456=ORIENTED_EDGE('',*,*,#3415,.T.);
#4457=ORIENTED_EDGE('',*,*,#3414,.T.);
#4458=ORIENTED_EDGE('',*,*,#3416,.F.);
#4459=ORIENTED_EDGE('',*,*,#3417,.F.);
#4460=ORIENTED_EDGE('',*,*,#3418,.F.);
#4461=ORIENTED_EDGE('',*,*,#3417,.T.);
#4462=ORIENTED_EDGE('',*,*,#3419,.F.);
#4463=ORIENTED_EDGE('',*,*,#3420,.F.);
#4464=ORIENTED_EDGE('',*,*,#3421,.F.);
#4465=ORIENTED_EDGE('',*,*,#3420,.T.);
#4466=ORIENTED_EDGE('',*,*,#3422,.F.);
#4467=ORIENTED_EDGE('',*,*,#3423,.F.);
#4468=ORIENTED_EDGE('',*,*,#3424,.F.);
#4469=ORIENTED_EDGE('',*,*,#3423,.T.);
#4470=ORIENTED_EDGE('',*,*,#3425,.F.);
#4471=ORIENTED_EDGE('',*,*,#3426,.F.);
#4472=ORIENTED_EDGE('',*,*,#3427,.F.);
#4473=ORIENTED_EDGE('',*,*,#3426,.T.);
#4474=ORIENTED_EDGE('',*,*,#3428,.F.);
#4475=ORIENTED_EDGE('',*,*,#3429,.F.);
#4476=ORIENTED_EDGE('',*,*,#3430,.T.);
#4477=ORIENTED_EDGE('',*,*,#3429,.T.);
#4478=ORIENTED_EDGE('',*,*,#3431,.F.);
#4479=ORIENTED_EDGE('',*,*,#3432,.F.);
#4480=ORIENTED_EDGE('',*,*,#3433,.T.);
#4481=ORIENTED_EDGE('',*,*,#3432,.T.);
#4482=ORIENTED_EDGE('',*,*,#3434,.F.);
#4483=ORIENTED_EDGE('',*,*,#3435,.F.);
#4484=ORIENTED_EDGE('',*,*,#3436,.T.);
#4485=ORIENTED_EDGE('',*,*,#3435,.T.);
#4486=ORIENTED_EDGE('',*,*,#3437,.F.);
#4487=ORIENTED_EDGE('',*,*,#3438,.F.);
#4488=ORIENTED_EDGE('',*,*,#3439,.T.);
#4489=ORIENTED_EDGE('',*,*,#3438,.T.);
#4490=ORIENTED_EDGE('',*,*,#3440,.F.);
#4491=ORIENTED_EDGE('',*,*,#3441,.F.);
#4492=ORIENTED_EDGE('',*,*,#3442,.T.);
#4493=ORIENTED_EDGE('',*,*,#3441,.T.);
#4494=ORIENTED_EDGE('',*,*,#3443,.F.);
#4495=ORIENTED_EDGE('',*,*,#3444,.F.);
#4496=ORIENTED_EDGE('',*,*,#3445,.T.);
#4497=ORIENTED_EDGE('',*,*,#3444,.T.);
#4498=ORIENTED_EDGE('',*,*,#3446,.F.);
#4499=ORIENTED_EDGE('',*,*,#3447,.F.);
#4500=ORIENTED_EDGE('',*,*,#3448,.T.);
#4501=ORIENTED_EDGE('',*,*,#3447,.T.);
#4502=ORIENTED_EDGE('',*,*,#3449,.F.);
#4503=ORIENTED_EDGE('',*,*,#3450,.F.);
#4504=ORIENTED_EDGE('',*,*,#3451,.F.);
#4505=ORIENTED_EDGE('',*,*,#3450,.T.);
#4506=ORIENTED_EDGE('',*,*,#3452,.F.);
#4507=ORIENTED_EDGE('',*,*,#3453,.F.);
#4508=ORIENTED_EDGE('',*,*,#3454,.F.);
#4509=ORIENTED_EDGE('',*,*,#3453,.T.);
#4510=ORIENTED_EDGE('',*,*,#3455,.F.);
#4511=ORIENTED_EDGE('',*,*,#3456,.F.);
#4512=ORIENTED_EDGE('',*,*,#3457,.F.);
#4513=ORIENTED_EDGE('',*,*,#3456,.T.);
#4514=ORIENTED_EDGE('',*,*,#3458,.F.);
#4515=ORIENTED_EDGE('',*,*,#3459,.F.);
#4516=ORIENTED_EDGE('',*,*,#3460,.F.);
#4517=ORIENTED_EDGE('',*,*,#3459,.T.);
#4518=ORIENTED_EDGE('',*,*,#3461,.F.);
#4519=ORIENTED_EDGE('',*,*,#3462,.F.);
#4520=ORIENTED_EDGE('',*,*,#3463,.T.);
#4521=ORIENTED_EDGE('',*,*,#3462,.T.);
#4522=ORIENTED_EDGE('',*,*,#3464,.F.);
#4523=ORIENTED_EDGE('',*,*,#3465,.F.);
#4524=ORIENTED_EDGE('',*,*,#3466,.F.);
#4525=ORIENTED_EDGE('',*,*,#3465,.T.);
#4526=ORIENTED_EDGE('',*,*,#3467,.F.);
#4527=ORIENTED_EDGE('',*,*,#3468,.F.);
#4528=ORIENTED_EDGE('',*,*,#3469,.F.);
#4529=ORIENTED_EDGE('',*,*,#3468,.T.);
#4530=ORIENTED_EDGE('',*,*,#3470,.F.);
#4531=ORIENTED_EDGE('',*,*,#3471,.F.);
#4532=ORIENTED_EDGE('',*,*,#3472,.F.);
#4533=ORIENTED_EDGE('',*,*,#3471,.T.);
#4534=ORIENTED_EDGE('',*,*,#3473,.F.);
#4535=ORIENTED_EDGE('',*,*,#3474,.F.);
#4536=ORIENTED_EDGE('',*,*,#3475,.T.);
#4537=ORIENTED_EDGE('',*,*,#3474,.T.);
#4538=ORIENTED_EDGE('',*,*,#3476,.F.);
#4539=ORIENTED_EDGE('',*,*,#3477,.F.);
#4540=ORIENTED_EDGE('',*,*,#3478,.F.);
#4541=ORIENTED_EDGE('',*,*,#3477,.T.);
#4542=ORIENTED_EDGE('',*,*,#3479,.F.);
#4543=ORIENTED_EDGE('',*,*,#3373,.F.);
#4544=ORIENTED_EDGE('',*,*,#3479,.T.);
#4545=ORIENTED_EDGE('',*,*,#3476,.T.);
#4546=ORIENTED_EDGE('',*,*,#3473,.T.);
#4547=ORIENTED_EDGE('',*,*,#3470,.T.);
#4548=ORIENTED_EDGE('',*,*,#3467,.T.);
#4549=ORIENTED_EDGE('',*,*,#3464,.T.);
#4550=ORIENTED_EDGE('',*,*,#3461,.T.);
#4551=ORIENTED_EDGE('',*,*,#3458,.T.);
#4552=ORIENTED_EDGE('',*,*,#3455,.T.);
#4553=ORIENTED_EDGE('',*,*,#3452,.T.);
#4554=ORIENTED_EDGE('',*,*,#3449,.T.);
#4555=ORIENTED_EDGE('',*,*,#3446,.T.);
#4556=ORIENTED_EDGE('',*,*,#3443,.T.);
#4557=ORIENTED_EDGE('',*,*,#3440,.T.);
#4558=ORIENTED_EDGE('',*,*,#3437,.T.);
#4559=ORIENTED_EDGE('',*,*,#3434,.T.);
#4560=ORIENTED_EDGE('',*,*,#3431,.T.);
#4561=ORIENTED_EDGE('',*,*,#3428,.T.);
#4562=ORIENTED_EDGE('',*,*,#3425,.T.);
#4563=ORIENTED_EDGE('',*,*,#3422,.T.);
#4564=ORIENTED_EDGE('',*,*,#3419,.T.);
#4565=ORIENTED_EDGE('',*,*,#3416,.T.);
#4566=ORIENTED_EDGE('',*,*,#3413,.T.);
#4567=ORIENTED_EDGE('',*,*,#3410,.T.);
#4568=ORIENTED_EDGE('',*,*,#3407,.T.);
#4569=ORIENTED_EDGE('',*,*,#3404,.T.);
#4570=ORIENTED_EDGE('',*,*,#3401,.T.);
#4571=ORIENTED_EDGE('',*,*,#3398,.T.);
#4572=ORIENTED_EDGE('',*,*,#3395,.T.);
#4573=ORIENTED_EDGE('',*,*,#3392,.T.);
#4574=ORIENTED_EDGE('',*,*,#3389,.T.);
#4575=ORIENTED_EDGE('',*,*,#3386,.T.);
#4576=ORIENTED_EDGE('',*,*,#3383,.T.);
#4577=ORIENTED_EDGE('',*,*,#3380,.T.);
#4578=ORIENTED_EDGE('',*,*,#3377,.T.);
#4579=ORIENTED_EDGE('',*,*,#3374,.T.);
#4580=ORIENTED_EDGE('',*,*,#3350,.T.);
#4581=ORIENTED_EDGE('',*,*,#3353,.T.);
#4582=ORIENTED_EDGE('',*,*,#3356,.T.);
#4583=ORIENTED_EDGE('',*,*,#3359,.T.);
#4584=ORIENTED_EDGE('',*,*,#3362,.T.);
#4585=ORIENTED_EDGE('',*,*,#3365,.T.);
#4586=ORIENTED_EDGE('',*,*,#3368,.T.);
#4587=ORIENTED_EDGE('',*,*,#3371,.T.);
#4588=ORIENTED_EDGE('',*,*,#3478,.T.);
#4589=ORIENTED_EDGE('',*,*,#3372,.T.);
#4590=ORIENTED_EDGE('',*,*,#3376,.T.);
#4591=ORIENTED_EDGE('',*,*,#3379,.T.);
#4592=ORIENTED_EDGE('',*,*,#3382,.T.);
#4593=ORIENTED_EDGE('',*,*,#3385,.T.);
#4594=ORIENTED_EDGE('',*,*,#3388,.T.);
#4595=ORIENTED_EDGE('',*,*,#3391,.T.);
#4596=ORIENTED_EDGE('',*,*,#3394,.F.);
#4597=ORIENTED_EDGE('',*,*,#3397,.F.);
#4598=ORIENTED_EDGE('',*,*,#3400,.T.);
#4599=ORIENTED_EDGE('',*,*,#3403,.F.);
#4600=ORIENTED_EDGE('',*,*,#3406,.T.);
#4601=ORIENTED_EDGE('',*,*,#3409,.T.);
#4602=ORIENTED_EDGE('',*,*,#3412,.T.);
#4603=ORIENTED_EDGE('',*,*,#3415,.F.);
#4604=ORIENTED_EDGE('',*,*,#3418,.T.);
#4605=ORIENTED_EDGE('',*,*,#3421,.T.);
#4606=ORIENTED_EDGE('',*,*,#3424,.T.);
#4607=ORIENTED_EDGE('',*,*,#3427,.T.);
#4608=ORIENTED_EDGE('',*,*,#3430,.F.);
#4609=ORIENTED_EDGE('',*,*,#3433,.F.);
#4610=ORIENTED_EDGE('',*,*,#3436,.F.);
#4611=ORIENTED_EDGE('',*,*,#3439,.F.);
#4612=ORIENTED_EDGE('',*,*,#3442,.F.);
#4613=ORIENTED_EDGE('',*,*,#3445,.F.);
#4614=ORIENTED_EDGE('',*,*,#3448,.F.);
#4615=ORIENTED_EDGE('',*,*,#3451,.T.);
#4616=ORIENTED_EDGE('',*,*,#3454,.T.);
#4617=ORIENTED_EDGE('',*,*,#3457,.T.);
#4618=ORIENTED_EDGE('',*,*,#3460,.T.);
#4619=ORIENTED_EDGE('',*,*,#3463,.F.);
#4620=ORIENTED_EDGE('',*,*,#3466,.T.);
#4621=ORIENTED_EDGE('',*,*,#3469,.T.);
#4622=ORIENTED_EDGE('',*,*,#3472,.T.);
#4623=ORIENTED_EDGE('',*,*,#3475,.F.);
#4624=ORIENTED_EDGE('',*,*,#3348,.T.);
#4625=ORIENTED_EDGE('',*,*,#3351,.T.);
#4626=ORIENTED_EDGE('',*,*,#3354,.T.);
#4627=ORIENTED_EDGE('',*,*,#3357,.T.);
#4628=ORIENTED_EDGE('',*,*,#3360,.T.);
#4629=ORIENTED_EDGE('',*,*,#3363,.T.);
#4630=ORIENTED_EDGE('',*,*,#3366,.T.);
#4631=ORIENTED_EDGE('',*,*,#3369,.T.);
#4632=ORIENTED_EDGE('',*,*,#3480,.F.);
#4633=ORIENTED_EDGE('',*,*,#3481,.T.);
#4634=ORIENTED_EDGE('',*,*,#3482,.T.);
#4635=ORIENTED_EDGE('',*,*,#3481,.F.);
#4636=ORIENTED_EDGE('',*,*,#3483,.F.);
#4637=ORIENTED_EDGE('',*,*,#3484,.T.);
#4638=ORIENTED_EDGE('',*,*,#3485,.T.);
#4639=ORIENTED_EDGE('',*,*,#3484,.F.);
#4640=ORIENTED_EDGE('',*,*,#3486,.F.);
#4641=ORIENTED_EDGE('',*,*,#3487,.T.);
#4642=ORIENTED_EDGE('',*,*,#3488,.T.);
#4643=ORIENTED_EDGE('',*,*,#3487,.F.);
#4644=ORIENTED_EDGE('',*,*,#3489,.F.);
#4645=ORIENTED_EDGE('',*,*,#3490,.T.);
#4646=ORIENTED_EDGE('',*,*,#3491,.T.);
#4647=ORIENTED_EDGE('',*,*,#3490,.F.);
#4648=ORIENTED_EDGE('',*,*,#3492,.F.);
#4649=ORIENTED_EDGE('',*,*,#3493,.T.);
#4650=ORIENTED_EDGE('',*,*,#3494,.T.);
#4651=ORIENTED_EDGE('',*,*,#3493,.F.);
#4652=ORIENTED_EDGE('',*,*,#3495,.F.);
#4653=ORIENTED_EDGE('',*,*,#3496,.T.);
#4654=ORIENTED_EDGE('',*,*,#3497,.F.);
#4655=ORIENTED_EDGE('',*,*,#3498,.F.);
#4656=ORIENTED_EDGE('',*,*,#3499,.F.);
#4657=ORIENTED_EDGE('',*,*,#3498,.T.);
#4658=ORIENTED_EDGE('',*,*,#3500,.F.);
#4659=ORIENTED_EDGE('',*,*,#3501,.F.);
#4660=ORIENTED_EDGE('',*,*,#3502,.F.);
#4661=ORIENTED_EDGE('',*,*,#3501,.T.);
#4662=ORIENTED_EDGE('',*,*,#3503,.F.);
#4663=ORIENTED_EDGE('',*,*,#3504,.F.);
#4664=ORIENTED_EDGE('',*,*,#3505,.F.);
#4665=ORIENTED_EDGE('',*,*,#3504,.T.);
#4666=ORIENTED_EDGE('',*,*,#3506,.F.);
#4667=ORIENTED_EDGE('',*,*,#3507,.F.);
#4668=ORIENTED_EDGE('',*,*,#3508,.F.);
#4669=ORIENTED_EDGE('',*,*,#3507,.T.);
#4670=ORIENTED_EDGE('',*,*,#3509,.F.);
#4671=ORIENTED_EDGE('',*,*,#3510,.F.);
#4672=ORIENTED_EDGE('',*,*,#3511,.F.);
#4673=ORIENTED_EDGE('',*,*,#3510,.T.);
#4674=ORIENTED_EDGE('',*,*,#3512,.F.);
#4675=ORIENTED_EDGE('',*,*,#3513,.F.);
#4676=ORIENTED_EDGE('',*,*,#3514,.F.);
#4677=ORIENTED_EDGE('',*,*,#3513,.T.);
#4678=ORIENTED_EDGE('',*,*,#3515,.F.);
#4679=ORIENTED_EDGE('',*,*,#3516,.F.);
#4680=ORIENTED_EDGE('',*,*,#3517,.F.);
#4681=ORIENTED_EDGE('',*,*,#3516,.T.);
#4682=ORIENTED_EDGE('',*,*,#3518,.F.);
#4683=ORIENTED_EDGE('',*,*,#3519,.F.);
#4684=ORIENTED_EDGE('',*,*,#3520,.F.);
#4685=ORIENTED_EDGE('',*,*,#3519,.T.);
#4686=ORIENTED_EDGE('',*,*,#3521,.F.);
#4687=ORIENTED_EDGE('',*,*,#3522,.F.);
#4688=ORIENTED_EDGE('',*,*,#3523,.F.);
#4689=ORIENTED_EDGE('',*,*,#3522,.T.);
#4690=ORIENTED_EDGE('',*,*,#3524,.F.);
#4691=ORIENTED_EDGE('',*,*,#3525,.F.);
#4692=ORIENTED_EDGE('',*,*,#3526,.F.);
#4693=ORIENTED_EDGE('',*,*,#3525,.T.);
#4694=ORIENTED_EDGE('',*,*,#3527,.F.);
#4695=ORIENTED_EDGE('',*,*,#3528,.F.);
#4696=ORIENTED_EDGE('',*,*,#3529,.T.);
#4697=ORIENTED_EDGE('',*,*,#3528,.T.);
#4698=ORIENTED_EDGE('',*,*,#3530,.F.);
#4699=ORIENTED_EDGE('',*,*,#3531,.F.);
#4700=ORIENTED_EDGE('',*,*,#3532,.T.);
#4701=ORIENTED_EDGE('',*,*,#3531,.T.);
#4702=ORIENTED_EDGE('',*,*,#3533,.F.);
#4703=ORIENTED_EDGE('',*,*,#3534,.F.);
#4704=ORIENTED_EDGE('',*,*,#3535,.T.);
#4705=ORIENTED_EDGE('',*,*,#3534,.T.);
#4706=ORIENTED_EDGE('',*,*,#3536,.F.);
#4707=ORIENTED_EDGE('',*,*,#3537,.F.);
#4708=ORIENTED_EDGE('',*,*,#3538,.T.);
#4709=ORIENTED_EDGE('',*,*,#3537,.T.);
#4710=ORIENTED_EDGE('',*,*,#3539,.F.);
#4711=ORIENTED_EDGE('',*,*,#3540,.F.);
#4712=ORIENTED_EDGE('',*,*,#3541,.T.);
#4713=ORIENTED_EDGE('',*,*,#3540,.T.);
#4714=ORIENTED_EDGE('',*,*,#3542,.F.);
#4715=ORIENTED_EDGE('',*,*,#3543,.F.);
#4716=ORIENTED_EDGE('',*,*,#3544,.T.);
#4717=ORIENTED_EDGE('',*,*,#3543,.T.);
#4718=ORIENTED_EDGE('',*,*,#3545,.F.);
#4719=ORIENTED_EDGE('',*,*,#3546,.F.);
#4720=ORIENTED_EDGE('',*,*,#3547,.T.);
#4721=ORIENTED_EDGE('',*,*,#3546,.T.);
#4722=ORIENTED_EDGE('',*,*,#3548,.F.);
#4723=ORIENTED_EDGE('',*,*,#3549,.F.);
#4724=ORIENTED_EDGE('',*,*,#3550,.T.);
#4725=ORIENTED_EDGE('',*,*,#3549,.T.);
#4726=ORIENTED_EDGE('',*,*,#3551,.F.);
#4727=ORIENTED_EDGE('',*,*,#3552,.F.);
#4728=ORIENTED_EDGE('',*,*,#3553,.T.);
#4729=ORIENTED_EDGE('',*,*,#3552,.T.);
#4730=ORIENTED_EDGE('',*,*,#3554,.F.);
#4731=ORIENTED_EDGE('',*,*,#3555,.F.);
#4732=ORIENTED_EDGE('',*,*,#3556,.T.);
#4733=ORIENTED_EDGE('',*,*,#3555,.T.);
#4734=ORIENTED_EDGE('',*,*,#3557,.F.);
#4735=ORIENTED_EDGE('',*,*,#3558,.F.);
#4736=ORIENTED_EDGE('',*,*,#3559,.T.);
#4737=ORIENTED_EDGE('',*,*,#3558,.T.);
#4738=ORIENTED_EDGE('',*,*,#3560,.F.);
#4739=ORIENTED_EDGE('',*,*,#3561,.F.);
#4740=ORIENTED_EDGE('',*,*,#3562,.T.);
#4741=ORIENTED_EDGE('',*,*,#3561,.T.);
#4742=ORIENTED_EDGE('',*,*,#3563,.F.);
#4743=ORIENTED_EDGE('',*,*,#3564,.F.);
#4744=ORIENTED_EDGE('',*,*,#3565,.T.);
#4745=ORIENTED_EDGE('',*,*,#3564,.T.);
#4746=ORIENTED_EDGE('',*,*,#3566,.F.);
#4747=ORIENTED_EDGE('',*,*,#3567,.F.);
#4748=ORIENTED_EDGE('',*,*,#3568,.T.);
#4749=ORIENTED_EDGE('',*,*,#3567,.T.);
#4750=ORIENTED_EDGE('',*,*,#3569,.F.);
#4751=ORIENTED_EDGE('',*,*,#3570,.F.);
#4752=ORIENTED_EDGE('',*,*,#3571,.T.);
#4753=ORIENTED_EDGE('',*,*,#3570,.T.);
#4754=ORIENTED_EDGE('',*,*,#3572,.F.);
#4755=ORIENTED_EDGE('',*,*,#3573,.F.);
#4756=ORIENTED_EDGE('',*,*,#3574,.T.);
#4757=ORIENTED_EDGE('',*,*,#3573,.T.);
#4758=ORIENTED_EDGE('',*,*,#3575,.F.);
#4759=ORIENTED_EDGE('',*,*,#3576,.F.);
#4760=ORIENTED_EDGE('',*,*,#3577,.T.);
#4761=ORIENTED_EDGE('',*,*,#3576,.T.);
#4762=ORIENTED_EDGE('',*,*,#3578,.F.);
#4763=ORIENTED_EDGE('',*,*,#3579,.F.);
#4764=ORIENTED_EDGE('',*,*,#3580,.T.);
#4765=ORIENTED_EDGE('',*,*,#3579,.T.);
#4766=ORIENTED_EDGE('',*,*,#3581,.F.);
#4767=ORIENTED_EDGE('',*,*,#3582,.F.);
#4768=ORIENTED_EDGE('',*,*,#3583,.T.);
#4769=ORIENTED_EDGE('',*,*,#3582,.T.);
#4770=ORIENTED_EDGE('',*,*,#3584,.F.);
#4771=ORIENTED_EDGE('',*,*,#3585,.F.);
#4772=ORIENTED_EDGE('',*,*,#3586,.T.);
#4773=ORIENTED_EDGE('',*,*,#3585,.T.);
#4774=ORIENTED_EDGE('',*,*,#3587,.F.);
#4775=ORIENTED_EDGE('',*,*,#3588,.F.);
#4776=ORIENTED_EDGE('',*,*,#3589,.T.);
#4777=ORIENTED_EDGE('',*,*,#3588,.T.);
#4778=ORIENTED_EDGE('',*,*,#3590,.F.);
#4779=ORIENTED_EDGE('',*,*,#3496,.F.);
#4780=ORIENTED_EDGE('',*,*,#3590,.T.);
#4781=ORIENTED_EDGE('',*,*,#3587,.T.);
#4782=ORIENTED_EDGE('',*,*,#3584,.T.);
#4783=ORIENTED_EDGE('',*,*,#3581,.T.);
#4784=ORIENTED_EDGE('',*,*,#3578,.T.);
#4785=ORIENTED_EDGE('',*,*,#3575,.T.);
#4786=ORIENTED_EDGE('',*,*,#3572,.T.);
#4787=ORIENTED_EDGE('',*,*,#3569,.T.);
#4788=ORIENTED_EDGE('',*,*,#3566,.T.);
#4789=ORIENTED_EDGE('',*,*,#3563,.T.);
#4790=ORIENTED_EDGE('',*,*,#3560,.T.);
#4791=ORIENTED_EDGE('',*,*,#3557,.T.);
#4792=ORIENTED_EDGE('',*,*,#3554,.T.);
#4793=ORIENTED_EDGE('',*,*,#3551,.T.);
#4794=ORIENTED_EDGE('',*,*,#3548,.T.);
#4795=ORIENTED_EDGE('',*,*,#3545,.T.);
#4796=ORIENTED_EDGE('',*,*,#3542,.T.);
#4797=ORIENTED_EDGE('',*,*,#3539,.T.);
#4798=ORIENTED_EDGE('',*,*,#3536,.T.);
#4799=ORIENTED_EDGE('',*,*,#3533,.T.);
#4800=ORIENTED_EDGE('',*,*,#3530,.T.);
#4801=ORIENTED_EDGE('',*,*,#3527,.T.);
#4802=ORIENTED_EDGE('',*,*,#3524,.T.);
#4803=ORIENTED_EDGE('',*,*,#3521,.T.);
#4804=ORIENTED_EDGE('',*,*,#3518,.T.);
#4805=ORIENTED_EDGE('',*,*,#3515,.T.);
#4806=ORIENTED_EDGE('',*,*,#3512,.T.);
#4807=ORIENTED_EDGE('',*,*,#3509,.T.);
#4808=ORIENTED_EDGE('',*,*,#3506,.T.);
#4809=ORIENTED_EDGE('',*,*,#3503,.T.);
#4810=ORIENTED_EDGE('',*,*,#3500,.T.);
#4811=ORIENTED_EDGE('',*,*,#3497,.T.);
#4812=ORIENTED_EDGE('',*,*,#3492,.T.);
#4813=ORIENTED_EDGE('',*,*,#3489,.T.);
#4814=ORIENTED_EDGE('',*,*,#3486,.T.);
#4815=ORIENTED_EDGE('',*,*,#3483,.T.);
#4816=ORIENTED_EDGE('',*,*,#3480,.T.);
#4817=ORIENTED_EDGE('',*,*,#3589,.F.);
#4818=ORIENTED_EDGE('',*,*,#3495,.T.);
#4819=ORIENTED_EDGE('',*,*,#3499,.T.);
#4820=ORIENTED_EDGE('',*,*,#3502,.T.);
#4821=ORIENTED_EDGE('',*,*,#3505,.T.);
#4822=ORIENTED_EDGE('',*,*,#3508,.T.);
#4823=ORIENTED_EDGE('',*,*,#3511,.T.);
#4824=ORIENTED_EDGE('',*,*,#3514,.T.);
#4825=ORIENTED_EDGE('',*,*,#3517,.T.);
#4826=ORIENTED_EDGE('',*,*,#3520,.T.);
#4827=ORIENTED_EDGE('',*,*,#3523,.T.);
#4828=ORIENTED_EDGE('',*,*,#3526,.T.);
#4829=ORIENTED_EDGE('',*,*,#3529,.F.);
#4830=ORIENTED_EDGE('',*,*,#3532,.F.);
#4831=ORIENTED_EDGE('',*,*,#3535,.F.);
#4832=ORIENTED_EDGE('',*,*,#3538,.F.);
#4833=ORIENTED_EDGE('',*,*,#3541,.F.);
#4834=ORIENTED_EDGE('',*,*,#3544,.F.);
#4835=ORIENTED_EDGE('',*,*,#3547,.F.);
#4836=ORIENTED_EDGE('',*,*,#3550,.F.);
#4837=ORIENTED_EDGE('',*,*,#3553,.F.);
#4838=ORIENTED_EDGE('',*,*,#3556,.F.);
#4839=ORIENTED_EDGE('',*,*,#3559,.F.);
#4840=ORIENTED_EDGE('',*,*,#3562,.F.);
#4841=ORIENTED_EDGE('',*,*,#3565,.F.);
#4842=ORIENTED_EDGE('',*,*,#3568,.F.);
#4843=ORIENTED_EDGE('',*,*,#3571,.F.);
#4844=ORIENTED_EDGE('',*,*,#3574,.F.);
#4845=ORIENTED_EDGE('',*,*,#3577,.F.);
#4846=ORIENTED_EDGE('',*,*,#3580,.F.);
#4847=ORIENTED_EDGE('',*,*,#3583,.F.);
#4848=ORIENTED_EDGE('',*,*,#3586,.F.);
#4849=ORIENTED_EDGE('',*,*,#3494,.F.);
#4850=ORIENTED_EDGE('',*,*,#3491,.F.);
#4851=ORIENTED_EDGE('',*,*,#3488,.F.);
#4852=ORIENTED_EDGE('',*,*,#3485,.F.);
#4853=ORIENTED_EDGE('',*,*,#3482,.F.);
#4854=ORIENTED_EDGE('',*,*,#3591,.F.);
#4855=ORIENTED_EDGE('',*,*,#3592,.T.);
#4856=ORIENTED_EDGE('',*,*,#3593,.F.);
#4857=ORIENTED_EDGE('',*,*,#3592,.F.);
#4858=ORIENTED_EDGE('',*,*,#3594,.F.);
#4859=ORIENTED_EDGE('',*,*,#3595,.T.);
#4860=ORIENTED_EDGE('',*,*,#3596,.F.);
#4861=ORIENTED_EDGE('',*,*,#3595,.F.);
#4862=ORIENTED_EDGE('',*,*,#3597,.F.);
#4863=ORIENTED_EDGE('',*,*,#3598,.T.);
#4864=ORIENTED_EDGE('',*,*,#3599,.F.);
#4865=ORIENTED_EDGE('',*,*,#3598,.F.);
#4866=ORIENTED_EDGE('',*,*,#3600,.F.);
#4867=ORIENTED_EDGE('',*,*,#3601,.T.);
#4868=ORIENTED_EDGE('',*,*,#3602,.F.);
#4869=ORIENTED_EDGE('',*,*,#3601,.F.);
#4870=ORIENTED_EDGE('',*,*,#3603,.F.);
#4871=ORIENTED_EDGE('',*,*,#3604,.T.);
#4872=ORIENTED_EDGE('',*,*,#3605,.F.);
#4873=ORIENTED_EDGE('',*,*,#3604,.F.);
#4874=ORIENTED_EDGE('',*,*,#3606,.F.);
#4875=ORIENTED_EDGE('',*,*,#3607,.T.);
#4876=ORIENTED_EDGE('',*,*,#3608,.F.);
#4877=ORIENTED_EDGE('',*,*,#3607,.F.);
#4878=ORIENTED_EDGE('',*,*,#3609,.F.);
#4879=ORIENTED_EDGE('',*,*,#3610,.T.);
#4880=ORIENTED_EDGE('',*,*,#3611,.F.);
#4881=ORIENTED_EDGE('',*,*,#3610,.F.);
#4882=ORIENTED_EDGE('',*,*,#3612,.F.);
#4883=ORIENTED_EDGE('',*,*,#3613,.T.);
#4884=ORIENTED_EDGE('',*,*,#3614,.F.);
#4885=ORIENTED_EDGE('',*,*,#3613,.F.);
#4886=ORIENTED_EDGE('',*,*,#3615,.F.);
#4887=ORIENTED_EDGE('',*,*,#3616,.T.);
#4888=ORIENTED_EDGE('',*,*,#3617,.F.);
#4889=ORIENTED_EDGE('',*,*,#3616,.F.);
#4890=ORIENTED_EDGE('',*,*,#3618,.F.);
#4891=ORIENTED_EDGE('',*,*,#3619,.T.);
#4892=ORIENTED_EDGE('',*,*,#3620,.F.);
#4893=ORIENTED_EDGE('',*,*,#3619,.F.);
#4894=ORIENTED_EDGE('',*,*,#3621,.F.);
#4895=ORIENTED_EDGE('',*,*,#3622,.T.);
#4896=ORIENTED_EDGE('',*,*,#3623,.F.);
#4897=ORIENTED_EDGE('',*,*,#3622,.F.);
#4898=ORIENTED_EDGE('',*,*,#3624,.F.);
#4899=ORIENTED_EDGE('',*,*,#3625,.T.);
#4900=ORIENTED_EDGE('',*,*,#3626,.F.);
#4901=ORIENTED_EDGE('',*,*,#3625,.F.);
#4902=ORIENTED_EDGE('',*,*,#3627,.F.);
#4903=ORIENTED_EDGE('',*,*,#3628,.T.);
#4904=ORIENTED_EDGE('',*,*,#3629,.F.);
#4905=ORIENTED_EDGE('',*,*,#3628,.F.);
#4906=ORIENTED_EDGE('',*,*,#3630,.F.);
#4907=ORIENTED_EDGE('',*,*,#3631,.T.);
#4908=ORIENTED_EDGE('',*,*,#3632,.F.);
#4909=ORIENTED_EDGE('',*,*,#3633,.F.);
#4910=ORIENTED_EDGE('',*,*,#3634,.F.);
#4911=ORIENTED_EDGE('',*,*,#3633,.T.);
#4912=ORIENTED_EDGE('',*,*,#3635,.F.);
#4913=ORIENTED_EDGE('',*,*,#3636,.F.);
#4914=ORIENTED_EDGE('',*,*,#3637,.F.);
#4915=ORIENTED_EDGE('',*,*,#3636,.T.);
#4916=ORIENTED_EDGE('',*,*,#3638,.F.);
#4917=ORIENTED_EDGE('',*,*,#3639,.F.);
#4918=ORIENTED_EDGE('',*,*,#3640,.F.);
#4919=ORIENTED_EDGE('',*,*,#3639,.T.);
#4920=ORIENTED_EDGE('',*,*,#3641,.F.);
#4921=ORIENTED_EDGE('',*,*,#3642,.F.);
#4922=ORIENTED_EDGE('',*,*,#3643,.F.);
#4923=ORIENTED_EDGE('',*,*,#3642,.T.);
#4924=ORIENTED_EDGE('',*,*,#3644,.F.);
#4925=ORIENTED_EDGE('',*,*,#3645,.F.);
#4926=ORIENTED_EDGE('',*,*,#3646,.F.);
#4927=ORIENTED_EDGE('',*,*,#3645,.T.);
#4928=ORIENTED_EDGE('',*,*,#3647,.F.);
#4929=ORIENTED_EDGE('',*,*,#3648,.F.);
#4930=ORIENTED_EDGE('',*,*,#3649,.F.);
#4931=ORIENTED_EDGE('',*,*,#3648,.T.);
#4932=ORIENTED_EDGE('',*,*,#3650,.F.);
#4933=ORIENTED_EDGE('',*,*,#3651,.F.);
#4934=ORIENTED_EDGE('',*,*,#3652,.F.);
#4935=ORIENTED_EDGE('',*,*,#3651,.T.);
#4936=ORIENTED_EDGE('',*,*,#3653,.F.);
#4937=ORIENTED_EDGE('',*,*,#3654,.F.);
#4938=ORIENTED_EDGE('',*,*,#3655,.F.);
#4939=ORIENTED_EDGE('',*,*,#3654,.T.);
#4940=ORIENTED_EDGE('',*,*,#3656,.F.);
#4941=ORIENTED_EDGE('',*,*,#3657,.F.);
#4942=ORIENTED_EDGE('',*,*,#3658,.F.);
#4943=ORIENTED_EDGE('',*,*,#3657,.T.);
#4944=ORIENTED_EDGE('',*,*,#3659,.F.);
#4945=ORIENTED_EDGE('',*,*,#3660,.F.);
#4946=ORIENTED_EDGE('',*,*,#3661,.F.);
#4947=ORIENTED_EDGE('',*,*,#3660,.T.);
#4948=ORIENTED_EDGE('',*,*,#3662,.F.);
#4949=ORIENTED_EDGE('',*,*,#3663,.F.);
#4950=ORIENTED_EDGE('',*,*,#3664,.F.);
#4951=ORIENTED_EDGE('',*,*,#3663,.T.);
#4952=ORIENTED_EDGE('',*,*,#3665,.F.);
#4953=ORIENTED_EDGE('',*,*,#3666,.F.);
#4954=ORIENTED_EDGE('',*,*,#3667,.F.);
#4955=ORIENTED_EDGE('',*,*,#3666,.T.);
#4956=ORIENTED_EDGE('',*,*,#3668,.F.);
#4957=ORIENTED_EDGE('',*,*,#3669,.F.);
#4958=ORIENTED_EDGE('',*,*,#3670,.F.);
#4959=ORIENTED_EDGE('',*,*,#3669,.T.);
#4960=ORIENTED_EDGE('',*,*,#3671,.F.);
#4961=ORIENTED_EDGE('',*,*,#3672,.F.);
#4962=ORIENTED_EDGE('',*,*,#3673,.F.);
#4963=ORIENTED_EDGE('',*,*,#3672,.T.);
#4964=ORIENTED_EDGE('',*,*,#3674,.F.);
#4965=ORIENTED_EDGE('',*,*,#3675,.F.);
#4966=ORIENTED_EDGE('',*,*,#3676,.F.);
#4967=ORIENTED_EDGE('',*,*,#3675,.T.);
#4968=ORIENTED_EDGE('',*,*,#3677,.F.);
#4969=ORIENTED_EDGE('',*,*,#3678,.F.);
#4970=ORIENTED_EDGE('',*,*,#3679,.F.);
#4971=ORIENTED_EDGE('',*,*,#3678,.T.);
#4972=ORIENTED_EDGE('',*,*,#3680,.F.);
#4973=ORIENTED_EDGE('',*,*,#3681,.F.);
#4974=ORIENTED_EDGE('',*,*,#3682,.F.);
#4975=ORIENTED_EDGE('',*,*,#3681,.T.);
#4976=ORIENTED_EDGE('',*,*,#3683,.F.);
#4977=ORIENTED_EDGE('',*,*,#3684,.F.);
#4978=ORIENTED_EDGE('',*,*,#3685,.F.);
#4979=ORIENTED_EDGE('',*,*,#3684,.T.);
#4980=ORIENTED_EDGE('',*,*,#3686,.F.);
#4981=ORIENTED_EDGE('',*,*,#3687,.F.);
#4982=ORIENTED_EDGE('',*,*,#3688,.F.);
#4983=ORIENTED_EDGE('',*,*,#3687,.T.);
#4984=ORIENTED_EDGE('',*,*,#3689,.F.);
#4985=ORIENTED_EDGE('',*,*,#3690,.F.);
#4986=ORIENTED_EDGE('',*,*,#3691,.T.);
#4987=ORIENTED_EDGE('',*,*,#3690,.T.);
#4988=ORIENTED_EDGE('',*,*,#3692,.F.);
#4989=ORIENTED_EDGE('',*,*,#3693,.F.);
#4990=ORIENTED_EDGE('',*,*,#3694,.T.);
#4991=ORIENTED_EDGE('',*,*,#3693,.T.);
#4992=ORIENTED_EDGE('',*,*,#3695,.F.);
#4993=ORIENTED_EDGE('',*,*,#3696,.F.);
#4994=ORIENTED_EDGE('',*,*,#3697,.T.);
#4995=ORIENTED_EDGE('',*,*,#3696,.T.);
#4996=ORIENTED_EDGE('',*,*,#3698,.F.);
#4997=ORIENTED_EDGE('',*,*,#3699,.F.);
#4998=ORIENTED_EDGE('',*,*,#3700,.T.);
#4999=ORIENTED_EDGE('',*,*,#3699,.T.);
#5000=ORIENTED_EDGE('',*,*,#3701,.F.);
#5001=ORIENTED_EDGE('',*,*,#3702,.F.);
#5002=ORIENTED_EDGE('',*,*,#3703,.T.);
#5003=ORIENTED_EDGE('',*,*,#3702,.T.);
#5004=ORIENTED_EDGE('',*,*,#3704,.F.);
#5005=ORIENTED_EDGE('',*,*,#3705,.F.);
#5006=ORIENTED_EDGE('',*,*,#3706,.T.);
#5007=ORIENTED_EDGE('',*,*,#3705,.T.);
#5008=ORIENTED_EDGE('',*,*,#3707,.F.);
#5009=ORIENTED_EDGE('',*,*,#3708,.F.);
#5010=ORIENTED_EDGE('',*,*,#3709,.T.);
#5011=ORIENTED_EDGE('',*,*,#3708,.T.);
#5012=ORIENTED_EDGE('',*,*,#3710,.F.);
#5013=ORIENTED_EDGE('',*,*,#3711,.F.);
#5014=ORIENTED_EDGE('',*,*,#3712,.F.);
#5015=ORIENTED_EDGE('',*,*,#3711,.T.);
#5016=ORIENTED_EDGE('',*,*,#3713,.F.);
#5017=ORIENTED_EDGE('',*,*,#3714,.F.);
#5018=ORIENTED_EDGE('',*,*,#3715,.F.);
#5019=ORIENTED_EDGE('',*,*,#3714,.T.);
#5020=ORIENTED_EDGE('',*,*,#3716,.F.);
#5021=ORIENTED_EDGE('',*,*,#3717,.F.);
#5022=ORIENTED_EDGE('',*,*,#3718,.F.);
#5023=ORIENTED_EDGE('',*,*,#3717,.T.);
#5024=ORIENTED_EDGE('',*,*,#3719,.F.);
#5025=ORIENTED_EDGE('',*,*,#3720,.F.);
#5026=ORIENTED_EDGE('',*,*,#3721,.T.);
#5027=ORIENTED_EDGE('',*,*,#3720,.T.);
#5028=ORIENTED_EDGE('',*,*,#3722,.F.);
#5029=ORIENTED_EDGE('',*,*,#3723,.F.);
#5030=ORIENTED_EDGE('',*,*,#3724,.T.);
#5031=ORIENTED_EDGE('',*,*,#3723,.T.);
#5032=ORIENTED_EDGE('',*,*,#3725,.F.);
#5033=ORIENTED_EDGE('',*,*,#3631,.F.);
#5034=ORIENTED_EDGE('',*,*,#3725,.T.);
#5035=ORIENTED_EDGE('',*,*,#3722,.T.);
#5036=ORIENTED_EDGE('',*,*,#3719,.T.);
#5037=ORIENTED_EDGE('',*,*,#3716,.T.);
#5038=ORIENTED_EDGE('',*,*,#3713,.T.);
#5039=ORIENTED_EDGE('',*,*,#3710,.T.);
#5040=ORIENTED_EDGE('',*,*,#3707,.T.);
#5041=ORIENTED_EDGE('',*,*,#3704,.T.);
#5042=ORIENTED_EDGE('',*,*,#3701,.T.);
#5043=ORIENTED_EDGE('',*,*,#3698,.T.);
#5044=ORIENTED_EDGE('',*,*,#3695,.T.);
#5045=ORIENTED_EDGE('',*,*,#3692,.T.);
#5046=ORIENTED_EDGE('',*,*,#3689,.T.);
#5047=ORIENTED_EDGE('',*,*,#3686,.T.);
#5048=ORIENTED_EDGE('',*,*,#3683,.T.);
#5049=ORIENTED_EDGE('',*,*,#3680,.T.);
#5050=ORIENTED_EDGE('',*,*,#3677,.T.);
#5051=ORIENTED_EDGE('',*,*,#3674,.T.);
#5052=ORIENTED_EDGE('',*,*,#3671,.T.);
#5053=ORIENTED_EDGE('',*,*,#3668,.T.);
#5054=ORIENTED_EDGE('',*,*,#3665,.T.);
#5055=ORIENTED_EDGE('',*,*,#3662,.T.);
#5056=ORIENTED_EDGE('',*,*,#3659,.T.);
#5057=ORIENTED_EDGE('',*,*,#3656,.T.);
#5058=ORIENTED_EDGE('',*,*,#3653,.T.);
#5059=ORIENTED_EDGE('',*,*,#3650,.T.);
#5060=ORIENTED_EDGE('',*,*,#3647,.T.);
#5061=ORIENTED_EDGE('',*,*,#3644,.T.);
#5062=ORIENTED_EDGE('',*,*,#3641,.T.);
#5063=ORIENTED_EDGE('',*,*,#3638,.T.);
#5064=ORIENTED_EDGE('',*,*,#3635,.T.);
#5065=ORIENTED_EDGE('',*,*,#3632,.T.);
#5066=ORIENTED_EDGE('',*,*,#3593,.T.);
#5067=ORIENTED_EDGE('',*,*,#3596,.T.);
#5068=ORIENTED_EDGE('',*,*,#3599,.T.);
#5069=ORIENTED_EDGE('',*,*,#3602,.T.);
#5070=ORIENTED_EDGE('',*,*,#3605,.T.);
#5071=ORIENTED_EDGE('',*,*,#3608,.T.);
#5072=ORIENTED_EDGE('',*,*,#3611,.T.);
#5073=ORIENTED_EDGE('',*,*,#3614,.T.);
#5074=ORIENTED_EDGE('',*,*,#3617,.T.);
#5075=ORIENTED_EDGE('',*,*,#3620,.T.);
#5076=ORIENTED_EDGE('',*,*,#3623,.T.);
#5077=ORIENTED_EDGE('',*,*,#3626,.T.);
#5078=ORIENTED_EDGE('',*,*,#3629,.T.);
#5079=ORIENTED_EDGE('',*,*,#3724,.F.);
#5080=ORIENTED_EDGE('',*,*,#3630,.T.);
#5081=ORIENTED_EDGE('',*,*,#3634,.T.);
#5082=ORIENTED_EDGE('',*,*,#3637,.T.);
#5083=ORIENTED_EDGE('',*,*,#3640,.T.);
#5084=ORIENTED_EDGE('',*,*,#3643,.T.);
#5085=ORIENTED_EDGE('',*,*,#3646,.T.);
#5086=ORIENTED_EDGE('',*,*,#3649,.T.);
#5087=ORIENTED_EDGE('',*,*,#3652,.T.);
#5088=ORIENTED_EDGE('',*,*,#3655,.T.);
#5089=ORIENTED_EDGE('',*,*,#3658,.T.);
#5090=ORIENTED_EDGE('',*,*,#3661,.T.);
#5091=ORIENTED_EDGE('',*,*,#3664,.T.);
#5092=ORIENTED_EDGE('',*,*,#3667,.T.);
#5093=ORIENTED_EDGE('',*,*,#3670,.T.);
#5094=ORIENTED_EDGE('',*,*,#3673,.T.);
#5095=ORIENTED_EDGE('',*,*,#3676,.T.);
#5096=ORIENTED_EDGE('',*,*,#3679,.T.);
#5097=ORIENTED_EDGE('',*,*,#3682,.T.);
#5098=ORIENTED_EDGE('',*,*,#3685,.T.);
#5099=ORIENTED_EDGE('',*,*,#3688,.T.);
#5100=ORIENTED_EDGE('',*,*,#3691,.F.);
#5101=ORIENTED_EDGE('',*,*,#3694,.F.);
#5102=ORIENTED_EDGE('',*,*,#3697,.F.);
#5103=ORIENTED_EDGE('',*,*,#3700,.F.);
#5104=ORIENTED_EDGE('',*,*,#3703,.F.);
#5105=ORIENTED_EDGE('',*,*,#3706,.F.);
#5106=ORIENTED_EDGE('',*,*,#3709,.F.);
#5107=ORIENTED_EDGE('',*,*,#3712,.T.);
#5108=ORIENTED_EDGE('',*,*,#3715,.T.);
#5109=ORIENTED_EDGE('',*,*,#3718,.T.);
#5110=ORIENTED_EDGE('',*,*,#3721,.F.);
#5111=ORIENTED_EDGE('',*,*,#3591,.T.);
#5112=ORIENTED_EDGE('',*,*,#3594,.T.);
#5113=ORIENTED_EDGE('',*,*,#3597,.T.);
#5114=ORIENTED_EDGE('',*,*,#3600,.T.);
#5115=ORIENTED_EDGE('',*,*,#3603,.T.);
#5116=ORIENTED_EDGE('',*,*,#3606,.T.);
#5117=ORIENTED_EDGE('',*,*,#3609,.T.);
#5118=ORIENTED_EDGE('',*,*,#3612,.T.);
#5119=ORIENTED_EDGE('',*,*,#3615,.T.);
#5120=ORIENTED_EDGE('',*,*,#3618,.T.);
#5121=ORIENTED_EDGE('',*,*,#3621,.T.);
#5122=ORIENTED_EDGE('',*,*,#3624,.T.);
#5123=ORIENTED_EDGE('',*,*,#3627,.T.);
#5124=ORIENTED_EDGE('',*,*,#3726,.F.);
#5125=ORIENTED_EDGE('',*,*,#3727,.T.);
#5126=ORIENTED_EDGE('',*,*,#3728,.F.);
#5127=ORIENTED_EDGE('',*,*,#3727,.F.);
#5128=ORIENTED_EDGE('',*,*,#3729,.F.);
#5129=ORIENTED_EDGE('',*,*,#3730,.T.);
#5130=ORIENTED_EDGE('',*,*,#3731,.F.);
#5131=ORIENTED_EDGE('',*,*,#3730,.F.);
#5132=ORIENTED_EDGE('',*,*,#3732,.F.);
#5133=ORIENTED_EDGE('',*,*,#3733,.F.);
#5134=ORIENTED_EDGE('',*,*,#3734,.F.);
#5135=ORIENTED_EDGE('',*,*,#3735,.T.);
#5136=ORIENTED_EDGE('',*,*,#3736,.F.);
#5137=ORIENTED_EDGE('',*,*,#3735,.F.);
#5138=ORIENTED_EDGE('',*,*,#3737,.F.);
#5139=ORIENTED_EDGE('',*,*,#3738,.T.);
#5140=ORIENTED_EDGE('',*,*,#3739,.F.);
#5141=ORIENTED_EDGE('',*,*,#3738,.F.);
#5142=ORIENTED_EDGE('',*,*,#3740,.F.);
#5143=ORIENTED_EDGE('',*,*,#3741,.T.);
#5144=ORIENTED_EDGE('',*,*,#3742,.F.);
#5145=ORIENTED_EDGE('',*,*,#3741,.F.);
#5146=ORIENTED_EDGE('',*,*,#3743,.F.);
#5147=ORIENTED_EDGE('',*,*,#3733,.T.);
#5148=ORIENTED_EDGE('',*,*,#3744,.F.);
#5149=ORIENTED_EDGE('',*,*,#3745,.T.);
#5150=ORIENTED_EDGE('',*,*,#3746,.F.);
#5151=ORIENTED_EDGE('',*,*,#3745,.F.);
#5152=ORIENTED_EDGE('',*,*,#3747,.F.);
#5153=ORIENTED_EDGE('',*,*,#3748,.T.);
#5154=ORIENTED_EDGE('',*,*,#3749,.F.);
#5155=ORIENTED_EDGE('',*,*,#3748,.F.);
#5156=ORIENTED_EDGE('',*,*,#3750,.F.);
#5157=ORIENTED_EDGE('',*,*,#3751,.T.);
#5158=ORIENTED_EDGE('',*,*,#3752,.F.);
#5159=ORIENTED_EDGE('',*,*,#3753,.F.);
#5160=ORIENTED_EDGE('',*,*,#3754,.T.);
#5161=ORIENTED_EDGE('',*,*,#3753,.T.);
#5162=ORIENTED_EDGE('',*,*,#3755,.F.);
#5163=ORIENTED_EDGE('',*,*,#3756,.F.);
#5164=ORIENTED_EDGE('',*,*,#3757,.T.);
#5165=ORIENTED_EDGE('',*,*,#3756,.T.);
#5166=ORIENTED_EDGE('',*,*,#3758,.F.);
#5167=ORIENTED_EDGE('',*,*,#3759,.F.);
#5168=ORIENTED_EDGE('',*,*,#3760,.F.);
#5169=ORIENTED_EDGE('',*,*,#3759,.T.);
#5170=ORIENTED_EDGE('',*,*,#3761,.F.);
#5171=ORIENTED_EDGE('',*,*,#3762,.F.);
#5172=ORIENTED_EDGE('',*,*,#3763,.F.);
#5173=ORIENTED_EDGE('',*,*,#3762,.T.);
#5174=ORIENTED_EDGE('',*,*,#3764,.F.);
#5175=ORIENTED_EDGE('',*,*,#3765,.F.);
#5176=ORIENTED_EDGE('',*,*,#3766,.F.);
#5177=ORIENTED_EDGE('',*,*,#3765,.T.);
#5178=ORIENTED_EDGE('',*,*,#3767,.F.);
#5179=ORIENTED_EDGE('',*,*,#3768,.F.);
#5180=ORIENTED_EDGE('',*,*,#3769,.F.);
#5181=ORIENTED_EDGE('',*,*,#3768,.T.);
#5182=ORIENTED_EDGE('',*,*,#3770,.F.);
#5183=ORIENTED_EDGE('',*,*,#3771,.F.);
#5184=ORIENTED_EDGE('',*,*,#3772,.F.);
#5185=ORIENTED_EDGE('',*,*,#3771,.T.);
#5186=ORIENTED_EDGE('',*,*,#3773,.F.);
#5187=ORIENTED_EDGE('',*,*,#3774,.F.);
#5188=ORIENTED_EDGE('',*,*,#3775,.F.);
#5189=ORIENTED_EDGE('',*,*,#3774,.T.);
#5190=ORIENTED_EDGE('',*,*,#3776,.F.);
#5191=ORIENTED_EDGE('',*,*,#3777,.F.);
#5192=ORIENTED_EDGE('',*,*,#3778,.F.);
#5193=ORIENTED_EDGE('',*,*,#3777,.T.);
#5194=ORIENTED_EDGE('',*,*,#3779,.F.);
#5195=ORIENTED_EDGE('',*,*,#3780,.F.);
#5196=ORIENTED_EDGE('',*,*,#3781,.F.);
#5197=ORIENTED_EDGE('',*,*,#3780,.T.);
#5198=ORIENTED_EDGE('',*,*,#3782,.F.);
#5199=ORIENTED_EDGE('',*,*,#3783,.F.);
#5200=ORIENTED_EDGE('',*,*,#3784,.F.);
#5201=ORIENTED_EDGE('',*,*,#3783,.T.);
#5202=ORIENTED_EDGE('',*,*,#3785,.F.);
#5203=ORIENTED_EDGE('',*,*,#3786,.F.);
#5204=ORIENTED_EDGE('',*,*,#3787,.F.);
#5205=ORIENTED_EDGE('',*,*,#3786,.T.);
#5206=ORIENTED_EDGE('',*,*,#3788,.F.);
#5207=ORIENTED_EDGE('',*,*,#3789,.F.);
#5208=ORIENTED_EDGE('',*,*,#3790,.F.);
#5209=ORIENTED_EDGE('',*,*,#3789,.T.);
#5210=ORIENTED_EDGE('',*,*,#3791,.F.);
#5211=ORIENTED_EDGE('',*,*,#3792,.F.);
#5212=ORIENTED_EDGE('',*,*,#3793,.F.);
#5213=ORIENTED_EDGE('',*,*,#3792,.T.);
#5214=ORIENTED_EDGE('',*,*,#3794,.F.);
#5215=ORIENTED_EDGE('',*,*,#3795,.F.);
#5216=ORIENTED_EDGE('',*,*,#3796,.F.);
#5217=ORIENTED_EDGE('',*,*,#3795,.T.);
#5218=ORIENTED_EDGE('',*,*,#3797,.F.);
#5219=ORIENTED_EDGE('',*,*,#3798,.F.);
#5220=ORIENTED_EDGE('',*,*,#3799,.F.);
#5221=ORIENTED_EDGE('',*,*,#3798,.T.);
#5222=ORIENTED_EDGE('',*,*,#3800,.F.);
#5223=ORIENTED_EDGE('',*,*,#3801,.F.);
#5224=ORIENTED_EDGE('',*,*,#3802,.F.);
#5225=ORIENTED_EDGE('',*,*,#3801,.T.);
#5226=ORIENTED_EDGE('',*,*,#3803,.F.);
#5227=ORIENTED_EDGE('',*,*,#3804,.F.);
#5228=ORIENTED_EDGE('',*,*,#3805,.F.);
#5229=ORIENTED_EDGE('',*,*,#3804,.T.);
#5230=ORIENTED_EDGE('',*,*,#3806,.F.);
#5231=ORIENTED_EDGE('',*,*,#3807,.F.);
#5232=ORIENTED_EDGE('',*,*,#3808,.F.);
#5233=ORIENTED_EDGE('',*,*,#3807,.T.);
#5234=ORIENTED_EDGE('',*,*,#3809,.F.);
#5235=ORIENTED_EDGE('',*,*,#3810,.F.);
#5236=ORIENTED_EDGE('',*,*,#3811,.F.);
#5237=ORIENTED_EDGE('',*,*,#3810,.T.);
#5238=ORIENTED_EDGE('',*,*,#3812,.F.);
#5239=ORIENTED_EDGE('',*,*,#3813,.F.);
#5240=ORIENTED_EDGE('',*,*,#3814,.T.);
#5241=ORIENTED_EDGE('',*,*,#3813,.T.);
#5242=ORIENTED_EDGE('',*,*,#3815,.F.);
#5243=ORIENTED_EDGE('',*,*,#3816,.F.);
#5244=ORIENTED_EDGE('',*,*,#3817,.T.);
#5245=ORIENTED_EDGE('',*,*,#3816,.T.);
#5246=ORIENTED_EDGE('',*,*,#3818,.F.);
#5247=ORIENTED_EDGE('',*,*,#3819,.F.);
#5248=ORIENTED_EDGE('',*,*,#3820,.T.);
#5249=ORIENTED_EDGE('',*,*,#3819,.T.);
#5250=ORIENTED_EDGE('',*,*,#3821,.F.);
#5251=ORIENTED_EDGE('',*,*,#3822,.F.);
#5252=ORIENTED_EDGE('',*,*,#3823,.T.);
#5253=ORIENTED_EDGE('',*,*,#3822,.T.);
#5254=ORIENTED_EDGE('',*,*,#3824,.F.);
#5255=ORIENTED_EDGE('',*,*,#3825,.F.);
#5256=ORIENTED_EDGE('',*,*,#3826,.T.);
#5257=ORIENTED_EDGE('',*,*,#3825,.T.);
#5258=ORIENTED_EDGE('',*,*,#3827,.F.);
#5259=ORIENTED_EDGE('',*,*,#3828,.F.);
#5260=ORIENTED_EDGE('',*,*,#3829,.T.);
#5261=ORIENTED_EDGE('',*,*,#3828,.T.);
#5262=ORIENTED_EDGE('',*,*,#3830,.F.);
#5263=ORIENTED_EDGE('',*,*,#3831,.F.);
#5264=ORIENTED_EDGE('',*,*,#3832,.T.);
#5265=ORIENTED_EDGE('',*,*,#3831,.T.);
#5266=ORIENTED_EDGE('',*,*,#3833,.F.);
#5267=ORIENTED_EDGE('',*,*,#3834,.F.);
#5268=ORIENTED_EDGE('',*,*,#3835,.T.);
#5269=ORIENTED_EDGE('',*,*,#3834,.T.);
#5270=ORIENTED_EDGE('',*,*,#3836,.F.);
#5271=ORIENTED_EDGE('',*,*,#3837,.F.);
#5272=ORIENTED_EDGE('',*,*,#3838,.T.);
#5273=ORIENTED_EDGE('',*,*,#3837,.T.);
#5274=ORIENTED_EDGE('',*,*,#3839,.F.);
#5275=ORIENTED_EDGE('',*,*,#3840,.F.);
#5276=ORIENTED_EDGE('',*,*,#3841,.T.);
#5277=ORIENTED_EDGE('',*,*,#3840,.T.);
#5278=ORIENTED_EDGE('',*,*,#3842,.F.);
#5279=ORIENTED_EDGE('',*,*,#3843,.F.);
#5280=ORIENTED_EDGE('',*,*,#3844,.T.);
#5281=ORIENTED_EDGE('',*,*,#3843,.T.);
#5282=ORIENTED_EDGE('',*,*,#3845,.F.);
#5283=ORIENTED_EDGE('',*,*,#3751,.F.);
#5284=ORIENTED_EDGE('',*,*,#3845,.T.);
#5285=ORIENTED_EDGE('',*,*,#3842,.T.);
#5286=ORIENTED_EDGE('',*,*,#3839,.T.);
#5287=ORIENTED_EDGE('',*,*,#3836,.T.);
#5288=ORIENTED_EDGE('',*,*,#3833,.T.);
#5289=ORIENTED_EDGE('',*,*,#3830,.T.);
#5290=ORIENTED_EDGE('',*,*,#3827,.T.);
#5291=ORIENTED_EDGE('',*,*,#3824,.T.);
#5292=ORIENTED_EDGE('',*,*,#3821,.T.);
#5293=ORIENTED_EDGE('',*,*,#3818,.T.);
#5294=ORIENTED_EDGE('',*,*,#3815,.T.);
#5295=ORIENTED_EDGE('',*,*,#3812,.T.);
#5296=ORIENTED_EDGE('',*,*,#3809,.T.);
#5297=ORIENTED_EDGE('',*,*,#3806,.T.);
#5298=ORIENTED_EDGE('',*,*,#3803,.T.);
#5299=ORIENTED_EDGE('',*,*,#3800,.T.);
#5300=ORIENTED_EDGE('',*,*,#3797,.T.);
#5301=ORIENTED_EDGE('',*,*,#3794,.T.);
#5302=ORIENTED_EDGE('',*,*,#3791,.T.);
#5303=ORIENTED_EDGE('',*,*,#3788,.T.);
#5304=ORIENTED_EDGE('',*,*,#3785,.T.);
#5305=ORIENTED_EDGE('',*,*,#3782,.T.);
#5306=ORIENTED_EDGE('',*,*,#3779,.T.);
#5307=ORIENTED_EDGE('',*,*,#3776,.T.);
#5308=ORIENTED_EDGE('',*,*,#3773,.T.);
#5309=ORIENTED_EDGE('',*,*,#3770,.T.);
#5310=ORIENTED_EDGE('',*,*,#3767,.T.);
#5311=ORIENTED_EDGE('',*,*,#3764,.T.);
#5312=ORIENTED_EDGE('',*,*,#3761,.T.);
#5313=ORIENTED_EDGE('',*,*,#3758,.T.);
#5314=ORIENTED_EDGE('',*,*,#3755,.T.);
#5315=ORIENTED_EDGE('',*,*,#3752,.T.);
#5316=ORIENTED_EDGE('',*,*,#3728,.T.);
#5317=ORIENTED_EDGE('',*,*,#3731,.T.);
#5318=ORIENTED_EDGE('',*,*,#3739,.T.);
#5319=ORIENTED_EDGE('',*,*,#3742,.T.);
#5320=ORIENTED_EDGE('',*,*,#3732,.T.);
#5321=ORIENTED_EDGE('',*,*,#3736,.T.);
#5322=ORIENTED_EDGE('',*,*,#3746,.T.);
#5323=ORIENTED_EDGE('',*,*,#3749,.T.);
#5324=ORIENTED_EDGE('',*,*,#3844,.F.);
#5325=ORIENTED_EDGE('',*,*,#3750,.T.);
#5326=ORIENTED_EDGE('',*,*,#3754,.F.);
#5327=ORIENTED_EDGE('',*,*,#3757,.F.);
#5328=ORIENTED_EDGE('',*,*,#3760,.T.);
#5329=ORIENTED_EDGE('',*,*,#3763,.T.);
#5330=ORIENTED_EDGE('',*,*,#3766,.T.);
#5331=ORIENTED_EDGE('',*,*,#3769,.T.);
#5332=ORIENTED_EDGE('',*,*,#3772,.T.);
#5333=ORIENTED_EDGE('',*,*,#3775,.T.);
#5334=ORIENTED_EDGE('',*,*,#3778,.T.);
#5335=ORIENTED_EDGE('',*,*,#3781,.T.);
#5336=ORIENTED_EDGE('',*,*,#3784,.T.);
#5337=ORIENTED_EDGE('',*,*,#3787,.T.);
#5338=ORIENTED_EDGE('',*,*,#3790,.T.);
#5339=ORIENTED_EDGE('',*,*,#3793,.T.);
#5340=ORIENTED_EDGE('',*,*,#3796,.T.);
#5341=ORIENTED_EDGE('',*,*,#3799,.T.);
#5342=ORIENTED_EDGE('',*,*,#3802,.T.);
#5343=ORIENTED_EDGE('',*,*,#3805,.T.);
#5344=ORIENTED_EDGE('',*,*,#3808,.T.);
#5345=ORIENTED_EDGE('',*,*,#3811,.T.);
#5346=ORIENTED_EDGE('',*,*,#3814,.F.);
#5347=ORIENTED_EDGE('',*,*,#3817,.F.);
#5348=ORIENTED_EDGE('',*,*,#3820,.F.);
#5349=ORIENTED_EDGE('',*,*,#3823,.F.);
#5350=ORIENTED_EDGE('',*,*,#3826,.F.);
#5351=ORIENTED_EDGE('',*,*,#3829,.F.);
#5352=ORIENTED_EDGE('',*,*,#3832,.F.);
#5353=ORIENTED_EDGE('',*,*,#3835,.F.);
#5354=ORIENTED_EDGE('',*,*,#3838,.F.);
#5355=ORIENTED_EDGE('',*,*,#3841,.F.);
#5356=ORIENTED_EDGE('',*,*,#3726,.T.);
#5357=ORIENTED_EDGE('',*,*,#3729,.T.);
#5358=ORIENTED_EDGE('',*,*,#3740,.T.);
#5359=ORIENTED_EDGE('',*,*,#3737,.T.);
#5360=ORIENTED_EDGE('',*,*,#3734,.T.);
#5361=ORIENTED_EDGE('',*,*,#3743,.T.);
#5362=ORIENTED_EDGE('',*,*,#3744,.T.);
#5363=ORIENTED_EDGE('',*,*,#3747,.T.);
#5364=ORIENTED_EDGE('',*,*,#3846,.F.);
#5365=ORIENTED_EDGE('',*,*,#3847,.T.);
#5366=ORIENTED_EDGE('',*,*,#3848,.F.);
#5367=ORIENTED_EDGE('',*,*,#3849,.F.);
#5368=ORIENTED_EDGE('',*,*,#3850,.T.);
#5369=ORIENTED_EDGE('',*,*,#3849,.T.);
#5370=ORIENTED_EDGE('',*,*,#3851,.F.);
#5371=ORIENTED_EDGE('',*,*,#3852,.F.);
#5372=ORIENTED_EDGE('',*,*,#3853,.T.);
#5373=ORIENTED_EDGE('',*,*,#3852,.T.);
#5374=ORIENTED_EDGE('',*,*,#3854,.F.);
#5375=ORIENTED_EDGE('',*,*,#3855,.F.);
#5376=ORIENTED_EDGE('',*,*,#3856,.F.);
#5377=ORIENTED_EDGE('',*,*,#3855,.T.);
#5378=ORIENTED_EDGE('',*,*,#3857,.F.);
#5379=ORIENTED_EDGE('',*,*,#3858,.F.);
#5380=ORIENTED_EDGE('',*,*,#3859,.F.);
#5381=ORIENTED_EDGE('',*,*,#3858,.T.);
#5382=ORIENTED_EDGE('',*,*,#3860,.F.);
#5383=ORIENTED_EDGE('',*,*,#3861,.F.);
#5384=ORIENTED_EDGE('',*,*,#3862,.F.);
#5385=ORIENTED_EDGE('',*,*,#3861,.T.);
#5386=ORIENTED_EDGE('',*,*,#3863,.F.);
#5387=ORIENTED_EDGE('',*,*,#3864,.F.);
#5388=ORIENTED_EDGE('',*,*,#3865,.F.);
#5389=ORIENTED_EDGE('',*,*,#3864,.T.);
#5390=ORIENTED_EDGE('',*,*,#3866,.F.);
#5391=ORIENTED_EDGE('',*,*,#3867,.F.);
#5392=ORIENTED_EDGE('',*,*,#3868,.F.);
#5393=ORIENTED_EDGE('',*,*,#3867,.T.);
#5394=ORIENTED_EDGE('',*,*,#3869,.F.);
#5395=ORIENTED_EDGE('',*,*,#3870,.F.);
#5396=ORIENTED_EDGE('',*,*,#3871,.F.);
#5397=ORIENTED_EDGE('',*,*,#3870,.T.);
#5398=ORIENTED_EDGE('',*,*,#3872,.F.);
#5399=ORIENTED_EDGE('',*,*,#3873,.F.);
#5400=ORIENTED_EDGE('',*,*,#3874,.F.);
#5401=ORIENTED_EDGE('',*,*,#3873,.T.);
#5402=ORIENTED_EDGE('',*,*,#3875,.F.);
#5403=ORIENTED_EDGE('',*,*,#3876,.F.);
#5404=ORIENTED_EDGE('',*,*,#3877,.F.);
#5405=ORIENTED_EDGE('',*,*,#3876,.T.);
#5406=ORIENTED_EDGE('',*,*,#3878,.F.);
#5407=ORIENTED_EDGE('',*,*,#3879,.F.);
#5408=ORIENTED_EDGE('',*,*,#3880,.F.);
#5409=ORIENTED_EDGE('',*,*,#3879,.T.);
#5410=ORIENTED_EDGE('',*,*,#3881,.F.);
#5411=ORIENTED_EDGE('',*,*,#3882,.F.);
#5412=ORIENTED_EDGE('',*,*,#3883,.F.);
#5413=ORIENTED_EDGE('',*,*,#3882,.T.);
#5414=ORIENTED_EDGE('',*,*,#3884,.F.);
#5415=ORIENTED_EDGE('',*,*,#3885,.F.);
#5416=ORIENTED_EDGE('',*,*,#3886,.F.);
#5417=ORIENTED_EDGE('',*,*,#3885,.T.);
#5418=ORIENTED_EDGE('',*,*,#3887,.F.);
#5419=ORIENTED_EDGE('',*,*,#3888,.F.);
#5420=ORIENTED_EDGE('',*,*,#3889,.F.);
#5421=ORIENTED_EDGE('',*,*,#3888,.T.);
#5422=ORIENTED_EDGE('',*,*,#3890,.F.);
#5423=ORIENTED_EDGE('',*,*,#3891,.F.);
#5424=ORIENTED_EDGE('',*,*,#3892,.F.);
#5425=ORIENTED_EDGE('',*,*,#3891,.T.);
#5426=ORIENTED_EDGE('',*,*,#3893,.F.);
#5427=ORIENTED_EDGE('',*,*,#3894,.F.);
#5428=ORIENTED_EDGE('',*,*,#3895,.F.);
#5429=ORIENTED_EDGE('',*,*,#3894,.T.);
#5430=ORIENTED_EDGE('',*,*,#3896,.F.);
#5431=ORIENTED_EDGE('',*,*,#3897,.F.);
#5432=ORIENTED_EDGE('',*,*,#3898,.F.);
#5433=ORIENTED_EDGE('',*,*,#3897,.T.);
#5434=ORIENTED_EDGE('',*,*,#3899,.F.);
#5435=ORIENTED_EDGE('',*,*,#3900,.F.);
#5436=ORIENTED_EDGE('',*,*,#3901,.F.);
#5437=ORIENTED_EDGE('',*,*,#3900,.T.);
#5438=ORIENTED_EDGE('',*,*,#3902,.F.);
#5439=ORIENTED_EDGE('',*,*,#3903,.F.);
#5440=ORIENTED_EDGE('',*,*,#3904,.F.);
#5441=ORIENTED_EDGE('',*,*,#3903,.T.);
#5442=ORIENTED_EDGE('',*,*,#3905,.F.);
#5443=ORIENTED_EDGE('',*,*,#3906,.F.);
#5444=ORIENTED_EDGE('',*,*,#3907,.F.);
#5445=ORIENTED_EDGE('',*,*,#3906,.T.);
#5446=ORIENTED_EDGE('',*,*,#3908,.F.);
#5447=ORIENTED_EDGE('',*,*,#3909,.F.);
#5448=ORIENTED_EDGE('',*,*,#3910,.T.);
#5449=ORIENTED_EDGE('',*,*,#3909,.T.);
#5450=ORIENTED_EDGE('',*,*,#3911,.F.);
#5451=ORIENTED_EDGE('',*,*,#3912,.F.);
#5452=ORIENTED_EDGE('',*,*,#3913,.T.);
#5453=ORIENTED_EDGE('',*,*,#3912,.T.);
#5454=ORIENTED_EDGE('',*,*,#3914,.F.);
#5455=ORIENTED_EDGE('',*,*,#3915,.F.);
#5456=ORIENTED_EDGE('',*,*,#3916,.T.);
#5457=ORIENTED_EDGE('',*,*,#3915,.T.);
#5458=ORIENTED_EDGE('',*,*,#3917,.F.);
#5459=ORIENTED_EDGE('',*,*,#3918,.F.);
#5460=ORIENTED_EDGE('',*,*,#3919,.T.);
#5461=ORIENTED_EDGE('',*,*,#3918,.T.);
#5462=ORIENTED_EDGE('',*,*,#3920,.F.);
#5463=ORIENTED_EDGE('',*,*,#3921,.F.);
#5464=ORIENTED_EDGE('',*,*,#3922,.T.);
#5465=ORIENTED_EDGE('',*,*,#3921,.T.);
#5466=ORIENTED_EDGE('',*,*,#3923,.F.);
#5467=ORIENTED_EDGE('',*,*,#3924,.F.);
#5468=ORIENTED_EDGE('',*,*,#3925,.T.);
#5469=ORIENTED_EDGE('',*,*,#3924,.T.);
#5470=ORIENTED_EDGE('',*,*,#3926,.F.);
#5471=ORIENTED_EDGE('',*,*,#3927,.F.);
#5472=ORIENTED_EDGE('',*,*,#3928,.T.);
#5473=ORIENTED_EDGE('',*,*,#3927,.T.);
#5474=ORIENTED_EDGE('',*,*,#3929,.F.);
#5475=ORIENTED_EDGE('',*,*,#3930,.F.);
#5476=ORIENTED_EDGE('',*,*,#3931,.T.);
#5477=ORIENTED_EDGE('',*,*,#3930,.T.);
#5478=ORIENTED_EDGE('',*,*,#3932,.F.);
#5479=ORIENTED_EDGE('',*,*,#3933,.F.);
#5480=ORIENTED_EDGE('',*,*,#3934,.T.);
#5481=ORIENTED_EDGE('',*,*,#3933,.T.);
#5482=ORIENTED_EDGE('',*,*,#3935,.F.);
#5483=ORIENTED_EDGE('',*,*,#3936,.F.);
#5484=ORIENTED_EDGE('',*,*,#3937,.T.);
#5485=ORIENTED_EDGE('',*,*,#3936,.T.);
#5486=ORIENTED_EDGE('',*,*,#3938,.F.);
#5487=ORIENTED_EDGE('',*,*,#3939,.F.);
#5488=ORIENTED_EDGE('',*,*,#3940,.T.);
#5489=ORIENTED_EDGE('',*,*,#3939,.T.);
#5490=ORIENTED_EDGE('',*,*,#3941,.F.);
#5491=ORIENTED_EDGE('',*,*,#3847,.F.);
#5492=ORIENTED_EDGE('',*,*,#3941,.T.);
#5493=ORIENTED_EDGE('',*,*,#3938,.T.);
#5494=ORIENTED_EDGE('',*,*,#3935,.T.);
#5495=ORIENTED_EDGE('',*,*,#3932,.T.);
#5496=ORIENTED_EDGE('',*,*,#3929,.T.);
#5497=ORIENTED_EDGE('',*,*,#3926,.T.);
#5498=ORIENTED_EDGE('',*,*,#3923,.T.);
#5499=ORIENTED_EDGE('',*,*,#3920,.T.);
#5500=ORIENTED_EDGE('',*,*,#3917,.T.);
#5501=ORIENTED_EDGE('',*,*,#3914,.T.);
#5502=ORIENTED_EDGE('',*,*,#3911,.T.);
#5503=ORIENTED_EDGE('',*,*,#3908,.T.);
#5504=ORIENTED_EDGE('',*,*,#3905,.T.);
#5505=ORIENTED_EDGE('',*,*,#3902,.T.);
#5506=ORIENTED_EDGE('',*,*,#3899,.T.);
#5507=ORIENTED_EDGE('',*,*,#3896,.T.);
#5508=ORIENTED_EDGE('',*,*,#3893,.T.);
#5509=ORIENTED_EDGE('',*,*,#3890,.T.);
#5510=ORIENTED_EDGE('',*,*,#3887,.T.);
#5511=ORIENTED_EDGE('',*,*,#3884,.T.);
#5512=ORIENTED_EDGE('',*,*,#3881,.T.);
#5513=ORIENTED_EDGE('',*,*,#3878,.T.);
#5514=ORIENTED_EDGE('',*,*,#3875,.T.);
#5515=ORIENTED_EDGE('',*,*,#3872,.T.);
#5516=ORIENTED_EDGE('',*,*,#3869,.T.);
#5517=ORIENTED_EDGE('',*,*,#3866,.T.);
#5518=ORIENTED_EDGE('',*,*,#3863,.T.);
#5519=ORIENTED_EDGE('',*,*,#3860,.T.);
#5520=ORIENTED_EDGE('',*,*,#3857,.T.);
#5521=ORIENTED_EDGE('',*,*,#3854,.T.);
#5522=ORIENTED_EDGE('',*,*,#3851,.T.);
#5523=ORIENTED_EDGE('',*,*,#3848,.T.);
#5524=ORIENTED_EDGE('',*,*,#3940,.F.);
#5525=ORIENTED_EDGE('',*,*,#3846,.T.);
#5526=ORIENTED_EDGE('',*,*,#3850,.F.);
#5527=ORIENTED_EDGE('',*,*,#3853,.F.);
#5528=ORIENTED_EDGE('',*,*,#3856,.T.);
#5529=ORIENTED_EDGE('',*,*,#3859,.T.);
#5530=ORIENTED_EDGE('',*,*,#3862,.T.);
#5531=ORIENTED_EDGE('',*,*,#3865,.T.);
#5532=ORIENTED_EDGE('',*,*,#3868,.T.);
#5533=ORIENTED_EDGE('',*,*,#3871,.T.);
#5534=ORIENTED_EDGE('',*,*,#3874,.T.);
#5535=ORIENTED_EDGE('',*,*,#3877,.T.);
#5536=ORIENTED_EDGE('',*,*,#3880,.T.);
#5537=ORIENTED_EDGE('',*,*,#3883,.T.);
#5538=ORIENTED_EDGE('',*,*,#3886,.T.);
#5539=ORIENTED_EDGE('',*,*,#3889,.T.);
#5540=ORIENTED_EDGE('',*,*,#3892,.T.);
#5541=ORIENTED_EDGE('',*,*,#3895,.T.);
#5542=ORIENTED_EDGE('',*,*,#3898,.T.);
#5543=ORIENTED_EDGE('',*,*,#3901,.T.);
#5544=ORIENTED_EDGE('',*,*,#3904,.T.);
#5545=ORIENTED_EDGE('',*,*,#3907,.T.);
#5546=ORIENTED_EDGE('',*,*,#3910,.F.);
#5547=ORIENTED_EDGE('',*,*,#3913,.F.);
#5548=ORIENTED_EDGE('',*,*,#3916,.F.);
#5549=ORIENTED_EDGE('',*,*,#3919,.F.);
#5550=ORIENTED_EDGE('',*,*,#3922,.F.);
#5551=ORIENTED_EDGE('',*,*,#3925,.F.);
#5552=ORIENTED_EDGE('',*,*,#3928,.F.);
#5553=ORIENTED_EDGE('',*,*,#3931,.F.);
#5554=ORIENTED_EDGE('',*,*,#3934,.F.);
#5555=ORIENTED_EDGE('',*,*,#3937,.F.);
#5556=CYLINDRICAL_SURFACE('',#5974,5.74999999999999);
#5557=CYLINDRICAL_SURFACE('',#5977,11.25);
#5558=CYLINDRICAL_SURFACE('',#5980,5.74999999999999);
#5559=CYLINDRICAL_SURFACE('',#6066,1.6);
#5560=CYLINDRICAL_SURFACE('',#6069,1.6);
#5561=CYLINDRICAL_SURFACE('',#6072,1.6);
#5562=CYLINDRICAL_SURFACE('',#6075,1.6);
#5563=CYLINDRICAL_SURFACE('',#6078,1.6);
#5564=CYLINDRICAL_SURFACE('',#6081,1.6);
#5565=CYLINDRICAL_SURFACE('',#6084,1.6);
#5566=CYLINDRICAL_SURFACE('',#6087,1.6);
#5567=CYLINDRICAL_SURFACE('',#6129,1.5);
#5568=CYLINDRICAL_SURFACE('',#6132,1.5);
#5569=CYLINDRICAL_SURFACE('',#6135,1.5);
#5570=CYLINDRICAL_SURFACE('',#6138,1.5);
#5571=CYLINDRICAL_SURFACE('',#6141,19.);
#5572=CYLINDRICAL_SURFACE('',#6179,2.1);
#5573=CYLINDRICAL_SURFACE('',#6182,2.1);
#5574=CYLINDRICAL_SURFACE('',#6185,2.1);
#5575=CYLINDRICAL_SURFACE('',#6188,2.1);
#5576=CYLINDRICAL_SURFACE('',#6191,2.1);
#5577=CYLINDRICAL_SURFACE('',#6194,2.1);
#5578=CYLINDRICAL_SURFACE('',#6197,2.1);
#5579=CYLINDRICAL_SURFACE('',#6200,2.1);
#5580=CYLINDRICAL_SURFACE('',#6203,2.1);
#5581=CYLINDRICAL_SURFACE('',#6206,1.75);
#5582=CYLINDRICAL_SURFACE('',#6209,3.00000000000001);
#5583=CYLINDRICAL_SURFACE('',#6212,3.00000000000001);
#5584=CYLINDRICAL_SURFACE('',#6215,1.75);
#5585=CYLINDRICAL_SURFACE('',#6253,2.5);
#5586=CYLINDRICAL_SURFACE('',#6256,2.5);
#5587=CYLINDRICAL_SURFACE('',#6263,10.);
#5588=CYLINDRICAL_SURFACE('',#6266,9.99999999999998);
#5589=ADVANCED_FACE('',(#411),#5556,.F.);
#5590=ADVANCED_FACE('',(#412),#5557,.F.);
#5591=ADVANCED_FACE('',(#413),#5558,.F.);
#5592=ADVANCED_FACE('',(#414),#159,.T.);
#5593=ADVANCED_FACE('',(#415),#160,.T.);
#5594=ADVANCED_FACE('',(#416),#161,.T.);
#5595=ADVANCED_FACE('',(#417),#162,.T.);
#5596=ADVANCED_FACE('',(#418),#163,.T.);
#5597=ADVANCED_FACE('',(#419),#164,.T.);
#5598=ADVANCED_FACE('',(#420),#165,.T.);
#5599=ADVANCED_FACE('',(#421),#166,.T.);
#5600=ADVANCED_FACE('',(#422),#167,.T.);
#5601=ADVANCED_FACE('',(#423),#168,.T.);
#5602=ADVANCED_FACE('',(#424),#169,.T.);
#5603=ADVANCED_FACE('',(#425),#170,.T.);
#5604=ADVANCED_FACE('',(#426),#171,.T.);
#5605=ADVANCED_FACE('',(#427),#172,.T.);
#5606=ADVANCED_FACE('',(#428),#173,.T.);
#5607=ADVANCED_FACE('',(#429),#174,.T.);
#5608=ADVANCED_FACE('',(#430),#175,.T.);
#5609=ADVANCED_FACE('',(#431),#176,.T.);
#5610=ADVANCED_FACE('',(#432),#177,.T.);
#5611=ADVANCED_FACE('',(#433),#178,.T.);
#5612=ADVANCED_FACE('',(#434),#179,.T.);
#5613=ADVANCED_FACE('',(#435),#180,.T.);
#5614=ADVANCED_FACE('',(#436),#181,.T.);
#5615=ADVANCED_FACE('',(#437),#182,.T.);
#5616=ADVANCED_FACE('',(#438),#183,.T.);
#5617=ADVANCED_FACE('',(#439),#184,.T.);
#5618=ADVANCED_FACE('',(#440),#185,.T.);
#5619=ADVANCED_FACE('',(#441),#186,.T.);
#5620=ADVANCED_FACE('',(#442),#187,.T.);
#5621=ADVANCED_FACE('',(#443),#188,.T.);
#5622=ADVANCED_FACE('',(#444),#189,.T.);
#5623=ADVANCED_FACE('',(#445),#190,.T.);
#5624=ADVANCED_FACE('',(#446),#191,.T.);
#5625=ADVANCED_FACE('',(#447),#192,.T.);
#5626=ADVANCED_FACE('',(#448),#193,.T.);
#5627=ADVANCED_FACE('',(#449),#194,.T.);
#5628=ADVANCED_FACE('',(#450,#91,#92,#93),#195,.T.);
#5629=ADVANCED_FACE('',(#451,#94,#95,#96),#196,.F.);
#5630=ADVANCED_FACE('',(#452),#197,.T.);
#5631=ADVANCED_FACE('',(#453),#198,.T.);
#5632=ADVANCED_FACE('',(#454),#199,.T.);
#5633=ADVANCED_FACE('',(#455),#200,.T.);
#5634=ADVANCED_FACE('',(#456),#201,.T.);
#5635=ADVANCED_FACE('',(#457),#202,.T.);
#5636=ADVANCED_FACE('',(#458),#203,.T.);
#5637=ADVANCED_FACE('',(#459),#204,.T.);
#5638=ADVANCED_FACE('',(#460),#205,.T.);
#5639=ADVANCED_FACE('',(#461),#206,.T.);
#5640=ADVANCED_FACE('',(#462),#207,.T.);
#5641=ADVANCED_FACE('',(#463),#208,.T.);
#5642=ADVANCED_FACE('',(#464),#209,.T.);
#5643=ADVANCED_FACE('',(#465),#210,.T.);
#5644=ADVANCED_FACE('',(#466),#211,.T.);
#5645=ADVANCED_FACE('',(#467),#212,.T.);
#5646=ADVANCED_FACE('',(#468),#213,.T.);
#5647=ADVANCED_FACE('',(#469),#214,.F.);
#5648=ADVANCED_FACE('',(#470),#215,.T.);
#5649=ADVANCED_FACE('',(#471),#216,.T.);
#5650=ADVANCED_FACE('',(#472),#217,.T.);
#5651=ADVANCED_FACE('',(#473),#218,.T.);
#5652=ADVANCED_FACE('',(#474),#219,.T.);
#5653=ADVANCED_FACE('',(#475),#220,.T.);
#5654=ADVANCED_FACE('',(#476),#221,.T.);
#5655=ADVANCED_FACE('',(#477),#222,.T.);
#5656=ADVANCED_FACE('',(#478),#223,.T.);
#5657=ADVANCED_FACE('',(#479),#224,.T.);
#5658=ADVANCED_FACE('',(#480),#225,.T.);
#5659=ADVANCED_FACE('',(#481),#226,.T.);
#5660=ADVANCED_FACE('',(#482),#227,.T.);
#5661=ADVANCED_FACE('',(#483),#228,.T.);
#5662=ADVANCED_FACE('',(#484),#229,.T.);
#5663=ADVANCED_FACE('',(#485),#230,.T.);
#5664=ADVANCED_FACE('',(#486),#231,.T.);
#5665=ADVANCED_FACE('',(#487),#232,.F.);
#5666=ADVANCED_FACE('',(#488),#5559,.F.);
#5667=ADVANCED_FACE('',(#489),#5560,.F.);
#5668=ADVANCED_FACE('',(#490),#5561,.F.);
#5669=ADVANCED_FACE('',(#491),#5562,.F.);
#5670=ADVANCED_FACE('',(#492),#5563,.F.);
#5671=ADVANCED_FACE('',(#493),#5564,.F.);
#5672=ADVANCED_FACE('',(#494),#5565,.F.);
#5673=ADVANCED_FACE('',(#495),#5566,.F.);
#5674=ADVANCED_FACE('',(#496),#233,.T.);
#5675=ADVANCED_FACE('',(#497),#234,.T.);
#5676=ADVANCED_FACE('',(#498),#235,.T.);
#5677=ADVANCED_FACE('',(#499),#236,.T.);
#5678=ADVANCED_FACE('',(#500),#237,.T.);
#5679=ADVANCED_FACE('',(#501),#238,.T.);
#5680=ADVANCED_FACE('',(#502),#239,.T.);
#5681=ADVANCED_FACE('',(#503),#240,.T.);
#5682=ADVANCED_FACE('',(#504),#241,.T.);
#5683=ADVANCED_FACE('',(#505),#242,.T.);
#5684=ADVANCED_FACE('',(#506),#243,.T.);
#5685=ADVANCED_FACE('',(#507),#244,.T.);
#5686=ADVANCED_FACE('',(#508),#245,.T.);
#5687=ADVANCED_FACE('',(#509),#246,.T.);
#5688=ADVANCED_FACE('',(#510),#247,.T.);
#5689=ADVANCED_FACE('',(#511),#248,.T.);
#5690=ADVANCED_FACE('',(#512),#249,.T.);
#5691=ADVANCED_FACE('',(#513),#250,.T.);
#5692=ADVANCED_FACE('',(#514),#251,.T.);
#5693=ADVANCED_FACE('',(#515),#252,.T.);
#5694=ADVANCED_FACE('',(#516),#253,.T.);
#5695=ADVANCED_FACE('',(#517),#254,.T.);
#5696=ADVANCED_FACE('',(#518),#255,.T.);
#5697=ADVANCED_FACE('',(#519),#256,.T.);
#5698=ADVANCED_FACE('',(#520),#257,.T.);
#5699=ADVANCED_FACE('',(#521),#258,.T.);
#5700=ADVANCED_FACE('',(#522),#259,.T.);
#5701=ADVANCED_FACE('',(#523),#260,.T.);
#5702=ADVANCED_FACE('',(#524),#261,.T.);
#5703=ADVANCED_FACE('',(#525),#262,.T.);
#5704=ADVANCED_FACE('',(#526),#263,.T.);
#5705=ADVANCED_FACE('',(#527),#264,.T.);
#5706=ADVANCED_FACE('',(#528),#265,.T.);
#5707=ADVANCED_FACE('',(#529),#266,.T.);
#5708=ADVANCED_FACE('',(#530),#267,.T.);
#5709=ADVANCED_FACE('',(#531),#268,.T.);
#5710=ADVANCED_FACE('',(#532,#97,#98,#99,#100,#101,#102,#103,#104),#269,
 .T.);
#5711=ADVANCED_FACE('',(#533,#105,#106,#107,#108,#109,#110,#111,#112),#270,
 .F.);
#5712=ADVANCED_FACE('',(#534),#5567,.F.);
#5713=ADVANCED_FACE('',(#535),#5568,.F.);
#5714=ADVANCED_FACE('',(#536),#5569,.F.);
#5715=ADVANCED_FACE('',(#537),#5570,.F.);
#5716=ADVANCED_FACE('',(#538),#5571,.F.);
#5717=ADVANCED_FACE('',(#539),#271,.T.);
#5718=ADVANCED_FACE('',(#540),#272,.T.);
#5719=ADVANCED_FACE('',(#541),#273,.T.);
#5720=ADVANCED_FACE('',(#542),#274,.T.);
#5721=ADVANCED_FACE('',(#543),#275,.T.);
#5722=ADVANCED_FACE('',(#544),#276,.T.);
#5723=ADVANCED_FACE('',(#545),#277,.T.);
#5724=ADVANCED_FACE('',(#546),#278,.T.);
#5725=ADVANCED_FACE('',(#547),#279,.T.);
#5726=ADVANCED_FACE('',(#548),#280,.T.);
#5727=ADVANCED_FACE('',(#549),#281,.T.);
#5728=ADVANCED_FACE('',(#550),#282,.T.);
#5729=ADVANCED_FACE('',(#551),#283,.T.);
#5730=ADVANCED_FACE('',(#552),#284,.T.);
#5731=ADVANCED_FACE('',(#553),#285,.T.);
#5732=ADVANCED_FACE('',(#554),#286,.T.);
#5733=ADVANCED_FACE('',(#555),#287,.T.);
#5734=ADVANCED_FACE('',(#556),#288,.T.);
#5735=ADVANCED_FACE('',(#557),#289,.T.);
#5736=ADVANCED_FACE('',(#558),#290,.T.);
#5737=ADVANCED_FACE('',(#559),#291,.T.);
#5738=ADVANCED_FACE('',(#560),#292,.T.);
#5739=ADVANCED_FACE('',(#561),#293,.T.);
#5740=ADVANCED_FACE('',(#562),#294,.T.);
#5741=ADVANCED_FACE('',(#563),#295,.T.);
#5742=ADVANCED_FACE('',(#564),#296,.T.);
#5743=ADVANCED_FACE('',(#565),#297,.T.);
#5744=ADVANCED_FACE('',(#566),#298,.T.);
#5745=ADVANCED_FACE('',(#567),#299,.T.);
#5746=ADVANCED_FACE('',(#568),#300,.T.);
#5747=ADVANCED_FACE('',(#569),#301,.T.);
#5748=ADVANCED_FACE('',(#570),#302,.T.);
#5749=ADVANCED_FACE('',(#571,#113,#114,#115,#116,#117),#303,.T.);
#5750=ADVANCED_FACE('',(#572,#118,#119,#120,#121,#122),#304,.F.);
#5751=ADVANCED_FACE('',(#573),#5572,.F.);
#5752=ADVANCED_FACE('',(#574),#5573,.F.);
#5753=ADVANCED_FACE('',(#575),#5574,.F.);
#5754=ADVANCED_FACE('',(#576),#5575,.F.);
#5755=ADVANCED_FACE('',(#577),#5576,.F.);
#5756=ADVANCED_FACE('',(#578),#5577,.F.);
#5757=ADVANCED_FACE('',(#579),#5578,.F.);
#5758=ADVANCED_FACE('',(#580),#5579,.F.);
#5759=ADVANCED_FACE('',(#581),#5580,.F.);
#5760=ADVANCED_FACE('',(#582),#5581,.F.);
#5761=ADVANCED_FACE('',(#583),#5582,.F.);
#5762=ADVANCED_FACE('',(#584),#5583,.F.);
#5763=ADVANCED_FACE('',(#585),#5584,.F.);
#5764=ADVANCED_FACE('',(#586),#305,.T.);
#5765=ADVANCED_FACE('',(#587),#306,.T.);
#5766=ADVANCED_FACE('',(#588),#307,.T.);
#5767=ADVANCED_FACE('',(#589),#308,.T.);
#5768=ADVANCED_FACE('',(#590),#309,.T.);
#5769=ADVANCED_FACE('',(#591),#310,.T.);
#5770=ADVANCED_FACE('',(#592),#311,.T.);
#5771=ADVANCED_FACE('',(#593),#312,.T.);
#5772=ADVANCED_FACE('',(#594),#313,.T.);
#5773=ADVANCED_FACE('',(#595),#314,.T.);
#5774=ADVANCED_FACE('',(#596),#315,.T.);
#5775=ADVANCED_FACE('',(#597),#316,.T.);
#5776=ADVANCED_FACE('',(#598),#317,.T.);
#5777=ADVANCED_FACE('',(#599),#318,.T.);
#5778=ADVANCED_FACE('',(#600),#319,.T.);
#5779=ADVANCED_FACE('',(#601),#320,.T.);
#5780=ADVANCED_FACE('',(#602),#321,.T.);
#5781=ADVANCED_FACE('',(#603),#322,.T.);
#5782=ADVANCED_FACE('',(#604),#323,.T.);
#5783=ADVANCED_FACE('',(#605),#324,.T.);
#5784=ADVANCED_FACE('',(#606),#325,.T.);
#5785=ADVANCED_FACE('',(#607),#326,.T.);
#5786=ADVANCED_FACE('',(#608),#327,.T.);
#5787=ADVANCED_FACE('',(#609),#328,.T.);
#5788=ADVANCED_FACE('',(#610),#329,.T.);
#5789=ADVANCED_FACE('',(#611),#330,.T.);
#5790=ADVANCED_FACE('',(#612),#331,.T.);
#5791=ADVANCED_FACE('',(#613),#332,.T.);
#5792=ADVANCED_FACE('',(#614),#333,.T.);
#5793=ADVANCED_FACE('',(#615),#334,.T.);
#5794=ADVANCED_FACE('',(#616),#335,.T.);
#5795=ADVANCED_FACE('',(#617),#336,.T.);
#5796=ADVANCED_FACE('',(#618,#123,#124,#125,#126,#127,#128,#129,#130,#131,
#132,#133,#134,#135),#337,.T.);
#5797=ADVANCED_FACE('',(#619,#136,#137,#138,#139,#140,#141,#142,#143,#144,
#145,#146,#147,#148),#338,.F.);
#5798=ADVANCED_FACE('',(#620),#5585,.F.);
#5799=ADVANCED_FACE('',(#621),#5586,.F.);
#5800=ADVANCED_FACE('',(#622),#339,.F.);
#5801=ADVANCED_FACE('',(#623),#340,.F.);
#5802=ADVANCED_FACE('',(#624),#341,.F.);
#5803=ADVANCED_FACE('',(#625),#342,.F.);
#5804=ADVANCED_FACE('',(#626),#5587,.F.);
#5805=ADVANCED_FACE('',(#627),#5588,.F.);
#5806=ADVANCED_FACE('',(#628),#343,.T.);
#5807=ADVANCED_FACE('',(#629),#344,.T.);
#5808=ADVANCED_FACE('',(#630),#345,.T.);
#5809=ADVANCED_FACE('',(#631),#346,.T.);
#5810=ADVANCED_FACE('',(#632),#347,.T.);
#5811=ADVANCED_FACE('',(#633),#348,.T.);
#5812=ADVANCED_FACE('',(#634),#349,.T.);
#5813=ADVANCED_FACE('',(#635),#350,.T.);
#5814=ADVANCED_FACE('',(#636),#351,.T.);
#5815=ADVANCED_FACE('',(#637),#352,.T.);
#5816=ADVANCED_FACE('',(#638),#353,.T.);
#5817=ADVANCED_FACE('',(#639),#354,.T.);
#5818=ADVANCED_FACE('',(#640),#355,.T.);
#5819=ADVANCED_FACE('',(#641),#356,.T.);
#5820=ADVANCED_FACE('',(#642),#357,.T.);
#5821=ADVANCED_FACE('',(#643),#358,.T.);
#5822=ADVANCED_FACE('',(#644),#359,.T.);
#5823=ADVANCED_FACE('',(#645),#360,.T.);
#5824=ADVANCED_FACE('',(#646),#361,.T.);
#5825=ADVANCED_FACE('',(#647),#362,.T.);
#5826=ADVANCED_FACE('',(#648),#363,.T.);
#5827=ADVANCED_FACE('',(#649),#364,.T.);
#5828=ADVANCED_FACE('',(#650),#365,.T.);
#5829=ADVANCED_FACE('',(#651),#366,.T.);
#5830=ADVANCED_FACE('',(#652),#367,.T.);
#5831=ADVANCED_FACE('',(#653),#368,.T.);
#5832=ADVANCED_FACE('',(#654),#369,.T.);
#5833=ADVANCED_FACE('',(#655),#370,.T.);
#5834=ADVANCED_FACE('',(#656),#371,.T.);
#5835=ADVANCED_FACE('',(#657),#372,.T.);
#5836=ADVANCED_FACE('',(#658),#373,.T.);
#5837=ADVANCED_FACE('',(#659),#374,.T.);
#5838=ADVANCED_FACE('',(#660,#149,#150,#151,#152,#153),#375,.T.);
#5839=ADVANCED_FACE('',(#661,#154,#155,#156,#157,#158),#376,.F.);
#5840=ADVANCED_FACE('',(#662),#377,.T.);
#5841=ADVANCED_FACE('',(#663),#378,.T.);
#5842=ADVANCED_FACE('',(#664),#379,.T.);
#5843=ADVANCED_FACE('',(#665),#380,.T.);
#5844=ADVANCED_FACE('',(#666),#381,.T.);
#5845=ADVANCED_FACE('',(#667),#382,.T.);
#5846=ADVANCED_FACE('',(#668),#383,.T.);
#5847=ADVANCED_FACE('',(#669),#384,.T.);
#5848=ADVANCED_FACE('',(#670),#385,.T.);
#5849=ADVANCED_FACE('',(#671),#386,.T.);
#5850=ADVANCED_FACE('',(#672),#387,.T.);
#5851=ADVANCED_FACE('',(#673),#388,.T.);
#5852=ADVANCED_FACE('',(#674),#389,.T.);
#5853=ADVANCED_FACE('',(#675),#390,.T.);
#5854=ADVANCED_FACE('',(#676),#391,.T.);
#5855=ADVANCED_FACE('',(#677),#392,.T.);
#5856=ADVANCED_FACE('',(#678),#393,.T.);
#5857=ADVANCED_FACE('',(#679),#394,.T.);
#5858=ADVANCED_FACE('',(#680),#395,.T.);
#5859=ADVANCED_FACE('',(#681),#396,.T.);
#5860=ADVANCED_FACE('',(#682),#397,.T.);
#5861=ADVANCED_FACE('',(#683),#398,.T.);
#5862=ADVANCED_FACE('',(#684),#399,.T.);
#5863=ADVANCED_FACE('',(#685),#400,.T.);
#5864=ADVANCED_FACE('',(#686),#401,.T.);
#5865=ADVANCED_FACE('',(#687),#402,.T.);
#5866=ADVANCED_FACE('',(#688),#403,.T.);
#5867=ADVANCED_FACE('',(#689),#404,.T.);
#5868=ADVANCED_FACE('',(#690),#405,.T.);
#5869=ADVANCED_FACE('',(#691),#406,.T.);
#5870=ADVANCED_FACE('',(#692),#407,.T.);
#5871=ADVANCED_FACE('',(#693),#408,.T.);
#5872=ADVANCED_FACE('',(#694),#409,.T.);
#5873=ADVANCED_FACE('',(#695),#410,.F.);
#5874=CLOSED_SHELL('',(#5589,#5590,#5591,#5592,#5593,#5594,#5595,#5596,
#5597,#5598,#5599,#5600,#5601,#5602,#5603,#5604,#5605,#5606,#5607,#5608,
#5609,#5610,#5611,#5612,#5613,#5614,#5615,#5616,#5617,#5618,#5619,#5620,
#5621,#5622,#5623,#5624,#5625,#5626,#5627,#5628,#5629));
#5875=CLOSED_SHELL('',(#5630,#5631,#5632,#5633,#5634,#5635,#5636,#5637,
#5638,#5639,#5640,#5641,#5642,#5643,#5644,#5645,#5646,#5647));
#5876=CLOSED_SHELL('',(#5648,#5649,#5650,#5651,#5652,#5653,#5654,#5655,
#5656,#5657,#5658,#5659,#5660,#5661,#5662,#5663,#5664,#5665));
#5877=CLOSED_SHELL('',(#5666,#5667,#5668,#5669,#5670,#5671,#5672,#5673,
#5674,#5675,#5676,#5677,#5678,#5679,#5680,#5681,#5682,#5683,#5684,#5685,
#5686,#5687,#5688,#5689,#5690,#5691,#5692,#5693,#5694,#5695,#5696,#5697,
#5698,#5699,#5700,#5701,#5702,#5703,#5704,#5705,#5706,#5707,#5708,#5709,
#5710,#5711));
#5878=CLOSED_SHELL('',(#5712,#5713,#5714,#5715,#5716,#5717,#5718,#5719,
#5720,#5721,#5722,#5723,#5724,#5725,#5726,#5727,#5728,#5729,#5730,#5731,
#5732,#5733,#5734,#5735,#5736,#5737,#5738,#5739,#5740,#5741,#5742,#5743,
#5744,#5745,#5746,#5747,#5748,#5749,#5750));
#5879=CLOSED_SHELL('',(#5751,#5752,#5753,#5754,#5755,#5756,#5757,#5758,
#5759,#5760,#5761,#5762,#5763,#5764,#5765,#5766,#5767,#5768,#5769,#5770,
#5771,#5772,#5773,#5774,#5775,#5776,#5777,#5778,#5779,#5780,#5781,#5782,
#5783,#5784,#5785,#5786,#5787,#5788,#5789,#5790,#5791,#5792,#5793,#5794,
#5795,#5796,#5797));
#5880=CLOSED_SHELL('',(#5798,#5799,#5800,#5801,#5802,#5803,#5804,#5805,
#5806,#5807,#5808,#5809,#5810,#5811,#5812,#5813,#5814,#5815,#5816,#5817,
#5818,#5819,#5820,#5821,#5822,#5823,#5824,#5825,#5826,#5827,#5828,#5829,
#5830,#5831,#5832,#5833,#5834,#5835,#5836,#5837,#5838,#5839));
#5881=CLOSED_SHELL('',(#5840,#5841,#5842,#5843,#5844,#5845,#5846,#5847,
#5848,#5849,#5850,#5851,#5852,#5853,#5854,#5855,#5856,#5857,#5858,#5859,
#5860,#5861,#5862,#5863,#5864,#5865,#5866,#5867,#5868,#5869,#5870,#5871,
#5872,#5873));
#5882=DERIVED_UNIT_ELEMENT(#5898,1.);
#5883=DERIVED_UNIT_ELEMENT(#9512,-3.);
#5884=DERIVED_UNIT_ELEMENT(#5898,1.);
#5885=DERIVED_UNIT_ELEMENT(#9512,-3.);
#5886=DERIVED_UNIT_ELEMENT(#5898,1.);
#5887=DERIVED_UNIT_ELEMENT(#9512,-3.);
#5888=DERIVED_UNIT_ELEMENT(#5898,1.);
#5889=DERIVED_UNIT_ELEMENT(#9512,-3.);
#5890=DERIVED_UNIT_ELEMENT(#5898,1.);
#5891=DERIVED_UNIT_ELEMENT(#9512,-3.);
#5892=DERIVED_UNIT_ELEMENT(#5898,1.);
#5893=DERIVED_UNIT_ELEMENT(#9512,-3.);
#5894=DERIVED_UNIT_ELEMENT(#5898,1.);
#5895=DERIVED_UNIT_ELEMENT(#9512,-3.);
#5896=DERIVED_UNIT_ELEMENT(#5898,1.);
#5897=DERIVED_UNIT_ELEMENT(#9512,-3.);
#5898=(
MASS_UNIT()
NAMED_UNIT(*)
SI_UNIT(.KILO.,.GRAM.)
);
#5899=DERIVED_UNIT((#5882,#5883));
#5900=DERIVED_UNIT((#5884,#5885));
#5901=DERIVED_UNIT((#5886,#5887));
#5902=DERIVED_UNIT((#5888,#5889));
#5903=DERIVED_UNIT((#5890,#5891));
#5904=DERIVED_UNIT((#5892,#5893));
#5905=DERIVED_UNIT((#5894,#5895));
#5906=DERIVED_UNIT((#5896,#5897));
#5907=MEASURE_REPRESENTATION_ITEM('density measure',
POSITIVE_RATIO_MEASURE(7850.),#5899);
#5908=MEASURE_REPRESENTATION_ITEM('density measure',
POSITIVE_RATIO_MEASURE(7850.),#5900);
#5909=MEASURE_REPRESENTATION_ITEM('density measure',
POSITIVE_RATIO_MEASURE(7850.),#5901);
#5910=MEASURE_REPRESENTATION_ITEM('density measure',
POSITIVE_RATIO_MEASURE(7850.),#5902);
#5911=MEASURE_REPRESENTATION_ITEM('density measure',
POSITIVE_RATIO_MEASURE(7850.),#5903);
#5912=MEASURE_REPRESENTATION_ITEM('density measure',
POSITIVE_RATIO_MEASURE(7850.),#5904);
#5913=MEASURE_REPRESENTATION_ITEM('density measure',
POSITIVE_RATIO_MEASURE(7850.),#5905);
#5914=MEASURE_REPRESENTATION_ITEM('density measure',
POSITIVE_RATIO_MEASURE(7850.),#5906);
#5915=PROPERTY_DEFINITION_REPRESENTATION(#5955,#5931);
#5916=PROPERTY_DEFINITION_REPRESENTATION(#5956,#5932);
#5917=PROPERTY_DEFINITION_REPRESENTATION(#5957,#5933);
#5918=PROPERTY_DEFINITION_REPRESENTATION(#5958,#5934);
#5919=PROPERTY_DEFINITION_REPRESENTATION(#5959,#5935);
#5920=PROPERTY_DEFINITION_REPRESENTATION(#5960,#5936);
#5921=PROPERTY_DEFINITION_REPRESENTATION(#5961,#5937);
#5922=PROPERTY_DEFINITION_REPRESENTATION(#5962,#5938);
#5923=PROPERTY_DEFINITION_REPRESENTATION(#5963,#5939);
#5924=PROPERTY_DEFINITION_REPRESENTATION(#5964,#5940);
#5925=PROPERTY_DEFINITION_REPRESENTATION(#5965,#5941);
#5926=PROPERTY_DEFINITION_REPRESENTATION(#5966,#5942);
#5927=PROPERTY_DEFINITION_REPRESENTATION(#5967,#5943);
#5928=PROPERTY_DEFINITION_REPRESENTATION(#5968,#5944);
#5929=PROPERTY_DEFINITION_REPRESENTATION(#5969,#5945);
#5930=PROPERTY_DEFINITION_REPRESENTATION(#5970,#5946);
#5931=REPRESENTATION('material name',(#5947),#9501);
#5932=REPRESENTATION('density',(#5907),#9501);
#5933=REPRESENTATION('material name',(#5948),#9502);
#5934=REPRESENTATION('density',(#5908),#9502);
#5935=REPRESENTATION('material name',(#5949),#9503);
#5936=REPRESENTATION('density',(#5909),#9503);
#5937=REPRESENTATION('material name',(#5950),#9505);
#5938=REPRESENTATION('density',(#5910),#9505);
#5939=REPRESENTATION('material name',(#5951),#9506);
#5940=REPRESENTATION('density',(#5911),#9506);
#5941=REPRESENTATION('material name',(#5952),#9507);
#5942=REPRESENTATION('density',(#5912),#9507);
#5943=REPRESENTATION('material name',(#5953),#9508);
#5944=REPRESENTATION('density',(#5913),#9508);
#5945=REPRESENTATION('material name',(#5954),#9509);
#5946=REPRESENTATION('density',(#5914),#9509);
#5947=DESCRIPTIVE_REPRESENTATION_ITEM('A\X\E7o','A\X\E7o');
#5948=DESCRIPTIVE_REPRESENTATION_ITEM('A\X\E7o','A\X\E7o');
#5949=DESCRIPTIVE_REPRESENTATION_ITEM('A\X\E7o','A\X\E7o');
#5950=DESCRIPTIVE_REPRESENTATION_ITEM('A\X\E7o','A\X\E7o');
#5951=DESCRIPTIVE_REPRESENTATION_ITEM('A\X\E7o','A\X\E7o');
#5952=DESCRIPTIVE_REPRESENTATION_ITEM('A\X\E7o','A\X\E7o');
#5953=DESCRIPTIVE_REPRESENTATION_ITEM('A\X\E7o','A\X\E7o');
#5954=DESCRIPTIVE_REPRESENTATION_ITEM('A\X\E7o','A\X\E7o');
#5955=PROPERTY_DEFINITION('material property','material name',#9563);
#5956=PROPERTY_DEFINITION('material property','density of part',#9563);
#5957=PROPERTY_DEFINITION('material property','material name',#9564);
#5958=PROPERTY_DEFINITION('material property','density of part',#9564);
#5959=PROPERTY_DEFINITION('material property','material name',#9565);
#5960=PROPERTY_DEFINITION('material property','density of part',#9565);
#5961=PROPERTY_DEFINITION('material property','material name',#9567);
#5962=PROPERTY_DEFINITION('material property','density of part',#9567);
#5963=PROPERTY_DEFINITION('material property','material name',#9568);
#5964=PROPERTY_DEFINITION('material property','density of part',#9568);
#5965=PROPERTY_DEFINITION('material property','material name',#9569);
#5966=PROPERTY_DEFINITION('material property','density of part',#9569);
#5967=PROPERTY_DEFINITION('material property','material name',#9570);
#5968=PROPERTY_DEFINITION('material property','density of part',#9570);
#5969=PROPERTY_DEFINITION('material property','material name',#9571);
#5970=PROPERTY_DEFINITION('material property','density of part',#9571);
#5971=AXIS2_PLACEMENT_3D('',#7834,#6345,#6346);
#5972=AXIS2_PLACEMENT_3D('',#7835,#6347,#6348);
#5973=AXIS2_PLACEMENT_3D('',#7836,#6349,#6350);
#5974=AXIS2_PLACEMENT_3D('',#7837,#6351,#6352);
#5975=AXIS2_PLACEMENT_3D('',#7839,#6353,#6354);
#5976=AXIS2_PLACEMENT_3D('',#7842,#6356,#6357);
#5977=AXIS2_PLACEMENT_3D('',#7843,#6358,#6359);
#5978=AXIS2_PLACEMENT_3D('',#7845,#6360,#6361);
#5979=AXIS2_PLACEMENT_3D('',#7848,#6363,#6364);
#5980=AXIS2_PLACEMENT_3D('',#7849,#6365,#6366);
#5981=AXIS2_PLACEMENT_3D('',#7851,#6367,#6368);
#5982=AXIS2_PLACEMENT_3D('',#7854,#6370,#6371);
#5983=AXIS2_PLACEMENT_3D('',#7855,#6372,#6373);
#5984=AXIS2_PLACEMENT_3D('',#7864,#6378,#6379);
#5985=AXIS2_PLACEMENT_3D('',#7870,#6383,#6384);
#5986=AXIS2_PLACEMENT_3D('',#7876,#6388,#6389);
#5987=AXIS2_PLACEMENT_3D('',#7882,#6393,#6394);
#5988=AXIS2_PLACEMENT_3D('',#7888,#6398,#6399);
#5989=AXIS2_PLACEMENT_3D('',#7894,#6403,#6404);
#5990=AXIS2_PLACEMENT_3D('',#7900,#6408,#6409);
#5991=AXIS2_PLACEMENT_3D('',#7906,#6413,#6414);
#5992=AXIS2_PLACEMENT_3D('',#7912,#6418,#6419);
#5993=AXIS2_PLACEMENT_3D('',#7918,#6423,#6424);
#5994=AXIS2_PLACEMENT_3D('',#7924,#6428,#6429);
#5995=AXIS2_PLACEMENT_3D('',#7930,#6433,#6434);
#5996=AXIS2_PLACEMENT_3D('',#7936,#6438,#6439);
#5997=AXIS2_PLACEMENT_3D('',#7942,#6443,#6444);
#5998=AXIS2_PLACEMENT_3D('',#7948,#6448,#6449);
#5999=AXIS2_PLACEMENT_3D('',#7954,#6453,#6454);
#6000=AXIS2_PLACEMENT_3D('',#7960,#6458,#6459);
#6001=AXIS2_PLACEMENT_3D('',#7966,#6463,#6464);
#6002=AXIS2_PLACEMENT_3D('',#7972,#6468,#6469);
#6003=AXIS2_PLACEMENT_3D('',#7978,#6473,#6474);
#6004=AXIS2_PLACEMENT_3D('',#7984,#6478,#6479);
#6005=AXIS2_PLACEMENT_3D('',#7990,#6483,#6484);
#6006=AXIS2_PLACEMENT_3D('',#7996,#6488,#6489);
#6007=AXIS2_PLACEMENT_3D('',#8002,#6493,#6494);
#6008=AXIS2_PLACEMENT_3D('',#8008,#6498,#6499);
#6009=AXIS2_PLACEMENT_3D('',#8014,#6503,#6504);
#6010=AXIS2_PLACEMENT_3D('',#8020,#6508,#6509);
#6011=AXIS2_PLACEMENT_3D('',#8026,#6513,#6514);
#6012=AXIS2_PLACEMENT_3D('',#8032,#6518,#6519);
#6013=AXIS2_PLACEMENT_3D('',#8038,#6523,#6524);
#6014=AXIS2_PLACEMENT_3D('',#8044,#6528,#6529);
#6015=AXIS2_PLACEMENT_3D('',#8050,#6533,#6534);
#6016=AXIS2_PLACEMENT_3D('',#8056,#6538,#6539);
#6017=AXIS2_PLACEMENT_3D('',#8062,#6543,#6544);
#6018=AXIS2_PLACEMENT_3D('',#8068,#6548,#6549);
#6019=AXIS2_PLACEMENT_3D('',#8071,#6552,#6553);
#6020=AXIS2_PLACEMENT_3D('',#8072,#6554,#6555);
#6021=AXIS2_PLACEMENT_3D('',#8073,#6556,#6557);
#6022=AXIS2_PLACEMENT_3D('',#8074,#6558,#6559);
#6023=AXIS2_PLACEMENT_3D('',#8083,#6564,#6565);
#6024=AXIS2_PLACEMENT_3D('',#8089,#6569,#6570);
#6025=AXIS2_PLACEMENT_3D('',#8095,#6574,#6575);
#6026=AXIS2_PLACEMENT_3D('',#8101,#6579,#6580);
#6027=AXIS2_PLACEMENT_3D('',#8107,#6584,#6585);
#6028=AXIS2_PLACEMENT_3D('',#8113,#6589,#6590);
#6029=AXIS2_PLACEMENT_3D('',#8119,#6594,#6595);
#6030=AXIS2_PLACEMENT_3D('',#8125,#6599,#6600);
#6031=AXIS2_PLACEMENT_3D('',#8131,#6604,#6605);
#6032=AXIS2_PLACEMENT_3D('',#8137,#6609,#6610);
#6033=AXIS2_PLACEMENT_3D('',#8143,#6614,#6615);
#6034=AXIS2_PLACEMENT_3D('',#8149,#6619,#6620);
#6035=AXIS2_PLACEMENT_3D('',#8155,#6624,#6625);
#6036=AXIS2_PLACEMENT_3D('',#8161,#6629,#6630);
#6037=AXIS2_PLACEMENT_3D('',#8167,#6634,#6635);
#6038=AXIS2_PLACEMENT_3D('',#8170,#6638,#6639);
#6039=AXIS2_PLACEMENT_3D('',#8171,#6640,#6641);
#6040=AXIS2_PLACEMENT_3D('',#8172,#6642,#6643);
#6041=AXIS2_PLACEMENT_3D('',#8173,#6644,#6645);
#6042=AXIS2_PLACEMENT_3D('',#8182,#6650,#6651);
#6043=AXIS2_PLACEMENT_3D('',#8188,#6655,#6656);
#6044=AXIS2_PLACEMENT_3D('',#8194,#6660,#6661);
#6045=AXIS2_PLACEMENT_3D('',#8200,#6665,#6666);
#6046=AXIS2_PLACEMENT_3D('',#8206,#6670,#6671);
#6047=AXIS2_PLACEMENT_3D('',#8212,#6675,#6676);
#6048=AXIS2_PLACEMENT_3D('',#8218,#6680,#6681);
#6049=AXIS2_PLACEMENT_3D('',#8224,#6685,#6686);
#6050=AXIS2_PLACEMENT_3D('',#8230,#6690,#6691);
#6051=AXIS2_PLACEMENT_3D('',#8236,#6695,#6696);
#6052=AXIS2_PLACEMENT_3D('',#8242,#6700,#6701);
#6053=AXIS2_PLACEMENT_3D('',#8248,#6705,#6706);
#6054=AXIS2_PLACEMENT_3D('',#8254,#6710,#6711);
#6055=AXIS2_PLACEMENT_3D('',#8260,#6715,#6716);
#6056=AXIS2_PLACEMENT_3D('',#8266,#6720,#6721);
#6057=AXIS2_PLACEMENT_3D('',#8269,#6724,#6725);
#6058=AXIS2_PLACEMENT_3D('',#8270,#6726,#6727);
#6059=AXIS2_PLACEMENT_3D('',#8271,#6728,#6729);
#6060=AXIS2_PLACEMENT_3D('',#8272,#6730,#6731);
#6061=AXIS2_PLACEMENT_3D('',#8273,#6732,#6733);
#6062=AXIS2_PLACEMENT_3D('',#8274,#6734,#6735);
#6063=AXIS2_PLACEMENT_3D('',#8275,#6736,#6737);
#6064=AXIS2_PLACEMENT_3D('',#8276,#6738,#6739);
#6065=AXIS2_PLACEMENT_3D('',#8277,#6740,#6741);
#6066=AXIS2_PLACEMENT_3D('',#8278,#6742,#6743);
#6067=AXIS2_PLACEMENT_3D('',#8280,#6744,#6745);
#6068=AXIS2_PLACEMENT_3D('',#8283,#6747,#6748);
#6069=AXIS2_PLACEMENT_3D('',#8284,#6749,#6750);
#6070=AXIS2_PLACEMENT_3D('',#8286,#6751,#6752);
#6071=AXIS2_PLACEMENT_3D('',#8289,#6754,#6755);
#6072=AXIS2_PLACEMENT_3D('',#8290,#6756,#6757);
#6073=AXIS2_PLACEMENT_3D('',#8292,#6758,#6759);
#6074=AXIS2_PLACEMENT_3D('',#8295,#6761,#6762);
#6075=AXIS2_PLACEMENT_3D('',#8296,#6763,#6764);
#6076=AXIS2_PLACEMENT_3D('',#8298,#6765,#6766);
#6077=AXIS2_PLACEMENT_3D('',#8301,#6768,#6769);
#6078=AXIS2_PLACEMENT_3D('',#8302,#6770,#6771);
#6079=AXIS2_PLACEMENT_3D('',#8304,#6772,#6773);
#6080=AXIS2_PLACEMENT_3D('',#8307,#6775,#6776);
#6081=AXIS2_PLACEMENT_3D('',#8308,#6777,#6778);
#6082=AXIS2_PLACEMENT_3D('',#8310,#6779,#6780);
#6083=AXIS2_PLACEMENT_3D('',#8313,#6782,#6783);
#6084=AXIS2_PLACEMENT_3D('',#8314,#6784,#6785);
#6085=AXIS2_PLACEMENT_3D('',#8316,#6786,#6787);
#6086=AXIS2_PLACEMENT_3D('',#8319,#6789,#6790);
#6087=AXIS2_PLACEMENT_3D('',#8320,#6791,#6792);
#6088=AXIS2_PLACEMENT_3D('',#8322,#6793,#6794);
#6089=AXIS2_PLACEMENT_3D('',#8325,#6796,#6797);
#6090=AXIS2_PLACEMENT_3D('',#8326,#6798,#6799);
#6091=AXIS2_PLACEMENT_3D('',#8335,#6804,#6805);
#6092=AXIS2_PLACEMENT_3D('',#8341,#6809,#6810);
#6093=AXIS2_PLACEMENT_3D('',#8347,#6814,#6815);
#6094=AXIS2_PLACEMENT_3D('',#8353,#6819,#6820);
#6095=AXIS2_PLACEMENT_3D('',#8359,#6824,#6825);
#6096=AXIS2_PLACEMENT_3D('',#8365,#6829,#6830);
#6097=AXIS2_PLACEMENT_3D('',#8371,#6834,#6835);
#6098=AXIS2_PLACEMENT_3D('',#8377,#6839,#6840);
#6099=AXIS2_PLACEMENT_3D('',#8383,#6844,#6845);
#6100=AXIS2_PLACEMENT_3D('',#8389,#6849,#6850);
#6101=AXIS2_PLACEMENT_3D('',#8395,#6854,#6855);
#6102=AXIS2_PLACEMENT_3D('',#8401,#6859,#6860);
#6103=AXIS2_PLACEMENT_3D('',#8407,#6864,#6865);
#6104=AXIS2_PLACEMENT_3D('',#8413,#6869,#6870);
#6105=AXIS2_PLACEMENT_3D('',#8419,#6874,#6875);
#6106=AXIS2_PLACEMENT_3D('',#8425,#6879,#6880);
#6107=AXIS2_PLACEMENT_3D('',#8431,#6884,#6885);
#6108=AXIS2_PLACEMENT_3D('',#8437,#6889,#6890);
#6109=AXIS2_PLACEMENT_3D('',#8443,#6894,#6895);
#6110=AXIS2_PLACEMENT_3D('',#8449,#6899,#6900);
#6111=AXIS2_PLACEMENT_3D('',#8455,#6904,#6905);
#6112=AXIS2_PLACEMENT_3D('',#8461,#6909,#6910);
#6113=AXIS2_PLACEMENT_3D('',#8467,#6914,#6915);
#6114=AXIS2_PLACEMENT_3D('',#8473,#6919,#6920);
#6115=AXIS2_PLACEMENT_3D('',#8479,#6924,#6925);
#6116=AXIS2_PLACEMENT_3D('',#8485,#6929,#6930);
#6117=AXIS2_PLACEMENT_3D('',#8491,#6934,#6935);
#6118=AXIS2_PLACEMENT_3D('',#8497,#6939,#6940);
#6119=AXIS2_PLACEMENT_3D('',#8503,#6944,#6945);
#6120=AXIS2_PLACEMENT_3D('',#8509,#6949,#6950);
#6121=AXIS2_PLACEMENT_3D('',#8515,#6954,#6955);
#6122=AXIS2_PLACEMENT_3D('',#8521,#6959,#6960);
#6123=AXIS2_PLACEMENT_3D('',#8527,#6964,#6965);
#6124=AXIS2_PLACEMENT_3D('',#8533,#6969,#6970);
#6125=AXIS2_PLACEMENT_3D('',#8539,#6974,#6975);
#6126=AXIS2_PLACEMENT_3D('',#8542,#6978,#6979);
#6127=AXIS2_PLACEMENT_3D('',#8543,#6980,#6981);
#6128=AXIS2_PLACEMENT_3D('',#8544,#6982,#6983);
#6129=AXIS2_PLACEMENT_3D('',#8545,#6984,#6985);
#6130=AXIS2_PLACEMENT_3D('',#8547,#6986,#6987);
#6131=AXIS2_PLACEMENT_3D('',#8550,#6989,#6990);
#6132=AXIS2_PLACEMENT_3D('',#8551,#6991,#6992);
#6133=AXIS2_PLACEMENT_3D('',#8553,#6993,#6994);
#6134=AXIS2_PLACEMENT_3D('',#8556,#6996,#6997);
#6135=AXIS2_PLACEMENT_3D('',#8557,#6998,#6999);
#6136=AXIS2_PLACEMENT_3D('',#8559,#7000,#7001);
#6137=AXIS2_PLACEMENT_3D('',#8562,#7003,#7004);
#6138=AXIS2_PLACEMENT_3D('',#8563,#7005,#7006);
#6139=AXIS2_PLACEMENT_3D('',#8565,#7007,#7008);
#6140=AXIS2_PLACEMENT_3D('',#8568,#7010,#7011);
#6141=AXIS2_PLACEMENT_3D('',#8569,#7012,#7013);
#6142=AXIS2_PLACEMENT_3D('',#8571,#7014,#7015);
#6143=AXIS2_PLACEMENT_3D('',#8574,#7017,#7018);
#6144=AXIS2_PLACEMENT_3D('',#8575,#7019,#7020);
#6145=AXIS2_PLACEMENT_3D('',#8584,#7025,#7026);
#6146=AXIS2_PLACEMENT_3D('',#8590,#7030,#7031);
#6147=AXIS2_PLACEMENT_3D('',#8596,#7035,#7036);
#6148=AXIS2_PLACEMENT_3D('',#8602,#7040,#7041);
#6149=AXIS2_PLACEMENT_3D('',#8608,#7045,#7046);
#6150=AXIS2_PLACEMENT_3D('',#8614,#7050,#7051);
#6151=AXIS2_PLACEMENT_3D('',#8620,#7055,#7056);
#6152=AXIS2_PLACEMENT_3D('',#8626,#7060,#7061);
#6153=AXIS2_PLACEMENT_3D('',#8632,#7065,#7066);
#6154=AXIS2_PLACEMENT_3D('',#8638,#7070,#7071);
#6155=AXIS2_PLACEMENT_3D('',#8644,#7075,#7076);
#6156=AXIS2_PLACEMENT_3D('',#8650,#7080,#7081);
#6157=AXIS2_PLACEMENT_3D('',#8656,#7085,#7086);
#6158=AXIS2_PLACEMENT_3D('',#8662,#7090,#7091);
#6159=AXIS2_PLACEMENT_3D('',#8668,#7095,#7096);
#6160=AXIS2_PLACEMENT_3D('',#8674,#7100,#7101);
#6161=AXIS2_PLACEMENT_3D('',#8680,#7105,#7106);
#6162=AXIS2_PLACEMENT_3D('',#8686,#7110,#7111);
#6163=AXIS2_PLACEMENT_3D('',#8692,#7115,#7116);
#6164=AXIS2_PLACEMENT_3D('',#8698,#7120,#7121);
#6165=AXIS2_PLACEMENT_3D('',#8704,#7125,#7126);
#6166=AXIS2_PLACEMENT_3D('',#8710,#7130,#7131);
#6167=AXIS2_PLACEMENT_3D('',#8716,#7135,#7136);
#6168=AXIS2_PLACEMENT_3D('',#8722,#7140,#7141);
#6169=AXIS2_PLACEMENT_3D('',#8728,#7145,#7146);
#6170=AXIS2_PLACEMENT_3D('',#8734,#7150,#7151);
#6171=AXIS2_PLACEMENT_3D('',#8740,#7155,#7156);
#6172=AXIS2_PLACEMENT_3D('',#8746,#7160,#7161);
#6173=AXIS2_PLACEMENT_3D('',#8752,#7165,#7166);
#6174=AXIS2_PLACEMENT_3D('',#8758,#7170,#7171);
#6175=AXIS2_PLACEMENT_3D('',#8764,#7175,#7176);
#6176=AXIS2_PLACEMENT_3D('',#8767,#7179,#7180);
#6177=AXIS2_PLACEMENT_3D('',#8768,#7181,#7182);
#6178=AXIS2_PLACEMENT_3D('',#8769,#7183,#7184);
#6179=AXIS2_PLACEMENT_3D('',#8770,#7185,#7186);
#6180=AXIS2_PLACEMENT_3D('',#8772,#7187,#7188);
#6181=AXIS2_PLACEMENT_3D('',#8775,#7190,#7191);
#6182=AXIS2_PLACEMENT_3D('',#8776,#7192,#7193);
#6183=AXIS2_PLACEMENT_3D('',#8778,#7194,#7195);
#6184=AXIS2_PLACEMENT_3D('',#8781,#7197,#7198);
#6185=AXIS2_PLACEMENT_3D('',#8782,#7199,#7200);
#6186=AXIS2_PLACEMENT_3D('',#8784,#7201,#7202);
#6187=AXIS2_PLACEMENT_3D('',#8787,#7204,#7205);
#6188=AXIS2_PLACEMENT_3D('',#8788,#7206,#7207);
#6189=AXIS2_PLACEMENT_3D('',#8790,#7208,#7209);
#6190=AXIS2_PLACEMENT_3D('',#8793,#7211,#7212);
#6191=AXIS2_PLACEMENT_3D('',#8794,#7213,#7214);
#6192=AXIS2_PLACEMENT_3D('',#8796,#7215,#7216);
#6193=AXIS2_PLACEMENT_3D('',#8799,#7218,#7219);
#6194=AXIS2_PLACEMENT_3D('',#8800,#7220,#7221);
#6195=AXIS2_PLACEMENT_3D('',#8802,#7222,#7223);
#6196=AXIS2_PLACEMENT_3D('',#8805,#7225,#7226);
#6197=AXIS2_PLACEMENT_3D('',#8806,#7227,#7228);
#6198=AXIS2_PLACEMENT_3D('',#8808,#7229,#7230);
#6199=AXIS2_PLACEMENT_3D('',#8811,#7232,#7233);
#6200=AXIS2_PLACEMENT_3D('',#8812,#7234,#7235);
#6201=AXIS2_PLACEMENT_3D('',#8814,#7236,#7237);
#6202=AXIS2_PLACEMENT_3D('',#8817,#7239,#7240);
#6203=AXIS2_PLACEMENT_3D('',#8818,#7241,#7242);
#6204=AXIS2_PLACEMENT_3D('',#8820,#7243,#7244);
#6205=AXIS2_PLACEMENT_3D('',#8823,#7246,#7247);
#6206=AXIS2_PLACEMENT_3D('',#8824,#7248,#7249);
#6207=AXIS2_PLACEMENT_3D('',#8826,#7250,#7251);
#6208=AXIS2_PLACEMENT_3D('',#8829,#7253,#7254);
#6209=AXIS2_PLACEMENT_3D('',#8830,#7255,#7256);
#6210=AXIS2_PLACEMENT_3D('',#8832,#7257,#7258);
#6211=AXIS2_PLACEMENT_3D('',#8835,#7260,#7261);
#6212=AXIS2_PLACEMENT_3D('',#8836,#7262,#7263);
#6213=AXIS2_PLACEMENT_3D('',#8838,#7264,#7265);
#6214=AXIS2_PLACEMENT_3D('',#8841,#7267,#7268);
#6215=AXIS2_PLACEMENT_3D('',#8842,#7269,#7270);
#6216=AXIS2_PLACEMENT_3D('',#8844,#7271,#7272);
#6217=AXIS2_PLACEMENT_3D('',#8847,#7274,#7275);
#6218=AXIS2_PLACEMENT_3D('',#8848,#7276,#7277);
#6219=AXIS2_PLACEMENT_3D('',#8857,#7282,#7283);
#6220=AXIS2_PLACEMENT_3D('',#8863,#7287,#7288);
#6221=AXIS2_PLACEMENT_3D('',#8869,#7292,#7293);
#6222=AXIS2_PLACEMENT_3D('',#8875,#7297,#7298);
#6223=AXIS2_PLACEMENT_3D('',#8881,#7302,#7303);
#6224=AXIS2_PLACEMENT_3D('',#8887,#7307,#7308);
#6225=AXIS2_PLACEMENT_3D('',#8893,#7312,#7313);
#6226=AXIS2_PLACEMENT_3D('',#8899,#7317,#7318);
#6227=AXIS2_PLACEMENT_3D('',#8905,#7322,#7323);
#6228=AXIS2_PLACEMENT_3D('',#8911,#7327,#7328);
#6229=AXIS2_PLACEMENT_3D('',#8917,#7332,#7333);
#6230=AXIS2_PLACEMENT_3D('',#8923,#7337,#7338);
#6231=AXIS2_PLACEMENT_3D('',#8929,#7342,#7343);
#6232=AXIS2_PLACEMENT_3D('',#8935,#7347,#7348);
#6233=AXIS2_PLACEMENT_3D('',#8941,#7352,#7353);
#6234=AXIS2_PLACEMENT_3D('',#8947,#7357,#7358);
#6235=AXIS2_PLACEMENT_3D('',#8953,#7362,#7363);
#6236=AXIS2_PLACEMENT_3D('',#8959,#7367,#7368);
#6237=AXIS2_PLACEMENT_3D('',#8965,#7372,#7373);
#6238=AXIS2_PLACEMENT_3D('',#8971,#7377,#7378);
#6239=AXIS2_PLACEMENT_3D('',#8977,#7382,#7383);
#6240=AXIS2_PLACEMENT_3D('',#8983,#7387,#7388);
#6241=AXIS2_PLACEMENT_3D('',#8989,#7392,#7393);
#6242=AXIS2_PLACEMENT_3D('',#8995,#7397,#7398);
#6243=AXIS2_PLACEMENT_3D('',#9001,#7402,#7403);
#6244=AXIS2_PLACEMENT_3D('',#9007,#7407,#7408);
#6245=AXIS2_PLACEMENT_3D('',#9013,#7412,#7413);
#6246=AXIS2_PLACEMENT_3D('',#9019,#7417,#7418);
#6247=AXIS2_PLACEMENT_3D('',#9025,#7422,#7423);
#6248=AXIS2_PLACEMENT_3D('',#9031,#7427,#7428);
#6249=AXIS2_PLACEMENT_3D('',#9037,#7432,#7433);
#6250=AXIS2_PLACEMENT_3D('',#9040,#7436,#7437);
#6251=AXIS2_PLACEMENT_3D('',#9041,#7438,#7439);
#6252=AXIS2_PLACEMENT_3D('',#9042,#7440,#7441);
#6253=AXIS2_PLACEMENT_3D('',#9043,#7442,#7443);
#6254=AXIS2_PLACEMENT_3D('',#9045,#7444,#7445);
#6255=AXIS2_PLACEMENT_3D('',#9048,#7447,#7448);
#6256=AXIS2_PLACEMENT_3D('',#9049,#7449,#7450);
#6257=AXIS2_PLACEMENT_3D('',#9051,#7451,#7452);
#6258=AXIS2_PLACEMENT_3D('',#9054,#7454,#7455);
#6259=AXIS2_PLACEMENT_3D('',#9055,#7456,#7457);
#6260=AXIS2_PLACEMENT_3D('',#9064,#7462,#7463);
#6261=AXIS2_PLACEMENT_3D('',#9070,#7467,#7468);
#6262=AXIS2_PLACEMENT_3D('',#9076,#7472,#7473);
#6263=AXIS2_PLACEMENT_3D('',#9079,#7476,#7477);
#6264=AXIS2_PLACEMENT_3D('',#9081,#7478,#7479);
#6265=AXIS2_PLACEMENT_3D('',#9084,#7481,#7482);
#6266=AXIS2_PLACEMENT_3D('',#9085,#7483,#7484);
#6267=AXIS2_PLACEMENT_3D('',#9087,#7485,#7486);
#6268=AXIS2_PLACEMENT_3D('',#9090,#7488,#7489);
#6269=AXIS2_PLACEMENT_3D('',#9091,#7490,#7491);
#6270=AXIS2_PLACEMENT_3D('',#9100,#7496,#7497);
#6271=AXIS2_PLACEMENT_3D('',#9106,#7501,#7502);
#6272=AXIS2_PLACEMENT_3D('',#9112,#7506,#7507);
#6273=AXIS2_PLACEMENT_3D('',#9118,#7511,#7512);
#6274=AXIS2_PLACEMENT_3D('',#9124,#7516,#7517);
#6275=AXIS2_PLACEMENT_3D('',#9130,#7521,#7522);
#6276=AXIS2_PLACEMENT_3D('',#9136,#7526,#7527);
#6277=AXIS2_PLACEMENT_3D('',#9142,#7531,#7532);
#6278=AXIS2_PLACEMENT_3D('',#9148,#7536,#7537);
#6279=AXIS2_PLACEMENT_3D('',#9154,#7541,#7542);
#6280=AXIS2_PLACEMENT_3D('',#9160,#7546,#7547);
#6281=AXIS2_PLACEMENT_3D('',#9166,#7551,#7552);
#6282=AXIS2_PLACEMENT_3D('',#9172,#7556,#7557);
#6283=AXIS2_PLACEMENT_3D('',#9178,#7561,#7562);
#6284=AXIS2_PLACEMENT_3D('',#9184,#7566,#7567);
#6285=AXIS2_PLACEMENT_3D('',#9190,#7571,#7572);
#6286=AXIS2_PLACEMENT_3D('',#9196,#7576,#7577);
#6287=AXIS2_PLACEMENT_3D('',#9202,#7581,#7582);
#6288=AXIS2_PLACEMENT_3D('',#9208,#7586,#7587);
#6289=AXIS2_PLACEMENT_3D('',#9214,#7591,#7592);
#6290=AXIS2_PLACEMENT_3D('',#9220,#7596,#7597);
#6291=AXIS2_PLACEMENT_3D('',#9226,#7601,#7602);
#6292=AXIS2_PLACEMENT_3D('',#9232,#7606,#7607);
#6293=AXIS2_PLACEMENT_3D('',#9238,#7611,#7612);
#6294=AXIS2_PLACEMENT_3D('',#9244,#7616,#7617);
#6295=AXIS2_PLACEMENT_3D('',#9250,#7621,#7622);
#6296=AXIS2_PLACEMENT_3D('',#9256,#7626,#7627);
#6297=AXIS2_PLACEMENT_3D('',#9262,#7631,#7632);
#6298=AXIS2_PLACEMENT_3D('',#9268,#7636,#7637);
#6299=AXIS2_PLACEMENT_3D('',#9274,#7641,#7642);
#6300=AXIS2_PLACEMENT_3D('',#9280,#7646,#7647);
#6301=AXIS2_PLACEMENT_3D('',#9283,#7650,#7651);
#6302=AXIS2_PLACEMENT_3D('',#9284,#7652,#7653);
#6303=AXIS2_PLACEMENT_3D('',#9285,#7654,#7655);
#6304=AXIS2_PLACEMENT_3D('',#9286,#7656,#7657);
#6305=AXIS2_PLACEMENT_3D('',#9295,#7662,#7663);
#6306=AXIS2_PLACEMENT_3D('',#9301,#7667,#7668);
#6307=AXIS2_PLACEMENT_3D('',#9307,#7672,#7673);
#6308=AXIS2_PLACEMENT_3D('',#9313,#7677,#7678);
#6309=AXIS2_PLACEMENT_3D('',#9319,#7682,#7683);
#6310=AXIS2_PLACEMENT_3D('',#9325,#7687,#7688);
#6311=AXIS2_PLACEMENT_3D('',#9331,#7692,#7693);
#6312=AXIS2_PLACEMENT_3D('',#9337,#7697,#7698);
#6313=AXIS2_PLACEMENT_3D('',#9343,#7702,#7703);
#6314=AXIS2_PLACEMENT_3D('',#9349,#7707,#7708);
#6315=AXIS2_PLACEMENT_3D('',#9355,#7712,#7713);
#6316=AXIS2_PLACEMENT_3D('',#9361,#7717,#7718);
#6317=AXIS2_PLACEMENT_3D('',#9367,#7722,#7723);
#6318=AXIS2_PLACEMENT_3D('',#9373,#7727,#7728);
#6319=AXIS2_PLACEMENT_3D('',#9379,#7732,#7733);
#6320=AXIS2_PLACEMENT_3D('',#9385,#7737,#7738);
#6321=AXIS2_PLACEMENT_3D('',#9391,#7742,#7743);
#6322=AXIS2_PLACEMENT_3D('',#9397,#7747,#7748);
#6323=AXIS2_PLACEMENT_3D('',#9403,#7752,#7753);
#6324=AXIS2_PLACEMENT_3D('',#9409,#7757,#7758);
#6325=AXIS2_PLACEMENT_3D('',#9415,#7762,#7763);
#6326=AXIS2_PLACEMENT_3D('',#9421,#7767,#7768);
#6327=AXIS2_PLACEMENT_3D('',#9427,#7772,#7773);
#6328=AXIS2_PLACEMENT_3D('',#9433,#7777,#7778);
#6329=AXIS2_PLACEMENT_3D('',#9439,#7782,#7783);
#6330=AXIS2_PLACEMENT_3D('',#9445,#7787,#7788);
#6331=AXIS2_PLACEMENT_3D('',#9451,#7792,#7793);
#6332=AXIS2_PLACEMENT_3D('',#9457,#7797,#7798);
#6333=AXIS2_PLACEMENT_3D('',#9463,#7802,#7803);
#6334=AXIS2_PLACEMENT_3D('',#9469,#7807,#7808);
#6335=AXIS2_PLACEMENT_3D('',#9475,#7812,#7813);
#6336=AXIS2_PLACEMENT_3D('',#9478,#7816,#7817);
#6337=AXIS2_PLACEMENT_3D('',#9479,#7818,#7819);
#6338=AXIS2_PLACEMENT_3D('',#9480,#7820,#7821);
#6339=AXIS2_PLACEMENT_3D('',#9481,#7822,#7823);
#6340=AXIS2_PLACEMENT_3D('',#9482,#7824,#7825);
#6341=AXIS2_PLACEMENT_3D('',#9483,#7826,#7827);
#6342=AXIS2_PLACEMENT_3D('',#9484,#7828,#7829);
#6343=AXIS2_PLACEMENT_3D('',#9485,#7830,#7831);
#6344=AXIS2_PLACEMENT_3D('',#9486,#7832,#7833);
#6345=DIRECTION('axis',(0.,0.,1.));
#6346=DIRECTION('refdir',(1.,0.,0.));
#6347=DIRECTION('axis',(0.,0.,1.));
#6348=DIRECTION('refdir',(1.,0.,0.));
#6349=DIRECTION('axis',(0.,0.,1.));
#6350=DIRECTION('refdir',(1.,0.,0.));
#6351=DIRECTION('center_axis',(0.,1.,0.));
#6352=DIRECTION('ref_axis',(1.,0.,0.));
#6353=DIRECTION('center_axis',(0.,1.,0.));
#6354=DIRECTION('ref_axis',(1.,0.,0.));
#6355=DIRECTION('',(0.,1.,0.));
#6356=DIRECTION('center_axis',(0.,-1.,0.));
#6357=DIRECTION('ref_axis',(1.,0.,0.));
#6358=DIRECTION('center_axis',(0.,1.,0.));
#6359=DIRECTION('ref_axis',(1.,0.,0.));
#6360=DIRECTION('center_axis',(0.,1.,0.));
#6361=DIRECTION('ref_axis',(1.,0.,0.));
#6362=DIRECTION('',(0.,1.,0.));
#6363=DIRECTION('center_axis',(0.,-1.,0.));
#6364=DIRECTION('ref_axis',(1.,0.,0.));
#6365=DIRECTION('center_axis',(0.,1.,0.));
#6366=DIRECTION('ref_axis',(1.,0.,0.));
#6367=DIRECTION('center_axis',(0.,1.,0.));
#6368=DIRECTION('ref_axis',(1.,0.,0.));
#6369=DIRECTION('',(0.,1.,0.));
#6370=DIRECTION('center_axis',(0.,-1.,0.));
#6371=DIRECTION('ref_axis',(1.,0.,0.));
#6372=DIRECTION('center_axis',(-1.,0.,0.));
#6373=DIRECTION('ref_axis',(0.,0.,1.));
#6374=DIRECTION('',(0.,0.,-1.));
#6375=DIRECTION('',(0.,1.,0.));
#6376=DIRECTION('',(0.,0.,1.));
#6377=DIRECTION('',(0.,1.,0.));
#6378=DIRECTION('center_axis',(0.,0.,-1.));
#6379=DIRECTION('ref_axis',(-1.,0.,0.));
#6380=DIRECTION('',(1.,0.,0.));
#6381=DIRECTION('',(-1.,0.,0.));
#6382=DIRECTION('',(0.,1.,0.));
#6383=DIRECTION('center_axis',(-1.,0.,0.));
#6384=DIRECTION('ref_axis',(0.,0.,1.));
#6385=DIRECTION('',(0.,0.,-1.));
#6386=DIRECTION('',(0.,0.,1.));
#6387=DIRECTION('',(0.,1.,0.));
#6388=DIRECTION('center_axis',(0.,0.,-1.));
#6389=DIRECTION('ref_axis',(-1.,0.,0.));
#6390=DIRECTION('',(1.,0.,0.));
#6391=DIRECTION('',(-1.,0.,0.));
#6392=DIRECTION('',(0.,1.,0.));
#6393=DIRECTION('center_axis',(1.,0.,0.));
#6394=DIRECTION('ref_axis',(0.,0.,-1.));
#6395=DIRECTION('',(0.,0.,1.));
#6396=DIRECTION('',(0.,0.,-1.));
#6397=DIRECTION('',(0.,1.,0.));
#6398=DIRECTION('center_axis',(0.,0.,-1.));
#6399=DIRECTION('ref_axis',(-1.,0.,0.));
#6400=DIRECTION('',(1.,0.,0.));
#6401=DIRECTION('',(-1.,0.,0.));
#6402=DIRECTION('',(0.,1.,0.));
#6403=DIRECTION('center_axis',(-1.,0.,0.));
#6404=DIRECTION('ref_axis',(0.,0.,1.));
#6405=DIRECTION('',(0.,0.,-1.));
#6406=DIRECTION('',(0.,0.,1.));
#6407=DIRECTION('',(0.,1.,0.));
#6408=DIRECTION('center_axis',(0.,0.,-1.));
#6409=DIRECTION('ref_axis',(-1.,0.,0.));
#6410=DIRECTION('',(1.,0.,0.));
#6411=DIRECTION('',(-1.,0.,0.));
#6412=DIRECTION('',(0.,1.,0.));
#6413=DIRECTION('center_axis',(0.999999999999884,0.,-4.81804208381809E-7));
#6414=DIRECTION('ref_axis',(-4.81804208381809E-7,0.,-0.999999999999884));
#6415=DIRECTION('',(-4.81804208381809E-7,0.,-0.999999999999884));
#6416=DIRECTION('',(-4.81804208381809E-7,0.,-0.999999999999884));
#6417=DIRECTION('',(0.,1.,0.));
#6418=DIRECTION('center_axis',(0.,0.,-1.));
#6419=DIRECTION('ref_axis',(-1.,0.,0.));
#6420=DIRECTION('',(-1.,0.,0.));
#6421=DIRECTION('',(-1.,0.,0.));
#6422=DIRECTION('',(0.,1.,0.));
#6423=DIRECTION('center_axis',(1.,0.,0.));
#6424=DIRECTION('ref_axis',(0.,0.,-1.));
#6425=DIRECTION('',(0.,0.,1.));
#6426=DIRECTION('',(0.,0.,-1.));
#6427=DIRECTION('',(0.,1.,0.));
#6428=DIRECTION('center_axis',(0.,0.,1.));
#6429=DIRECTION('ref_axis',(1.,0.,0.));
#6430=DIRECTION('',(1.,0.,0.));
#6431=DIRECTION('',(1.,0.,0.));
#6432=DIRECTION('',(0.,1.,0.));
#6433=DIRECTION('center_axis',(1.,0.,0.));
#6434=DIRECTION('ref_axis',(0.,0.,-1.));
#6435=DIRECTION('',(0.,0.,1.));
#6436=DIRECTION('',(0.,0.,-1.));
#6437=DIRECTION('',(0.,1.,0.));
#6438=DIRECTION('center_axis',(0.,0.,-1.));
#6439=DIRECTION('ref_axis',(-1.,0.,0.));
#6440=DIRECTION('',(1.,0.,0.));
#6441=DIRECTION('',(-1.,0.,0.));
#6442=DIRECTION('',(0.,1.,0.));
#6443=DIRECTION('center_axis',(1.,0.,0.));
#6444=DIRECTION('ref_axis',(0.,0.,-1.));
#6445=DIRECTION('',(0.,0.,1.));
#6446=DIRECTION('',(0.,0.,-1.));
#6447=DIRECTION('',(0.,1.,0.));
#6448=DIRECTION('center_axis',(0.,0.,1.));
#6449=DIRECTION('ref_axis',(1.,0.,0.));
#6450=DIRECTION('',(1.,0.,0.));
#6451=DIRECTION('',(1.,0.,0.));
#6452=DIRECTION('',(0.,1.,0.));
#6453=DIRECTION('center_axis',(1.,0.,0.));
#6454=DIRECTION('ref_axis',(0.,0.,-1.));
#6455=DIRECTION('',(0.,0.,1.));
#6456=DIRECTION('',(0.,0.,-1.));
#6457=DIRECTION('',(0.,1.,0.));
#6458=DIRECTION('center_axis',(0.,0.,-1.));
#6459=DIRECTION('ref_axis',(-1.,0.,0.));
#6460=DIRECTION('',(1.,0.,0.));
#6461=DIRECTION('',(-1.,0.,0.));
#6462=DIRECTION('',(0.,1.,0.));
#6463=DIRECTION('center_axis',(1.,0.,0.));
#6464=DIRECTION('ref_axis',(0.,0.,-1.));
#6465=DIRECTION('',(0.,0.,1.));
#6466=DIRECTION('',(0.,0.,-1.));
#6467=DIRECTION('',(0.,1.,0.));
#6468=DIRECTION('center_axis',(-2.28484469862635E-7,0.,0.999999999999974));
#6469=DIRECTION('ref_axis',(0.999999999999974,0.,2.28484469862635E-7));
#6470=DIRECTION('',(-0.999999999999974,0.,-2.28484469862635E-7));
#6471=DIRECTION('',(0.999999999999974,0.,2.28484469862635E-7));
#6472=DIRECTION('',(0.,1.,0.));
#6473=DIRECTION('center_axis',(1.,0.,0.));
#6474=DIRECTION('ref_axis',(0.,0.,-1.));
#6475=DIRECTION('',(0.,0.,-1.));
#6476=DIRECTION('',(0.,0.,-1.));
#6477=DIRECTION('',(0.,1.,0.));
#6478=DIRECTION('center_axis',(0.,0.,1.));
#6479=DIRECTION('ref_axis',(1.,0.,0.));
#6480=DIRECTION('',(1.,0.,0.));
#6481=DIRECTION('',(1.,0.,0.));
#6482=DIRECTION('',(0.,1.,0.));
#6483=DIRECTION('center_axis',(-1.,0.,0.));
#6484=DIRECTION('ref_axis',(0.,0.,1.));
#6485=DIRECTION('',(0.,0.,1.));
#6486=DIRECTION('',(0.,0.,1.));
#6487=DIRECTION('',(0.,1.,0.));
#6488=DIRECTION('center_axis',(0.,0.,1.));
#6489=DIRECTION('ref_axis',(1.,0.,0.));
#6490=DIRECTION('',(1.,0.,0.));
#6491=DIRECTION('',(1.,0.,0.));
#6492=DIRECTION('',(0.,1.,0.));
#6493=DIRECTION('center_axis',(1.,0.,0.));
#6494=DIRECTION('ref_axis',(0.,0.,-1.));
#6495=DIRECTION('',(0.,0.,-1.));
#6496=DIRECTION('',(0.,0.,-1.));
#6497=DIRECTION('',(0.,1.,0.));
#6498=DIRECTION('center_axis',(0.,0.,1.));
#6499=DIRECTION('ref_axis',(1.,0.,0.));
#6500=DIRECTION('',(1.,0.,0.));
#6501=DIRECTION('',(1.,0.,0.));
#6502=DIRECTION('',(0.,1.,0.));
#6503=DIRECTION('center_axis',(-1.,0.,0.));
#6504=DIRECTION('ref_axis',(0.,0.,1.));
#6505=DIRECTION('',(0.,0.,1.));
#6506=DIRECTION('',(0.,0.,1.));
#6507=DIRECTION('',(0.,1.,0.));
#6508=DIRECTION('center_axis',(0.,0.,1.));
#6509=DIRECTION('ref_axis',(1.,0.,0.));
#6510=DIRECTION('',(-1.,0.,0.));
#6511=DIRECTION('',(1.,0.,0.));
#6512=DIRECTION('',(0.,1.,0.));
#6513=DIRECTION('center_axis',(-1.,0.,0.));
#6514=DIRECTION('ref_axis',(0.,0.,1.));
#6515=DIRECTION('',(0.,0.,-1.));
#6516=DIRECTION('',(0.,0.,1.));
#6517=DIRECTION('',(0.,1.,0.));
#6518=DIRECTION('center_axis',(0.,0.,-1.));
#6519=DIRECTION('ref_axis',(-1.,0.,0.));
#6520=DIRECTION('',(1.,0.,0.));
#6521=DIRECTION('',(-1.,0.,0.));
#6522=DIRECTION('',(0.,1.,0.));
#6523=DIRECTION('center_axis',(-1.,0.,0.));
#6524=DIRECTION('ref_axis',(0.,0.,1.));
#6525=DIRECTION('',(0.,0.,1.));
#6526=DIRECTION('',(0.,0.,1.));
#6527=DIRECTION('',(0.,1.,0.));
#6528=DIRECTION('center_axis',(2.13583308076669E-7,0.,0.999999999999977));
#6529=DIRECTION('ref_axis',(0.999999999999977,0.,-2.13583308076669E-7));
#6530=DIRECTION('',(0.999999999999977,0.,-2.13583308076669E-7));
#6531=DIRECTION('',(0.999999999999977,0.,-2.13583308076669E-7));
#6532=DIRECTION('',(0.,1.,0.));
#6533=DIRECTION('center_axis',(-0.999999999999977,0.,2.13583308261711E-7));
#6534=DIRECTION('ref_axis',(2.13583308261711E-7,0.,0.999999999999977));
#6535=DIRECTION('',(-2.13583308261711E-7,0.,-0.999999999999977));
#6536=DIRECTION('',(2.13583308261711E-7,0.,0.999999999999977));
#6537=DIRECTION('',(0.,1.,0.));
#6538=DIRECTION('center_axis',(0.,0.,-1.));
#6539=DIRECTION('ref_axis',(-1.,0.,0.));
#6540=DIRECTION('',(1.,0.,0.));
#6541=DIRECTION('',(-1.,0.,0.));
#6542=DIRECTION('',(0.,1.,0.));
#6543=DIRECTION('center_axis',(-1.,0.,0.));
#6544=DIRECTION('ref_axis',(0.,0.,1.));
#6545=DIRECTION('',(0.,0.,-1.));
#6546=DIRECTION('',(0.,0.,1.));
#6547=DIRECTION('',(0.,1.,0.));
#6548=DIRECTION('center_axis',(0.,0.,1.));
#6549=DIRECTION('ref_axis',(1.,0.,0.));
#6550=DIRECTION('',(1.,0.,0.));
#6551=DIRECTION('',(1.,0.,0.));
#6552=DIRECTION('center_axis',(0.,1.,0.));
#6553=DIRECTION('ref_axis',(0.,0.,1.));
#6554=DIRECTION('center_axis',(0.,1.,0.));
#6555=DIRECTION('ref_axis',(1.,0.,0.));
#6556=DIRECTION('axis',(0.,0.,1.));
#6557=DIRECTION('refdir',(1.,0.,0.));
#6558=DIRECTION('center_axis',(0.,0.,-1.));
#6559=DIRECTION('ref_axis',(-1.,0.,0.));
#6560=DIRECTION('',(1.,0.,0.));
#6561=DIRECTION('',(0.,1.,0.));
#6562=DIRECTION('',(-1.,0.,0.));
#6563=DIRECTION('',(0.,1.,0.));
#6564=DIRECTION('center_axis',(-1.,0.,0.));
#6565=DIRECTION('ref_axis',(0.,0.,1.));
#6566=DIRECTION('',(0.,0.,-1.));
#6567=DIRECTION('',(0.,0.,1.));
#6568=DIRECTION('',(0.,1.,0.));
#6569=DIRECTION('center_axis',(0.,0.,-1.));
#6570=DIRECTION('ref_axis',(-1.,0.,0.));
#6571=DIRECTION('',(1.,0.,0.));
#6572=DIRECTION('',(-1.,0.,0.));
#6573=DIRECTION('',(0.,1.,0.));
#6574=DIRECTION('center_axis',(1.,0.,0.));
#6575=DIRECTION('ref_axis',(0.,0.,-1.));
#6576=DIRECTION('',(0.,0.,1.));
#6577=DIRECTION('',(0.,0.,-1.));
#6578=DIRECTION('',(0.,1.,0.));
#6579=DIRECTION('center_axis',(0.,0.,1.));
#6580=DIRECTION('ref_axis',(1.,0.,0.));
#6581=DIRECTION('',(-1.,0.,0.));
#6582=DIRECTION('',(1.,0.,0.));
#6583=DIRECTION('',(0.,1.,0.));
#6584=DIRECTION('center_axis',(1.,0.,1.60717999755261E-13));
#6585=DIRECTION('ref_axis',(1.60717999755261E-13,0.,-1.));
#6586=DIRECTION('',(-1.60717999755261E-13,0.,1.));
#6587=DIRECTION('',(1.60717999755261E-13,0.,-1.));
#6588=DIRECTION('',(0.,1.,0.));
#6589=DIRECTION('center_axis',(0.,0.,1.));
#6590=DIRECTION('ref_axis',(1.,0.,0.));
#6591=DIRECTION('',(1.,0.,0.));
#6592=DIRECTION('',(1.,0.,0.));
#6593=DIRECTION('',(0.,1.,0.));
#6594=DIRECTION('center_axis',(-1.,0.,0.));
#6595=DIRECTION('ref_axis',(0.,0.,1.));
#6596=DIRECTION('',(0.,0.,1.));
#6597=DIRECTION('',(0.,0.,1.));
#6598=DIRECTION('',(0.,1.,0.));
#6599=DIRECTION('center_axis',(0.,0.,1.));
#6600=DIRECTION('ref_axis',(1.,0.,0.));
#6601=DIRECTION('',(1.,0.,0.));
#6602=DIRECTION('',(1.,0.,0.));
#6603=DIRECTION('',(0.,1.,0.));
#6604=DIRECTION('center_axis',(-1.,0.,0.));
#6605=DIRECTION('ref_axis',(0.,0.,1.));
#6606=DIRECTION('',(0.,0.,1.));
#6607=DIRECTION('',(0.,0.,1.));
#6608=DIRECTION('',(0.,1.,0.));
#6609=DIRECTION('center_axis',(0.,0.,-1.));
#6610=DIRECTION('ref_axis',(-1.,0.,0.));
#6611=DIRECTION('',(1.,0.,0.));
#6612=DIRECTION('',(-1.,0.,0.));
#6613=DIRECTION('',(0.,1.,0.));
#6614=DIRECTION('center_axis',(1.,0.,0.));
#6615=DIRECTION('ref_axis',(0.,0.,-1.));
#6616=DIRECTION('',(0.,0.,-1.));
#6617=DIRECTION('',(0.,0.,-1.));
#6618=DIRECTION('',(0.,1.,0.));
#6619=DIRECTION('center_axis',(0.,0.,-1.));
#6620=DIRECTION('ref_axis',(-1.,0.,0.));
#6621=DIRECTION('',(1.,0.,0.));
#6622=DIRECTION('',(-1.,0.,0.));
#6623=DIRECTION('',(0.,1.,0.));
#6624=DIRECTION('center_axis',(-1.,0.,0.));
#6625=DIRECTION('ref_axis',(0.,0.,1.));
#6626=DIRECTION('',(0.,0.,-1.));
#6627=DIRECTION('',(0.,0.,1.));
#6628=DIRECTION('',(0.,1.,0.));
#6629=DIRECTION('center_axis',(0.,0.,-1.));
#6630=DIRECTION('ref_axis',(-1.,0.,0.));
#6631=DIRECTION('',(1.,0.,0.));
#6632=DIRECTION('',(-1.,0.,0.));
#6633=DIRECTION('',(0.,1.,0.));
#6634=DIRECTION('center_axis',(1.,0.,0.));
#6635=DIRECTION('ref_axis',(0.,0.,-1.));
#6636=DIRECTION('',(0.,0.,-1.));
#6637=DIRECTION('',(0.,0.,-1.));
#6638=DIRECTION('center_axis',(0.,1.,0.));
#6639=DIRECTION('ref_axis',(0.,0.,1.));
#6640=DIRECTION('center_axis',(0.,1.,0.));
#6641=DIRECTION('ref_axis',(1.,0.,0.));
#6642=DIRECTION('axis',(0.,0.,1.));
#6643=DIRECTION('refdir',(1.,0.,0.));
#6644=DIRECTION('center_axis',(0.,0.,1.));
#6645=DIRECTION('ref_axis',(1.,0.,0.));
#6646=DIRECTION('',(-1.,0.,0.));
#6647=DIRECTION('',(0.,1.,0.));
#6648=DIRECTION('',(1.,0.,0.));
#6649=DIRECTION('',(0.,1.,0.));
#6650=DIRECTION('center_axis',(-1.,0.,0.));
#6651=DIRECTION('ref_axis',(0.,0.,1.));
#6652=DIRECTION('',(0.,0.,-1.));
#6653=DIRECTION('',(0.,0.,1.));
#6654=DIRECTION('',(0.,1.,0.));
#6655=DIRECTION('center_axis',(0.,0.,1.));
#6656=DIRECTION('ref_axis',(1.,0.,0.));
#6657=DIRECTION('',(-1.,0.,0.));
#6658=DIRECTION('',(1.,0.,0.));
#6659=DIRECTION('',(0.,1.,0.));
#6660=DIRECTION('center_axis',(-1.,0.,2.92695161037541E-15));
#6661=DIRECTION('ref_axis',(2.92695161037541E-15,0.,1.));
#6662=DIRECTION('',(2.92695161037541E-15,0.,1.));
#6663=DIRECTION('',(2.92695161037541E-15,0.,1.));
#6664=DIRECTION('',(0.,1.,0.));
#6665=DIRECTION('center_axis',(2.96059473233375E-15,0.,1.));
#6666=DIRECTION('ref_axis',(1.,0.,-2.96059473233375E-15));
#6667=DIRECTION('',(1.,0.,-2.96059473233375E-15));
#6668=DIRECTION('',(1.,0.,-2.96059473233375E-15));
#6669=DIRECTION('',(0.,1.,0.));
#6670=DIRECTION('center_axis',(-1.,0.,2.91433543964104E-15));
#6671=DIRECTION('ref_axis',(2.91433543964104E-15,0.,1.));
#6672=DIRECTION('',(2.91433543964104E-15,0.,1.));
#6673=DIRECTION('',(2.91433543964104E-15,0.,1.));
#6674=DIRECTION('',(0.,1.,0.));
#6675=DIRECTION('center_axis',(-2.96059473233375E-15,0.,-1.));
#6676=DIRECTION('ref_axis',(-1.,0.,2.96059473233375E-15));
#6677=DIRECTION('',(-1.,0.,2.96059473233375E-15));
#6678=DIRECTION('',(-1.,0.,2.96059473233375E-15));
#6679=DIRECTION('',(0.,1.,0.));
#6680=DIRECTION('center_axis',(-1.,0.,2.91433543964104E-15));
#6681=DIRECTION('ref_axis',(2.91433543964104E-15,0.,1.));
#6682=DIRECTION('',(2.91433543964104E-15,0.,1.));
#6683=DIRECTION('',(2.91433543964104E-15,0.,1.));
#6684=DIRECTION('',(0.,1.,0.));
#6685=DIRECTION('center_axis',(2.96059473233375E-15,0.,1.));
#6686=DIRECTION('ref_axis',(1.,0.,-2.96059473233375E-15));
#6687=DIRECTION('',(1.,0.,-2.96059473233375E-15));
#6688=DIRECTION('',(1.,0.,-2.96059473233375E-15));
#6689=DIRECTION('',(0.,1.,0.));
#6690=DIRECTION('center_axis',(-1.,0.,2.91433543964104E-15));
#6691=DIRECTION('ref_axis',(2.91433543964104E-15,0.,1.));
#6692=DIRECTION('',(2.91433543964104E-15,0.,1.));
#6693=DIRECTION('',(2.91433543964104E-15,0.,1.));
#6694=DIRECTION('',(0.,1.,0.));
#6695=DIRECTION('center_axis',(-2.96059473233375E-15,0.,-1.));
#6696=DIRECTION('ref_axis',(-1.,0.,2.96059473233375E-15));
#6697=DIRECTION('',(-1.,0.,2.96059473233375E-15));
#6698=DIRECTION('',(-1.,0.,2.96059473233375E-15));
#6699=DIRECTION('',(0.,1.,0.));
#6700=DIRECTION('center_axis',(-1.,0.,2.92695161037541E-15));
#6701=DIRECTION('ref_axis',(2.92695161037541E-15,0.,1.));
#6702=DIRECTION('',(2.92695161037541E-15,0.,1.));
#6703=DIRECTION('',(2.92695161037541E-15,0.,1.));
#6704=DIRECTION('',(0.,1.,0.));
#6705=DIRECTION('center_axis',(-2.96059473233375E-15,0.,-1.));
#6706=DIRECTION('ref_axis',(-1.,0.,2.96059473233375E-15));
#6707=DIRECTION('',(-1.,0.,2.96059473233375E-15));
#6708=DIRECTION('',(-1.,0.,2.96059473233375E-15));
#6709=DIRECTION('',(0.,1.,0.));
#6710=DIRECTION('center_axis',(-1.,0.,2.96059473233375E-15));
#6711=DIRECTION('ref_axis',(2.96059473233375E-15,0.,1.));
#6712=DIRECTION('',(2.96059473233375E-15,0.,1.));
#6713=DIRECTION('',(2.96059473233375E-15,0.,1.));
#6714=DIRECTION('',(0.,1.,0.));
#6715=DIRECTION('center_axis',(-3.27780131079807E-14,0.,-1.));
#6716=DIRECTION('ref_axis',(-1.,0.,3.27780131079807E-14));
#6717=DIRECTION('',(-1.,0.,3.27780131079807E-14));
#6718=DIRECTION('',(-1.,0.,3.27780131079807E-14));
#6719=DIRECTION('',(0.,1.,0.));
#6720=DIRECTION('center_axis',(1.,0.,0.));
#6721=DIRECTION('ref_axis',(0.,0.,-1.));
#6722=DIRECTION('',(0.,0.,-1.));
#6723=DIRECTION('',(0.,0.,-1.));
#6724=DIRECTION('center_axis',(0.,1.,0.));
#6725=DIRECTION('ref_axis',(0.,0.,1.));
#6726=DIRECTION('center_axis',(0.,1.,0.));
#6727=DIRECTION('ref_axis',(1.,0.,0.));
#6728=DIRECTION('',(-3.67188129153491E-30,-1.,9.76996261670139E-15));
#6729=DIRECTION('',(0.999999999999999,-5.53490820926164E-30,-1.18329135783152E-30));
#6730=DIRECTION('',(-8.67746995743113E-30,-1.00475183728577E-14,-1.));
#6731=DIRECTION('',(0.999999999999999,2.91749716204629E-29,4.73316543132607E-30));
#6732=DIRECTION('',(-8.67746995743113E-30,-1.00475183728577E-14,-1.));
#6733=DIRECTION('',(0.999999999999999,2.91749716204629E-29,4.73316543132607E-30));
#6734=DIRECTION('',(-1.88565476847663E-14,1.,-6.99440505513859E-15));
#6735=DIRECTION('',(3.18847537143399E-15,-6.55031584528836E-15,-0.999999999999999));
#6736=DIRECTION('',(-3.31792542721464E-15,1.,-6.99440505513851E-15));
#6737=DIRECTION('',(3.52493990332447E-15,-6.99440505513842E-15,-1.));
#6738=DIRECTION('axis',(0.,0.,1.));
#6739=DIRECTION('refdir',(1.,0.,0.));
#6740=DIRECTION('axis',(0.,0.,1.));
#6741=DIRECTION('refdir',(1.,0.,0.));
#6742=DIRECTION('center_axis',(0.,1.,0.));
#6743=DIRECTION('ref_axis',(1.,0.,0.));
#6744=DIRECTION('center_axis',(0.,1.,0.));
#6745=DIRECTION('ref_axis',(1.,0.,0.));
#6746=DIRECTION('',(0.,1.,0.));
#6747=DIRECTION('center_axis',(0.,-1.,0.));
#6748=DIRECTION('ref_axis',(1.,0.,0.));
#6749=DIRECTION('center_axis',(0.,1.,0.));
#6750=DIRECTION('ref_axis',(1.,0.,0.));
#6751=DIRECTION('center_axis',(0.,1.,0.));
#6752=DIRECTION('ref_axis',(1.,0.,0.));
#6753=DIRECTION('',(0.,1.,0.));
#6754=DIRECTION('center_axis',(0.,-1.,0.));
#6755=DIRECTION('ref_axis',(1.,0.,0.));
#6756=DIRECTION('center_axis',(0.,1.,0.));
#6757=DIRECTION('ref_axis',(1.,0.,0.));
#6758=DIRECTION('center_axis',(0.,1.,0.));
#6759=DIRECTION('ref_axis',(1.,0.,0.));
#6760=DIRECTION('',(0.,1.,0.));
#6761=DIRECTION('center_axis',(0.,-1.,0.));
#6762=DIRECTION('ref_axis',(1.,0.,0.));
#6763=DIRECTION('center_axis',(0.,1.,0.));
#6764=DIRECTION('ref_axis',(1.,0.,0.));
#6765=DIRECTION('center_axis',(0.,1.,0.));
#6766=DIRECTION('ref_axis',(1.,0.,0.));
#6767=DIRECTION('',(0.,1.,0.));
#6768=DIRECTION('center_axis',(0.,-1.,0.));
#6769=DIRECTION('ref_axis',(1.,0.,0.));
#6770=DIRECTION('center_axis',(0.,1.,0.));
#6771=DIRECTION('ref_axis',(1.,0.,0.));
#6772=DIRECTION('center_axis',(0.,1.,0.));
#6773=DIRECTION('ref_axis',(1.,0.,0.));
#6774=DIRECTION('',(0.,1.,0.));
#6775=DIRECTION('center_axis',(0.,-1.,0.));
#6776=DIRECTION('ref_axis',(1.,0.,0.));
#6777=DIRECTION('center_axis',(0.,1.,0.));
#6778=DIRECTION('ref_axis',(1.,0.,0.));
#6779=DIRECTION('center_axis',(0.,1.,0.));
#6780=DIRECTION('ref_axis',(1.,0.,0.));
#6781=DIRECTION('',(0.,1.,0.));
#6782=DIRECTION('center_axis',(0.,-1.,0.));
#6783=DIRECTION('ref_axis',(1.,0.,0.));
#6784=DIRECTION('center_axis',(0.,1.,0.));
#6785=DIRECTION('ref_axis',(1.,0.,0.));
#6786=DIRECTION('center_axis',(0.,1.,0.));
#6787=DIRECTION('ref_axis',(1.,0.,0.));
#6788=DIRECTION('',(0.,1.,0.));
#6789=DIRECTION('center_axis',(0.,-1.,0.));
#6790=DIRECTION('ref_axis',(1.,0.,0.));
#6791=DIRECTION('center_axis',(0.,1.,0.));
#6792=DIRECTION('ref_axis',(1.,0.,0.));
#6793=DIRECTION('center_axis',(0.,1.,0.));
#6794=DIRECTION('ref_axis',(1.,0.,0.));
#6795=DIRECTION('',(0.,1.,0.));
#6796=DIRECTION('center_axis',(0.,-1.,0.));
#6797=DIRECTION('ref_axis',(1.,0.,0.));
#6798=DIRECTION('center_axis',(0.,0.,-1.));
#6799=DIRECTION('ref_axis',(-1.,0.,0.));
#6800=DIRECTION('',(1.,0.,0.));
#6801=DIRECTION('',(0.,1.,0.));
#6802=DIRECTION('',(-1.,0.,0.));
#6803=DIRECTION('',(0.,1.,0.));
#6804=DIRECTION('center_axis',(-1.,0.,0.));
#6805=DIRECTION('ref_axis',(0.,0.,1.));
#6806=DIRECTION('',(0.,0.,-1.));
#6807=DIRECTION('',(0.,0.,1.));
#6808=DIRECTION('',(0.,1.,0.));
#6809=DIRECTION('center_axis',(0.,0.,-1.));
#6810=DIRECTION('ref_axis',(-1.,0.,0.));
#6811=DIRECTION('',(1.,0.,0.));
#6812=DIRECTION('',(-1.,0.,0.));
#6813=DIRECTION('',(0.,1.,0.));
#6814=DIRECTION('center_axis',(1.,0.,0.));
#6815=DIRECTION('ref_axis',(0.,0.,-1.));
#6816=DIRECTION('',(0.,0.,1.));
#6817=DIRECTION('',(0.,0.,-1.));
#6818=DIRECTION('',(0.,1.,0.));
#6819=DIRECTION('center_axis',(0.,0.,-1.));
#6820=DIRECTION('ref_axis',(-1.,0.,0.));
#6821=DIRECTION('',(1.,0.,0.));
#6822=DIRECTION('',(-1.,0.,0.));
#6823=DIRECTION('',(0.,1.,0.));
#6824=DIRECTION('center_axis',(-1.,0.,0.));
#6825=DIRECTION('ref_axis',(0.,0.,1.));
#6826=DIRECTION('',(0.,0.,-1.));
#6827=DIRECTION('',(0.,0.,1.));
#6828=DIRECTION('',(0.,1.,0.));
#6829=DIRECTION('center_axis',(0.,0.,-1.));
#6830=DIRECTION('ref_axis',(-1.,0.,0.));
#6831=DIRECTION('',(1.,0.,0.));
#6832=DIRECTION('',(-1.,0.,0.));
#6833=DIRECTION('',(0.,1.,0.));
#6834=DIRECTION('center_axis',(0.999999999999884,0.,-4.81804208381809E-7));
#6835=DIRECTION('ref_axis',(-4.81804208381809E-7,0.,-0.999999999999884));
#6836=DIRECTION('',(-4.81804208381809E-7,0.,-0.999999999999884));
#6837=DIRECTION('',(-4.81804208381809E-7,0.,-0.999999999999884));
#6838=DIRECTION('',(0.,1.,0.));
#6839=DIRECTION('center_axis',(0.,0.,-1.));
#6840=DIRECTION('ref_axis',(-1.,0.,0.));
#6841=DIRECTION('',(-1.,0.,0.));
#6842=DIRECTION('',(-1.,0.,0.));
#6843=DIRECTION('',(0.,1.,0.));
#6844=DIRECTION('center_axis',(1.,0.,0.));
#6845=DIRECTION('ref_axis',(0.,0.,-1.));
#6846=DIRECTION('',(0.,0.,1.));
#6847=DIRECTION('',(0.,0.,-1.));
#6848=DIRECTION('',(0.,1.,0.));
#6849=DIRECTION('center_axis',(0.,0.,1.));
#6850=DIRECTION('ref_axis',(1.,0.,0.));
#6851=DIRECTION('',(1.,0.,0.));
#6852=DIRECTION('',(1.,0.,0.));
#6853=DIRECTION('',(0.,1.,0.));
#6854=DIRECTION('center_axis',(1.,0.,0.));
#6855=DIRECTION('ref_axis',(0.,0.,-1.));
#6856=DIRECTION('',(0.,0.,1.));
#6857=DIRECTION('',(0.,0.,-1.));
#6858=DIRECTION('',(0.,1.,0.));
#6859=DIRECTION('center_axis',(0.,0.,-1.));
#6860=DIRECTION('ref_axis',(-1.,0.,0.));
#6861=DIRECTION('',(1.,0.,0.));
#6862=DIRECTION('',(-1.,0.,0.));
#6863=DIRECTION('',(0.,1.,0.));
#6864=DIRECTION('center_axis',(1.,0.,0.));
#6865=DIRECTION('ref_axis',(0.,0.,-1.));
#6866=DIRECTION('',(0.,0.,1.));
#6867=DIRECTION('',(0.,0.,-1.));
#6868=DIRECTION('',(0.,1.,0.));
#6869=DIRECTION('center_axis',(0.,0.,1.));
#6870=DIRECTION('ref_axis',(1.,0.,0.));
#6871=DIRECTION('',(1.,0.,0.));
#6872=DIRECTION('',(1.,0.,0.));
#6873=DIRECTION('',(0.,1.,0.));
#6874=DIRECTION('center_axis',(1.,0.,0.));
#6875=DIRECTION('ref_axis',(0.,0.,-1.));
#6876=DIRECTION('',(0.,0.,1.));
#6877=DIRECTION('',(0.,0.,-1.));
#6878=DIRECTION('',(0.,1.,0.));
#6879=DIRECTION('center_axis',(0.,0.,-1.));
#6880=DIRECTION('ref_axis',(-1.,0.,0.));
#6881=DIRECTION('',(1.,0.,0.));
#6882=DIRECTION('',(-1.,0.,0.));
#6883=DIRECTION('',(0.,1.,0.));
#6884=DIRECTION('center_axis',(1.,0.,0.));
#6885=DIRECTION('ref_axis',(0.,0.,-1.));
#6886=DIRECTION('',(0.,0.,1.));
#6887=DIRECTION('',(0.,0.,-1.));
#6888=DIRECTION('',(0.,1.,0.));
#6889=DIRECTION('center_axis',(-2.28484469862635E-7,0.,0.999999999999974));
#6890=DIRECTION('ref_axis',(0.999999999999974,0.,2.28484469862635E-7));
#6891=DIRECTION('',(-0.999999999999974,0.,-2.28484469862635E-7));
#6892=DIRECTION('',(0.999999999999974,0.,2.28484469862635E-7));
#6893=DIRECTION('',(0.,1.,0.));
#6894=DIRECTION('center_axis',(1.,0.,0.));
#6895=DIRECTION('ref_axis',(0.,0.,-1.));
#6896=DIRECTION('',(0.,0.,-1.));
#6897=DIRECTION('',(0.,0.,-1.));
#6898=DIRECTION('',(0.,1.,0.));
#6899=DIRECTION('center_axis',(0.,0.,1.));
#6900=DIRECTION('ref_axis',(1.,0.,0.));
#6901=DIRECTION('',(1.,0.,0.));
#6902=DIRECTION('',(1.,0.,0.));
#6903=DIRECTION('',(0.,1.,0.));
#6904=DIRECTION('center_axis',(-1.,0.,0.));
#6905=DIRECTION('ref_axis',(0.,0.,1.));
#6906=DIRECTION('',(0.,0.,1.));
#6907=DIRECTION('',(0.,0.,1.));
#6908=DIRECTION('',(0.,1.,0.));
#6909=DIRECTION('center_axis',(0.,0.,1.));
#6910=DIRECTION('ref_axis',(1.,0.,0.));
#6911=DIRECTION('',(1.,0.,0.));
#6912=DIRECTION('',(1.,0.,0.));
#6913=DIRECTION('',(0.,1.,0.));
#6914=DIRECTION('center_axis',(1.,0.,0.));
#6915=DIRECTION('ref_axis',(0.,0.,-1.));
#6916=DIRECTION('',(0.,0.,-1.));
#6917=DIRECTION('',(0.,0.,-1.));
#6918=DIRECTION('',(0.,1.,0.));
#6919=DIRECTION('center_axis',(0.,0.,1.));
#6920=DIRECTION('ref_axis',(1.,0.,0.));
#6921=DIRECTION('',(1.,0.,0.));
#6922=DIRECTION('',(1.,0.,0.));
#6923=DIRECTION('',(0.,1.,0.));
#6924=DIRECTION('center_axis',(-1.,0.,0.));
#6925=DIRECTION('ref_axis',(0.,0.,1.));
#6926=DIRECTION('',(0.,0.,1.));
#6927=DIRECTION('',(0.,0.,1.));
#6928=DIRECTION('',(0.,1.,0.));
#6929=DIRECTION('center_axis',(0.,0.,1.));
#6930=DIRECTION('ref_axis',(1.,0.,0.));
#6931=DIRECTION('',(-1.,0.,0.));
#6932=DIRECTION('',(1.,0.,0.));
#6933=DIRECTION('',(0.,1.,0.));
#6934=DIRECTION('center_axis',(-1.,0.,0.));
#6935=DIRECTION('ref_axis',(0.,0.,1.));
#6936=DIRECTION('',(0.,0.,-1.));
#6937=DIRECTION('',(0.,0.,1.));
#6938=DIRECTION('',(0.,1.,0.));
#6939=DIRECTION('center_axis',(0.,0.,-1.));
#6940=DIRECTION('ref_axis',(-1.,0.,0.));
#6941=DIRECTION('',(1.,0.,0.));
#6942=DIRECTION('',(-1.,0.,0.));
#6943=DIRECTION('',(0.,1.,0.));
#6944=DIRECTION('center_axis',(-1.,0.,0.));
#6945=DIRECTION('ref_axis',(0.,0.,1.));
#6946=DIRECTION('',(0.,0.,-1.));
#6947=DIRECTION('',(0.,0.,1.));
#6948=DIRECTION('',(0.,1.,0.));
#6949=DIRECTION('center_axis',(0.,0.,1.));
#6950=DIRECTION('ref_axis',(1.,0.,0.));
#6951=DIRECTION('',(1.,0.,0.));
#6952=DIRECTION('',(1.,0.,0.));
#6953=DIRECTION('',(0.,1.,0.));
#6954=DIRECTION('center_axis',(-1.,0.,0.));
#6955=DIRECTION('ref_axis',(0.,0.,1.));
#6956=DIRECTION('',(0.,0.,-1.));
#6957=DIRECTION('',(0.,0.,1.));
#6958=DIRECTION('',(0.,1.,0.));
#6959=DIRECTION('center_axis',(0.,0.,-1.));
#6960=DIRECTION('ref_axis',(-1.,0.,0.));
#6961=DIRECTION('',(1.,0.,0.));
#6962=DIRECTION('',(-1.,0.,0.));
#6963=DIRECTION('',(0.,1.,0.));
#6964=DIRECTION('center_axis',(-1.,0.,0.));
#6965=DIRECTION('ref_axis',(0.,0.,1.));
#6966=DIRECTION('',(0.,0.,-1.));
#6967=DIRECTION('',(0.,0.,1.));
#6968=DIRECTION('',(0.,1.,0.));
#6969=DIRECTION('center_axis',(0.,0.,1.));
#6970=DIRECTION('ref_axis',(1.,0.,0.));
#6971=DIRECTION('',(1.,0.,0.));
#6972=DIRECTION('',(1.,0.,0.));
#6973=DIRECTION('',(0.,1.,0.));
#6974=DIRECTION('center_axis',(-1.,0.,0.));
#6975=DIRECTION('ref_axis',(0.,0.,1.));
#6976=DIRECTION('',(0.,0.,-1.));
#6977=DIRECTION('',(0.,0.,1.));
#6978=DIRECTION('center_axis',(0.,1.,0.));
#6979=DIRECTION('ref_axis',(0.,0.,1.));
#6980=DIRECTION('center_axis',(0.,1.,0.));
#6981=DIRECTION('ref_axis',(1.,0.,0.));
#6982=DIRECTION('axis',(0.,0.,1.));
#6983=DIRECTION('refdir',(1.,0.,0.));
#6984=DIRECTION('center_axis',(0.,1.,0.));
#6985=DIRECTION('ref_axis',(1.,0.,0.));
#6986=DIRECTION('center_axis',(0.,-1.,0.));
#6987=DIRECTION('ref_axis',(1.,0.,0.));
#6988=DIRECTION('',(0.,-1.,0.));
#6989=DIRECTION('center_axis',(0.,-1.,0.));
#6990=DIRECTION('ref_axis',(1.,0.,0.));
#6991=DIRECTION('center_axis',(0.,1.,0.));
#6992=DIRECTION('ref_axis',(1.,0.,0.));
#6993=DIRECTION('center_axis',(0.,-1.,0.));
#6994=DIRECTION('ref_axis',(1.,0.,0.));
#6995=DIRECTION('',(0.,-1.,0.));
#6996=DIRECTION('center_axis',(0.,-1.,0.));
#6997=DIRECTION('ref_axis',(1.,0.,0.));
#6998=DIRECTION('center_axis',(0.,1.,0.));
#6999=DIRECTION('ref_axis',(1.,0.,0.));
#7000=DIRECTION('center_axis',(0.,-1.,0.));
#7001=DIRECTION('ref_axis',(1.,0.,0.));
#7002=DIRECTION('',(0.,-1.,0.));
#7003=DIRECTION('center_axis',(0.,-1.,0.));
#7004=DIRECTION('ref_axis',(1.,0.,0.));
#7005=DIRECTION('center_axis',(0.,1.,0.));
#7006=DIRECTION('ref_axis',(1.,0.,0.));
#7007=DIRECTION('center_axis',(0.,-1.,0.));
#7008=DIRECTION('ref_axis',(1.,0.,0.));
#7009=DIRECTION('',(0.,-1.,0.));
#7010=DIRECTION('center_axis',(0.,-1.,0.));
#7011=DIRECTION('ref_axis',(1.,0.,0.));
#7012=DIRECTION('center_axis',(0.,1.,0.));
#7013=DIRECTION('ref_axis',(1.,0.,0.));
#7014=DIRECTION('center_axis',(0.,-1.,0.));
#7015=DIRECTION('ref_axis',(1.,0.,0.));
#7016=DIRECTION('',(0.,-1.,0.));
#7017=DIRECTION('center_axis',(0.,-1.,0.));
#7018=DIRECTION('ref_axis',(1.,0.,0.));
#7019=DIRECTION('center_axis',(0.,0.,1.));
#7020=DIRECTION('ref_axis',(1.,0.,0.));
#7021=DIRECTION('',(-1.,0.,0.));
#7022=DIRECTION('',(0.,1.,0.));
#7023=DIRECTION('',(1.,0.,0.));
#7024=DIRECTION('',(0.,1.,0.));
#7025=DIRECTION('center_axis',(-1.,0.,0.));
#7026=DIRECTION('ref_axis',(0.,0.,1.));
#7027=DIRECTION('',(0.,0.,-1.));
#7028=DIRECTION('',(0.,0.,1.));
#7029=DIRECTION('',(0.,1.,0.));
#7030=DIRECTION('center_axis',(0.,0.,1.));
#7031=DIRECTION('ref_axis',(1.,0.,0.));
#7032=DIRECTION('',(-1.,0.,0.));
#7033=DIRECTION('',(1.,0.,0.));
#7034=DIRECTION('',(0.,1.,0.));
#7035=DIRECTION('center_axis',(1.,0.,0.));
#7036=DIRECTION('ref_axis',(0.,0.,-1.));
#7037=DIRECTION('',(0.,0.,1.));
#7038=DIRECTION('',(0.,0.,-1.));
#7039=DIRECTION('',(0.,1.,0.));
#7040=DIRECTION('center_axis',(0.,0.,1.));
#7041=DIRECTION('ref_axis',(1.,0.,0.));
#7042=DIRECTION('',(-1.,0.,0.));
#7043=DIRECTION('',(1.,0.,0.));
#7044=DIRECTION('',(0.,1.,0.));
#7045=DIRECTION('center_axis',(-1.,0.,0.));
#7046=DIRECTION('ref_axis',(0.,0.,1.));
#7047=DIRECTION('',(0.,0.,-1.));
#7048=DIRECTION('',(0.,0.,1.));
#7049=DIRECTION('',(0.,1.,0.));
#7050=DIRECTION('center_axis',(0.,0.,1.));
#7051=DIRECTION('ref_axis',(1.,0.,0.));
#7052=DIRECTION('',(-1.,0.,0.));
#7053=DIRECTION('',(1.,0.,0.));
#7054=DIRECTION('',(0.,1.,0.));
#7055=DIRECTION('center_axis',(1.,0.,0.));
#7056=DIRECTION('ref_axis',(0.,0.,-1.));
#7057=DIRECTION('',(0.,0.,1.));
#7058=DIRECTION('',(0.,0.,-1.));
#7059=DIRECTION('',(0.,1.,0.));
#7060=DIRECTION('center_axis',(0.,0.,1.));
#7061=DIRECTION('ref_axis',(1.,0.,0.));
#7062=DIRECTION('',(-1.,0.,0.));
#7063=DIRECTION('',(1.,0.,0.));
#7064=DIRECTION('',(0.,1.,0.));
#7065=DIRECTION('center_axis',(-1.,0.,0.));
#7066=DIRECTION('ref_axis',(0.,0.,1.));
#7067=DIRECTION('',(0.,0.,-1.));
#7068=DIRECTION('',(0.,0.,1.));
#7069=DIRECTION('',(0.,1.,0.));
#7070=DIRECTION('center_axis',(0.,0.,1.));
#7071=DIRECTION('ref_axis',(1.,0.,0.));
#7072=DIRECTION('',(-1.,0.,0.));
#7073=DIRECTION('',(1.,0.,0.));
#7074=DIRECTION('',(0.,1.,0.));
#7075=DIRECTION('center_axis',(-1.,0.,0.));
#7076=DIRECTION('ref_axis',(0.,0.,1.));
#7077=DIRECTION('',(0.,0.,1.));
#7078=DIRECTION('',(0.,0.,1.));
#7079=DIRECTION('',(0.,1.,0.));
#7080=DIRECTION('center_axis',(0.,0.,1.));
#7081=DIRECTION('ref_axis',(1.,0.,0.));
#7082=DIRECTION('',(1.,0.,0.));
#7083=DIRECTION('',(1.,0.,0.));
#7084=DIRECTION('',(0.,1.,0.));
#7085=DIRECTION('center_axis',(-1.,0.,-1.38777878078145E-16));
#7086=DIRECTION('ref_axis',(-1.38777878078145E-16,0.,1.));
#7087=DIRECTION('',(-1.38777878078145E-16,0.,1.));
#7088=DIRECTION('',(-1.38777878078145E-16,0.,1.));
#7089=DIRECTION('',(0.,1.,0.));
#7090=DIRECTION('center_axis',(0.,0.,-1.));
#7091=DIRECTION('ref_axis',(-1.,0.,0.));
#7092=DIRECTION('',(-1.,0.,0.));
#7093=DIRECTION('',(-1.,0.,0.));
#7094=DIRECTION('',(0.,1.,0.));
#7095=DIRECTION('center_axis',(-1.,0.,0.));
#7096=DIRECTION('ref_axis',(0.,0.,1.));
#7097=DIRECTION('',(0.,0.,1.));
#7098=DIRECTION('',(0.,0.,1.));
#7099=DIRECTION('',(0.,1.,0.));
#7100=DIRECTION('center_axis',(-7.40148683083438E-16,0.,1.));
#7101=DIRECTION('ref_axis',(1.,0.,7.40148683083438E-16));
#7102=DIRECTION('',(1.,0.,7.40148683083438E-16));
#7103=DIRECTION('',(1.,0.,7.40148683083438E-16));
#7104=DIRECTION('',(0.,1.,0.));
#7105=DIRECTION('center_axis',(-1.,0.,0.));
#7106=DIRECTION('ref_axis',(0.,0.,1.));
#7107=DIRECTION('',(0.,0.,1.));
#7108=DIRECTION('',(0.,0.,1.));
#7109=DIRECTION('',(0.,1.,0.));
#7110=DIRECTION('center_axis',(0.,0.,-1.));
#7111=DIRECTION('ref_axis',(-1.,0.,0.));
#7112=DIRECTION('',(-1.,0.,0.));
#7113=DIRECTION('',(-1.,0.,0.));
#7114=DIRECTION('',(0.,1.,0.));
#7115=DIRECTION('center_axis',(-1.,0.,0.));
#7116=DIRECTION('ref_axis',(0.,0.,1.));
#7117=DIRECTION('',(0.,0.,1.));
#7118=DIRECTION('',(0.,0.,1.));
#7119=DIRECTION('',(0.,1.,0.));
#7120=DIRECTION('center_axis',(-6.12323399573678E-17,0.,-1.));
#7121=DIRECTION('ref_axis',(-1.,0.,6.12323399573678E-17));
#7122=DIRECTION('',(-1.,0.,6.12323399573678E-17));
#7123=DIRECTION('',(-1.,0.,6.12323399573678E-17));
#7124=DIRECTION('',(0.,1.,0.));
#7125=DIRECTION('center_axis',(-1.,0.,0.));
#7126=DIRECTION('ref_axis',(0.,0.,1.));
#7127=DIRECTION('',(0.,0.,1.));
#7128=DIRECTION('',(0.,0.,1.));
#7129=DIRECTION('',(0.,1.,0.));
#7130=DIRECTION('center_axis',(0.,0.,-1.));
#7131=DIRECTION('ref_axis',(-1.,0.,0.));
#7132=DIRECTION('',(-1.,0.,0.));
#7133=DIRECTION('',(-1.,0.,0.));
#7134=DIRECTION('',(0.,1.,0.));
#7135=DIRECTION('center_axis',(1.,0.,0.));
#7136=DIRECTION('ref_axis',(0.,0.,-1.));
#7137=DIRECTION('',(0.,0.,-1.));
#7138=DIRECTION('',(0.,0.,-1.));
#7139=DIRECTION('',(0.,1.,0.));
#7140=DIRECTION('center_axis',(-6.12323399573677E-17,0.,-1.));
#7141=DIRECTION('ref_axis',(-1.,0.,6.12323399573677E-17));
#7142=DIRECTION('',(-1.,0.,6.12323399573677E-17));
#7143=DIRECTION('',(-1.,0.,6.12323399573677E-17));
#7144=DIRECTION('',(0.,1.,0.));
#7145=DIRECTION('center_axis',(-1.,0.,0.));
#7146=DIRECTION('ref_axis',(0.,0.,1.));
#7147=DIRECTION('',(0.,0.,1.));
#7148=DIRECTION('',(0.,0.,1.));
#7149=DIRECTION('',(0.,1.,0.));
#7150=DIRECTION('center_axis',(-1.11022302462516E-16,0.,-1.));
#7151=DIRECTION('ref_axis',(-1.,0.,1.11022302462516E-16));
#7152=DIRECTION('',(-1.,0.,1.11022302462516E-16));
#7153=DIRECTION('',(-1.,0.,1.11022302462516E-16));
#7154=DIRECTION('',(0.,1.,0.));
#7155=DIRECTION('center_axis',(1.,0.,0.));
#7156=DIRECTION('ref_axis',(0.,0.,-1.));
#7157=DIRECTION('',(0.,0.,-1.));
#7158=DIRECTION('',(0.,0.,-1.));
#7159=DIRECTION('',(0.,1.,0.));
#7160=DIRECTION('center_axis',(0.,0.,-1.));
#7161=DIRECTION('ref_axis',(-1.,0.,0.));
#7162=DIRECTION('',(-1.,0.,0.));
#7163=DIRECTION('',(-1.,0.,0.));
#7164=DIRECTION('',(0.,1.,0.));
#7165=DIRECTION('center_axis',(-1.,0.,0.));
#7166=DIRECTION('ref_axis',(0.,0.,1.));
#7167=DIRECTION('',(0.,0.,1.));
#7168=DIRECTION('',(0.,0.,1.));
#7169=DIRECTION('',(0.,1.,0.));
#7170=DIRECTION('center_axis',(0.,0.,-1.));
#7171=DIRECTION('ref_axis',(-1.,0.,0.));
#7172=DIRECTION('',(-1.,0.,0.));
#7173=DIRECTION('',(-1.,0.,0.));
#7174=DIRECTION('',(0.,1.,0.));
#7175=DIRECTION('center_axis',(1.,0.,0.));
#7176=DIRECTION('ref_axis',(0.,0.,-1.));
#7177=DIRECTION('',(0.,0.,-1.));
#7178=DIRECTION('',(0.,0.,-1.));
#7179=DIRECTION('center_axis',(0.,1.,0.));
#7180=DIRECTION('ref_axis',(1.,0.,0.));
#7181=DIRECTION('center_axis',(0.,1.,0.));
#7182=DIRECTION('ref_axis',(1.,0.,0.));
#7183=DIRECTION('axis',(0.,0.,1.));
#7184=DIRECTION('refdir',(1.,0.,0.));
#7185=DIRECTION('center_axis',(0.,1.,0.));
#7186=DIRECTION('ref_axis',(1.,0.,0.));
#7187=DIRECTION('center_axis',(0.,1.,0.));
#7188=DIRECTION('ref_axis',(1.,0.,0.));
#7189=DIRECTION('',(0.,1.,0.));
#7190=DIRECTION('center_axis',(0.,-1.,0.));
#7191=DIRECTION('ref_axis',(1.,0.,0.));
#7192=DIRECTION('center_axis',(0.,1.,0.));
#7193=DIRECTION('ref_axis',(1.,0.,0.));
#7194=DIRECTION('center_axis',(0.,1.,0.));
#7195=DIRECTION('ref_axis',(1.,0.,0.));
#7196=DIRECTION('',(0.,1.,0.));
#7197=DIRECTION('center_axis',(0.,-1.,0.));
#7198=DIRECTION('ref_axis',(1.,0.,0.));
#7199=DIRECTION('center_axis',(0.,1.,0.));
#7200=DIRECTION('ref_axis',(1.,0.,0.));
#7201=DIRECTION('center_axis',(0.,1.,0.));
#7202=DIRECTION('ref_axis',(1.,0.,0.));
#7203=DIRECTION('',(0.,1.,0.));
#7204=DIRECTION('center_axis',(0.,-1.,0.));
#7205=DIRECTION('ref_axis',(1.,0.,0.));
#7206=DIRECTION('center_axis',(0.,1.,0.));
#7207=DIRECTION('ref_axis',(1.,0.,0.));
#7208=DIRECTION('center_axis',(0.,1.,0.));
#7209=DIRECTION('ref_axis',(1.,0.,0.));
#7210=DIRECTION('',(0.,1.,0.));
#7211=DIRECTION('center_axis',(0.,-1.,0.));
#7212=DIRECTION('ref_axis',(1.,0.,0.));
#7213=DIRECTION('center_axis',(0.,1.,0.));
#7214=DIRECTION('ref_axis',(1.,0.,0.));
#7215=DIRECTION('center_axis',(0.,1.,0.));
#7216=DIRECTION('ref_axis',(1.,0.,0.));
#7217=DIRECTION('',(0.,1.,0.));
#7218=DIRECTION('center_axis',(0.,-1.,0.));
#7219=DIRECTION('ref_axis',(1.,0.,0.));
#7220=DIRECTION('center_axis',(0.,1.,0.));
#7221=DIRECTION('ref_axis',(1.,0.,0.));
#7222=DIRECTION('center_axis',(0.,1.,0.));
#7223=DIRECTION('ref_axis',(1.,0.,0.));
#7224=DIRECTION('',(0.,1.,0.));
#7225=DIRECTION('center_axis',(0.,-1.,0.));
#7226=DIRECTION('ref_axis',(1.,0.,0.));
#7227=DIRECTION('center_axis',(0.,1.,0.));
#7228=DIRECTION('ref_axis',(1.,0.,0.));
#7229=DIRECTION('center_axis',(0.,1.,0.));
#7230=DIRECTION('ref_axis',(1.,0.,0.));
#7231=DIRECTION('',(0.,1.,0.));
#7232=DIRECTION('center_axis',(0.,-1.,0.));
#7233=DIRECTION('ref_axis',(1.,0.,0.));
#7234=DIRECTION('center_axis',(0.,1.,0.));
#7235=DIRECTION('ref_axis',(1.,0.,0.));
#7236=DIRECTION('center_axis',(0.,1.,0.));
#7237=DIRECTION('ref_axis',(1.,0.,0.));
#7238=DIRECTION('',(0.,1.,0.));
#7239=DIRECTION('center_axis',(0.,-1.,0.));
#7240=DIRECTION('ref_axis',(1.,0.,0.));
#7241=DIRECTION('center_axis',(0.,1.,0.));
#7242=DIRECTION('ref_axis',(1.,0.,0.));
#7243=DIRECTION('center_axis',(0.,1.,0.));
#7244=DIRECTION('ref_axis',(1.,0.,0.));
#7245=DIRECTION('',(0.,1.,0.));
#7246=DIRECTION('center_axis',(0.,-1.,0.));
#7247=DIRECTION('ref_axis',(1.,0.,0.));
#7248=DIRECTION('center_axis',(0.,1.,0.));
#7249=DIRECTION('ref_axis',(1.,0.,0.));
#7250=DIRECTION('center_axis',(0.,1.,0.));
#7251=DIRECTION('ref_axis',(1.,0.,0.));
#7252=DIRECTION('',(0.,1.,0.));
#7253=DIRECTION('center_axis',(0.,-1.,0.));
#7254=DIRECTION('ref_axis',(1.,0.,0.));
#7255=DIRECTION('center_axis',(0.,1.,0.));
#7256=DIRECTION('ref_axis',(1.,0.,0.));
#7257=DIRECTION('center_axis',(0.,1.,0.));
#7258=DIRECTION('ref_axis',(1.,0.,0.));
#7259=DIRECTION('',(0.,1.,0.));
#7260=DIRECTION('center_axis',(0.,-1.,0.));
#7261=DIRECTION('ref_axis',(1.,0.,0.));
#7262=DIRECTION('center_axis',(0.,1.,0.));
#7263=DIRECTION('ref_axis',(1.,0.,0.));
#7264=DIRECTION('center_axis',(0.,1.,0.));
#7265=DIRECTION('ref_axis',(1.,0.,0.));
#7266=DIRECTION('',(0.,1.,0.));
#7267=DIRECTION('center_axis',(0.,-1.,0.));
#7268=DIRECTION('ref_axis',(1.,0.,0.));
#7269=DIRECTION('center_axis',(0.,1.,0.));
#7270=DIRECTION('ref_axis',(1.,0.,0.));
#7271=DIRECTION('center_axis',(0.,1.,0.));
#7272=DIRECTION('ref_axis',(1.,0.,0.));
#7273=DIRECTION('',(0.,1.,0.));
#7274=DIRECTION('center_axis',(0.,-1.,0.));
#7275=DIRECTION('ref_axis',(1.,0.,0.));
#7276=DIRECTION('center_axis',(0.,0.,1.));
#7277=DIRECTION('ref_axis',(1.,0.,0.));
#7278=DIRECTION('',(-1.,0.,0.));
#7279=DIRECTION('',(0.,1.,0.));
#7280=DIRECTION('',(1.,0.,0.));
#7281=DIRECTION('',(0.,1.,0.));
#7282=DIRECTION('center_axis',(-1.,0.,0.));
#7283=DIRECTION('ref_axis',(0.,0.,1.));
#7284=DIRECTION('',(0.,0.,-1.));
#7285=DIRECTION('',(0.,0.,1.));
#7286=DIRECTION('',(0.,1.,0.));
#7287=DIRECTION('center_axis',(0.,0.,1.));
#7288=DIRECTION('ref_axis',(1.,0.,0.));
#7289=DIRECTION('',(-1.,0.,0.));
#7290=DIRECTION('',(1.,0.,0.));
#7291=DIRECTION('',(0.,1.,0.));
#7292=DIRECTION('center_axis',(1.,0.,0.));
#7293=DIRECTION('ref_axis',(0.,0.,-1.));
#7294=DIRECTION('',(0.,0.,1.));
#7295=DIRECTION('',(0.,0.,-1.));
#7296=DIRECTION('',(0.,1.,0.));
#7297=DIRECTION('center_axis',(0.,0.,1.));
#7298=DIRECTION('ref_axis',(1.,0.,0.));
#7299=DIRECTION('',(-1.,0.,0.));
#7300=DIRECTION('',(1.,0.,0.));
#7301=DIRECTION('',(0.,1.,0.));
#7302=DIRECTION('center_axis',(-1.,0.,0.));
#7303=DIRECTION('ref_axis',(0.,0.,1.));
#7304=DIRECTION('',(0.,0.,-1.));
#7305=DIRECTION('',(0.,0.,1.));
#7306=DIRECTION('',(0.,1.,0.));
#7307=DIRECTION('center_axis',(0.,0.,1.));
#7308=DIRECTION('ref_axis',(1.,0.,0.));
#7309=DIRECTION('',(-1.,0.,0.));
#7310=DIRECTION('',(1.,0.,0.));
#7311=DIRECTION('',(0.,1.,0.));
#7312=DIRECTION('center_axis',(1.,0.,0.));
#7313=DIRECTION('ref_axis',(0.,0.,-1.));
#7314=DIRECTION('',(0.,0.,1.));
#7315=DIRECTION('',(0.,0.,-1.));
#7316=DIRECTION('',(0.,1.,0.));
#7317=DIRECTION('center_axis',(0.,0.,1.));
#7318=DIRECTION('ref_axis',(1.,0.,0.));
#7319=DIRECTION('',(-1.,0.,0.));
#7320=DIRECTION('',(1.,0.,0.));
#7321=DIRECTION('',(0.,1.,0.));
#7322=DIRECTION('center_axis',(-1.,0.,0.));
#7323=DIRECTION('ref_axis',(0.,0.,1.));
#7324=DIRECTION('',(0.,0.,-1.));
#7325=DIRECTION('',(0.,0.,1.));
#7326=DIRECTION('',(0.,1.,0.));
#7327=DIRECTION('center_axis',(0.,0.,1.));
#7328=DIRECTION('ref_axis',(1.,0.,0.));
#7329=DIRECTION('',(-1.,0.,0.));
#7330=DIRECTION('',(1.,0.,0.));
#7331=DIRECTION('',(0.,1.,0.));
#7332=DIRECTION('center_axis',(-1.,0.,0.));
#7333=DIRECTION('ref_axis',(0.,0.,1.));
#7334=DIRECTION('',(0.,0.,-1.));
#7335=DIRECTION('',(0.,0.,1.));
#7336=DIRECTION('',(0.,1.,0.));
#7337=DIRECTION('center_axis',(0.,0.,1.));
#7338=DIRECTION('ref_axis',(1.,0.,0.));
#7339=DIRECTION('',(-1.,0.,0.));
#7340=DIRECTION('',(1.,0.,0.));
#7341=DIRECTION('',(0.,1.,0.));
#7342=DIRECTION('center_axis',(-1.,0.,0.));
#7343=DIRECTION('ref_axis',(0.,0.,1.));
#7344=DIRECTION('',(0.,0.,-1.));
#7345=DIRECTION('',(0.,0.,1.));
#7346=DIRECTION('',(0.,1.,0.));
#7347=DIRECTION('center_axis',(0.,0.,-1.));
#7348=DIRECTION('ref_axis',(-1.,0.,0.));
#7349=DIRECTION('',(1.,0.,0.));
#7350=DIRECTION('',(-1.,0.,0.));
#7351=DIRECTION('',(0.,1.,0.));
#7352=DIRECTION('center_axis',(-1.,0.,0.));
#7353=DIRECTION('ref_axis',(0.,0.,1.));
#7354=DIRECTION('',(0.,0.,-1.));
#7355=DIRECTION('',(0.,0.,1.));
#7356=DIRECTION('',(0.,1.,0.));
#7357=DIRECTION('center_axis',(0.,0.,1.));
#7358=DIRECTION('ref_axis',(1.,0.,0.));
#7359=DIRECTION('',(-1.,0.,0.));
#7360=DIRECTION('',(1.,0.,0.));
#7361=DIRECTION('',(0.,1.,0.));
#7362=DIRECTION('center_axis',(-1.,0.,0.));
#7363=DIRECTION('ref_axis',(0.,0.,1.));
#7364=DIRECTION('',(0.,0.,-1.));
#7365=DIRECTION('',(0.,0.,1.));
#7366=DIRECTION('',(0.,1.,0.));
#7367=DIRECTION('center_axis',(0.,0.,-1.));
#7368=DIRECTION('ref_axis',(-1.,0.,0.));
#7369=DIRECTION('',(1.,0.,0.));
#7370=DIRECTION('',(-1.,0.,0.));
#7371=DIRECTION('',(0.,1.,0.));
#7372=DIRECTION('center_axis',(-1.,0.,0.));
#7373=DIRECTION('ref_axis',(0.,0.,1.));
#7374=DIRECTION('',(0.,0.,-1.));
#7375=DIRECTION('',(0.,0.,1.));
#7376=DIRECTION('',(0.,1.,0.));
#7377=DIRECTION('center_axis',(0.,0.,-1.));
#7378=DIRECTION('ref_axis',(-1.,0.,0.));
#7379=DIRECTION('',(-1.,0.,0.));
#7380=DIRECTION('',(-1.,0.,0.));
#7381=DIRECTION('',(0.,1.,0.));
#7382=DIRECTION('center_axis',(-1.,0.,0.));
#7383=DIRECTION('ref_axis',(0.,0.,1.));
#7384=DIRECTION('',(0.,0.,1.));
#7385=DIRECTION('',(0.,0.,1.));
#7386=DIRECTION('',(0.,1.,0.));
#7387=DIRECTION('center_axis',(0.,0.,-1.));
#7388=DIRECTION('ref_axis',(-1.,0.,0.));
#7389=DIRECTION('',(-1.,0.,0.));
#7390=DIRECTION('',(-1.,0.,0.));
#7391=DIRECTION('',(0.,1.,0.));
#7392=DIRECTION('center_axis',(1.,0.,0.));
#7393=DIRECTION('ref_axis',(0.,0.,-1.));
#7394=DIRECTION('',(0.,0.,-1.));
#7395=DIRECTION('',(0.,0.,-1.));
#7396=DIRECTION('',(0.,1.,0.));
#7397=DIRECTION('center_axis',(0.,0.,-1.));
#7398=DIRECTION('ref_axis',(-1.,0.,0.));
#7399=DIRECTION('',(-1.,0.,0.));
#7400=DIRECTION('',(-1.,0.,0.));
#7401=DIRECTION('',(0.,1.,0.));
#7402=DIRECTION('center_axis',(-1.,0.,0.));
#7403=DIRECTION('ref_axis',(0.,0.,1.));
#7404=DIRECTION('',(0.,0.,1.));
#7405=DIRECTION('',(0.,0.,1.));
#7406=DIRECTION('',(0.,1.,0.));
#7407=DIRECTION('center_axis',(0.,0.,-1.));
#7408=DIRECTION('ref_axis',(-1.,0.,0.));
#7409=DIRECTION('',(-1.,0.,0.));
#7410=DIRECTION('',(-1.,0.,0.));
#7411=DIRECTION('',(0.,1.,0.));
#7412=DIRECTION('center_axis',(1.,0.,0.));
#7413=DIRECTION('ref_axis',(0.,0.,-1.));
#7414=DIRECTION('',(0.,0.,1.));
#7415=DIRECTION('',(0.,0.,-1.));
#7416=DIRECTION('',(0.,1.,0.));
#7417=DIRECTION('center_axis',(0.,0.,-1.));
#7418=DIRECTION('ref_axis',(-1.,0.,0.));
#7419=DIRECTION('',(1.,0.,0.));
#7420=DIRECTION('',(-1.,0.,0.));
#7421=DIRECTION('',(0.,1.,0.));
#7422=DIRECTION('center_axis',(-1.,0.,0.));
#7423=DIRECTION('ref_axis',(0.,0.,1.));
#7424=DIRECTION('',(0.,0.,-1.));
#7425=DIRECTION('',(0.,0.,1.));
#7426=DIRECTION('',(0.,1.,0.));
#7427=DIRECTION('center_axis',(0.,0.,-1.));
#7428=DIRECTION('ref_axis',(-1.,0.,0.));
#7429=DIRECTION('',(-1.,0.,0.));
#7430=DIRECTION('',(-1.,0.,0.));
#7431=DIRECTION('',(0.,1.,0.));
#7432=DIRECTION('center_axis',(1.,0.,0.));
#7433=DIRECTION('ref_axis',(0.,0.,-1.));
#7434=DIRECTION('',(0.,0.,-1.));
#7435=DIRECTION('',(0.,0.,-1.));
#7436=DIRECTION('center_axis',(0.,1.,0.));
#7437=DIRECTION('ref_axis',(0.,0.,1.));
#7438=DIRECTION('center_axis',(0.,1.,0.));
#7439=DIRECTION('ref_axis',(1.,0.,0.));
#7440=DIRECTION('axis',(0.,0.,1.));
#7441=DIRECTION('refdir',(1.,0.,0.));
#7442=DIRECTION('center_axis',(0.,1.,0.));
#7443=DIRECTION('ref_axis',(1.,0.,0.));
#7444=DIRECTION('center_axis',(0.,1.,0.));
#7445=DIRECTION('ref_axis',(1.,0.,0.));
#7446=DIRECTION('',(0.,1.,0.));
#7447=DIRECTION('center_axis',(0.,-1.,0.));
#7448=DIRECTION('ref_axis',(1.,0.,0.));
#7449=DIRECTION('center_axis',(0.,1.,0.));
#7450=DIRECTION('ref_axis',(1.,0.,0.));
#7451=DIRECTION('center_axis',(0.,1.,0.));
#7452=DIRECTION('ref_axis',(1.,0.,0.));
#7453=DIRECTION('',(0.,1.,0.));
#7454=DIRECTION('center_axis',(0.,-1.,0.));
#7455=DIRECTION('ref_axis',(1.,0.,0.));
#7456=DIRECTION('center_axis',(0.,0.,-1.));
#7457=DIRECTION('ref_axis',(-1.,0.,0.));
#7458=DIRECTION('',(1.,0.,0.));
#7459=DIRECTION('',(0.,1.,0.));
#7460=DIRECTION('',(-1.,0.,0.));
#7461=DIRECTION('',(0.,1.,0.));
#7462=DIRECTION('center_axis',(1.,0.,0.));
#7463=DIRECTION('ref_axis',(0.,0.,-1.));
#7464=DIRECTION('',(0.,0.,1.));
#7465=DIRECTION('',(0.,0.,-1.));
#7466=DIRECTION('',(0.,1.,0.));
#7467=DIRECTION('center_axis',(0.,0.,1.));
#7468=DIRECTION('ref_axis',(1.,0.,0.));
#7469=DIRECTION('',(-1.,0.,0.));
#7470=DIRECTION('',(1.,0.,0.));
#7471=DIRECTION('',(0.,1.,0.));
#7472=DIRECTION('center_axis',(-1.,0.,0.));
#7473=DIRECTION('ref_axis',(0.,0.,1.));
#7474=DIRECTION('',(0.,0.,-1.));
#7475=DIRECTION('',(0.,0.,1.));
#7476=DIRECTION('center_axis',(0.,1.,0.));
#7477=DIRECTION('ref_axis',(1.,0.,0.));
#7478=DIRECTION('center_axis',(0.,1.,0.));
#7479=DIRECTION('ref_axis',(1.,0.,0.));
#7480=DIRECTION('',(0.,1.,0.));
#7481=DIRECTION('center_axis',(0.,-1.,0.));
#7482=DIRECTION('ref_axis',(1.,0.,0.));
#7483=DIRECTION('center_axis',(0.,1.,0.));
#7484=DIRECTION('ref_axis',(1.,0.,0.));
#7485=DIRECTION('center_axis',(0.,1.,0.));
#7486=DIRECTION('ref_axis',(1.,0.,0.));
#7487=DIRECTION('',(0.,1.,0.));
#7488=DIRECTION('center_axis',(0.,-1.,0.));
#7489=DIRECTION('ref_axis',(1.,0.,0.));
#7490=DIRECTION('center_axis',(-0.999999999999983,0.,1.86264512443141E-7));
#7491=DIRECTION('ref_axis',(1.86264512443141E-7,0.,0.999999999999983));
#7492=DIRECTION('',(-1.86264512443141E-7,0.,-0.999999999999983));
#7493=DIRECTION('',(0.,1.,0.));
#7494=DIRECTION('',(1.86264512443141E-7,0.,0.999999999999983));
#7495=DIRECTION('',(0.,1.,0.));
#7496=DIRECTION('center_axis',(-1.86264512518949E-7,0.,-0.999999999999983));
#7497=DIRECTION('ref_axis',(-0.999999999999983,0.,1.86264512518949E-7));
#7498=DIRECTION('',(-0.999999999999983,0.,1.86264512518949E-7));
#7499=DIRECTION('',(-0.999999999999983,0.,1.86264512518949E-7));
#7500=DIRECTION('',(0.,1.,0.));
#7501=DIRECTION('center_axis',(0.999999999999983,0.,-1.86264510667252E-7));
#7502=DIRECTION('ref_axis',(-1.86264510667252E-7,0.,-0.999999999999983));
#7503=DIRECTION('',(-1.86264510667252E-7,0.,-0.999999999999983));
#7504=DIRECTION('',(-1.86264510667252E-7,0.,-0.999999999999983));
#7505=DIRECTION('',(0.,1.,0.));
#7506=DIRECTION('center_axis',(-1.86264512619984E-7,0.,-0.999999999999983));
#7507=DIRECTION('ref_axis',(-0.999999999999983,0.,1.86264512619984E-7));
#7508=DIRECTION('',(0.999999999999983,0.,-1.86264512619984E-7));
#7509=DIRECTION('',(-0.999999999999983,0.,1.86264512619984E-7));
#7510=DIRECTION('',(0.,1.,0.));
#7511=DIRECTION('center_axis',(-1.,0.,0.));
#7512=DIRECTION('ref_axis',(0.,0.,1.));
#7513=DIRECTION('',(0.,0.,-1.));
#7514=DIRECTION('',(0.,0.,1.));
#7515=DIRECTION('',(0.,1.,0.));
#7516=DIRECTION('center_axis',(0.,0.,-1.));
#7517=DIRECTION('ref_axis',(-1.,0.,0.));
#7518=DIRECTION('',(1.,0.,0.));
#7519=DIRECTION('',(-1.,0.,0.));
#7520=DIRECTION('',(0.,1.,0.));
#7521=DIRECTION('center_axis',(1.,0.,0.));
#7522=DIRECTION('ref_axis',(0.,0.,-1.));
#7523=DIRECTION('',(0.,0.,1.));
#7524=DIRECTION('',(0.,0.,-1.));
#7525=DIRECTION('',(0.,1.,0.));
#7526=DIRECTION('center_axis',(0.,0.,-1.));
#7527=DIRECTION('ref_axis',(-1.,0.,0.));
#7528=DIRECTION('',(1.,0.,0.));
#7529=DIRECTION('',(-1.,0.,0.));
#7530=DIRECTION('',(0.,1.,0.));
#7531=DIRECTION('center_axis',(-1.,0.,0.));
#7532=DIRECTION('ref_axis',(0.,0.,1.));
#7533=DIRECTION('',(0.,0.,-1.));
#7534=DIRECTION('',(0.,0.,1.));
#7535=DIRECTION('',(0.,1.,0.));
#7536=DIRECTION('center_axis',(0.,0.,-1.));
#7537=DIRECTION('ref_axis',(-1.,0.,0.));
#7538=DIRECTION('',(1.,0.,0.));
#7539=DIRECTION('',(-1.,0.,0.));
#7540=DIRECTION('',(0.,1.,0.));
#7541=DIRECTION('center_axis',(0.999999999999983,0.,-1.8626451270265E-7));
#7542=DIRECTION('ref_axis',(-1.8626451270265E-7,0.,-0.999999999999983));
#7543=DIRECTION('',(1.8626451270265E-7,0.,0.999999999999983));
#7544=DIRECTION('',(-1.8626451270265E-7,0.,-0.999999999999983));
#7545=DIRECTION('',(0.,1.,0.));
#7546=DIRECTION('center_axis',(4.62592926927147E-14,0.,1.));
#7547=DIRECTION('ref_axis',(1.,0.,-4.62592926927148E-14));
#7548=DIRECTION('',(-1.,0.,4.62592926927148E-14));
#7549=DIRECTION('',(1.,0.,-4.62592926927148E-14));
#7550=DIRECTION('',(0.,1.,0.));
#7551=DIRECTION('center_axis',(1.,0.,0.));
#7552=DIRECTION('ref_axis',(0.,0.,-1.));
#7553=DIRECTION('',(0.,0.,1.));
#7554=DIRECTION('',(0.,0.,-1.));
#7555=DIRECTION('',(0.,1.,0.));
#7556=DIRECTION('center_axis',(7.40148683083436E-16,0.,-1.));
#7557=DIRECTION('ref_axis',(-1.,0.,-7.40148683083436E-16));
#7558=DIRECTION('',(1.,0.,7.40148683083436E-16));
#7559=DIRECTION('',(-1.,0.,-7.40148683083436E-16));
#7560=DIRECTION('',(0.,1.,0.));
#7561=DIRECTION('center_axis',(1.,0.,0.));
#7562=DIRECTION('ref_axis',(0.,0.,-1.));
#7563=DIRECTION('',(0.,0.,1.));
#7564=DIRECTION('',(0.,0.,-1.));
#7565=DIRECTION('',(0.,1.,0.));
#7566=DIRECTION('center_axis',(0.,0.,1.));
#7567=DIRECTION('ref_axis',(1.,0.,0.));
#7568=DIRECTION('',(-1.,0.,0.));
#7569=DIRECTION('',(1.,0.,0.));
#7570=DIRECTION('',(0.,1.,0.));
#7571=DIRECTION('center_axis',(1.,0.,0.));
#7572=DIRECTION('ref_axis',(0.,0.,-1.));
#7573=DIRECTION('',(0.,0.,1.));
#7574=DIRECTION('',(0.,0.,-1.));
#7575=DIRECTION('',(0.,1.,0.));
#7576=DIRECTION('center_axis',(0.,0.,-1.));
#7577=DIRECTION('ref_axis',(-1.,0.,0.));
#7578=DIRECTION('',(1.,0.,0.));
#7579=DIRECTION('',(-1.,0.,0.));
#7580=DIRECTION('',(0.,1.,0.));
#7581=DIRECTION('center_axis',(1.,0.,0.));
#7582=DIRECTION('ref_axis',(0.,0.,-1.));
#7583=DIRECTION('',(0.,0.,1.));
#7584=DIRECTION('',(0.,0.,-1.));
#7585=DIRECTION('',(0.,1.,0.));
#7586=DIRECTION('center_axis',(0.,0.,1.));
#7587=DIRECTION('ref_axis',(1.,0.,0.));
#7588=DIRECTION('',(-1.,0.,0.));
#7589=DIRECTION('',(1.,0.,0.));
#7590=DIRECTION('',(0.,1.,0.));
#7591=DIRECTION('center_axis',(1.,0.,0.));
#7592=DIRECTION('ref_axis',(0.,0.,-1.));
#7593=DIRECTION('',(0.,0.,1.));
#7594=DIRECTION('',(0.,0.,-1.));
#7595=DIRECTION('',(0.,1.,0.));
#7596=DIRECTION('center_axis',(-1.87170434972703E-16,0.,1.));
#7597=DIRECTION('ref_axis',(1.,0.,1.87170434972703E-16));
#7598=DIRECTION('',(1.,0.,1.87170434972703E-16));
#7599=DIRECTION('',(1.,0.,1.87170434972703E-16));
#7600=DIRECTION('',(0.,1.,0.));
#7601=DIRECTION('center_axis',(-0.999917633908043,0.,0.01283453932718));
#7602=DIRECTION('ref_axis',(0.01283453932718,0.,0.999917633908043));
#7603=DIRECTION('',(0.01283453932718,0.,0.999917633908043));
#7604=DIRECTION('',(0.01283453932718,0.,0.999917633908043));
#7605=DIRECTION('',(0.,1.,0.));
#7606=DIRECTION('center_axis',(0.0128345393271859,0.,0.999917633908043));
#7607=DIRECTION('ref_axis',(0.999917633908043,0.,-0.0128345393271859));
#7608=DIRECTION('',(0.999917633908043,0.,-0.0128345393271859));
#7609=DIRECTION('',(0.999917633908043,0.,-0.0128345393271859));
#7610=DIRECTION('',(0.,1.,0.));
#7611=DIRECTION('center_axis',(-0.999917633908043,0.,0.0128345393271756));
#7612=DIRECTION('ref_axis',(0.0128345393271756,0.,0.999917633908043));
#7613=DIRECTION('',(0.0128345393271756,0.,0.999917633908043));
#7614=DIRECTION('',(0.0128345393271756,0.,0.999917633908043));
#7615=DIRECTION('',(0.,1.,0.));
#7616=DIRECTION('center_axis',(-0.0128345393271756,0.,-0.999917633908043));
#7617=DIRECTION('ref_axis',(-0.999917633908043,0.,0.0128345393271756));
#7618=DIRECTION('',(-0.999917633908043,0.,0.0128345393271756));
#7619=DIRECTION('',(-0.999917633908043,0.,0.0128345393271756));
#7620=DIRECTION('',(0.,1.,0.));
#7621=DIRECTION('center_axis',(-0.999917633908043,0.,0.0128345393271783));
#7622=DIRECTION('ref_axis',(0.0128345393271783,0.,0.999917633908043));
#7623=DIRECTION('',(0.0128345393271783,0.,0.999917633908043));
#7624=DIRECTION('',(0.0128345393271783,0.,0.999917633908043));
#7625=DIRECTION('',(0.,1.,0.));
#7626=DIRECTION('center_axis',(0.012834539327183,0.,0.999917633908043));
#7627=DIRECTION('ref_axis',(0.999917633908043,0.,-0.012834539327183));
#7628=DIRECTION('',(0.999917633908043,0.,-0.012834539327183));
#7629=DIRECTION('',(0.999917633908043,0.,-0.012834539327183));
#7630=DIRECTION('',(0.,1.,0.));
#7631=DIRECTION('center_axis',(-0.999917633908043,0.,0.0128345393271792));
#7632=DIRECTION('ref_axis',(0.0128345393271792,0.,0.999917633908043));
#7633=DIRECTION('',(0.0128345393271792,0.,0.999917633908043));
#7634=DIRECTION('',(0.0128345393271792,0.,0.999917633908043));
#7635=DIRECTION('',(0.,1.,0.));
#7636=DIRECTION('center_axis',(-0.0128345393271793,0.,-0.999917633908043));
#7637=DIRECTION('ref_axis',(-0.999917633908043,0.,0.0128345393271793));
#7638=DIRECTION('',(-0.999917633908043,0.,0.0128345393271793));
#7639=DIRECTION('',(-0.999917633908043,0.,0.0128345393271793));
#7640=DIRECTION('',(0.,1.,0.));
#7641=DIRECTION('center_axis',(-0.999917633908043,0.,0.0128345393271774));
#7642=DIRECTION('ref_axis',(0.0128345393271774,0.,0.999917633908043));
#7643=DIRECTION('',(0.0128345393271774,0.,0.999917633908043));
#7644=DIRECTION('',(0.0128345393271774,0.,0.999917633908043));
#7645=DIRECTION('',(0.,1.,0.));
#7646=DIRECTION('center_axis',(0.0128345393271789,0.,0.999917633908043));
#7647=DIRECTION('ref_axis',(0.999917633908043,0.,-0.0128345393271789));
#7648=DIRECTION('',(0.999917633908043,0.,-0.0128345393271789));
#7649=DIRECTION('',(0.999917633908043,0.,-0.0128345393271789));
#7650=DIRECTION('center_axis',(0.,1.,0.));
#7651=DIRECTION('ref_axis',(0.,0.,1.));
#7652=DIRECTION('center_axis',(0.,1.,0.));
#7653=DIRECTION('ref_axis',(1.,0.,0.));
#7654=DIRECTION('axis',(0.,0.,1.));
#7655=DIRECTION('refdir',(1.,0.,0.));
#7656=DIRECTION('center_axis',(-1.,0.,0.));
#7657=DIRECTION('ref_axis',(0.,0.,1.));
#7658=DIRECTION('',(0.,0.,-1.));
#7659=DIRECTION('',(0.,1.,0.));
#7660=DIRECTION('',(0.,0.,1.));
#7661=DIRECTION('',(0.,1.,0.));
#7662=DIRECTION('center_axis',(0.,0.,-1.));
#7663=DIRECTION('ref_axis',(-1.,0.,0.));
#7664=DIRECTION('',(-1.,0.,0.));
#7665=DIRECTION('',(-1.,0.,0.));
#7666=DIRECTION('',(0.,1.,0.));
#7667=DIRECTION('center_axis',(1.,0.,0.));
#7668=DIRECTION('ref_axis',(0.,0.,-1.));
#7669=DIRECTION('',(0.,0.,-1.));
#7670=DIRECTION('',(0.,0.,-1.));
#7671=DIRECTION('',(0.,1.,0.));
#7672=DIRECTION('center_axis',(0.,0.,-1.));
#7673=DIRECTION('ref_axis',(-1.,0.,0.));
#7674=DIRECTION('',(1.,0.,0.));
#7675=DIRECTION('',(-1.,0.,0.));
#7676=DIRECTION('',(0.,1.,0.));
#7677=DIRECTION('center_axis',(-1.,0.,0.));
#7678=DIRECTION('ref_axis',(0.,0.,1.));
#7679=DIRECTION('',(0.,0.,-1.));
#7680=DIRECTION('',(0.,0.,1.));
#7681=DIRECTION('',(0.,1.,0.));
#7682=DIRECTION('center_axis',(0.,0.,-1.));
#7683=DIRECTION('ref_axis',(-1.,0.,0.));
#7684=DIRECTION('',(1.,0.,0.));
#7685=DIRECTION('',(-1.,0.,0.));
#7686=DIRECTION('',(0.,1.,0.));
#7687=DIRECTION('center_axis',(1.,0.,0.));
#7688=DIRECTION('ref_axis',(0.,0.,-1.));
#7689=DIRECTION('',(0.,0.,1.));
#7690=DIRECTION('',(0.,0.,-1.));
#7691=DIRECTION('',(0.,1.,0.));
#7692=DIRECTION('center_axis',(0.,0.,-1.));
#7693=DIRECTION('ref_axis',(-1.,0.,0.));
#7694=DIRECTION('',(1.,0.,0.));
#7695=DIRECTION('',(-1.,0.,0.));
#7696=DIRECTION('',(0.,1.,0.));
#7697=DIRECTION('center_axis',(-1.,0.,0.));
#7698=DIRECTION('ref_axis',(0.,0.,1.));
#7699=DIRECTION('',(0.,0.,-1.));
#7700=DIRECTION('',(0.,0.,1.));
#7701=DIRECTION('',(0.,1.,0.));
#7702=DIRECTION('center_axis',(0.,0.,-1.));
#7703=DIRECTION('ref_axis',(-1.,0.,0.));
#7704=DIRECTION('',(1.,0.,0.));
#7705=DIRECTION('',(-1.,0.,0.));
#7706=DIRECTION('',(0.,1.,0.));
#7707=DIRECTION('center_axis',(1.,0.,0.));
#7708=DIRECTION('ref_axis',(0.,0.,-1.));
#7709=DIRECTION('',(0.,0.,1.));
#7710=DIRECTION('',(0.,0.,-1.));
#7711=DIRECTION('',(0.,1.,0.));
#7712=DIRECTION('center_axis',(0.,0.,1.));
#7713=DIRECTION('ref_axis',(1.,0.,0.));
#7714=DIRECTION('',(-1.,0.,0.));
#7715=DIRECTION('',(1.,0.,0.));
#7716=DIRECTION('',(0.,1.,0.));
#7717=DIRECTION('center_axis',(1.,0.,0.));
#7718=DIRECTION('ref_axis',(0.,0.,-1.));
#7719=DIRECTION('',(0.,0.,1.));
#7720=DIRECTION('',(0.,0.,-1.));
#7721=DIRECTION('',(0.,1.,0.));
#7722=DIRECTION('center_axis',(7.40148683083436E-16,0.,-1.));
#7723=DIRECTION('ref_axis',(-1.,0.,-7.40148683083436E-16));
#7724=DIRECTION('',(1.,0.,7.40148683083436E-16));
#7725=DIRECTION('',(-1.,0.,-7.40148683083436E-16));
#7726=DIRECTION('',(0.,1.,0.));
#7727=DIRECTION('center_axis',(1.,0.,0.));
#7728=DIRECTION('ref_axis',(0.,0.,-1.));
#7729=DIRECTION('',(0.,0.,1.));
#7730=DIRECTION('',(0.,0.,-1.));
#7731=DIRECTION('',(0.,1.,0.));
#7732=DIRECTION('center_axis',(0.,0.,1.));
#7733=DIRECTION('ref_axis',(1.,0.,0.));
#7734=DIRECTION('',(-1.,0.,0.));
#7735=DIRECTION('',(1.,0.,0.));
#7736=DIRECTION('',(0.,1.,0.));
#7737=DIRECTION('center_axis',(1.,0.,0.));
#7738=DIRECTION('ref_axis',(0.,0.,-1.));
#7739=DIRECTION('',(0.,0.,1.));
#7740=DIRECTION('',(0.,0.,-1.));
#7741=DIRECTION('',(0.,1.,0.));
#7742=DIRECTION('center_axis',(0.,0.,-1.));
#7743=DIRECTION('ref_axis',(-1.,0.,0.));
#7744=DIRECTION('',(1.,0.,0.));
#7745=DIRECTION('',(-1.,0.,0.));
#7746=DIRECTION('',(0.,1.,0.));
#7747=DIRECTION('center_axis',(1.,0.,0.));
#7748=DIRECTION('ref_axis',(0.,0.,-1.));
#7749=DIRECTION('',(0.,0.,1.));
#7750=DIRECTION('',(0.,0.,-1.));
#7751=DIRECTION('',(0.,1.,0.));
#7752=DIRECTION('center_axis',(0.,0.,1.));
#7753=DIRECTION('ref_axis',(1.,0.,0.));
#7754=DIRECTION('',(-1.,0.,0.));
#7755=DIRECTION('',(1.,0.,0.));
#7756=DIRECTION('',(0.,1.,0.));
#7757=DIRECTION('center_axis',(1.,0.,0.));
#7758=DIRECTION('ref_axis',(0.,0.,-1.));
#7759=DIRECTION('',(0.,0.,1.));
#7760=DIRECTION('',(0.,0.,-1.));
#7761=DIRECTION('',(0.,1.,0.));
#7762=DIRECTION('center_axis',(-1.24220755411159E-16,0.,1.));
#7763=DIRECTION('ref_axis',(1.,0.,1.24220755411159E-16));
#7764=DIRECTION('',(1.,0.,1.24220755411159E-16));
#7765=DIRECTION('',(1.,0.,1.24220755411159E-16));
#7766=DIRECTION('',(0.,1.,0.));
#7767=DIRECTION('center_axis',(-1.,0.,0.));
#7768=DIRECTION('ref_axis',(0.,0.,1.));
#7769=DIRECTION('',(0.,0.,1.));
#7770=DIRECTION('',(0.,0.,1.));
#7771=DIRECTION('',(0.,1.,0.));
#7772=DIRECTION('center_axis',(0.,0.,1.));
#7773=DIRECTION('ref_axis',(1.,0.,0.));
#7774=DIRECTION('',(1.,0.,0.));
#7775=DIRECTION('',(1.,0.,0.));
#7776=DIRECTION('',(0.,1.,0.));
#7777=DIRECTION('center_axis',(-1.,0.,0.));
#7778=DIRECTION('ref_axis',(0.,0.,1.));
#7779=DIRECTION('',(0.,0.,1.));
#7780=DIRECTION('',(0.,0.,1.));
#7781=DIRECTION('',(0.,1.,0.));
#7782=DIRECTION('center_axis',(0.,0.,-1.));
#7783=DIRECTION('ref_axis',(-1.,0.,0.));
#7784=DIRECTION('',(-1.,0.,0.));
#7785=DIRECTION('',(-1.,0.,0.));
#7786=DIRECTION('',(0.,1.,0.));
#7787=DIRECTION('center_axis',(-1.,0.,0.));
#7788=DIRECTION('ref_axis',(0.,0.,1.));
#7789=DIRECTION('',(0.,0.,1.));
#7790=DIRECTION('',(0.,0.,1.));
#7791=DIRECTION('',(0.,1.,0.));
#7792=DIRECTION('center_axis',(0.,0.,1.));
#7793=DIRECTION('ref_axis',(1.,0.,0.));
#7794=DIRECTION('',(1.,0.,0.));
#7795=DIRECTION('',(1.,0.,0.));
#7796=DIRECTION('',(0.,1.,0.));
#7797=DIRECTION('center_axis',(-1.,0.,0.));
#7798=DIRECTION('ref_axis',(0.,0.,1.));
#7799=DIRECTION('',(0.,0.,1.));
#7800=DIRECTION('',(0.,0.,1.));
#7801=DIRECTION('',(0.,1.,0.));
#7802=DIRECTION('center_axis',(0.,0.,-1.));
#7803=DIRECTION('ref_axis',(-1.,0.,0.));
#7804=DIRECTION('',(-1.,0.,0.));
#7805=DIRECTION('',(-1.,0.,0.));
#7806=DIRECTION('',(0.,1.,0.));
#7807=DIRECTION('center_axis',(-1.,0.,0.));
#7808=DIRECTION('ref_axis',(0.,0.,1.));
#7809=DIRECTION('',(0.,0.,1.));
#7810=DIRECTION('',(0.,0.,1.));
#7811=DIRECTION('',(0.,1.,0.));
#7812=DIRECTION('center_axis',(0.,0.,1.));
#7813=DIRECTION('ref_axis',(1.,0.,0.));
#7814=DIRECTION('',(1.,0.,0.));
#7815=DIRECTION('',(1.,0.,0.));
#7816=DIRECTION('center_axis',(0.,1.,0.));
#7817=DIRECTION('ref_axis',(0.,0.,1.));
#7818=DIRECTION('center_axis',(0.,1.,0.));
#7819=DIRECTION('ref_axis',(1.,0.,0.));
#7820=DIRECTION('',(0.,0.,1.));
#7821=DIRECTION('',(1.,0.,0.));
#7822=DIRECTION('',(1.38777878077987E-17,3.15544362088405E-30,-0.999999999999999));
#7823=DIRECTION('',(-4.93038065763133E-31,1.,4.93038065763133E-32));
#7824=DIRECTION('',(0.,-6.12323399573677E-17,1.));
#7825=DIRECTION('',(0.,1.,6.12323399573677E-17));
#7826=DIRECTION('',(1.22464679914735E-16,0.999999999999999,4.93038065763132E-32));
#7827=DIRECTION('',(1.,-1.22464679914735E-16,0.));
#7828=DIRECTION('',(6.31088724176809E-30,1.,-2.2204460492503E-16));
#7829=DIRECTION('',(1.,0.,2.83015405327704E-30));
#7830=DIRECTION('',(3.52614844287903E-15,-6.93889390390723E-15,1.));
#7831=DIRECTION('',(1.,-1.89367990523777E-14,-3.52614844287916E-15));
#7832=DIRECTION('',(0.,-1.,-3.33066907387547E-16));
#7833=DIRECTION('',(0.999999999999999,0.,0.));
#7834=CARTESIAN_POINT('',(0.,0.,0.));
#7835=CARTESIAN_POINT('',(0.,0.,0.));
#7836=CARTESIAN_POINT('',(0.,0.,0.));
#7837=CARTESIAN_POINT('Origin',(100.,0.,66.));
#7838=CARTESIAN_POINT('',(94.25,0.,66.));
#7839=CARTESIAN_POINT('Origin',(100.,0.,66.));
#7840=CARTESIAN_POINT('',(94.25,6.,66.));
#7841=CARTESIAN_POINT('',(94.25,0.,66.));
#7842=CARTESIAN_POINT('Origin',(100.,6.,66.));
#7843=CARTESIAN_POINT('Origin',(145.,0.,46.));
#7844=CARTESIAN_POINT('',(133.75,0.,46.));
#7845=CARTESIAN_POINT('Origin',(145.,0.,46.));
#7846=CARTESIAN_POINT('',(133.75,6.,46.));
#7847=CARTESIAN_POINT('',(133.75,0.,46.));
#7848=CARTESIAN_POINT('Origin',(145.,6.,46.));
#7849=CARTESIAN_POINT('Origin',(100.,0.,26.));
#7850=CARTESIAN_POINT('',(94.25,0.,26.));
#7851=CARTESIAN_POINT('Origin',(100.,0.,26.));
#7852=CARTESIAN_POINT('',(94.25,6.,26.));
#7853=CARTESIAN_POINT('',(94.25,0.,26.));
#7854=CARTESIAN_POINT('Origin',(100.,6.,26.));
#7855=CARTESIAN_POINT('Origin',(44.9999965826671,0.,0.));
#7856=CARTESIAN_POINT('',(44.9999965826671,0.,22.0000012815002));
#7857=CARTESIAN_POINT('',(44.9999965826671,0.,0.));
#7858=CARTESIAN_POINT('',(44.9999965826671,0.,6.00000128150024));
#7859=CARTESIAN_POINT('',(44.9999965826671,6.,22.0000012815002));
#7860=CARTESIAN_POINT('',(44.9999965826671,0.,22.0000012815002));
#7861=CARTESIAN_POINT('',(44.9999965826671,6.,0.));
#7862=CARTESIAN_POINT('',(44.9999965826671,6.,6.00000128150024));
#7863=CARTESIAN_POINT('',(44.9999965826671,0.,0.));
#7864=CARTESIAN_POINT('Origin',(81.2,0.,0.));
#7865=CARTESIAN_POINT('',(81.2,0.,0.));
#7866=CARTESIAN_POINT('',(44.9999965826671,0.,0.));
#7867=CARTESIAN_POINT('',(81.2,6.,0.));
#7868=CARTESIAN_POINT('',(44.9999965826671,6.,0.));
#7869=CARTESIAN_POINT('',(81.2,0.,0.));
#7870=CARTESIAN_POINT('Origin',(81.2,0.,-6.));
#7871=CARTESIAN_POINT('',(81.2,0.,-6.));
#7872=CARTESIAN_POINT('',(81.2,0.,0.));
#7873=CARTESIAN_POINT('',(81.2,6.,-6.));
#7874=CARTESIAN_POINT('',(81.2,6.,0.));
#7875=CARTESIAN_POINT('',(81.2,0.,-6.));
#7876=CARTESIAN_POINT('Origin',(118.8,0.,-6.));
#7877=CARTESIAN_POINT('',(118.8,0.,-6.));
#7878=CARTESIAN_POINT('',(81.2,0.,-6.));
#7879=CARTESIAN_POINT('',(118.8,6.,-6.));
#7880=CARTESIAN_POINT('',(81.2,6.,-6.));
#7881=CARTESIAN_POINT('',(118.8,0.,-6.));
#7882=CARTESIAN_POINT('Origin',(118.8,0.,0.));
#7883=CARTESIAN_POINT('',(118.8,0.,0.));
#7884=CARTESIAN_POINT('',(118.8,0.,-6.));
#7885=CARTESIAN_POINT('',(118.8,6.,0.));
#7886=CARTESIAN_POINT('',(118.8,6.,-6.));
#7887=CARTESIAN_POINT('',(118.8,0.,0.));
#7888=CARTESIAN_POINT('Origin',(156.4,0.,0.));
#7889=CARTESIAN_POINT('',(156.4,0.,0.));
#7890=CARTESIAN_POINT('',(118.8,0.,0.));
#7891=CARTESIAN_POINT('',(156.4,6.,0.));
#7892=CARTESIAN_POINT('',(118.8,6.,0.));
#7893=CARTESIAN_POINT('',(156.4,0.,0.));
#7894=CARTESIAN_POINT('Origin',(156.4,0.,-6.));
#7895=CARTESIAN_POINT('',(156.4,0.,-6.));
#7896=CARTESIAN_POINT('',(156.4,0.,0.));
#7897=CARTESIAN_POINT('',(156.4,6.,-6.));
#7898=CARTESIAN_POINT('',(156.4,6.,0.));
#7899=CARTESIAN_POINT('',(156.4,0.,-6.));
#7900=CARTESIAN_POINT('Origin',(194.,0.,-6.));
#7901=CARTESIAN_POINT('',(194.,0.,-6.));
#7902=CARTESIAN_POINT('',(156.4,0.,-6.));
#7903=CARTESIAN_POINT('',(194.,6.,-6.));
#7904=CARTESIAN_POINT('',(156.4,6.,-6.));
#7905=CARTESIAN_POINT('',(194.,0.,-6.));
#7906=CARTESIAN_POINT('Origin',(194.,0.,0.));
#7907=CARTESIAN_POINT('',(194.,0.,0.));
#7908=CARTESIAN_POINT('',(194.,0.,0.));
#7909=CARTESIAN_POINT('',(194.,6.,0.));
#7910=CARTESIAN_POINT('',(194.,6.,0.));
#7911=CARTESIAN_POINT('',(194.,0.,0.));
#7912=CARTESIAN_POINT('Origin',(200.,0.,0.));
#7913=CARTESIAN_POINT('',(200.,0.,0.));
#7914=CARTESIAN_POINT('',(200.,0.,0.));
#7915=CARTESIAN_POINT('',(200.,6.,0.));
#7916=CARTESIAN_POINT('',(200.,6.,0.));
#7917=CARTESIAN_POINT('',(200.,0.,0.));
#7918=CARTESIAN_POINT('Origin',(200.,0.,22.));
#7919=CARTESIAN_POINT('',(200.,0.,22.));
#7920=CARTESIAN_POINT('',(200.,0.,6.));
#7921=CARTESIAN_POINT('',(200.,6.,22.));
#7922=CARTESIAN_POINT('',(200.,6.,6.));
#7923=CARTESIAN_POINT('',(200.,0.,22.));
#7924=CARTESIAN_POINT('Origin',(194.,0.,22.));
#7925=CARTESIAN_POINT('',(194.,0.,22.));
#7926=CARTESIAN_POINT('',(194.,0.,22.));
#7927=CARTESIAN_POINT('',(194.,6.,22.));
#7928=CARTESIAN_POINT('',(194.,6.,22.));
#7929=CARTESIAN_POINT('',(194.,0.,22.));
#7930=CARTESIAN_POINT('Origin',(194.,0.,38.));
#7931=CARTESIAN_POINT('',(194.,0.,38.));
#7932=CARTESIAN_POINT('',(194.,0.,22.));
#7933=CARTESIAN_POINT('',(194.,6.,38.));
#7934=CARTESIAN_POINT('',(194.,6.,22.));
#7935=CARTESIAN_POINT('',(194.,0.,38.));
#7936=CARTESIAN_POINT('Origin',(200.,0.,38.));
#7937=CARTESIAN_POINT('',(200.,0.,38.));
#7938=CARTESIAN_POINT('',(194.,0.,38.));
#7939=CARTESIAN_POINT('',(200.,6.,38.));
#7940=CARTESIAN_POINT('',(194.,6.,38.));
#7941=CARTESIAN_POINT('',(200.,0.,38.));
#7942=CARTESIAN_POINT('Origin',(200.,0.,54.));
#7943=CARTESIAN_POINT('',(200.,0.,54.));
#7944=CARTESIAN_POINT('',(200.,0.,38.));
#7945=CARTESIAN_POINT('',(200.,6.,54.));
#7946=CARTESIAN_POINT('',(200.,6.,38.));
#7947=CARTESIAN_POINT('',(200.,0.,54.));
#7948=CARTESIAN_POINT('Origin',(194.,0.,54.));
#7949=CARTESIAN_POINT('',(194.,0.,54.));
#7950=CARTESIAN_POINT('',(194.,0.,54.));
#7951=CARTESIAN_POINT('',(194.,6.,54.));
#7952=CARTESIAN_POINT('',(194.,6.,54.));
#7953=CARTESIAN_POINT('',(194.,0.,54.));
#7954=CARTESIAN_POINT('Origin',(194.,0.,70.));
#7955=CARTESIAN_POINT('',(194.,0.,70.));
#7956=CARTESIAN_POINT('',(194.,0.,54.));
#7957=CARTESIAN_POINT('',(194.,6.,70.));
#7958=CARTESIAN_POINT('',(194.,6.,54.));
#7959=CARTESIAN_POINT('',(194.,0.,70.));
#7960=CARTESIAN_POINT('Origin',(200.,0.,70.));
#7961=CARTESIAN_POINT('',(200.,0.,70.));
#7962=CARTESIAN_POINT('',(194.,0.,70.));
#7963=CARTESIAN_POINT('',(200.,6.,70.));
#7964=CARTESIAN_POINT('',(194.,6.,70.));
#7965=CARTESIAN_POINT('',(200.,0.,70.));
#7966=CARTESIAN_POINT('Origin',(200.,0.,92.0000013709068));
#7967=CARTESIAN_POINT('',(200.,0.,92.0000013709068));
#7968=CARTESIAN_POINT('',(200.,0.,86.));
#7969=CARTESIAN_POINT('',(200.,6.,92.0000013709068));
#7970=CARTESIAN_POINT('',(200.,6.,86.));
#7971=CARTESIAN_POINT('',(200.,0.,92.0000013709068));
#7972=CARTESIAN_POINT('Origin',(194.,0.,92.));
#7973=CARTESIAN_POINT('',(194.,0.,92.));
#7974=CARTESIAN_POINT('',(200.,0.,92.0000013709068));
#7975=CARTESIAN_POINT('',(194.,6.,92.));
#7976=CARTESIAN_POINT('',(200.,6.,92.0000013709068));
#7977=CARTESIAN_POINT('',(194.,0.,92.));
#7978=CARTESIAN_POINT('Origin',(194.,0.,98.));
#7979=CARTESIAN_POINT('',(194.,0.,98.));
#7980=CARTESIAN_POINT('',(194.,0.,98.));
#7981=CARTESIAN_POINT('',(194.,6.,98.));
#7982=CARTESIAN_POINT('',(194.,6.,98.));
#7983=CARTESIAN_POINT('',(194.,0.,98.));
#7984=CARTESIAN_POINT('Origin',(156.4,0.,98.));
#7985=CARTESIAN_POINT('',(156.4,0.,98.));
#7986=CARTESIAN_POINT('',(156.4,0.,98.));
#7987=CARTESIAN_POINT('',(156.4,6.,98.));
#7988=CARTESIAN_POINT('',(156.4,6.,98.));
#7989=CARTESIAN_POINT('',(156.4,0.,98.));
#7990=CARTESIAN_POINT('Origin',(156.4,0.,92.));
#7991=CARTESIAN_POINT('',(156.4,0.,92.));
#7992=CARTESIAN_POINT('',(156.4,0.,92.));
#7993=CARTESIAN_POINT('',(156.4,6.,92.));
#7994=CARTESIAN_POINT('',(156.4,6.,92.));
#7995=CARTESIAN_POINT('',(156.4,0.,92.));
#7996=CARTESIAN_POINT('Origin',(118.8,0.,92.));
#7997=CARTESIAN_POINT('',(118.8,0.,92.));
#7998=CARTESIAN_POINT('',(118.8,0.,92.));
#7999=CARTESIAN_POINT('',(118.8,6.,92.));
#8000=CARTESIAN_POINT('',(118.8,6.,92.));
#8001=CARTESIAN_POINT('',(118.8,0.,92.));
#8002=CARTESIAN_POINT('Origin',(118.8,0.,98.));
#8003=CARTESIAN_POINT('',(118.8,0.,98.));
#8004=CARTESIAN_POINT('',(118.8,0.,98.));
#8005=CARTESIAN_POINT('',(118.8,6.,98.));
#8006=CARTESIAN_POINT('',(118.8,6.,98.));
#8007=CARTESIAN_POINT('',(118.8,0.,98.));
#8008=CARTESIAN_POINT('Origin',(81.2,0.,98.));
#8009=CARTESIAN_POINT('',(81.2,0.,98.));
#8010=CARTESIAN_POINT('',(81.2,0.,98.));
#8011=CARTESIAN_POINT('',(81.2,6.,98.));
#8012=CARTESIAN_POINT('',(81.2,6.,98.));
#8013=CARTESIAN_POINT('',(81.2,0.,98.));
#8014=CARTESIAN_POINT('Origin',(81.2,0.,92.));
#8015=CARTESIAN_POINT('',(81.2,0.,92.));
#8016=CARTESIAN_POINT('',(81.2,0.,92.));
#8017=CARTESIAN_POINT('',(81.2,6.,92.));
#8018=CARTESIAN_POINT('',(81.2,6.,92.));
#8019=CARTESIAN_POINT('',(81.2,0.,92.));
#8020=CARTESIAN_POINT('Origin',(45.,0.,92.));
#8021=CARTESIAN_POINT('',(45.,0.,92.));
#8022=CARTESIAN_POINT('',(51.,0.,92.));
#8023=CARTESIAN_POINT('',(45.,6.,92.));
#8024=CARTESIAN_POINT('',(51.,6.,92.));
#8025=CARTESIAN_POINT('',(45.,0.,92.));
#8026=CARTESIAN_POINT('Origin',(45.,0.,70.0000012814999));
#8027=CARTESIAN_POINT('',(45.,0.,70.0000012814999));
#8028=CARTESIAN_POINT('',(45.,0.,86.0000012814999));
#8029=CARTESIAN_POINT('',(45.,6.,70.0000012814999));
#8030=CARTESIAN_POINT('',(45.,6.,86.0000012814999));
#8031=CARTESIAN_POINT('',(45.,0.,70.0000012814999));
#8032=CARTESIAN_POINT('Origin',(51.,0.,70.0000012814999));
#8033=CARTESIAN_POINT('',(51.,0.,70.0000012814999));
#8034=CARTESIAN_POINT('',(45.,0.,70.0000012814999));
#8035=CARTESIAN_POINT('',(51.,6.,70.0000012814999));
#8036=CARTESIAN_POINT('',(45.,6.,70.0000012814999));
#8037=CARTESIAN_POINT('',(51.,0.,70.0000012814999));
#8038=CARTESIAN_POINT('Origin',(51.,0.,54.));
#8039=CARTESIAN_POINT('',(51.,0.,54.));
#8040=CARTESIAN_POINT('',(51.,0.,54.));
#8041=CARTESIAN_POINT('',(51.,6.,54.));
#8042=CARTESIAN_POINT('',(51.,6.,54.));
#8043=CARTESIAN_POINT('',(51.,0.,54.));
#8044=CARTESIAN_POINT('Origin',(45.,0.,54.0000012814999));
#8045=CARTESIAN_POINT('',(45.,0.,54.0000012814999));
#8046=CARTESIAN_POINT('',(45.,0.,54.0000012814999));
#8047=CARTESIAN_POINT('',(45.,6.,54.0000012814999));
#8048=CARTESIAN_POINT('',(45.,6.,54.0000012814999));
#8049=CARTESIAN_POINT('',(45.,0.,54.0000012814999));
#8050=CARTESIAN_POINT('Origin',(44.9999965826671,0.,38.0000012815002));
#8051=CARTESIAN_POINT('',(44.9999965826671,0.,38.0000012815002));
#8052=CARTESIAN_POINT('',(45.,0.,54.0000012814999));
#8053=CARTESIAN_POINT('',(44.9999965826671,6.,38.0000012815002));
#8054=CARTESIAN_POINT('',(45.,6.,54.0000012814999));
#8055=CARTESIAN_POINT('',(44.9999965826671,0.,38.0000012815002));
#8056=CARTESIAN_POINT('Origin',(51.,0.,38.0000012815002));
#8057=CARTESIAN_POINT('',(51.,0.,38.0000012815002));
#8058=CARTESIAN_POINT('',(44.9999965826671,0.,38.0000012815002));
#8059=CARTESIAN_POINT('',(51.,6.,38.0000012815002));
#8060=CARTESIAN_POINT('',(44.9999965826671,6.,38.0000012815002));
#8061=CARTESIAN_POINT('',(51.,0.,38.0000012815002));
#8062=CARTESIAN_POINT('Origin',(51.,0.,22.0000012815002));
#8063=CARTESIAN_POINT('',(51.,0.,22.0000012815002));
#8064=CARTESIAN_POINT('',(51.,0.,38.0000012815002));
#8065=CARTESIAN_POINT('',(51.,6.,22.0000012815002));
#8066=CARTESIAN_POINT('',(51.,6.,38.0000012815002));
#8067=CARTESIAN_POINT('',(51.,0.,22.0000012815002));
#8068=CARTESIAN_POINT('Origin',(44.9999965826671,0.,22.0000012815002));
#8069=CARTESIAN_POINT('',(44.9999965826671,0.,22.0000012815002));
#8070=CARTESIAN_POINT('',(44.9999965826671,6.,22.0000012815002));
#8071=CARTESIAN_POINT('Origin',(122.499998291334,6.,45.9999935545874));
#8072=CARTESIAN_POINT('Origin',(122.499998291334,0.,45.9999935545874));
#8073=CARTESIAN_POINT('',(0.,0.,0.));
#8074=CARTESIAN_POINT('Origin',(194.,0.,6.));
#8075=CARTESIAN_POINT('',(156.4,0.,6.));
#8076=CARTESIAN_POINT('',(194.,0.,6.));
#8077=CARTESIAN_POINT('',(156.4,0.,6.));
#8078=CARTESIAN_POINT('',(156.4,6.,6.));
#8079=CARTESIAN_POINT('',(156.4,0.,6.));
#8080=CARTESIAN_POINT('',(194.,6.,6.));
#8081=CARTESIAN_POINT('',(156.4,6.,6.));
#8082=CARTESIAN_POINT('',(194.,0.,6.));
#8083=CARTESIAN_POINT('Origin',(194.,0.,0.));
#8084=CARTESIAN_POINT('',(194.,0.,0.));
#8085=CARTESIAN_POINT('',(194.,0.,6.));
#8086=CARTESIAN_POINT('',(194.,6.,0.));
#8087=CARTESIAN_POINT('',(194.,6.,6.));
#8088=CARTESIAN_POINT('',(194.,0.,0.));
#8089=CARTESIAN_POINT('Origin',(200.,0.,0.));
#8090=CARTESIAN_POINT('',(200.,0.,0.));
#8091=CARTESIAN_POINT('',(194.,0.,0.));
#8092=CARTESIAN_POINT('',(200.,6.,0.));
#8093=CARTESIAN_POINT('',(194.,6.,0.));
#8094=CARTESIAN_POINT('',(200.,0.,0.));
#8095=CARTESIAN_POINT('Origin',(200.,0.,17.6));
#8096=CARTESIAN_POINT('',(200.,0.,17.6));
#8097=CARTESIAN_POINT('',(200.,0.,0.));
#8098=CARTESIAN_POINT('',(200.,6.,17.6));
#8099=CARTESIAN_POINT('',(200.,6.,0.));
#8100=CARTESIAN_POINT('',(200.,0.,17.6));
#8101=CARTESIAN_POINT('Origin',(194.,0.,17.6));
#8102=CARTESIAN_POINT('',(194.,0.,17.6));
#8103=CARTESIAN_POINT('',(200.,0.,17.6));
#8104=CARTESIAN_POINT('',(194.,6.,17.6));
#8105=CARTESIAN_POINT('',(200.,6.,17.6));
#8106=CARTESIAN_POINT('',(194.,0.,17.6));
#8107=CARTESIAN_POINT('Origin',(193.999999999999,0.,26.));
#8108=CARTESIAN_POINT('',(193.999999999999,0.,26.));
#8109=CARTESIAN_POINT('',(194.,0.,17.6));
#8110=CARTESIAN_POINT('',(193.999999999999,6.,26.));
#8111=CARTESIAN_POINT('',(194.,6.,17.6));
#8112=CARTESIAN_POINT('',(193.999999999999,0.,26.));
#8113=CARTESIAN_POINT('Origin',(50.9999999999986,0.,26.));
#8114=CARTESIAN_POINT('',(50.9999999999986,0.,26.));
#8115=CARTESIAN_POINT('',(50.9999999999986,0.,26.));
#8116=CARTESIAN_POINT('',(50.9999999999986,6.,26.));
#8117=CARTESIAN_POINT('',(50.9999999999986,6.,26.));
#8118=CARTESIAN_POINT('',(50.9999999999986,0.,26.));
#8119=CARTESIAN_POINT('Origin',(50.9999999999986,0.,17.6));
#8120=CARTESIAN_POINT('',(50.9999999999986,0.,17.6));
#8121=CARTESIAN_POINT('',(50.9999999999986,0.,17.6));
#8122=CARTESIAN_POINT('',(50.9999999999986,6.,17.6));
#8123=CARTESIAN_POINT('',(50.9999999999986,6.,17.6));
#8124=CARTESIAN_POINT('',(50.9999999999986,0.,17.6));
#8125=CARTESIAN_POINT('Origin',(44.9999999999986,0.,17.6));
#8126=CARTESIAN_POINT('',(44.9999999999986,0.,17.6));
#8127=CARTESIAN_POINT('',(44.9999999999986,0.,17.6));
#8128=CARTESIAN_POINT('',(44.9999999999986,6.,17.6));
#8129=CARTESIAN_POINT('',(44.9999999999986,6.,17.6));
#8130=CARTESIAN_POINT('',(44.9999999999986,0.,17.6));
#8131=CARTESIAN_POINT('Origin',(44.9999999999986,0.,0.));
#8132=CARTESIAN_POINT('',(44.9999999999986,0.,0.));
#8133=CARTESIAN_POINT('',(44.9999999999986,0.,0.));
#8134=CARTESIAN_POINT('',(44.9999999999986,6.,0.));
#8135=CARTESIAN_POINT('',(44.9999999999986,6.,0.));
#8136=CARTESIAN_POINT('',(44.9999999999986,0.,0.));
#8137=CARTESIAN_POINT('Origin',(81.2,0.,0.));
#8138=CARTESIAN_POINT('',(81.2,0.,0.));
#8139=CARTESIAN_POINT('',(44.9999999999986,0.,0.));
#8140=CARTESIAN_POINT('',(81.2,6.,0.));
#8141=CARTESIAN_POINT('',(44.9999999999986,6.,0.));
#8142=CARTESIAN_POINT('',(81.2,0.,0.));
#8143=CARTESIAN_POINT('Origin',(81.2,0.,6.));
#8144=CARTESIAN_POINT('',(81.2,0.,6.));
#8145=CARTESIAN_POINT('',(81.2,0.,6.));
#8146=CARTESIAN_POINT('',(81.2,6.,6.));
#8147=CARTESIAN_POINT('',(81.2,6.,6.));
#8148=CARTESIAN_POINT('',(81.2,0.,6.));
#8149=CARTESIAN_POINT('Origin',(118.8,0.,6.));
#8150=CARTESIAN_POINT('',(118.8,0.,6.));
#8151=CARTESIAN_POINT('',(81.2,0.,6.));
#8152=CARTESIAN_POINT('',(118.8,6.,6.));
#8153=CARTESIAN_POINT('',(81.2,6.,6.));
#8154=CARTESIAN_POINT('',(118.8,0.,6.));
#8155=CARTESIAN_POINT('Origin',(118.8,0.,0.));
#8156=CARTESIAN_POINT('',(118.8,0.,0.));
#8157=CARTESIAN_POINT('',(118.8,0.,6.));
#8158=CARTESIAN_POINT('',(118.8,6.,0.));
#8159=CARTESIAN_POINT('',(118.8,6.,6.));
#8160=CARTESIAN_POINT('',(118.8,0.,0.));
#8161=CARTESIAN_POINT('Origin',(156.4,0.,0.));
#8162=CARTESIAN_POINT('',(156.4,0.,0.));
#8163=CARTESIAN_POINT('',(118.8,0.,0.));
#8164=CARTESIAN_POINT('',(156.4,6.,0.));
#8165=CARTESIAN_POINT('',(118.8,6.,0.));
#8166=CARTESIAN_POINT('',(156.4,0.,0.));
#8167=CARTESIAN_POINT('Origin',(156.4,0.,6.));
#8168=CARTESIAN_POINT('',(156.4,0.,6.));
#8169=CARTESIAN_POINT('',(156.4,6.,6.));
#8170=CARTESIAN_POINT('Origin',(122.499999999999,6.,13.));
#8171=CARTESIAN_POINT('Origin',(122.499999999999,0.,13.));
#8172=CARTESIAN_POINT('',(0.,0.,0.));
#8173=CARTESIAN_POINT('Origin',(27.6,0.,98.));
#8174=CARTESIAN_POINT('',(36.,0.,98.));
#8175=CARTESIAN_POINT('',(27.6,0.,98.));
#8176=CARTESIAN_POINT('',(36.,0.,98.));
#8177=CARTESIAN_POINT('',(36.,6.,98.));
#8178=CARTESIAN_POINT('',(36.,0.,98.));
#8179=CARTESIAN_POINT('',(27.6,6.,98.));
#8180=CARTESIAN_POINT('',(36.,6.,98.));
#8181=CARTESIAN_POINT('',(27.6,0.,98.));
#8182=CARTESIAN_POINT('Origin',(27.6,0.,92.));
#8183=CARTESIAN_POINT('',(27.6,0.,92.));
#8184=CARTESIAN_POINT('',(27.6,0.,98.));
#8185=CARTESIAN_POINT('',(27.6,6.,92.));
#8186=CARTESIAN_POINT('',(27.6,6.,98.));
#8187=CARTESIAN_POINT('',(27.6,0.,92.));
#8188=CARTESIAN_POINT('Origin',(16.0000000000003,0.,92.));
#8189=CARTESIAN_POINT('',(16.0000000000003,0.,92.0000000000003));
#8190=CARTESIAN_POINT('',(27.6,0.,92.));
#8191=CARTESIAN_POINT('',(16.0000000000003,6.,92.0000000000003));
#8192=CARTESIAN_POINT('',(27.6,6.,92.));
#8193=CARTESIAN_POINT('',(16.0000000000003,0.,92.0000000000003));
#8194=CARTESIAN_POINT('Origin',(16.0000000000002,0.,70.0000000000003));
#8195=CARTESIAN_POINT('',(16.0000000000002,0.,70.0000000000003));
#8196=CARTESIAN_POINT('',(16.0000000000002,0.,70.0000000000003));
#8197=CARTESIAN_POINT('',(16.0000000000002,6.,70.0000000000003));
#8198=CARTESIAN_POINT('',(16.0000000000002,6.,70.0000000000003));
#8199=CARTESIAN_POINT('',(16.0000000000002,0.,70.0000000000003));
#8200=CARTESIAN_POINT('Origin',(10.0000000000002,0.,70.0000000000003));
#8201=CARTESIAN_POINT('',(10.0000000000002,0.,70.0000000000003));
#8202=CARTESIAN_POINT('',(10.0000000000002,0.,70.0000000000003));
#8203=CARTESIAN_POINT('',(10.0000000000002,6.,70.0000000000003));
#8204=CARTESIAN_POINT('',(10.0000000000002,6.,70.0000000000003));
#8205=CARTESIAN_POINT('',(10.0000000000002,0.,70.0000000000003));
#8206=CARTESIAN_POINT('Origin',(10.0000000000002,0.,54.0000000000003));
#8207=CARTESIAN_POINT('',(10.0000000000002,0.,54.0000000000003));
#8208=CARTESIAN_POINT('',(10.0000000000002,0.,54.0000000000003));
#8209=CARTESIAN_POINT('',(10.0000000000002,6.,54.0000000000003));
#8210=CARTESIAN_POINT('',(10.0000000000002,6.,54.0000000000003));
#8211=CARTESIAN_POINT('',(10.0000000000002,0.,54.0000000000003));
#8212=CARTESIAN_POINT('Origin',(16.0000000000002,0.,54.0000000000003));
#8213=CARTESIAN_POINT('',(16.0000000000002,0.,54.0000000000003));
#8214=CARTESIAN_POINT('',(16.0000000000002,0.,54.0000000000003));
#8215=CARTESIAN_POINT('',(16.0000000000002,6.,54.0000000000003));
#8216=CARTESIAN_POINT('',(16.0000000000002,6.,54.0000000000003));
#8217=CARTESIAN_POINT('',(16.0000000000002,0.,54.0000000000003));
#8218=CARTESIAN_POINT('Origin',(16.0000000000001,0.,38.0000000000003));
#8219=CARTESIAN_POINT('',(16.0000000000001,0.,38.0000000000003));
#8220=CARTESIAN_POINT('',(16.0000000000001,0.,38.0000000000003));
#8221=CARTESIAN_POINT('',(16.0000000000001,6.,38.0000000000003));
#8222=CARTESIAN_POINT('',(16.0000000000001,6.,38.0000000000003));
#8223=CARTESIAN_POINT('',(16.0000000000001,0.,38.0000000000003));
#8224=CARTESIAN_POINT('Origin',(10.0000000000001,0.,38.0000000000003));
#8225=CARTESIAN_POINT('',(10.0000000000001,0.,38.0000000000003));
#8226=CARTESIAN_POINT('',(10.0000000000001,0.,38.0000000000003));
#8227=CARTESIAN_POINT('',(10.0000000000001,6.,38.0000000000003));
#8228=CARTESIAN_POINT('',(10.0000000000001,6.,38.0000000000003));
#8229=CARTESIAN_POINT('',(10.0000000000001,0.,38.0000000000003));
#8230=CARTESIAN_POINT('Origin',(10.0000000000001,0.,22.0000000000003));
#8231=CARTESIAN_POINT('',(10.0000000000001,0.,22.0000000000003));
#8232=CARTESIAN_POINT('',(10.0000000000001,0.,22.0000000000003));
#8233=CARTESIAN_POINT('',(10.0000000000001,6.,22.0000000000003));
#8234=CARTESIAN_POINT('',(10.0000000000001,6.,22.0000000000003));
#8235=CARTESIAN_POINT('',(10.0000000000001,0.,22.0000000000003));
#8236=CARTESIAN_POINT('Origin',(16.0000000000001,0.,22.0000000000003));
#8237=CARTESIAN_POINT('',(16.0000000000001,0.,22.0000000000003));
#8238=CARTESIAN_POINT('',(16.0000000000001,0.,22.0000000000003));
#8239=CARTESIAN_POINT('',(16.0000000000001,6.,22.0000000000003));
#8240=CARTESIAN_POINT('',(16.0000000000001,6.,22.0000000000003));
#8241=CARTESIAN_POINT('',(16.0000000000001,0.,22.0000000000003));
#8242=CARTESIAN_POINT('Origin',(16.,0.,3.14119101100611E-13));
#8243=CARTESIAN_POINT('',(16.,0.,3.14119101100611E-13));
#8244=CARTESIAN_POINT('',(16.,0.,3.14119101100611E-13));
#8245=CARTESIAN_POINT('',(16.,6.,3.19744231092045E-13));
#8246=CARTESIAN_POINT('',(16.,6.,3.14119101100611E-13));
#8247=CARTESIAN_POINT('',(16.,0.,3.14119101100611E-13));
#8248=CARTESIAN_POINT('Origin',(27.6,0.,2.79776202205539E-13));
#8249=CARTESIAN_POINT('',(27.6,0.,2.79776202205539E-13));
#8250=CARTESIAN_POINT('',(27.6,0.,2.79776202205539E-13));
#8251=CARTESIAN_POINT('',(27.6,6.,2.8421709430404E-13));
#8252=CARTESIAN_POINT('',(27.6,6.,2.79776202205539E-13));
#8253=CARTESIAN_POINT('',(27.6,0.,2.79776202205539E-13));
#8254=CARTESIAN_POINT('Origin',(27.6,0.,-5.99999999999972));
#8255=CARTESIAN_POINT('',(27.6,0.,-5.99999999999972));
#8256=CARTESIAN_POINT('',(27.6,0.,-5.99999999999972));
#8257=CARTESIAN_POINT('',(27.6,6.,-5.99999999999973));
#8258=CARTESIAN_POINT('',(27.6,6.,-5.99999999999972));
#8259=CARTESIAN_POINT('',(27.6,0.,-5.99999999999972));
#8260=CARTESIAN_POINT('Origin',(36.,0.,-6.));
#8261=CARTESIAN_POINT('',(36.,0.,-6.));
#8262=CARTESIAN_POINT('',(36.,0.,-6.));
#8263=CARTESIAN_POINT('',(36.,6.,-6.));
#8264=CARTESIAN_POINT('',(36.,6.,-6.));
#8265=CARTESIAN_POINT('',(36.,0.,-6.));
#8266=CARTESIAN_POINT('Origin',(36.,0.,98.));
#8267=CARTESIAN_POINT('',(36.,0.,46.));
#8268=CARTESIAN_POINT('',(36.,6.,46.));
#8269=CARTESIAN_POINT('Origin',(23.,6.,46.));
#8270=CARTESIAN_POINT('Origin',(23.,0.,46.));
#8271=CARTESIAN_POINT('',(-8.88178419700125E-15,48.9999998285749,42.9999998285747));
#8272=CARTESIAN_POINT('',(8.88178419700125E-15,-43.0000001714252,48.9999998285755));
#8273=CARTESIAN_POINT('',(-1.77635683940025E-14,54.999999828575,48.9999998285745));
#8274=CARTESIAN_POINT('',(51.0000000000007,-43.0000008121762,58.9999998285752));
#8275=CARTESIAN_POINT('',(200.,-43.0000001714254,58.9999998285755));
#8276=CARTESIAN_POINT('',(0.,0.,0.));
#8277=CARTESIAN_POINT('',(0.,0.,0.));
#8278=CARTESIAN_POINT('Origin',(99.0390010877848,0.,64.0000013709068));
#8279=CARTESIAN_POINT('',(97.4390010877848,0.,64.0000013709068));
#8280=CARTESIAN_POINT('Origin',(99.0390010877848,0.,64.0000013709068));
#8281=CARTESIAN_POINT('',(97.4390010877848,6.,64.0000013709068));
#8282=CARTESIAN_POINT('',(97.4390010877848,0.,64.0000013709068));
#8283=CARTESIAN_POINT('Origin',(99.0390010877848,6.,64.0000013709068));
#8284=CARTESIAN_POINT('Origin',(68.0000010877848,0.,19.2960013709068));
#8285=CARTESIAN_POINT('',(66.4000010877848,0.,19.2960013709068));
#8286=CARTESIAN_POINT('Origin',(68.0000010877848,0.,19.2960013709068));
#8287=CARTESIAN_POINT('',(66.4000010877848,6.,19.2960013709068));
#8288=CARTESIAN_POINT('',(66.4000010877848,0.,19.2960013709068));
#8289=CARTESIAN_POINT('Origin',(68.0000010877848,6.,19.2960013709068));
#8290=CARTESIAN_POINT('Origin',(99.0390010877848,0.,19.2960013709068));
#8291=CARTESIAN_POINT('',(97.4390010877848,0.,19.2960013709068));
#8292=CARTESIAN_POINT('Origin',(99.0390010877848,0.,19.2960013709068));
#8293=CARTESIAN_POINT('',(97.4390010877848,6.,19.2960013709068));
#8294=CARTESIAN_POINT('',(97.4390010877848,0.,19.2960013709068));
#8295=CARTESIAN_POINT('Origin',(99.0390010877848,6.,19.2960013709068));
#8296=CARTESIAN_POINT('Origin',(68.0000010877848,0.,64.0000013709068));
#8297=CARTESIAN_POINT('',(66.4000010877848,0.,64.0000013709068));
#8298=CARTESIAN_POINT('Origin',(68.0000010877848,0.,64.0000013709068));
#8299=CARTESIAN_POINT('',(66.4000010877848,6.,64.0000013709068));
#8300=CARTESIAN_POINT('',(66.4000010877848,0.,64.0000013709068));
#8301=CARTESIAN_POINT('Origin',(68.0000010877848,6.,64.0000013709068));
#8302=CARTESIAN_POINT('Origin',(167.1265,0.,65.2155013709068));
#8303=CARTESIAN_POINT('',(165.5265,0.,65.2155013709068));
#8304=CARTESIAN_POINT('Origin',(167.1265,0.,65.2155013709068));
#8305=CARTESIAN_POINT('',(165.5265,6.,65.2155013709068));
#8306=CARTESIAN_POINT('',(165.5265,0.,65.2155013709068));
#8307=CARTESIAN_POINT('Origin',(167.1265,6.,65.2155013709068));
#8308=CARTESIAN_POINT('Origin',(162.0905,0.,13.3165));
#8309=CARTESIAN_POINT('',(160.4905,0.,13.3165));
#8310=CARTESIAN_POINT('Origin',(162.0905,0.,13.3165));
#8311=CARTESIAN_POINT('',(160.4905,6.,13.3165));
#8312=CARTESIAN_POINT('',(160.4905,0.,13.3165));
#8313=CARTESIAN_POINT('Origin',(162.0905,6.,13.3165));
#8314=CARTESIAN_POINT('Origin',(119.,0.,64.));
#8315=CARTESIAN_POINT('',(117.4,0.,64.));
#8316=CARTESIAN_POINT('Origin',(119.,0.,64.));
#8317=CARTESIAN_POINT('',(117.4,6.,64.));
#8318=CARTESIAN_POINT('',(117.4,0.,64.));
#8319=CARTESIAN_POINT('Origin',(119.,6.,64.));
#8320=CARTESIAN_POINT('Origin',(134.1505,0.,13.3165));
#8321=CARTESIAN_POINT('',(132.5505,0.,13.3165));
#8322=CARTESIAN_POINT('Origin',(134.1505,0.,13.3165));
#8323=CARTESIAN_POINT('',(132.5505,6.,13.3165));
#8324=CARTESIAN_POINT('',(132.5505,0.,13.3165));
#8325=CARTESIAN_POINT('Origin',(134.1505,6.,13.3165));
#8326=CARTESIAN_POINT('Origin',(81.2,0.,0.));
#8327=CARTESIAN_POINT('',(45.,0.,0.));
#8328=CARTESIAN_POINT('',(81.2,0.,0.));
#8329=CARTESIAN_POINT('',(45.,0.,0.));
#8330=CARTESIAN_POINT('',(45.,6.,0.));
#8331=CARTESIAN_POINT('',(45.,0.,0.));
#8332=CARTESIAN_POINT('',(81.2,6.,0.));
#8333=CARTESIAN_POINT('',(45.,6.,0.));
#8334=CARTESIAN_POINT('',(81.2,0.,0.));
#8335=CARTESIAN_POINT('Origin',(81.2,0.,-6.));
#8336=CARTESIAN_POINT('',(81.2,0.,-6.));
#8337=CARTESIAN_POINT('',(81.2,0.,0.));
#8338=CARTESIAN_POINT('',(81.2,6.,-6.));
#8339=CARTESIAN_POINT('',(81.2,6.,0.));
#8340=CARTESIAN_POINT('',(81.2,0.,-6.));
#8341=CARTESIAN_POINT('Origin',(118.8,0.,-6.));
#8342=CARTESIAN_POINT('',(118.8,0.,-6.));
#8343=CARTESIAN_POINT('',(81.2,0.,-6.));
#8344=CARTESIAN_POINT('',(118.8,6.,-6.));
#8345=CARTESIAN_POINT('',(81.2,6.,-6.));
#8346=CARTESIAN_POINT('',(118.8,0.,-6.));
#8347=CARTESIAN_POINT('Origin',(118.8,0.,0.));
#8348=CARTESIAN_POINT('',(118.8,0.,0.));
#8349=CARTESIAN_POINT('',(118.8,0.,-6.));
#8350=CARTESIAN_POINT('',(118.8,6.,0.));
#8351=CARTESIAN_POINT('',(118.8,6.,-6.));
#8352=CARTESIAN_POINT('',(118.8,0.,0.));
#8353=CARTESIAN_POINT('Origin',(156.4,0.,0.));
#8354=CARTESIAN_POINT('',(156.4,0.,0.));
#8355=CARTESIAN_POINT('',(118.8,0.,0.));
#8356=CARTESIAN_POINT('',(156.4,6.,0.));
#8357=CARTESIAN_POINT('',(118.8,6.,0.));
#8358=CARTESIAN_POINT('',(156.4,0.,0.));
#8359=CARTESIAN_POINT('Origin',(156.4,0.,-6.));
#8360=CARTESIAN_POINT('',(156.4,0.,-6.));
#8361=CARTESIAN_POINT('',(156.4,0.,0.));
#8362=CARTESIAN_POINT('',(156.4,6.,-6.));
#8363=CARTESIAN_POINT('',(156.4,6.,0.));
#8364=CARTESIAN_POINT('',(156.4,0.,-6.));
#8365=CARTESIAN_POINT('Origin',(194.,0.,-6.));
#8366=CARTESIAN_POINT('',(194.,0.,-6.));
#8367=CARTESIAN_POINT('',(156.4,0.,-6.));
#8368=CARTESIAN_POINT('',(194.,6.,-6.));
#8369=CARTESIAN_POINT('',(156.4,6.,-6.));
#8370=CARTESIAN_POINT('',(194.,0.,-6.));
#8371=CARTESIAN_POINT('Origin',(194.,0.,0.));
#8372=CARTESIAN_POINT('',(194.,0.,0.));
#8373=CARTESIAN_POINT('',(194.,0.,0.));
#8374=CARTESIAN_POINT('',(194.,6.,0.));
#8375=CARTESIAN_POINT('',(194.,6.,0.));
#8376=CARTESIAN_POINT('',(194.,0.,0.));
#8377=CARTESIAN_POINT('Origin',(200.,0.,0.));
#8378=CARTESIAN_POINT('',(200.,0.,0.));
#8379=CARTESIAN_POINT('',(200.,0.,0.));
#8380=CARTESIAN_POINT('',(200.,6.,0.));
#8381=CARTESIAN_POINT('',(200.,6.,0.));
#8382=CARTESIAN_POINT('',(200.,0.,0.));
#8383=CARTESIAN_POINT('Origin',(200.,0.,22.));
#8384=CARTESIAN_POINT('',(200.,0.,22.));
#8385=CARTESIAN_POINT('',(200.,0.,6.));
#8386=CARTESIAN_POINT('',(200.,6.,22.));
#8387=CARTESIAN_POINT('',(200.,6.,6.));
#8388=CARTESIAN_POINT('',(200.,0.,22.));
#8389=CARTESIAN_POINT('Origin',(194.,0.,22.));
#8390=CARTESIAN_POINT('',(194.,0.,22.));
#8391=CARTESIAN_POINT('',(194.,0.,22.));
#8392=CARTESIAN_POINT('',(194.,6.,22.));
#8393=CARTESIAN_POINT('',(194.,6.,22.));
#8394=CARTESIAN_POINT('',(194.,0.,22.));
#8395=CARTESIAN_POINT('Origin',(194.,0.,38.));
#8396=CARTESIAN_POINT('',(194.,0.,38.));
#8397=CARTESIAN_POINT('',(194.,0.,22.));
#8398=CARTESIAN_POINT('',(194.,6.,38.));
#8399=CARTESIAN_POINT('',(194.,6.,22.));
#8400=CARTESIAN_POINT('',(194.,0.,38.));
#8401=CARTESIAN_POINT('Origin',(200.,0.,38.));
#8402=CARTESIAN_POINT('',(200.,0.,38.));
#8403=CARTESIAN_POINT('',(194.,0.,38.));
#8404=CARTESIAN_POINT('',(200.,6.,38.));
#8405=CARTESIAN_POINT('',(194.,6.,38.));
#8406=CARTESIAN_POINT('',(200.,0.,38.));
#8407=CARTESIAN_POINT('Origin',(200.,0.,54.));
#8408=CARTESIAN_POINT('',(200.,0.,54.));
#8409=CARTESIAN_POINT('',(200.,0.,38.));
#8410=CARTESIAN_POINT('',(200.,6.,54.));
#8411=CARTESIAN_POINT('',(200.,6.,38.));
#8412=CARTESIAN_POINT('',(200.,0.,54.));
#8413=CARTESIAN_POINT('Origin',(194.,0.,54.));
#8414=CARTESIAN_POINT('',(194.,0.,54.));
#8415=CARTESIAN_POINT('',(194.,0.,54.));
#8416=CARTESIAN_POINT('',(194.,6.,54.));
#8417=CARTESIAN_POINT('',(194.,6.,54.));
#8418=CARTESIAN_POINT('',(194.,0.,54.));
#8419=CARTESIAN_POINT('Origin',(194.,0.,70.));
#8420=CARTESIAN_POINT('',(194.,0.,70.));
#8421=CARTESIAN_POINT('',(194.,0.,54.));
#8422=CARTESIAN_POINT('',(194.,6.,70.));
#8423=CARTESIAN_POINT('',(194.,6.,54.));
#8424=CARTESIAN_POINT('',(194.,0.,70.));
#8425=CARTESIAN_POINT('Origin',(200.,0.,70.));
#8426=CARTESIAN_POINT('',(200.,0.,70.));
#8427=CARTESIAN_POINT('',(194.,0.,70.));
#8428=CARTESIAN_POINT('',(200.,6.,70.));
#8429=CARTESIAN_POINT('',(194.,6.,70.));
#8430=CARTESIAN_POINT('',(200.,0.,70.));
#8431=CARTESIAN_POINT('Origin',(200.,0.,92.0000013709068));
#8432=CARTESIAN_POINT('',(200.,0.,92.0000013709068));
#8433=CARTESIAN_POINT('',(200.,0.,86.));
#8434=CARTESIAN_POINT('',(200.,6.,92.0000013709068));
#8435=CARTESIAN_POINT('',(200.,6.,86.));
#8436=CARTESIAN_POINT('',(200.,0.,92.0000013709068));
#8437=CARTESIAN_POINT('Origin',(194.,0.,92.));
#8438=CARTESIAN_POINT('',(194.,0.,92.));
#8439=CARTESIAN_POINT('',(200.,0.,92.0000013709068));
#8440=CARTESIAN_POINT('',(194.,6.,92.));
#8441=CARTESIAN_POINT('',(200.,6.,92.0000013709068));
#8442=CARTESIAN_POINT('',(194.,0.,92.));
#8443=CARTESIAN_POINT('Origin',(194.,0.,98.));
#8444=CARTESIAN_POINT('',(194.,0.,98.));
#8445=CARTESIAN_POINT('',(194.,0.,98.));
#8446=CARTESIAN_POINT('',(194.,6.,98.));
#8447=CARTESIAN_POINT('',(194.,6.,98.));
#8448=CARTESIAN_POINT('',(194.,0.,98.));
#8449=CARTESIAN_POINT('Origin',(156.4,0.,98.));
#8450=CARTESIAN_POINT('',(156.4,0.,98.));
#8451=CARTESIAN_POINT('',(156.4,0.,98.));
#8452=CARTESIAN_POINT('',(156.4,6.,98.));
#8453=CARTESIAN_POINT('',(156.4,6.,98.));
#8454=CARTESIAN_POINT('',(156.4,0.,98.));
#8455=CARTESIAN_POINT('Origin',(156.4,0.,92.));
#8456=CARTESIAN_POINT('',(156.4,0.,92.));
#8457=CARTESIAN_POINT('',(156.4,0.,92.));
#8458=CARTESIAN_POINT('',(156.4,6.,92.));
#8459=CARTESIAN_POINT('',(156.4,6.,92.));
#8460=CARTESIAN_POINT('',(156.4,0.,92.));
#8461=CARTESIAN_POINT('Origin',(118.8,0.,92.));
#8462=CARTESIAN_POINT('',(118.8,0.,92.));
#8463=CARTESIAN_POINT('',(118.8,0.,92.));
#8464=CARTESIAN_POINT('',(118.8,6.,92.));
#8465=CARTESIAN_POINT('',(118.8,6.,92.));
#8466=CARTESIAN_POINT('',(118.8,0.,92.));
#8467=CARTESIAN_POINT('Origin',(118.8,0.,98.));
#8468=CARTESIAN_POINT('',(118.8,0.,98.));
#8469=CARTESIAN_POINT('',(118.8,0.,98.));
#8470=CARTESIAN_POINT('',(118.8,6.,98.));
#8471=CARTESIAN_POINT('',(118.8,6.,98.));
#8472=CARTESIAN_POINT('',(118.8,0.,98.));
#8473=CARTESIAN_POINT('Origin',(81.2,0.,98.));
#8474=CARTESIAN_POINT('',(81.2,0.,98.));
#8475=CARTESIAN_POINT('',(81.2,0.,98.));
#8476=CARTESIAN_POINT('',(81.2,6.,98.));
#8477=CARTESIAN_POINT('',(81.2,6.,98.));
#8478=CARTESIAN_POINT('',(81.2,0.,98.));
#8479=CARTESIAN_POINT('Origin',(81.2,0.,92.));
#8480=CARTESIAN_POINT('',(81.2,0.,92.));
#8481=CARTESIAN_POINT('',(81.2,0.,92.));
#8482=CARTESIAN_POINT('',(81.2,6.,92.));
#8483=CARTESIAN_POINT('',(81.2,6.,92.));
#8484=CARTESIAN_POINT('',(81.2,0.,92.));
#8485=CARTESIAN_POINT('Origin',(45.,0.,92.));
#8486=CARTESIAN_POINT('',(45.,0.,92.));
#8487=CARTESIAN_POINT('',(51.,0.,92.));
#8488=CARTESIAN_POINT('',(45.,6.,92.));
#8489=CARTESIAN_POINT('',(51.,6.,92.));
#8490=CARTESIAN_POINT('',(45.,0.,92.));
#8491=CARTESIAN_POINT('Origin',(45.,0.,70.));
#8492=CARTESIAN_POINT('',(45.,0.,70.));
#8493=CARTESIAN_POINT('',(45.,0.,86.));
#8494=CARTESIAN_POINT('',(45.,6.,70.));
#8495=CARTESIAN_POINT('',(45.,6.,86.));
#8496=CARTESIAN_POINT('',(45.,0.,70.));
#8497=CARTESIAN_POINT('Origin',(51.,0.,70.));
#8498=CARTESIAN_POINT('',(51.,0.,70.));
#8499=CARTESIAN_POINT('',(45.,0.,70.));
#8500=CARTESIAN_POINT('',(51.,6.,70.));
#8501=CARTESIAN_POINT('',(45.,6.,70.));
#8502=CARTESIAN_POINT('',(51.,0.,70.));
#8503=CARTESIAN_POINT('Origin',(51.,0.,54.));
#8504=CARTESIAN_POINT('',(51.,0.,54.));
#8505=CARTESIAN_POINT('',(51.,0.,60.7857298953205));
#8506=CARTESIAN_POINT('',(51.,6.,54.));
#8507=CARTESIAN_POINT('',(51.,6.,60.7857298953205));
#8508=CARTESIAN_POINT('',(51.,0.,54.));
#8509=CARTESIAN_POINT('Origin',(45.,0.,54.));
#8510=CARTESIAN_POINT('',(45.,0.,54.));
#8511=CARTESIAN_POINT('',(45.,0.,54.));
#8512=CARTESIAN_POINT('',(45.,6.,54.));
#8513=CARTESIAN_POINT('',(45.,6.,54.));
#8514=CARTESIAN_POINT('',(45.,0.,54.));
#8515=CARTESIAN_POINT('Origin',(45.,0.,38.));
#8516=CARTESIAN_POINT('',(45.,0.,38.));
#8517=CARTESIAN_POINT('',(45.,0.,54.));
#8518=CARTESIAN_POINT('',(45.,6.,38.));
#8519=CARTESIAN_POINT('',(45.,6.,54.));
#8520=CARTESIAN_POINT('',(45.,0.,38.));
#8521=CARTESIAN_POINT('Origin',(51.,0.,38.));
#8522=CARTESIAN_POINT('',(51.,0.,38.));
#8523=CARTESIAN_POINT('',(45.,0.,38.));
#8524=CARTESIAN_POINT('',(51.,6.,38.));
#8525=CARTESIAN_POINT('',(45.,6.,38.));
#8526=CARTESIAN_POINT('',(51.,0.,38.));
#8527=CARTESIAN_POINT('Origin',(51.,0.,22.));
#8528=CARTESIAN_POINT('',(51.,0.,22.));
#8529=CARTESIAN_POINT('',(51.,0.,38.));
#8530=CARTESIAN_POINT('',(51.,6.,22.));
#8531=CARTESIAN_POINT('',(51.,6.,38.));
#8532=CARTESIAN_POINT('',(51.,0.,22.));
#8533=CARTESIAN_POINT('Origin',(45.,0.,22.));
#8534=CARTESIAN_POINT('',(45.,0.,22.));
#8535=CARTESIAN_POINT('',(45.,0.,22.));
#8536=CARTESIAN_POINT('',(45.,6.,22.));
#8537=CARTESIAN_POINT('',(45.,6.,22.));
#8538=CARTESIAN_POINT('',(45.,0.,22.));
#8539=CARTESIAN_POINT('Origin',(45.,0.,0.));
#8540=CARTESIAN_POINT('',(45.,0.,22.));
#8541=CARTESIAN_POINT('',(45.,6.,22.));
#8542=CARTESIAN_POINT('Origin',(122.5,6.,45.9999935545874));
#8543=CARTESIAN_POINT('Origin',(122.5,0.,45.9999935545874));
#8544=CARTESIAN_POINT('',(0.,0.,0.));
#8545=CARTESIAN_POINT('Origin',(40.0000004470348,0.,30.0000003874302));
#8546=CARTESIAN_POINT('',(38.5000004470348,6.,30.0000003874302));
#8547=CARTESIAN_POINT('Origin',(40.0000004470348,6.,30.0000003874302));
#8548=CARTESIAN_POINT('',(38.5000004470348,0.,30.0000003874302));
#8549=CARTESIAN_POINT('',(38.5000004470348,0.,30.0000003874302));
#8550=CARTESIAN_POINT('Origin',(40.0000004470348,0.,30.0000003874302));
#8551=CARTESIAN_POINT('Origin',(72.000000923872,0.,30.0000003874302));
#8552=CARTESIAN_POINT('',(70.500000923872,6.,30.0000003874302));
#8553=CARTESIAN_POINT('Origin',(72.000000923872,6.,30.0000003874302));
#8554=CARTESIAN_POINT('',(70.500000923872,0.,30.0000003874302));
#8555=CARTESIAN_POINT('',(70.500000923872,0.,30.0000003874302));
#8556=CARTESIAN_POINT('Origin',(72.000000923872,0.,30.0000003874302));
#8557=CARTESIAN_POINT('Origin',(40.000000923872,0.,62.0000009834766));
#8558=CARTESIAN_POINT('',(38.500000923872,6.,62.0000009834766));
#8559=CARTESIAN_POINT('Origin',(40.000000923872,6.,62.0000009834766));
#8560=CARTESIAN_POINT('',(38.500000923872,0.,62.0000009834766));
#8561=CARTESIAN_POINT('',(38.500000923872,0.,62.0000009834766));
#8562=CARTESIAN_POINT('Origin',(40.000000923872,0.,62.0000009834766));
#8563=CARTESIAN_POINT('Origin',(72.000000923872,0.,62.0000009834766));
#8564=CARTESIAN_POINT('',(70.500000923872,6.,62.0000009834766));
#8565=CARTESIAN_POINT('Origin',(72.000000923872,6.,62.0000009834766));
#8566=CARTESIAN_POINT('',(70.500000923872,0.,62.0000009834766));
#8567=CARTESIAN_POINT('',(70.500000923872,0.,62.0000009834766));
#8568=CARTESIAN_POINT('Origin',(72.000000923872,0.,62.0000009834766));
#8569=CARTESIAN_POINT('Origin',(56.,0.,46.));
#8570=CARTESIAN_POINT('',(37.,6.,46.));
#8571=CARTESIAN_POINT('Origin',(56.,6.,46.));
#8572=CARTESIAN_POINT('',(37.,0.,46.));
#8573=CARTESIAN_POINT('',(37.,0.,46.));
#8574=CARTESIAN_POINT('Origin',(56.,0.,46.));
#8575=CARTESIAN_POINT('Origin',(76.,0.,98.));
#8576=CARTESIAN_POINT('',(86.,0.,98.));
#8577=CARTESIAN_POINT('',(76.,0.,98.));
#8578=CARTESIAN_POINT('',(86.,0.,98.));
#8579=CARTESIAN_POINT('',(86.,6.,98.));
#8580=CARTESIAN_POINT('',(86.,0.,98.));
#8581=CARTESIAN_POINT('',(76.,6.,98.));
#8582=CARTESIAN_POINT('',(86.,6.,98.));
#8583=CARTESIAN_POINT('',(76.,0.,98.));
#8584=CARTESIAN_POINT('Origin',(76.,0.,92.));
#8585=CARTESIAN_POINT('',(76.,0.,92.));
#8586=CARTESIAN_POINT('',(76.,0.,98.));
#8587=CARTESIAN_POINT('',(76.,6.,92.));
#8588=CARTESIAN_POINT('',(76.,6.,98.));
#8589=CARTESIAN_POINT('',(76.,0.,92.));
#8590=CARTESIAN_POINT('Origin',(66.,0.,92.));
#8591=CARTESIAN_POINT('',(66.,0.,92.));
#8592=CARTESIAN_POINT('',(76.,0.,92.));
#8593=CARTESIAN_POINT('',(66.,6.,92.));
#8594=CARTESIAN_POINT('',(76.,6.,92.));
#8595=CARTESIAN_POINT('',(66.,0.,92.));
#8596=CARTESIAN_POINT('Origin',(66.,0.,98.));
#8597=CARTESIAN_POINT('',(66.,0.,98.));
#8598=CARTESIAN_POINT('',(66.,0.,92.));
#8599=CARTESIAN_POINT('',(66.,6.,98.));
#8600=CARTESIAN_POINT('',(66.,6.,92.));
#8601=CARTESIAN_POINT('',(66.,0.,98.));
#8602=CARTESIAN_POINT('Origin',(56.,0.,98.));
#8603=CARTESIAN_POINT('',(56.,0.,98.));
#8604=CARTESIAN_POINT('',(66.,0.,98.));
#8605=CARTESIAN_POINT('',(56.,6.,98.));
#8606=CARTESIAN_POINT('',(66.,6.,98.));
#8607=CARTESIAN_POINT('',(56.,0.,98.));
#8608=CARTESIAN_POINT('Origin',(56.,0.,92.));
#8609=CARTESIAN_POINT('',(56.,0.,92.));
#8610=CARTESIAN_POINT('',(56.,0.,98.));
#8611=CARTESIAN_POINT('',(56.,6.,92.));
#8612=CARTESIAN_POINT('',(56.,6.,98.));
#8613=CARTESIAN_POINT('',(56.,0.,92.));
#8614=CARTESIAN_POINT('Origin',(46.,0.,92.));
#8615=CARTESIAN_POINT('',(46.,0.,92.));
#8616=CARTESIAN_POINT('',(56.,0.,92.));
#8617=CARTESIAN_POINT('',(46.,6.,92.));
#8618=CARTESIAN_POINT('',(56.,6.,92.));
#8619=CARTESIAN_POINT('',(46.,0.,92.));
#8620=CARTESIAN_POINT('Origin',(46.,0.,98.));
#8621=CARTESIAN_POINT('',(46.,0.,98.));
#8622=CARTESIAN_POINT('',(46.,0.,92.));
#8623=CARTESIAN_POINT('',(46.,6.,98.));
#8624=CARTESIAN_POINT('',(46.,6.,92.));
#8625=CARTESIAN_POINT('',(46.,0.,98.));
#8626=CARTESIAN_POINT('Origin',(36.,0.,98.));
#8627=CARTESIAN_POINT('',(36.,0.,98.));
#8628=CARTESIAN_POINT('',(46.,0.,98.));
#8629=CARTESIAN_POINT('',(36.,6.,98.));
#8630=CARTESIAN_POINT('',(46.,6.,98.));
#8631=CARTESIAN_POINT('',(36.,0.,98.));
#8632=CARTESIAN_POINT('Origin',(36.,0.,92.));
#8633=CARTESIAN_POINT('',(36.,0.,92.));
#8634=CARTESIAN_POINT('',(36.,0.,98.));
#8635=CARTESIAN_POINT('',(36.,6.,92.));
#8636=CARTESIAN_POINT('',(36.,6.,98.));
#8637=CARTESIAN_POINT('',(36.,0.,92.));
#8638=CARTESIAN_POINT('Origin',(26.,0.,92.));
#8639=CARTESIAN_POINT('',(26.,0.,92.));
#8640=CARTESIAN_POINT('',(36.,0.,92.));
#8641=CARTESIAN_POINT('',(26.,6.,92.));
#8642=CARTESIAN_POINT('',(36.,6.,92.));
#8643=CARTESIAN_POINT('',(26.,0.,92.));
#8644=CARTESIAN_POINT('Origin',(26.,0.,70.));
#8645=CARTESIAN_POINT('',(26.,0.,70.));
#8646=CARTESIAN_POINT('',(26.,0.,70.));
#8647=CARTESIAN_POINT('',(26.,6.,70.));
#8648=CARTESIAN_POINT('',(26.,6.,70.));
#8649=CARTESIAN_POINT('',(26.,0.,70.));
#8650=CARTESIAN_POINT('Origin',(20.,0.,70.));
#8651=CARTESIAN_POINT('',(20.,0.,70.));
#8652=CARTESIAN_POINT('',(20.,0.,70.));
#8653=CARTESIAN_POINT('',(20.,6.,70.));
#8654=CARTESIAN_POINT('',(20.,6.,70.));
#8655=CARTESIAN_POINT('',(20.,0.,70.));
#8656=CARTESIAN_POINT('Origin',(20.,0.,54.));
#8657=CARTESIAN_POINT('',(20.,0.,54.));
#8658=CARTESIAN_POINT('',(20.,0.,54.));
#8659=CARTESIAN_POINT('',(20.,6.,54.));
#8660=CARTESIAN_POINT('',(20.,6.,54.));
#8661=CARTESIAN_POINT('',(20.,0.,54.));
#8662=CARTESIAN_POINT('Origin',(26.,0.,54.));
#8663=CARTESIAN_POINT('',(26.,0.,54.));
#8664=CARTESIAN_POINT('',(26.,0.,54.));
#8665=CARTESIAN_POINT('',(26.,6.,54.));
#8666=CARTESIAN_POINT('',(26.,6.,54.));
#8667=CARTESIAN_POINT('',(26.,0.,54.));
#8668=CARTESIAN_POINT('Origin',(26.,0.,38.));
#8669=CARTESIAN_POINT('',(26.,0.,38.));
#8670=CARTESIAN_POINT('',(26.,0.,38.));
#8671=CARTESIAN_POINT('',(26.,6.,38.));
#8672=CARTESIAN_POINT('',(26.,6.,38.));
#8673=CARTESIAN_POINT('',(26.,0.,38.));
#8674=CARTESIAN_POINT('Origin',(20.,0.,38.));
#8675=CARTESIAN_POINT('',(20.,0.,38.));
#8676=CARTESIAN_POINT('',(20.,0.,38.));
#8677=CARTESIAN_POINT('',(20.,6.,38.));
#8678=CARTESIAN_POINT('',(20.,6.,38.));
#8679=CARTESIAN_POINT('',(20.,0.,38.));
#8680=CARTESIAN_POINT('Origin',(20.,0.,22.));
#8681=CARTESIAN_POINT('',(20.,0.,22.));
#8682=CARTESIAN_POINT('',(20.,0.,22.));
#8683=CARTESIAN_POINT('',(20.,6.,22.));
#8684=CARTESIAN_POINT('',(20.,6.,22.));
#8685=CARTESIAN_POINT('',(20.,0.,22.));
#8686=CARTESIAN_POINT('Origin',(26.,0.,22.));
#8687=CARTESIAN_POINT('',(26.,0.,22.));
#8688=CARTESIAN_POINT('',(26.,0.,22.));
#8689=CARTESIAN_POINT('',(26.,6.,22.));
#8690=CARTESIAN_POINT('',(26.,6.,22.));
#8691=CARTESIAN_POINT('',(26.,0.,22.));
#8692=CARTESIAN_POINT('Origin',(26.,0.,4.56335675651697E-15));
#8693=CARTESIAN_POINT('',(26.,0.,4.56335675651697E-15));
#8694=CARTESIAN_POINT('',(26.,0.,4.56335675651697E-15));
#8695=CARTESIAN_POINT('',(26.,6.,8.88178419700125E-15));
#8696=CARTESIAN_POINT('',(26.,6.,4.56335675651697E-15));
#8697=CARTESIAN_POINT('',(26.,0.,4.56335675651697E-15));
#8698=CARTESIAN_POINT('Origin',(36.,0.,3.95103335694329E-15));
#8699=CARTESIAN_POINT('',(36.,0.,3.95103335694329E-15));
#8700=CARTESIAN_POINT('',(36.,0.,3.95103335694329E-15));
#8701=CARTESIAN_POINT('',(36.,6.,0.));
#8702=CARTESIAN_POINT('',(36.,6.,3.95103335694329E-15));
#8703=CARTESIAN_POINT('',(36.,0.,3.95103335694329E-15));
#8704=CARTESIAN_POINT('Origin',(36.,0.,-6.));
#8705=CARTESIAN_POINT('',(36.,0.,-6.));
#8706=CARTESIAN_POINT('',(36.,0.,-6.));
#8707=CARTESIAN_POINT('',(36.,6.,-6.));
#8708=CARTESIAN_POINT('',(36.,6.,-6.));
#8709=CARTESIAN_POINT('',(36.,0.,-6.));
#8710=CARTESIAN_POINT('Origin',(46.,0.,-6.));
#8711=CARTESIAN_POINT('',(46.,0.,-6.));
#8712=CARTESIAN_POINT('',(46.,0.,-6.));
#8713=CARTESIAN_POINT('',(46.,6.,-6.));
#8714=CARTESIAN_POINT('',(46.,6.,-6.));
#8715=CARTESIAN_POINT('',(46.,0.,-6.));
#8716=CARTESIAN_POINT('Origin',(46.,0.,3.45864367071868E-15));
#8717=CARTESIAN_POINT('',(46.,0.,3.45864367071868E-15));
#8718=CARTESIAN_POINT('',(46.,0.,3.45864367071868E-15));
#8719=CARTESIAN_POINT('',(46.,6.,0.));
#8720=CARTESIAN_POINT('',(46.,6.,3.45864367071868E-15));
#8721=CARTESIAN_POINT('',(46.,0.,3.45864367071868E-15));
#8722=CARTESIAN_POINT('Origin',(56.,0.,2.84632027114501E-15));
#8723=CARTESIAN_POINT('',(56.,0.,2.84632027114501E-15));
#8724=CARTESIAN_POINT('',(56.,0.,2.84632027114501E-15));
#8725=CARTESIAN_POINT('',(56.,6.,0.));
#8726=CARTESIAN_POINT('',(56.,6.,2.84632027114501E-15));
#8727=CARTESIAN_POINT('',(56.,0.,2.84632027114501E-15));
#8728=CARTESIAN_POINT('Origin',(56.,0.,-6.));
#8729=CARTESIAN_POINT('',(56.,0.,-6.));
#8730=CARTESIAN_POINT('',(56.,0.,-6.));
#8731=CARTESIAN_POINT('',(56.,6.,-6.));
#8732=CARTESIAN_POINT('',(56.,6.,-6.));
#8733=CARTESIAN_POINT('',(56.,0.,-6.));
#8734=CARTESIAN_POINT('Origin',(66.,0.,-6.));
#8735=CARTESIAN_POINT('',(66.,0.,-6.));
#8736=CARTESIAN_POINT('',(66.,0.,-6.));
#8737=CARTESIAN_POINT('',(66.,6.,-6.));
#8738=CARTESIAN_POINT('',(66.,6.,-6.));
#8739=CARTESIAN_POINT('',(66.,0.,-6.));
#8740=CARTESIAN_POINT('Origin',(66.,0.,4.44089209850063E-15));
#8741=CARTESIAN_POINT('',(66.,0.,4.44089209850063E-15));
#8742=CARTESIAN_POINT('',(66.,0.,4.44089209850063E-15));
#8743=CARTESIAN_POINT('',(66.,6.,0.));
#8744=CARTESIAN_POINT('',(66.,6.,4.44089209850063E-15));
#8745=CARTESIAN_POINT('',(66.,0.,4.44089209850063E-15));
#8746=CARTESIAN_POINT('Origin',(76.,0.,4.44089209850063E-15));
#8747=CARTESIAN_POINT('',(76.,0.,4.44089209850063E-15));
#8748=CARTESIAN_POINT('',(76.,0.,4.44089209850063E-15));
#8749=CARTESIAN_POINT('',(76.,6.,0.));
#8750=CARTESIAN_POINT('',(76.,6.,4.44089209850063E-15));
#8751=CARTESIAN_POINT('',(76.,0.,4.44089209850063E-15));
#8752=CARTESIAN_POINT('Origin',(76.,0.,-6.));
#8753=CARTESIAN_POINT('',(76.,0.,-6.));
#8754=CARTESIAN_POINT('',(76.,0.,-6.));
#8755=CARTESIAN_POINT('',(76.,6.,-6.));
#8756=CARTESIAN_POINT('',(76.,6.,-6.));
#8757=CARTESIAN_POINT('',(76.,0.,-6.));
#8758=CARTESIAN_POINT('Origin',(86.,0.,-6.));
#8759=CARTESIAN_POINT('',(86.,0.,-6.));
#8760=CARTESIAN_POINT('',(86.,0.,-6.));
#8761=CARTESIAN_POINT('',(86.,6.,-6.));
#8762=CARTESIAN_POINT('',(86.,6.,-6.));
#8763=CARTESIAN_POINT('',(86.,0.,-6.));
#8764=CARTESIAN_POINT('Origin',(86.,0.,98.));
#8765=CARTESIAN_POINT('',(86.,0.,46.));
#8766=CARTESIAN_POINT('',(86.,6.,46.));
#8767=CARTESIAN_POINT('Origin',(53.,6.,46.));
#8768=CARTESIAN_POINT('Origin',(53.,0.,46.));
#8769=CARTESIAN_POINT('',(0.,0.,0.));
#8770=CARTESIAN_POINT('Origin',(56.0000010430813,0.,18.0000011920929));
#8771=CARTESIAN_POINT('',(53.9000010430813,0.,18.0000011920929));
#8772=CARTESIAN_POINT('Origin',(56.0000010430813,0.,18.0000011920929));
#8773=CARTESIAN_POINT('',(53.9000010430813,6.,18.0000011920929));
#8774=CARTESIAN_POINT('',(53.9000010430813,0.,18.0000011920929));
#8775=CARTESIAN_POINT('Origin',(56.0000010430813,6.,18.0000011920929));
#8776=CARTESIAN_POINT('Origin',(70.0000010430813,0.,11.0000011920929));
#8777=CARTESIAN_POINT('',(67.9000010430813,0.,11.0000011920929));
#8778=CARTESIAN_POINT('Origin',(70.0000010430813,0.,11.0000011920929));
#8779=CARTESIAN_POINT('',(67.9000010430813,6.,11.0000011920929));
#8780=CARTESIAN_POINT('',(67.9000010430813,0.,11.0000011920929));
#8781=CARTESIAN_POINT('Origin',(70.0000010430813,6.,11.0000011920929));
#8782=CARTESIAN_POINT('Origin',(70.0000010430813,0.,18.0000011920929));
#8783=CARTESIAN_POINT('',(67.9000010430813,0.,18.0000011920929));
#8784=CARTESIAN_POINT('Origin',(70.0000010430813,0.,18.0000011920929));
#8785=CARTESIAN_POINT('',(67.9000010430813,6.,18.0000011920929));
#8786=CARTESIAN_POINT('',(67.9000010430813,0.,18.0000011920929));
#8787=CARTESIAN_POINT('Origin',(70.0000010430813,6.,18.0000011920929));
#8788=CARTESIAN_POINT('Origin',(63.0000010430813,0.,18.0000011920929));
#8789=CARTESIAN_POINT('',(60.9000010430813,0.,18.0000011920929));
#8790=CARTESIAN_POINT('Origin',(63.0000010430813,0.,18.0000011920929));
#8791=CARTESIAN_POINT('',(60.9000010430813,6.,18.0000011920929));
#8792=CARTESIAN_POINT('',(60.9000010430813,0.,18.0000011920929));
#8793=CARTESIAN_POINT('Origin',(63.0000010430813,6.,18.0000011920929));
#8794=CARTESIAN_POINT('Origin',(56.0000010430813,0.,25.0000011920929));
#8795=CARTESIAN_POINT('',(53.9000010430813,0.,25.0000011920929));
#8796=CARTESIAN_POINT('Origin',(56.0000010430813,0.,25.0000011920929));
#8797=CARTESIAN_POINT('',(53.9000010430813,6.,25.0000011920929));
#8798=CARTESIAN_POINT('',(53.9000010430813,0.,25.0000011920929));
#8799=CARTESIAN_POINT('Origin',(56.0000010430813,6.,25.0000011920929));
#8800=CARTESIAN_POINT('Origin',(63.0000010430813,0.,11.0000011920929));
#8801=CARTESIAN_POINT('',(60.9000010430813,0.,11.0000011920929));
#8802=CARTESIAN_POINT('Origin',(63.0000010430813,0.,11.0000011920929));
#8803=CARTESIAN_POINT('',(60.9000010430813,6.,11.0000011920929));
#8804=CARTESIAN_POINT('',(60.9000010430813,0.,11.0000011920929));
#8805=CARTESIAN_POINT('Origin',(63.0000010430813,6.,11.0000011920929));
#8806=CARTESIAN_POINT('Origin',(70.0000010430813,0.,25.0000011920929));
#8807=CARTESIAN_POINT('',(67.9000010430813,0.,25.0000011920929));
#8808=CARTESIAN_POINT('Origin',(70.0000010430813,0.,25.0000011920929));
#8809=CARTESIAN_POINT('',(67.9000010430813,6.,25.0000011920929));
#8810=CARTESIAN_POINT('',(67.9000010430813,0.,25.0000011920929));
#8811=CARTESIAN_POINT('Origin',(70.0000010430813,6.,25.0000011920929));
#8812=CARTESIAN_POINT('Origin',(56.0000010430813,0.,11.0000011920929));
#8813=CARTESIAN_POINT('',(53.9000010430813,0.,11.0000011920929));
#8814=CARTESIAN_POINT('Origin',(56.0000010430813,0.,11.0000011920929));
#8815=CARTESIAN_POINT('',(53.9000010430813,6.,11.0000011920929));
#8816=CARTESIAN_POINT('',(53.9000010430813,0.,11.0000011920929));
#8817=CARTESIAN_POINT('Origin',(56.0000010430813,6.,11.0000011920929));
#8818=CARTESIAN_POINT('Origin',(63.0000010430813,0.,25.0000011920929));
#8819=CARTESIAN_POINT('',(60.9000010430813,0.,25.0000011920929));
#8820=CARTESIAN_POINT('Origin',(63.0000010430813,0.,25.0000011920929));
#8821=CARTESIAN_POINT('',(60.9000010430813,6.,25.0000011920929));
#8822=CARTESIAN_POINT('',(60.9000010430813,0.,25.0000011920929));
#8823=CARTESIAN_POINT('Origin',(63.0000010430813,6.,25.0000011920929));
#8824=CARTESIAN_POINT('Origin',(55.0000010430813,0.,70.0000010430813));
#8825=CARTESIAN_POINT('',(53.2500010430813,0.,70.0000010430813));
#8826=CARTESIAN_POINT('Origin',(55.0000010430813,0.,70.0000010430813));
#8827=CARTESIAN_POINT('',(53.2500010430813,6.,70.0000010430813));
#8828=CARTESIAN_POINT('',(53.2500010430813,0.,70.0000010430813));
#8829=CARTESIAN_POINT('Origin',(55.0000010430813,6.,70.0000010430813));
#8830=CARTESIAN_POINT('Origin',(55.0000010430813,0.,80.0000011920929));
#8831=CARTESIAN_POINT('',(52.0000010430813,0.,80.0000011920929));
#8832=CARTESIAN_POINT('Origin',(55.0000010430813,0.,80.0000011920929));
#8833=CARTESIAN_POINT('',(52.0000010430813,6.,80.0000011920929));
#8834=CARTESIAN_POINT('',(52.0000010430813,0.,80.0000011920929));
#8835=CARTESIAN_POINT('Origin',(55.0000010430813,6.,80.0000011920929));
#8836=CARTESIAN_POINT('Origin',(70.0000010430813,0.,80.0000011920929));
#8837=CARTESIAN_POINT('',(67.0000010430813,0.,80.0000011920929));
#8838=CARTESIAN_POINT('Origin',(70.0000010430813,0.,80.0000011920929));
#8839=CARTESIAN_POINT('',(67.0000010430813,6.,80.0000011920929));
#8840=CARTESIAN_POINT('',(67.0000010430813,0.,80.0000011920929));
#8841=CARTESIAN_POINT('Origin',(70.0000010430813,6.,80.0000011920929));
#8842=CARTESIAN_POINT('Origin',(70.0000010430813,0.,70.0000010430813));
#8843=CARTESIAN_POINT('',(68.2500010430813,0.,70.0000010430813));
#8844=CARTESIAN_POINT('Origin',(70.0000010430813,0.,70.0000010430813));
#8845=CARTESIAN_POINT('',(68.2500010430813,6.,70.0000010430813));
#8846=CARTESIAN_POINT('',(68.2500010430813,0.,70.0000010430813));
#8847=CARTESIAN_POINT('Origin',(70.0000010430813,6.,70.0000010430813));
#8848=CARTESIAN_POINT('Origin',(76.,0.,98.));
#8849=CARTESIAN_POINT('',(86.,0.,98.));
#8850=CARTESIAN_POINT('',(76.,0.,98.));
#8851=CARTESIAN_POINT('',(86.,0.,98.));
#8852=CARTESIAN_POINT('',(86.,6.,98.));
#8853=CARTESIAN_POINT('',(86.,0.,98.));
#8854=CARTESIAN_POINT('',(76.,6.,98.));
#8855=CARTESIAN_POINT('',(86.,6.,98.));
#8856=CARTESIAN_POINT('',(76.,0.,98.));
#8857=CARTESIAN_POINT('Origin',(76.,0.,92.));
#8858=CARTESIAN_POINT('',(76.,0.,92.));
#8859=CARTESIAN_POINT('',(76.,0.,98.));
#8860=CARTESIAN_POINT('',(76.,6.,92.));
#8861=CARTESIAN_POINT('',(76.,6.,98.));
#8862=CARTESIAN_POINT('',(76.,0.,92.));
#8863=CARTESIAN_POINT('Origin',(66.,0.,92.));
#8864=CARTESIAN_POINT('',(66.,0.,92.));
#8865=CARTESIAN_POINT('',(76.,0.,92.));
#8866=CARTESIAN_POINT('',(66.,6.,92.));
#8867=CARTESIAN_POINT('',(76.,6.,92.));
#8868=CARTESIAN_POINT('',(66.,0.,92.));
#8869=CARTESIAN_POINT('Origin',(66.,0.,98.));
#8870=CARTESIAN_POINT('',(66.,0.,98.));
#8871=CARTESIAN_POINT('',(66.,0.,92.));
#8872=CARTESIAN_POINT('',(66.,6.,98.));
#8873=CARTESIAN_POINT('',(66.,6.,92.));
#8874=CARTESIAN_POINT('',(66.,0.,98.));
#8875=CARTESIAN_POINT('Origin',(56.,0.,98.));
#8876=CARTESIAN_POINT('',(56.,0.,98.));
#8877=CARTESIAN_POINT('',(66.,0.,98.));
#8878=CARTESIAN_POINT('',(56.,6.,98.));
#8879=CARTESIAN_POINT('',(66.,6.,98.));
#8880=CARTESIAN_POINT('',(56.,0.,98.));
#8881=CARTESIAN_POINT('Origin',(56.,0.,92.));
#8882=CARTESIAN_POINT('',(56.,0.,92.));
#8883=CARTESIAN_POINT('',(56.,0.,98.));
#8884=CARTESIAN_POINT('',(56.,6.,92.));
#8885=CARTESIAN_POINT('',(56.,6.,98.));
#8886=CARTESIAN_POINT('',(56.,0.,92.));
#8887=CARTESIAN_POINT('Origin',(46.,0.,92.));
#8888=CARTESIAN_POINT('',(46.,0.,92.));
#8889=CARTESIAN_POINT('',(56.,0.,92.));
#8890=CARTESIAN_POINT('',(46.,6.,92.));
#8891=CARTESIAN_POINT('',(56.,6.,92.));
#8892=CARTESIAN_POINT('',(46.,0.,92.));
#8893=CARTESIAN_POINT('Origin',(46.,0.,98.));
#8894=CARTESIAN_POINT('',(46.,0.,98.));
#8895=CARTESIAN_POINT('',(46.,0.,92.));
#8896=CARTESIAN_POINT('',(46.,6.,98.));
#8897=CARTESIAN_POINT('',(46.,6.,92.));
#8898=CARTESIAN_POINT('',(46.,0.,98.));
#8899=CARTESIAN_POINT('Origin',(36.,0.,98.));
#8900=CARTESIAN_POINT('',(36.,0.,98.));
#8901=CARTESIAN_POINT('',(46.,0.,98.));
#8902=CARTESIAN_POINT('',(36.,6.,98.));
#8903=CARTESIAN_POINT('',(46.,6.,98.));
#8904=CARTESIAN_POINT('',(36.,0.,98.));
#8905=CARTESIAN_POINT('Origin',(36.,0.,92.));
#8906=CARTESIAN_POINT('',(36.,0.,92.));
#8907=CARTESIAN_POINT('',(36.,0.,98.));
#8908=CARTESIAN_POINT('',(36.,6.,92.));
#8909=CARTESIAN_POINT('',(36.,6.,98.));
#8910=CARTESIAN_POINT('',(36.,0.,92.));
#8911=CARTESIAN_POINT('Origin',(26.,0.,92.));
#8912=CARTESIAN_POINT('',(26.,0.,92.));
#8913=CARTESIAN_POINT('',(36.,0.,92.));
#8914=CARTESIAN_POINT('',(26.,6.,92.));
#8915=CARTESIAN_POINT('',(36.,6.,92.));
#8916=CARTESIAN_POINT('',(26.,0.,92.));
#8917=CARTESIAN_POINT('Origin',(26.,0.,70.));
#8918=CARTESIAN_POINT('',(26.,0.,70.));
#8919=CARTESIAN_POINT('',(26.,0.,92.));
#8920=CARTESIAN_POINT('',(26.,6.,70.));
#8921=CARTESIAN_POINT('',(26.,6.,92.));
#8922=CARTESIAN_POINT('',(26.,0.,70.));
#8923=CARTESIAN_POINT('Origin',(20.,0.,70.));
#8924=CARTESIAN_POINT('',(20.,0.,70.));
#8925=CARTESIAN_POINT('',(26.,0.,70.));
#8926=CARTESIAN_POINT('',(20.,6.,70.));
#8927=CARTESIAN_POINT('',(26.,6.,70.));
#8928=CARTESIAN_POINT('',(20.,0.,70.));
#8929=CARTESIAN_POINT('Origin',(20.,0.,54.));
#8930=CARTESIAN_POINT('',(20.,0.,54.));
#8931=CARTESIAN_POINT('',(20.,0.,70.));
#8932=CARTESIAN_POINT('',(20.,6.,54.));
#8933=CARTESIAN_POINT('',(20.,6.,70.));
#8934=CARTESIAN_POINT('',(20.,0.,54.));
#8935=CARTESIAN_POINT('Origin',(26.,0.,54.));
#8936=CARTESIAN_POINT('',(26.,0.,54.));
#8937=CARTESIAN_POINT('',(20.,0.,54.));
#8938=CARTESIAN_POINT('',(26.,6.,54.));
#8939=CARTESIAN_POINT('',(20.,6.,54.));
#8940=CARTESIAN_POINT('',(26.,0.,54.));
#8941=CARTESIAN_POINT('Origin',(26.,0.,38.));
#8942=CARTESIAN_POINT('',(26.,0.,38.));
#8943=CARTESIAN_POINT('',(26.,0.,54.));
#8944=CARTESIAN_POINT('',(26.,6.,38.));
#8945=CARTESIAN_POINT('',(26.,6.,54.));
#8946=CARTESIAN_POINT('',(26.,0.,38.));
#8947=CARTESIAN_POINT('Origin',(20.,0.,38.));
#8948=CARTESIAN_POINT('',(20.,0.,38.));
#8949=CARTESIAN_POINT('',(26.,0.,38.));
#8950=CARTESIAN_POINT('',(20.,6.,38.));
#8951=CARTESIAN_POINT('',(26.,6.,38.));
#8952=CARTESIAN_POINT('',(20.,0.,38.));
#8953=CARTESIAN_POINT('Origin',(20.,0.,22.));
#8954=CARTESIAN_POINT('',(20.,0.,22.));
#8955=CARTESIAN_POINT('',(20.,0.,38.));
#8956=CARTESIAN_POINT('',(20.,6.,22.));
#8957=CARTESIAN_POINT('',(20.,6.,38.));
#8958=CARTESIAN_POINT('',(20.,0.,22.));
#8959=CARTESIAN_POINT('Origin',(26.,0.,22.));
#8960=CARTESIAN_POINT('',(26.,0.,22.));
#8961=CARTESIAN_POINT('',(20.,0.,22.));
#8962=CARTESIAN_POINT('',(26.,6.,22.));
#8963=CARTESIAN_POINT('',(20.,6.,22.));
#8964=CARTESIAN_POINT('',(26.,0.,22.));
#8965=CARTESIAN_POINT('Origin',(26.,0.,4.44089209850063E-15));
#8966=CARTESIAN_POINT('',(26.,0.,4.44089209850063E-15));
#8967=CARTESIAN_POINT('',(26.,0.,22.));
#8968=CARTESIAN_POINT('',(26.,6.,0.));
#8969=CARTESIAN_POINT('',(26.,6.,22.));
#8970=CARTESIAN_POINT('',(26.,0.,4.44089209850063E-15));
#8971=CARTESIAN_POINT('Origin',(36.,0.,4.44089209850063E-15));
#8972=CARTESIAN_POINT('',(36.,0.,4.44089209850063E-15));
#8973=CARTESIAN_POINT('',(36.,0.,4.44089209850063E-15));
#8974=CARTESIAN_POINT('',(36.,6.,0.));
#8975=CARTESIAN_POINT('',(36.,6.,4.44089209850063E-15));
#8976=CARTESIAN_POINT('',(36.,0.,4.44089209850063E-15));
#8977=CARTESIAN_POINT('Origin',(36.,0.,-6.));
#8978=CARTESIAN_POINT('',(36.,0.,-6.));
#8979=CARTESIAN_POINT('',(36.,0.,-6.));
#8980=CARTESIAN_POINT('',(36.,6.,-6.));
#8981=CARTESIAN_POINT('',(36.,6.,-6.));
#8982=CARTESIAN_POINT('',(36.,0.,-6.));
#8983=CARTESIAN_POINT('Origin',(46.,0.,-6.));
#8984=CARTESIAN_POINT('',(46.,0.,-6.));
#8985=CARTESIAN_POINT('',(46.,0.,-6.));
#8986=CARTESIAN_POINT('',(46.,6.,-6.));
#8987=CARTESIAN_POINT('',(46.,6.,-6.));
#8988=CARTESIAN_POINT('',(46.,0.,-6.));
#8989=CARTESIAN_POINT('Origin',(46.,0.,4.44089209850063E-15));
#8990=CARTESIAN_POINT('',(46.,0.,4.44089209850063E-15));
#8991=CARTESIAN_POINT('',(46.,0.,4.44089209850063E-15));
#8992=CARTESIAN_POINT('',(46.,6.,0.));
#8993=CARTESIAN_POINT('',(46.,6.,4.44089209850063E-15));
#8994=CARTESIAN_POINT('',(46.,0.,4.44089209850063E-15));
#8995=CARTESIAN_POINT('Origin',(56.,0.,4.44089209850063E-15));
#8996=CARTESIAN_POINT('',(56.,0.,4.44089209850063E-15));
#8997=CARTESIAN_POINT('',(56.,0.,4.44089209850063E-15));
#8998=CARTESIAN_POINT('',(56.,6.,0.));
#8999=CARTESIAN_POINT('',(56.,6.,4.44089209850063E-15));
#9000=CARTESIAN_POINT('',(56.,0.,4.44089209850063E-15));
#9001=CARTESIAN_POINT('Origin',(56.,0.,-6.));
#9002=CARTESIAN_POINT('',(56.,0.,-6.));
#9003=CARTESIAN_POINT('',(56.,0.,-6.));
#9004=CARTESIAN_POINT('',(56.,6.,-6.));
#9005=CARTESIAN_POINT('',(56.,6.,-6.));
#9006=CARTESIAN_POINT('',(56.,0.,-6.));
#9007=CARTESIAN_POINT('Origin',(66.,0.,-6.));
#9008=CARTESIAN_POINT('',(66.,0.,-6.));
#9009=CARTESIAN_POINT('',(66.,0.,-6.));
#9010=CARTESIAN_POINT('',(66.,6.,-6.));
#9011=CARTESIAN_POINT('',(66.,6.,-6.));
#9012=CARTESIAN_POINT('',(66.,0.,-6.));
#9013=CARTESIAN_POINT('Origin',(66.,0.,3.33066907387547E-15));
#9014=CARTESIAN_POINT('',(66.,0.,3.33066907387547E-15));
#9015=CARTESIAN_POINT('',(66.,0.,-6.));
#9016=CARTESIAN_POINT('',(66.,6.,0.));
#9017=CARTESIAN_POINT('',(66.,6.,-6.));
#9018=CARTESIAN_POINT('',(66.,0.,3.33066907387547E-15));
#9019=CARTESIAN_POINT('Origin',(76.,0.,3.33066907387547E-15));
#9020=CARTESIAN_POINT('',(76.,0.,3.33066907387547E-15));
#9021=CARTESIAN_POINT('',(66.,0.,3.33066907387547E-15));
#9022=CARTESIAN_POINT('',(76.,6.,0.));
#9023=CARTESIAN_POINT('',(66.,6.,3.33066907387547E-15));
#9024=CARTESIAN_POINT('',(76.,0.,3.33066907387547E-15));
#9025=CARTESIAN_POINT('Origin',(76.,0.,-6.));
#9026=CARTESIAN_POINT('',(76.,0.,-6.));
#9027=CARTESIAN_POINT('',(76.,0.,3.33066907387547E-15));
#9028=CARTESIAN_POINT('',(76.,6.,-6.));
#9029=CARTESIAN_POINT('',(76.,6.,3.33066907387547E-15));
#9030=CARTESIAN_POINT('',(76.,0.,-6.));
#9031=CARTESIAN_POINT('Origin',(86.,0.,-6.));
#9032=CARTESIAN_POINT('',(86.,0.,-6.));
#9033=CARTESIAN_POINT('',(86.,0.,-6.));
#9034=CARTESIAN_POINT('',(86.,6.,-6.));
#9035=CARTESIAN_POINT('',(86.,6.,-6.));
#9036=CARTESIAN_POINT('',(86.,0.,-6.));
#9037=CARTESIAN_POINT('Origin',(86.,0.,98.));
#9038=CARTESIAN_POINT('',(86.,0.,98.));
#9039=CARTESIAN_POINT('',(86.,6.,98.));
#9040=CARTESIAN_POINT('Origin',(53.,6.,46.));
#9041=CARTESIAN_POINT('Origin',(53.,0.,46.));
#9042=CARTESIAN_POINT('',(0.,0.,0.));
#9043=CARTESIAN_POINT('Origin',(61.,0.,31.8660001776677));
#9044=CARTESIAN_POINT('',(58.5,0.,31.8660001776677));
#9045=CARTESIAN_POINT('Origin',(61.,0.,31.8660001776677));
#9046=CARTESIAN_POINT('',(58.5,6.,31.8660001776677));
#9047=CARTESIAN_POINT('',(58.5,0.,31.8660001776677));
#9048=CARTESIAN_POINT('Origin',(61.,6.,31.8660001776677));
#9049=CARTESIAN_POINT('Origin',(184.,0.,31.0000004619355));
#9050=CARTESIAN_POINT('',(181.5,0.,31.0000004619355));
#9051=CARTESIAN_POINT('Origin',(184.,0.,31.0000004619355));
#9052=CARTESIAN_POINT('',(181.5,6.,31.0000004619355));
#9053=CARTESIAN_POINT('',(181.5,0.,31.0000004619355));
#9054=CARTESIAN_POINT('Origin',(184.,6.,31.0000004619355));
#9055=CARTESIAN_POINT('Origin',(140.793,0.,5.8304));
#9056=CARTESIAN_POINT('',(126.793,6.,5.8304));
#9057=CARTESIAN_POINT('',(140.793,6.,5.8304));
#9058=CARTESIAN_POINT('',(131.646500465662,6.,5.8304));
#9059=CARTESIAN_POINT('',(126.793,0.,5.8304));
#9060=CARTESIAN_POINT('',(126.793,0.,5.8304));
#9061=CARTESIAN_POINT('',(140.793,0.,5.8304));
#9062=CARTESIAN_POINT('',(131.646500465662,0.,5.8304));
#9063=CARTESIAN_POINT('',(140.793,0.,5.8304));
#9064=CARTESIAN_POINT('Origin',(140.793,0.,19.8304));
#9065=CARTESIAN_POINT('',(140.793,6.,19.8304));
#9066=CARTESIAN_POINT('',(140.793,6.,26.4152));
#9067=CARTESIAN_POINT('',(140.793,0.,19.8304));
#9068=CARTESIAN_POINT('',(140.793,0.,26.4152));
#9069=CARTESIAN_POINT('',(140.793,0.,19.8304));
#9070=CARTESIAN_POINT('Origin',(126.793,0.,19.8304));
#9071=CARTESIAN_POINT('',(126.793,6.,19.8304));
#9072=CARTESIAN_POINT('',(124.646500465662,6.,19.8304));
#9073=CARTESIAN_POINT('',(126.793,0.,19.8304));
#9074=CARTESIAN_POINT('',(124.646500465662,0.,19.8304));
#9075=CARTESIAN_POINT('',(126.793,0.,19.8304));
#9076=CARTESIAN_POINT('Origin',(126.793,0.,5.8304));
#9077=CARTESIAN_POINT('',(126.793,6.,19.4152));
#9078=CARTESIAN_POINT('',(126.793,0.,19.4152));
#9079=CARTESIAN_POINT('Origin',(88.5000007450581,0.,46.));
#9080=CARTESIAN_POINT('',(78.5000007450581,0.,46.));
#9081=CARTESIAN_POINT('Origin',(88.5000007450581,0.,46.));
#9082=CARTESIAN_POINT('',(78.5000007450581,6.,46.));
#9083=CARTESIAN_POINT('',(78.5000007450581,0.,46.));
#9084=CARTESIAN_POINT('Origin',(88.5000007450581,6.,46.));
#9085=CARTESIAN_POINT('Origin',(156.500000745058,0.,46.));
#9086=CARTESIAN_POINT('',(146.500000745058,0.,46.));
#9087=CARTESIAN_POINT('Origin',(156.500000745058,0.,46.));
#9088=CARTESIAN_POINT('',(146.500000745058,6.,46.));
#9089=CARTESIAN_POINT('',(146.500000745058,0.,46.));
#9090=CARTESIAN_POINT('Origin',(156.500000745058,6.,46.));
#9091=CARTESIAN_POINT('Origin',(44.999998882415,0.,6.74277557122238E-6));
#9092=CARTESIAN_POINT('',(45.0000018777568,0.,16.081125540561));
#9093=CARTESIAN_POINT('',(44.999998882415,0.,6.74277557122238E-6));
#9094=CARTESIAN_POINT('',(45.0000018777568,0.,16.081125540561));
#9095=CARTESIAN_POINT('',(45.0000018777568,6.,16.081125540561));
#9096=CARTESIAN_POINT('',(45.0000018777568,0.,16.081125540561));
#9097=CARTESIAN_POINT('',(44.999998882415,6.,6.74277557122238E-6));
#9098=CARTESIAN_POINT('',(45.0000018777568,6.,16.081125540561));
#9099=CARTESIAN_POINT('',(44.999998882415,0.,6.74277557122238E-6));
#9100=CARTESIAN_POINT('Origin',(81.1999988824144,0.,2.17000451726331E-13));
#9101=CARTESIAN_POINT('',(81.1999988824144,0.,2.17000451726331E-13));
#9102=CARTESIAN_POINT('',(81.1999988824144,0.,2.17000451726331E-13));
#9103=CARTESIAN_POINT('',(81.1999988824144,6.,2.17603712826531E-13));
#9104=CARTESIAN_POINT('',(81.1999988824144,6.,2.17000451726331E-13));
#9105=CARTESIAN_POINT('',(81.1999988824144,0.,2.17000451726331E-13));
#9106=CARTESIAN_POINT('Origin',(81.2000000000028,0.,6.00000700354567));
#9107=CARTESIAN_POINT('',(81.2000000000028,0.,6.00000700354567));
#9108=CARTESIAN_POINT('',(81.2000000000028,0.,6.00000700354567));
#9109=CARTESIAN_POINT('',(81.2000000000028,6.,6.00000700354568));
#9110=CARTESIAN_POINT('',(81.2000000000028,6.,6.00000700354567));
#9111=CARTESIAN_POINT('',(81.2000000000028,0.,6.00000700354567));
#9112=CARTESIAN_POINT('Origin',(118.8,0.,6.));
#9113=CARTESIAN_POINT('',(118.8,0.,6.));
#9114=CARTESIAN_POINT('',(81.2000000000028,0.,6.00000700354567));
#9115=CARTESIAN_POINT('',(118.8,6.,6.));
#9116=CARTESIAN_POINT('',(81.2000000000028,6.,6.00000700354567));
#9117=CARTESIAN_POINT('',(118.8,0.,6.));
#9118=CARTESIAN_POINT('Origin',(118.8,0.,-1.11022302462516E-15));
#9119=CARTESIAN_POINT('',(118.8,0.,-1.11022302462516E-15));
#9120=CARTESIAN_POINT('',(118.8,0.,6.));
#9121=CARTESIAN_POINT('',(118.8,6.,-2.22044604925031E-15));
#9122=CARTESIAN_POINT('',(118.8,6.,6.));
#9123=CARTESIAN_POINT('',(118.8,0.,-1.11022302462516E-15));
#9124=CARTESIAN_POINT('Origin',(156.4,0.,-1.11022302462516E-15));
#9125=CARTESIAN_POINT('',(156.4,0.,-1.11022302462516E-15));
#9126=CARTESIAN_POINT('',(118.8,0.,-1.11022302462516E-15));
#9127=CARTESIAN_POINT('',(156.4,6.,-2.22044604925031E-15));
#9128=CARTESIAN_POINT('',(118.8,6.,-1.11022302462516E-15));
#9129=CARTESIAN_POINT('',(156.4,0.,-1.11022302462516E-15));
#9130=CARTESIAN_POINT('Origin',(156.4,0.,6.));
#9131=CARTESIAN_POINT('',(156.4,0.,6.));
#9132=CARTESIAN_POINT('',(156.4,0.,-1.11022302462516E-15));
#9133=CARTESIAN_POINT('',(156.4,6.,6.));
#9134=CARTESIAN_POINT('',(156.4,6.,-1.11022302462516E-15));
#9135=CARTESIAN_POINT('',(156.4,0.,6.));
#9136=CARTESIAN_POINT('Origin',(194.,0.,6.));
#9137=CARTESIAN_POINT('',(194.,0.,6.));
#9138=CARTESIAN_POINT('',(156.4,0.,6.));
#9139=CARTESIAN_POINT('',(194.,6.,6.));
#9140=CARTESIAN_POINT('',(156.4,6.,6.));
#9141=CARTESIAN_POINT('',(194.,0.,6.));
#9142=CARTESIAN_POINT('Origin',(194.,0.,-1.11022302462516E-15));
#9143=CARTESIAN_POINT('',(194.,0.,-1.11022302462516E-15));
#9144=CARTESIAN_POINT('',(194.,0.,6.));
#9145=CARTESIAN_POINT('',(194.,6.,-2.22044604925031E-15));
#9146=CARTESIAN_POINT('',(194.,6.,6.));
#9147=CARTESIAN_POINT('',(194.,0.,-1.11022302462516E-15));
#9148=CARTESIAN_POINT('Origin',(200.,0.,-1.11022302462516E-15));
#9149=CARTESIAN_POINT('',(200.,0.,-1.11022302462516E-15));
#9150=CARTESIAN_POINT('',(194.,0.,-1.11022302462516E-15));
#9151=CARTESIAN_POINT('',(200.,6.,-2.22044604925031E-15));
#9152=CARTESIAN_POINT('',(194.,6.,-1.11022302462516E-15));
#9153=CARTESIAN_POINT('',(200.,0.,-1.11022302462516E-15));
#9154=CARTESIAN_POINT('Origin',(200.000002980232,0.,15.9999999999997));
#9155=CARTESIAN_POINT('',(200.000002980232,0.,15.9999999999997));
#9156=CARTESIAN_POINT('',(200.,0.,-1.11022302462516E-15));
#9157=CARTESIAN_POINT('',(200.000002980232,6.,15.9999999999997));
#9158=CARTESIAN_POINT('',(200.,6.,-1.11022302462516E-15));
#9159=CARTESIAN_POINT('',(200.000002980232,0.,15.9999999999997));
#9160=CARTESIAN_POINT('Origin',(194.000002980232,0.,16.));
#9161=CARTESIAN_POINT('',(194.000002980232,0.,16.));
#9162=CARTESIAN_POINT('',(200.000002980232,0.,15.9999999999997));
#9163=CARTESIAN_POINT('',(194.000002980232,6.,16.));
#9164=CARTESIAN_POINT('',(200.000002980232,6.,15.9999999999997));
#9165=CARTESIAN_POINT('',(194.000002980232,0.,16.));
#9166=CARTESIAN_POINT('Origin',(194.000002980232,0.,26.));
#9167=CARTESIAN_POINT('',(194.000002980232,0.,26.));
#9168=CARTESIAN_POINT('',(194.000002980232,0.,16.));
#9169=CARTESIAN_POINT('',(194.000002980232,6.,26.));
#9170=CARTESIAN_POINT('',(194.000002980232,6.,16.));
#9171=CARTESIAN_POINT('',(194.000002980232,0.,26.));
#9172=CARTESIAN_POINT('Origin',(200.000002980232,0.,26.));
#9173=CARTESIAN_POINT('',(200.000002980232,0.,26.));
#9174=CARTESIAN_POINT('',(194.000002980232,0.,26.));
#9175=CARTESIAN_POINT('',(200.000002980232,6.,26.));
#9176=CARTESIAN_POINT('',(194.000002980232,6.,26.));
#9177=CARTESIAN_POINT('',(200.000002980232,0.,26.));
#9178=CARTESIAN_POINT('Origin',(200.000002980232,0.,36.));
#9179=CARTESIAN_POINT('',(200.000002980232,0.,36.));
#9180=CARTESIAN_POINT('',(200.000002980232,0.,26.));
#9181=CARTESIAN_POINT('',(200.000002980232,6.,36.));
#9182=CARTESIAN_POINT('',(200.000002980232,6.,26.));
#9183=CARTESIAN_POINT('',(200.000002980232,0.,36.));
#9184=CARTESIAN_POINT('Origin',(194.000002980232,0.,36.));
#9185=CARTESIAN_POINT('',(194.000002980232,0.,36.));
#9186=CARTESIAN_POINT('',(200.000002980232,0.,36.));
#9187=CARTESIAN_POINT('',(194.000002980232,6.,36.));
#9188=CARTESIAN_POINT('',(200.000002980232,6.,36.));
#9189=CARTESIAN_POINT('',(194.000002980232,0.,36.));
#9190=CARTESIAN_POINT('Origin',(194.000002980232,0.,46.));
#9191=CARTESIAN_POINT('',(194.000002980232,0.,46.));
#9192=CARTESIAN_POINT('',(194.000002980232,0.,36.));
#9193=CARTESIAN_POINT('',(194.000002980232,6.,46.));
#9194=CARTESIAN_POINT('',(194.000002980232,6.,36.));
#9195=CARTESIAN_POINT('',(194.000002980232,0.,46.));
#9196=CARTESIAN_POINT('Origin',(200.000002980232,0.,46.));
#9197=CARTESIAN_POINT('',(200.000002980232,0.,46.));
#9198=CARTESIAN_POINT('',(194.000002980232,0.,46.));
#9199=CARTESIAN_POINT('',(200.000002980232,6.,46.));
#9200=CARTESIAN_POINT('',(194.000002980232,6.,46.));
#9201=CARTESIAN_POINT('',(200.000002980232,0.,46.));
#9202=CARTESIAN_POINT('Origin',(200.000002980232,0.,56.));
#9203=CARTESIAN_POINT('',(200.000002980232,0.,56.));
#9204=CARTESIAN_POINT('',(200.000002980232,0.,46.));
#9205=CARTESIAN_POINT('',(200.000002980232,6.,56.));
#9206=CARTESIAN_POINT('',(200.000002980232,6.,46.));
#9207=CARTESIAN_POINT('',(200.000002980232,0.,56.));
#9208=CARTESIAN_POINT('Origin',(194.000002980232,0.,56.));
#9209=CARTESIAN_POINT('',(194.000002980232,0.,56.));
#9210=CARTESIAN_POINT('',(200.000002980232,0.,56.));
#9211=CARTESIAN_POINT('',(194.000002980232,6.,56.));
#9212=CARTESIAN_POINT('',(200.000002980232,6.,56.));
#9213=CARTESIAN_POINT('',(194.000002980232,0.,56.));
#9214=CARTESIAN_POINT('Origin',(194.000002980232,0.,66.));
#9215=CARTESIAN_POINT('',(194.000002980232,0.,66.));
#9216=CARTESIAN_POINT('',(194.000002980232,0.,56.));
#9217=CARTESIAN_POINT('',(194.000002980232,6.,66.));
#9218=CARTESIAN_POINT('',(194.000002980232,6.,56.));
#9219=CARTESIAN_POINT('',(194.000002980232,0.,66.));
#9220=CARTESIAN_POINT('Origin',(51.641234647564,0.,66.));
#9221=CARTESIAN_POINT('',(51.641234647564,0.,66.));
#9222=CARTESIAN_POINT('',(51.641234647564,0.,66.));
#9223=CARTESIAN_POINT('',(51.641234647564,6.,66.));
#9224=CARTESIAN_POINT('',(51.641234647564,6.,66.));
#9225=CARTESIAN_POINT('',(51.641234647564,0.,66.));
#9226=CARTESIAN_POINT('Origin',(51.5128892542922,0.,56.0008236609196));
#9227=CARTESIAN_POINT('',(51.5128892542922,0.,56.0008236609196));
#9228=CARTESIAN_POINT('',(51.5128892542922,0.,56.0008236609196));
#9229=CARTESIAN_POINT('',(51.5128892542922,6.,56.0008236609196));
#9230=CARTESIAN_POINT('',(51.5128892542922,6.,56.0008236609196));
#9231=CARTESIAN_POINT('',(51.5128892542922,0.,56.0008236609196));
#9232=CARTESIAN_POINT('Origin',(45.5133834508439,0.,56.0778308968827));
#9233=CARTESIAN_POINT('',(45.5133834508439,0.,56.0778308968827));
#9234=CARTESIAN_POINT('',(45.5133834508439,0.,56.0778308968827));
#9235=CARTESIAN_POINT('',(45.5133834508439,6.,56.0778308968827));
#9236=CARTESIAN_POINT('',(45.5133834508439,6.,56.0778308968827));
#9237=CARTESIAN_POINT('',(45.5133834508439,0.,56.0778308968827));
#9238=CARTESIAN_POINT('Origin',(45.3850380575722,0.,46.0786545578022));
#9239=CARTESIAN_POINT('',(45.3850380575722,0.,46.0786545578022));
#9240=CARTESIAN_POINT('',(45.3850380575722,0.,46.0786545578022));
#9241=CARTESIAN_POINT('',(45.3850380575722,6.,46.0786545578022));
#9242=CARTESIAN_POINT('',(45.3850380575722,6.,46.0786545578022));
#9243=CARTESIAN_POINT('',(45.3850380575722,0.,46.0786545578022));
#9244=CARTESIAN_POINT('Origin',(51.3845438610204,0.,46.0016473218392));
#9245=CARTESIAN_POINT('',(51.3845438610204,0.,46.0016473218392));
#9246=CARTESIAN_POINT('',(51.3845438610204,0.,46.0016473218392));
#9247=CARTESIAN_POINT('',(51.3845438610204,6.,46.0016473218392));
#9248=CARTESIAN_POINT('',(51.3845438610204,6.,46.0016473218392));
#9249=CARTESIAN_POINT('',(51.3845438610204,0.,46.0016473218392));
#9250=CARTESIAN_POINT('Origin',(51.2561984677486,0.,36.0024709827587));
#9251=CARTESIAN_POINT('',(51.2561984677486,0.,36.0024709827587));
#9252=CARTESIAN_POINT('',(51.2561984677486,0.,36.0024709827587));
#9253=CARTESIAN_POINT('',(51.2561984677486,6.,36.0024709827587));
#9254=CARTESIAN_POINT('',(51.2561984677486,6.,36.0024709827587));
#9255=CARTESIAN_POINT('',(51.2561984677486,0.,36.0024709827587));
#9256=CARTESIAN_POINT('Origin',(45.2566926643004,0.,36.0794782187218));
#9257=CARTESIAN_POINT('',(45.2566926643004,0.,36.0794782187218));
#9258=CARTESIAN_POINT('',(45.2566926643004,0.,36.0794782187218));
#9259=CARTESIAN_POINT('',(45.2566926643004,6.,36.0794782187218));
#9260=CARTESIAN_POINT('',(45.2566926643004,6.,36.0794782187218));
#9261=CARTESIAN_POINT('',(45.2566926643004,0.,36.0794782187218));
#9262=CARTESIAN_POINT('Origin',(45.1283472710286,0.,26.0803018796414));
#9263=CARTESIAN_POINT('',(45.1283472710286,0.,26.0803018796414));
#9264=CARTESIAN_POINT('',(45.1283472710286,0.,26.0803018796414));
#9265=CARTESIAN_POINT('',(45.1283472710286,6.,26.0803018796414));
#9266=CARTESIAN_POINT('',(45.1283472710286,6.,26.0803018796414));
#9267=CARTESIAN_POINT('',(45.1283472710286,0.,26.0803018796414));
#9268=CARTESIAN_POINT('Origin',(51.1278530744768,0.,26.0032946436783));
#9269=CARTESIAN_POINT('',(51.1278530744768,0.,26.0032946436783));
#9270=CARTESIAN_POINT('',(51.1278530744768,0.,26.0032946436783));
#9271=CARTESIAN_POINT('',(51.1278530744768,6.,26.0032946436783));
#9272=CARTESIAN_POINT('',(51.1278530744768,6.,26.0032946436783));
#9273=CARTESIAN_POINT('',(51.1278530744768,0.,26.0032946436783));
#9274=CARTESIAN_POINT('Origin',(50.9995076812051,0.,16.0041183045979));
#9275=CARTESIAN_POINT('',(50.9995076812051,0.,16.0041183045979));
#9276=CARTESIAN_POINT('',(50.9995076812051,0.,16.0041183045979));
#9277=CARTESIAN_POINT('',(50.9995076812051,6.,16.0041183045979));
#9278=CARTESIAN_POINT('',(50.9995076812051,6.,16.0041183045979));
#9279=CARTESIAN_POINT('',(50.9995076812051,0.,16.0041183045979));
#9280=CARTESIAN_POINT('Origin',(45.0000018777568,0.,16.081125540561));
#9281=CARTESIAN_POINT('',(45.0000018777568,0.,16.081125540561));
#9282=CARTESIAN_POINT('',(45.0000018777568,6.,16.081125540561));
#9283=CARTESIAN_POINT('Origin',(122.500000931324,6.,33.));
#9284=CARTESIAN_POINT('Origin',(122.500000931324,0.,33.));
#9285=CARTESIAN_POINT('',(0.,0.,0.));
#9286=CARTESIAN_POINT('Origin',(45.,0.,0.));
#9287=CARTESIAN_POINT('',(45.,0.,16.));
#9288=CARTESIAN_POINT('',(45.,0.,0.));
#9289=CARTESIAN_POINT('',(45.,0.,16.));
#9290=CARTESIAN_POINT('',(45.,6.,16.));
#9291=CARTESIAN_POINT('',(45.,0.,16.));
#9292=CARTESIAN_POINT('',(45.,6.,0.));
#9293=CARTESIAN_POINT('',(45.,6.,16.));
#9294=CARTESIAN_POINT('',(45.,0.,0.));
#9295=CARTESIAN_POINT('Origin',(81.2,0.,-1.11022302462516E-15));
#9296=CARTESIAN_POINT('',(81.2,0.,-1.11022302462516E-15));
#9297=CARTESIAN_POINT('',(81.2,0.,-1.11022302462516E-15));
#9298=CARTESIAN_POINT('',(81.2,6.,0.));
#9299=CARTESIAN_POINT('',(81.2,6.,-1.11022302462516E-15));
#9300=CARTESIAN_POINT('',(81.2,0.,-1.11022302462516E-15));
#9301=CARTESIAN_POINT('Origin',(81.2,0.,6.));
#9302=CARTESIAN_POINT('',(81.2,0.,6.));
#9303=CARTESIAN_POINT('',(81.2,0.,6.));
#9304=CARTESIAN_POINT('',(81.2,6.,6.));
#9305=CARTESIAN_POINT('',(81.2,6.,6.));
#9306=CARTESIAN_POINT('',(81.2,0.,6.));
#9307=CARTESIAN_POINT('Origin',(118.8,0.,6.));
#9308=CARTESIAN_POINT('',(118.8,0.,6.));
#9309=CARTESIAN_POINT('',(81.2,0.,6.));
#9310=CARTESIAN_POINT('',(118.8,6.,6.));
#9311=CARTESIAN_POINT('',(81.2,6.,6.));
#9312=CARTESIAN_POINT('',(118.8,0.,6.));
#9313=CARTESIAN_POINT('Origin',(118.8,0.,-1.11022302462516E-15));
#9314=CARTESIAN_POINT('',(118.8,0.,-1.11022302462516E-15));
#9315=CARTESIAN_POINT('',(118.8,0.,6.));
#9316=CARTESIAN_POINT('',(118.8,6.,0.));
#9317=CARTESIAN_POINT('',(118.8,6.,6.));
#9318=CARTESIAN_POINT('',(118.8,0.,-1.11022302462516E-15));
#9319=CARTESIAN_POINT('Origin',(156.4,0.,-1.11022302462516E-15));
#9320=CARTESIAN_POINT('',(156.4,0.,-1.11022302462516E-15));
#9321=CARTESIAN_POINT('',(118.8,0.,-1.11022302462516E-15));
#9322=CARTESIAN_POINT('',(156.4,6.,0.));
#9323=CARTESIAN_POINT('',(118.8,6.,-1.11022302462516E-15));
#9324=CARTESIAN_POINT('',(156.4,0.,-1.11022302462516E-15));
#9325=CARTESIAN_POINT('Origin',(156.4,0.,6.));
#9326=CARTESIAN_POINT('',(156.4,0.,6.));
#9327=CARTESIAN_POINT('',(156.4,0.,-1.11022302462516E-15));
#9328=CARTESIAN_POINT('',(156.4,6.,6.));
#9329=CARTESIAN_POINT('',(156.4,6.,-1.11022302462516E-15));
#9330=CARTESIAN_POINT('',(156.4,0.,6.));
#9331=CARTESIAN_POINT('Origin',(194.,0.,6.));
#9332=CARTESIAN_POINT('',(194.,0.,6.));
#9333=CARTESIAN_POINT('',(156.4,0.,6.));
#9334=CARTESIAN_POINT('',(194.,6.,6.));
#9335=CARTESIAN_POINT('',(156.4,6.,6.));
#9336=CARTESIAN_POINT('',(194.,0.,6.));
#9337=CARTESIAN_POINT('Origin',(194.,0.,-1.11022302462516E-15));
#9338=CARTESIAN_POINT('',(194.,0.,-1.11022302462516E-15));
#9339=CARTESIAN_POINT('',(194.,0.,6.));
#9340=CARTESIAN_POINT('',(194.,6.,0.));
#9341=CARTESIAN_POINT('',(194.,6.,6.));
#9342=CARTESIAN_POINT('',(194.,0.,-1.11022302462516E-15));
#9343=CARTESIAN_POINT('Origin',(200.,0.,-1.11022302462516E-15));
#9344=CARTESIAN_POINT('',(200.,0.,-1.11022302462516E-15));
#9345=CARTESIAN_POINT('',(194.,0.,-1.11022302462516E-15));
#9346=CARTESIAN_POINT('',(200.,6.,0.));
#9347=CARTESIAN_POINT('',(194.,6.,-1.11022302462516E-15));
#9348=CARTESIAN_POINT('',(200.,0.,-1.11022302462516E-15));
#9349=CARTESIAN_POINT('Origin',(200.,0.,16.));
#9350=CARTESIAN_POINT('',(200.,0.,16.));
#9351=CARTESIAN_POINT('',(200.,0.,-1.11022302462516E-15));
#9352=CARTESIAN_POINT('',(200.,6.,16.));
#9353=CARTESIAN_POINT('',(200.,6.,-1.11022302462516E-15));
#9354=CARTESIAN_POINT('',(200.,0.,16.));
#9355=CARTESIAN_POINT('Origin',(194.000002980232,0.,16.));
#9356=CARTESIAN_POINT('',(194.000002980232,0.,16.));
#9357=CARTESIAN_POINT('',(200.,0.,16.));
#9358=CARTESIAN_POINT('',(194.000002980232,6.,16.));
#9359=CARTESIAN_POINT('',(200.,6.,16.));
#9360=CARTESIAN_POINT('',(194.000002980232,0.,16.));
#9361=CARTESIAN_POINT('Origin',(194.000002980232,0.,26.));
#9362=CARTESIAN_POINT('',(194.000002980232,0.,26.));
#9363=CARTESIAN_POINT('',(194.000002980232,0.,16.));
#9364=CARTESIAN_POINT('',(194.000002980232,6.,26.));
#9365=CARTESIAN_POINT('',(194.000002980232,6.,16.));
#9366=CARTESIAN_POINT('',(194.000002980232,0.,26.));
#9367=CARTESIAN_POINT('Origin',(200.000002980232,0.,26.));
#9368=CARTESIAN_POINT('',(200.000002980232,0.,26.));
#9369=CARTESIAN_POINT('',(194.000002980232,0.,26.));
#9370=CARTESIAN_POINT('',(200.000002980232,6.,26.));
#9371=CARTESIAN_POINT('',(194.000002980232,6.,26.));
#9372=CARTESIAN_POINT('',(200.000002980232,0.,26.));
#9373=CARTESIAN_POINT('Origin',(200.000002980232,0.,36.));
#9374=CARTESIAN_POINT('',(200.000002980232,0.,36.));
#9375=CARTESIAN_POINT('',(200.000002980232,0.,26.));
#9376=CARTESIAN_POINT('',(200.000002980232,6.,36.));
#9377=CARTESIAN_POINT('',(200.000002980232,6.,26.));
#9378=CARTESIAN_POINT('',(200.000002980232,0.,36.));
#9379=CARTESIAN_POINT('Origin',(194.000002980232,0.,36.));
#9380=CARTESIAN_POINT('',(194.000002980232,0.,36.));
#9381=CARTESIAN_POINT('',(200.000002980232,0.,36.));
#9382=CARTESIAN_POINT('',(194.000002980232,6.,36.));
#9383=CARTESIAN_POINT('',(200.000002980232,6.,36.));
#9384=CARTESIAN_POINT('',(194.000002980232,0.,36.));
#9385=CARTESIAN_POINT('Origin',(194.000002980232,0.,46.));
#9386=CARTESIAN_POINT('',(194.000002980232,0.,46.));
#9387=CARTESIAN_POINT('',(194.000002980232,0.,36.));
#9388=CARTESIAN_POINT('',(194.000002980232,6.,46.));
#9389=CARTESIAN_POINT('',(194.000002980232,6.,36.));
#9390=CARTESIAN_POINT('',(194.000002980232,0.,46.));
#9391=CARTESIAN_POINT('Origin',(200.000002980232,0.,46.));
#9392=CARTESIAN_POINT('',(200.000002980232,0.,46.));
#9393=CARTESIAN_POINT('',(194.000002980232,0.,46.));
#9394=CARTESIAN_POINT('',(200.000002980232,6.,46.));
#9395=CARTESIAN_POINT('',(194.000002980232,6.,46.));
#9396=CARTESIAN_POINT('',(200.000002980232,0.,46.));
#9397=CARTESIAN_POINT('Origin',(200.000002980232,0.,56.));
#9398=CARTESIAN_POINT('',(200.000002980232,0.,56.));
#9399=CARTESIAN_POINT('',(200.000002980232,0.,46.));
#9400=CARTESIAN_POINT('',(200.000002980232,6.,56.));
#9401=CARTESIAN_POINT('',(200.000002980232,6.,46.));
#9402=CARTESIAN_POINT('',(200.000002980232,0.,56.));
#9403=CARTESIAN_POINT('Origin',(194.000002980232,0.,56.));
#9404=CARTESIAN_POINT('',(194.000002980232,0.,56.));
#9405=CARTESIAN_POINT('',(200.000002980232,0.,56.));
#9406=CARTESIAN_POINT('',(194.000002980232,6.,56.));
#9407=CARTESIAN_POINT('',(200.000002980232,6.,56.));
#9408=CARTESIAN_POINT('',(194.000002980232,0.,56.));
#9409=CARTESIAN_POINT('Origin',(194.000002980232,0.,66.));
#9410=CARTESIAN_POINT('',(194.000002980232,0.,66.));
#9411=CARTESIAN_POINT('',(194.000002980232,0.,56.));
#9412=CARTESIAN_POINT('',(194.000002980232,6.,66.));
#9413=CARTESIAN_POINT('',(194.000002980232,6.,56.));
#9414=CARTESIAN_POINT('',(194.000002980232,0.,66.));
#9415=CARTESIAN_POINT('Origin',(51.,0.,66.));
#9416=CARTESIAN_POINT('',(51.,0.,66.));
#9417=CARTESIAN_POINT('',(51.,0.,66.));
#9418=CARTESIAN_POINT('',(51.,6.,66.));
#9419=CARTESIAN_POINT('',(51.,6.,66.));
#9420=CARTESIAN_POINT('',(51.,0.,66.));
#9421=CARTESIAN_POINT('Origin',(51.,0.,56.));
#9422=CARTESIAN_POINT('',(51.,0.,56.));
#9423=CARTESIAN_POINT('',(51.,0.,56.));
#9424=CARTESIAN_POINT('',(51.,6.,56.));
#9425=CARTESIAN_POINT('',(51.,6.,56.));
#9426=CARTESIAN_POINT('',(51.,0.,56.));
#9427=CARTESIAN_POINT('Origin',(45.,0.,56.));
#9428=CARTESIAN_POINT('',(45.,0.,56.));
#9429=CARTESIAN_POINT('',(45.,0.,56.));
#9430=CARTESIAN_POINT('',(45.,6.,56.));
#9431=CARTESIAN_POINT('',(45.,6.,56.));
#9432=CARTESIAN_POINT('',(45.,0.,56.));
#9433=CARTESIAN_POINT('Origin',(45.,0.,46.));
#9434=CARTESIAN_POINT('',(45.,0.,46.));
#9435=CARTESIAN_POINT('',(45.,0.,46.));
#9436=CARTESIAN_POINT('',(45.,6.,46.));
#9437=CARTESIAN_POINT('',(45.,6.,46.));
#9438=CARTESIAN_POINT('',(45.,0.,46.));
#9439=CARTESIAN_POINT('Origin',(51.,0.,46.));
#9440=CARTESIAN_POINT('',(51.,0.,46.));
#9441=CARTESIAN_POINT('',(51.,0.,46.));
#9442=CARTESIAN_POINT('',(51.,6.,46.));
#9443=CARTESIAN_POINT('',(51.,6.,46.));
#9444=CARTESIAN_POINT('',(51.,0.,46.));
#9445=CARTESIAN_POINT('Origin',(51.,0.,36.));
#9446=CARTESIAN_POINT('',(51.,0.,36.));
#9447=CARTESIAN_POINT('',(51.,0.,36.));
#9448=CARTESIAN_POINT('',(51.,6.,36.));
#9449=CARTESIAN_POINT('',(51.,6.,36.));
#9450=CARTESIAN_POINT('',(51.,0.,36.));
#9451=CARTESIAN_POINT('Origin',(45.,0.,36.));
#9452=CARTESIAN_POINT('',(45.,0.,36.));
#9453=CARTESIAN_POINT('',(45.,0.,36.));
#9454=CARTESIAN_POINT('',(45.,6.,36.));
#9455=CARTESIAN_POINT('',(45.,6.,36.));
#9456=CARTESIAN_POINT('',(45.,0.,36.));
#9457=CARTESIAN_POINT('Origin',(45.,0.,26.));
#9458=CARTESIAN_POINT('',(45.,0.,26.));
#9459=CARTESIAN_POINT('',(45.,0.,26.));
#9460=CARTESIAN_POINT('',(45.,6.,26.));
#9461=CARTESIAN_POINT('',(45.,6.,26.));
#9462=CARTESIAN_POINT('',(45.,0.,26.));
#9463=CARTESIAN_POINT('Origin',(51.,0.,26.));
#9464=CARTESIAN_POINT('',(51.,0.,26.));
#9465=CARTESIAN_POINT('',(51.,0.,26.));
#9466=CARTESIAN_POINT('',(51.,6.,26.));
#9467=CARTESIAN_POINT('',(51.,6.,26.));
#9468=CARTESIAN_POINT('',(51.,0.,26.));
#9469=CARTESIAN_POINT('Origin',(51.,0.,16.));
#9470=CARTESIAN_POINT('',(51.,0.,16.));
#9471=CARTESIAN_POINT('',(51.,0.,16.));
#9472=CARTESIAN_POINT('',(51.,6.,16.));
#9473=CARTESIAN_POINT('',(51.,6.,16.));
#9474=CARTESIAN_POINT('',(51.,0.,16.));
#9475=CARTESIAN_POINT('Origin',(45.,0.,16.));
#9476=CARTESIAN_POINT('',(45.,0.,16.));
#9477=CARTESIAN_POINT('',(45.,6.,16.));
#9478=CARTESIAN_POINT('Origin',(122.500001490116,6.,33.));
#9479=CARTESIAN_POINT('Origin',(122.500001490116,0.,33.));
#9480=CARTESIAN_POINT('',(0.,0.,0.));
#9481=CARTESIAN_POINT('',(194.,-20.,92.));
#9482=CARTESIAN_POINT('',(51.,-20.,0.));
#9483=CARTESIAN_POINT('',(0.,-2.88657986402541E-14,98.));
#9484=CARTESIAN_POINT('',(-7.105427357601E-15,0.,-1.77635683940025E-15));
#9485=CARTESIAN_POINT('',(-40.,51.000000812177,43.0000001714255));
#9486=CARTESIAN_POINT('',(-40.,100.,2.22044604925031E-14));
#9487=UNCERTAINTY_MEASURE_WITH_UNIT(LENGTH_MEASURE(0.01),#9511,
'DISTANCE_ACCURACY_VALUE',
'Maximum model space distance between geometric entities at asserted c
onnectivities');
#9488=UNCERTAINTY_MEASURE_WITH_UNIT(LENGTH_MEASURE(0.01),#9511,
'DISTANCE_ACCURACY_VALUE',
'Maximum model space distance between geometric entities at asserted c
onnectivities');
#9489=UNCERTAINTY_MEASURE_WITH_UNIT(LENGTH_MEASURE(0.01),#9511,
'DISTANCE_ACCURACY_VALUE',
'Maximum model space distance between geometric entities at asserted c
onnectivities');
#9490=UNCERTAINTY_MEASURE_WITH_UNIT(LENGTH_MEASURE(0.01),#9511,
'DISTANCE_ACCURACY_VALUE',
'Maximum model space distance between geometric entities at asserted c
onnectivities');
#9491=UNCERTAINTY_MEASURE_WITH_UNIT(LENGTH_MEASURE(0.01),#9511,
'DISTANCE_ACCURACY_VALUE',
'Maximum model space distance between geometric entities at asserted c
onnectivities');
#9492=UNCERTAINTY_MEASURE_WITH_UNIT(LENGTH_MEASURE(0.01),#9511,
'DISTANCE_ACCURACY_VALUE',
'Maximum model space distance between geometric entities at asserted c
onnectivities');
#9493=UNCERTAINTY_MEASURE_WITH_UNIT(LENGTH_MEASURE(0.01),#9511,
'DISTANCE_ACCURACY_VALUE',
'Maximum model space distance between geometric entities at asserted c
onnectivities');
#9494=UNCERTAINTY_MEASURE_WITH_UNIT(LENGTH_MEASURE(0.01),#9511,
'DISTANCE_ACCURACY_VALUE',
'Maximum model space distance between geometric entities at asserted c
onnectivities');
#9495=UNCERTAINTY_MEASURE_WITH_UNIT(LENGTH_MEASURE(0.01),#9511,
'DISTANCE_ACCURACY_VALUE',
'Maximum model space distance between geometric entities at asserted c
onnectivities');
#9496=UNCERTAINTY_MEASURE_WITH_UNIT(LENGTH_MEASURE(0.01),#9511,
'DISTANCE_ACCURACY_VALUE',
'Maximum model space distance between geometric entities at asserted c
onnectivities');
#9497=UNCERTAINTY_MEASURE_WITH_UNIT(LENGTH_MEASURE(0.01),#9511,
'DISTANCE_ACCURACY_VALUE',
'Maximum model space distance between geometric entities at asserted c
onnectivities');
#9498=UNCERTAINTY_MEASURE_WITH_UNIT(LENGTH_MEASURE(0.01),#9511,
'DISTANCE_ACCURACY_VALUE',
'Maximum model space distance between geometric entities at asserted c
onnectivities');
#9499=(
GEOMETRIC_REPRESENTATION_CONTEXT(3)
GLOBAL_UNCERTAINTY_ASSIGNED_CONTEXT((#9487))
GLOBAL_UNIT_ASSIGNED_CONTEXT((#9511,#9513,#9514))
REPRESENTATION_CONTEXT('','3D')
);
#9500=(
GEOMETRIC_REPRESENTATION_CONTEXT(3)
GLOBAL_UNCERTAINTY_ASSIGNED_CONTEXT((#9488))
GLOBAL_UNIT_ASSIGNED_CONTEXT((#9511,#9513,#9514))
REPRESENTATION_CONTEXT('','3D')
);
#9501=(
GEOMETRIC_REPRESENTATION_CONTEXT(3)
GLOBAL_UNCERTAINTY_ASSIGNED_CONTEXT((#9489))
GLOBAL_UNIT_ASSIGNED_CONTEXT((#9511,#9513,#9514))
REPRESENTATION_CONTEXT('','3D')
);
#9502=(
GEOMETRIC_REPRESENTATION_CONTEXT(3)
GLOBAL_UNCERTAINTY_ASSIGNED_CONTEXT((#9490))
GLOBAL_UNIT_ASSIGNED_CONTEXT((#9511,#9513,#9514))
REPRESENTATION_CONTEXT('','3D')
);
#9503=(
GEOMETRIC_REPRESENTATION_CONTEXT(3)
GLOBAL_UNCERTAINTY_ASSIGNED_CONTEXT((#9491))
GLOBAL_UNIT_ASSIGNED_CONTEXT((#9511,#9513,#9514))
REPRESENTATION_CONTEXT('','3D')
);
#9504=(
GEOMETRIC_REPRESENTATION_CONTEXT(3)
GLOBAL_UNCERTAINTY_ASSIGNED_CONTEXT((#9492))
GLOBAL_UNIT_ASSIGNED_CONTEXT((#9511,#9513,#9514))
REPRESENTATION_CONTEXT('','3D')
);
#9505=(
GEOMETRIC_REPRESENTATION_CONTEXT(3)
GLOBAL_UNCERTAINTY_ASSIGNED_CONTEXT((#9493))
GLOBAL_UNIT_ASSIGNED_CONTEXT((#9511,#9513,#9514))
REPRESENTATION_CONTEXT('','3D')
);
#9506=(
GEOMETRIC_REPRESENTATION_CONTEXT(3)
GLOBAL_UNCERTAINTY_ASSIGNED_CONTEXT((#9494))
GLOBAL_UNIT_ASSIGNED_CONTEXT((#9511,#9513,#9514))
REPRESENTATION_CONTEXT('','3D')
);
#9507=(
GEOMETRIC_REPRESENTATION_CONTEXT(3)
GLOBAL_UNCERTAINTY_ASSIGNED_CONTEXT((#9495))
GLOBAL_UNIT_ASSIGNED_CONTEXT((#9511,#9513,#9514))
REPRESENTATION_CONTEXT('','3D')
);
#9508=(
GEOMETRIC_REPRESENTATION_CONTEXT(3)
GLOBAL_UNCERTAINTY_ASSIGNED_CONTEXT((#9496))
GLOBAL_UNIT_ASSIGNED_CONTEXT((#9511,#9513,#9514))
REPRESENTATION_CONTEXT('','3D')
);
#9509=(
GEOMETRIC_REPRESENTATION_CONTEXT(3)
GLOBAL_UNCERTAINTY_ASSIGNED_CONTEXT((#9497))
GLOBAL_UNIT_ASSIGNED_CONTEXT((#9511,#9513,#9514))
REPRESENTATION_CONTEXT('','3D')
);
#9510=(
GEOMETRIC_REPRESENTATION_CONTEXT(3)
GLOBAL_UNCERTAINTY_ASSIGNED_CONTEXT((#9498))
GLOBAL_UNIT_ASSIGNED_CONTEXT((#9511,#9513,#9514))
REPRESENTATION_CONTEXT('','3D')
);
#9511=(
LENGTH_UNIT()
NAMED_UNIT(*)
SI_UNIT(.MILLI.,.METRE.)
);
#9512=(
LENGTH_UNIT()
NAMED_UNIT(*)
SI_UNIT($,.METRE.)
);
#9513=(
NAMED_UNIT(*)
PLANE_ANGLE_UNIT()
SI_UNIT($,.RADIAN.)
);
#9514=(
NAMED_UNIT(*)
SI_UNIT($,.STERADIAN.)
SOLID_ANGLE_UNIT()
);
#9515=SHAPE_DEFINITION_REPRESENTATION(#9526,#9549);
#9516=SHAPE_DEFINITION_REPRESENTATION(#9527,#9550);
#9517=SHAPE_DEFINITION_REPRESENTATION(#9528,#9551);
#9518=SHAPE_DEFINITION_REPRESENTATION(#9529,#9552);
#9519=SHAPE_DEFINITION_REPRESENTATION(#9530,#9553);
#9520=SHAPE_DEFINITION_REPRESENTATION(#9536,#9554);
#9521=SHAPE_DEFINITION_REPRESENTATION(#9537,#9555);
#9522=SHAPE_DEFINITION_REPRESENTATION(#9538,#9556);
#9523=SHAPE_DEFINITION_REPRESENTATION(#9539,#9557);
#9524=SHAPE_DEFINITION_REPRESENTATION(#9540,#9558);
#9525=SHAPE_DEFINITION_REPRESENTATION(#9541,#9559);
#9526=PRODUCT_DEFINITION_SHAPE('',$,#9561);
#9527=PRODUCT_DEFINITION_SHAPE('',$,#9562);
#9528=PRODUCT_DEFINITION_SHAPE('',$,#9563);
#9529=PRODUCT_DEFINITION_SHAPE('',$,#9564);
#9530=PRODUCT_DEFINITION_SHAPE('',$,#9565);
#9531=PRODUCT_DEFINITION_SHAPE($,$,#47);
#9532=PRODUCT_DEFINITION_SHAPE($,$,#48);
#9533=PRODUCT_DEFINITION_SHAPE($,$,#49);
#9534=PRODUCT_DEFINITION_SHAPE($,$,#50);
#9535=PRODUCT_DEFINITION_SHAPE($,$,#51);
#9536=PRODUCT_DEFINITION_SHAPE('',$,#9566);
#9537=PRODUCT_DEFINITION_SHAPE('',$,#9567);
#9538=PRODUCT_DEFINITION_SHAPE('',$,#9568);
#9539=PRODUCT_DEFINITION_SHAPE('',$,#9569);
#9540=PRODUCT_DEFINITION_SHAPE('',$,#9570);
#9541=PRODUCT_DEFINITION_SHAPE('',$,#9571);
#9542=PRODUCT_DEFINITION_SHAPE($,$,#52);
#9543=PRODUCT_DEFINITION_SHAPE($,$,#53);
#9544=PRODUCT_DEFINITION_SHAPE($,$,#54);
#9545=PRODUCT_DEFINITION_SHAPE($,$,#55);
#9546=PRODUCT_DEFINITION_SHAPE($,$,#56);
#9547=PRODUCT_DEFINITION_SHAPE($,$,#57);
#9548=PRODUCT_DEFINITION_SHAPE($,$,#58);
#9549=SHAPE_REPRESENTATION('',(#5971,#6343,#6344),#9499);
#9550=SHAPE_REPRESENTATION('',(#5972,#6059,#6060,#6061,#6062,#6063),#9500);
#9551=SHAPE_REPRESENTATION('',(#5973),#9501);
#9552=SHAPE_REPRESENTATION('',(#6021),#9502);
#9553=SHAPE_REPRESENTATION('',(#6040),#9503);
#9554=SHAPE_REPRESENTATION('',(#6064,#6338,#6339,#6340,#6341,#6342),#9504);
#9555=SHAPE_REPRESENTATION('',(#6065),#9505);
#9556=SHAPE_REPRESENTATION('',(#6128),#9506);
#9557=SHAPE_REPRESENTATION('',(#6178),#9507);
#9558=SHAPE_REPRESENTATION('',(#6252),#9508);
#9559=SHAPE_REPRESENTATION('',(#6303),#9509);
#9560=PRODUCT_DEFINITION_CONTEXT('part definition',#9595,'design');
#9561=PRODUCT_DEFINITION('CAIXA','CAIXA v21',#9572,#9560);
#9562=PRODUCT_DEFINITION('Montagem da tampa','Montagem da tampa v9',#9573,
#9560);
#9563=PRODUCT_DEFINITION('Base Superior Tampa',
'Base Superior Tampa v10',#9574,#9560);
#9564=PRODUCT_DEFINITION('Tampa Frontal','Tampa Frontal v6',#9575,#9560);
#9565=PRODUCT_DEFINITION('Tampa Lateral','Tampa Lateral v5',#9576,#9560);
#9566=PRODUCT_DEFINITION('Montagem da base','Montagem da base v59',#9577,
#9560);
#9567=PRODUCT_DEFINITION('Base Inferior','Base Inferior v44',#9578,#9560);
#9568=PRODUCT_DEFINITION('Lateral esquerda','Lateral esquerda v9',#9579,
#9560);
#9569=PRODUCT_DEFINITION('Lateral','Lateral v40',#9580,#9560);
#9570=PRODUCT_DEFINITION('Frontal','Frontal v18',#9581,#9560);
#9571=PRODUCT_DEFINITION('Posterior_1','Posterior_1 v4',#9582,#9560);
#9572=PRODUCT_DEFINITION_FORMATION('',$,#9597);
#9573=PRODUCT_DEFINITION_FORMATION('',$,#9598);
#9574=PRODUCT_DEFINITION_FORMATION('',$,#9599);
#9575=PRODUCT_DEFINITION_FORMATION('',$,#9600);
#9576=PRODUCT_DEFINITION_FORMATION('',$,#9601);
#9577=PRODUCT_DEFINITION_FORMATION('',$,#9602);
#9578=PRODUCT_DEFINITION_FORMATION('',$,#9603);
#9579=PRODUCT_DEFINITION_FORMATION('',$,#9604);
#9580=PRODUCT_DEFINITION_FORMATION('',$,#9605);
#9581=PRODUCT_DEFINITION_FORMATION('',$,#9606);
#9582=PRODUCT_DEFINITION_FORMATION('',$,#9607);
#9583=PRODUCT_RELATED_PRODUCT_CATEGORY('CAIXA v21','CAIXA v21',(#9597));
#9584=PRODUCT_RELATED_PRODUCT_CATEGORY('Montagem da tampa v9',
'Montagem da tampa v9',(#9598));
#9585=PRODUCT_RELATED_PRODUCT_CATEGORY('Base Superior Tampa v10',
'Base Superior Tampa v10',(#9599));
#9586=PRODUCT_RELATED_PRODUCT_CATEGORY('Tampa Frontal v6',
'Tampa Frontal v6',(#9600));
#9587=PRODUCT_RELATED_PRODUCT_CATEGORY('Tampa Lateral v5',
'Tampa Lateral v5',(#9601));
#9588=PRODUCT_RELATED_PRODUCT_CATEGORY('Montagem da base v59',
'Montagem da base v59',(#9602));
#9589=PRODUCT_RELATED_PRODUCT_CATEGORY('Base Inferior v44',
'Base Inferior v44',(#9603));
#9590=PRODUCT_RELATED_PRODUCT_CATEGORY('Lateral esquerda v9',
'Lateral esquerda v9',(#9604));
#9591=PRODUCT_RELATED_PRODUCT_CATEGORY('Lateral v40','Lateral v40',(#9605));
#9592=PRODUCT_RELATED_PRODUCT_CATEGORY('Frontal v18','Frontal v18',(#9606));
#9593=PRODUCT_RELATED_PRODUCT_CATEGORY('Posterior_1 v4',
'Posterior_1 v4',(#9607));
#9594=APPLICATION_PROTOCOL_DEFINITION('international standard',
'automotive_design',2009,#9595);
#9595=APPLICATION_CONTEXT(
'Core Data for Automotive Mechanical Design Process');
#9596=PRODUCT_CONTEXT('part definition',#9595,'mechanical');
#9597=PRODUCT('CAIXA','CAIXA v21',$,(#9596));
#9598=PRODUCT('Montagem da tampa','Montagem da tampa v9',$,(#9596));
#9599=PRODUCT('Base Superior Tampa','Base Superior Tampa v10',$,(#9596));
#9600=PRODUCT('Tampa Frontal','Tampa Frontal v6',$,(#9596));
#9601=PRODUCT('Tampa Lateral','Tampa Lateral v5',$,(#9596));
#9602=PRODUCT('Montagem da base','Montagem da base v59',$,(#9596));
#9603=PRODUCT('Base Inferior','Base Inferior v44',$,(#9596));
#9604=PRODUCT('Lateral esquerda','Lateral esquerda v9',$,(#9596));
#9605=PRODUCT('Lateral','Lateral v40',$,(#9596));
#9606=PRODUCT('Frontal','Frontal v18',$,(#9596));
#9607=PRODUCT('Posterior_1','Posterior_1 v4',$,(#9596));
#9608=PRESENTATION_STYLE_ASSIGNMENT((#9609));
#9609=SURFACE_STYLE_USAGE(.BOTH.,#9610);
#9610=SURFACE_SIDE_STYLE('',(#9611));
#9611=SURFACE_STYLE_FILL_AREA(#9612);
#9612=FILL_AREA_STYLE('A\X\E7o - Acetinado',(#9613));
#9613=FILL_AREA_STYLE_COLOUR('A\X\E7o - Acetinado',#9614);
#9614=COLOUR_RGB('A\X\E7o - Acetinado',0.627450980392157,0.627450980392157,
0.627450980392157);
ENDSEC;
END-ISO-10303-21;
