ISO-10303-21;
HEADER;
/* Generated by software containing ST-Developer
 * from STEP Tools, Inc. (www.steptools.com) 
 */

FILE_DESCRIPTION(
/* description */ (''),
/* implementation_level */ '2;1');

FILE_NAME(
/* name */ 'EmendaCorreia2EixoX.step',
/* time_stamp */ '2026-04-01T20:48:39-03:00',
/* author */ (''),
/* organization */ (''),
/* preprocessor_version */ 'ST-DEVELOPER v20.1',
/* originating_system */ 'Autodesk Translation Framework v14.24.0.0',
/* authorisation */ '');

FILE_SCHEMA (('AUTOMOTIVE_DESIGN { 1 0 10303 214 3 1 1 }'));
ENDSEC;

DATA;
#10=MECHANICAL_DESIGN_GEOMETRIC_PRESENTATION_REPRESENTATION('',(#13),#2956);
#11=SHAPE_REPRESENTATION_RELATIONSHIP('SRR','None',#2963,#12);
#12=ADVANCED_BREP_SHAPE_REPRESENTATION('',(#14),#2955);
#13=STYLED_ITEM('',(#2972),#14);
#14=MANIFOLD_SOLID_BREP('Corpo1',#1824);
#15=FACE_BOUND('',#164,.T.);
#16=FACE_BOUND('',#168,.T.);
#17=FACE_BOUND('',#197,.T.);
#18=FACE_BOUND('',#240,.T.);
#19=FACE_BOUND('',#254,.T.);
#20=CIRCLE('',#1859,2.0085);
#21=CIRCLE('',#1861,2.0085);
#22=CIRCLE('',#1863,2.0085);
#23=CIRCLE('',#1864,2.0085);
#24=ELLIPSE('',#1842,2.84045033809917,2.0085);
#25=ELLIPSE('',#1843,2.84044822154801,2.00850000000001);
#26=ELLIPSE('',#1844,2.84044794002636,2.00850000000002);
#27=ELLIPSE('',#1845,2.84044077853208,2.0085);
#28=ELLIPSE('',#1846,2.84045092995923,2.0085);
#29=ELLIPSE('',#1847,2.84044433711099,2.0085);
#30=ELLIPSE('',#1848,2.84045945999381,2.0085);
#31=ELLIPSE('',#1849,2.84043646044286,2.0085);
#32=ELLIPSE('',#1850,2.84044797297341,2.0085);
#33=ELLIPSE('',#1851,2.8404544729164,2.0085);
#34=ELLIPSE('',#1852,2.84043998295869,2.0085);
#35=ELLIPSE('',#1853,2.84045571743606,2.0085);
#36=ELLIPSE('',#1854,2.84044893099589,2.00850000000004);
#37=ELLIPSE('',#1855,2.84044076523491,2.0085);
#38=ELLIPSE('',#1856,2.84044794002636,2.00850000000002);
#39=ELLIPSE('',#1857,2.84044822119385,2.00850000000001);
#40=ELLIPSE('',#1858,2.84045033809917,2.0085);
#41=ELLIPSE('',#1860,2.84045033809917,2.0085);
#42=CYLINDRICAL_SURFACE('',#1841,2.0085);
#43=CYLINDRICAL_SURFACE('',#1862,2.0085);
#44=FACE_OUTER_BOUND('',#148,.T.);
#45=FACE_OUTER_BOUND('',#149,.T.);
#46=FACE_OUTER_BOUND('',#150,.T.);
#47=FACE_OUTER_BOUND('',#151,.T.);
#48=FACE_OUTER_BOUND('',#152,.T.);
#49=FACE_OUTER_BOUND('',#153,.T.);
#50=FACE_OUTER_BOUND('',#154,.T.);
#51=FACE_OUTER_BOUND('',#155,.T.);
#52=FACE_OUTER_BOUND('',#156,.T.);
#53=FACE_OUTER_BOUND('',#157,.T.);
#54=FACE_OUTER_BOUND('',#158,.T.);
#55=FACE_OUTER_BOUND('',#159,.T.);
#56=FACE_OUTER_BOUND('',#160,.T.);
#57=FACE_OUTER_BOUND('',#161,.T.);
#58=FACE_OUTER_BOUND('',#162,.T.);
#59=FACE_OUTER_BOUND('',#163,.T.);
#60=FACE_OUTER_BOUND('',#165,.T.);
#61=FACE_OUTER_BOUND('',#166,.T.);
#62=FACE_OUTER_BOUND('',#167,.T.);
#63=FACE_OUTER_BOUND('',#169,.T.);
#64=FACE_OUTER_BOUND('',#170,.T.);
#65=FACE_OUTER_BOUND('',#171,.T.);
#66=FACE_OUTER_BOUND('',#172,.T.);
#67=FACE_OUTER_BOUND('',#173,.T.);
#68=FACE_OUTER_BOUND('',#174,.T.);
#69=FACE_OUTER_BOUND('',#175,.T.);
#70=FACE_OUTER_BOUND('',#176,.T.);
#71=FACE_OUTER_BOUND('',#177,.T.);
#72=FACE_OUTER_BOUND('',#178,.T.);
#73=FACE_OUTER_BOUND('',#179,.T.);
#74=FACE_OUTER_BOUND('',#180,.T.);
#75=FACE_OUTER_BOUND('',#181,.T.);
#76=FACE_OUTER_BOUND('',#182,.T.);
#77=FACE_OUTER_BOUND('',#183,.T.);
#78=FACE_OUTER_BOUND('',#184,.T.);
#79=FACE_OUTER_BOUND('',#185,.T.);
#80=FACE_OUTER_BOUND('',#186,.T.);
#81=FACE_OUTER_BOUND('',#187,.T.);
#82=FACE_OUTER_BOUND('',#188,.T.);
#83=FACE_OUTER_BOUND('',#189,.T.);
#84=FACE_OUTER_BOUND('',#190,.T.);
#85=FACE_OUTER_BOUND('',#191,.T.);
#86=FACE_OUTER_BOUND('',#192,.T.);
#87=FACE_OUTER_BOUND('',#193,.T.);
#88=FACE_OUTER_BOUND('',#194,.T.);
#89=FACE_OUTER_BOUND('',#195,.T.);
#90=FACE_OUTER_BOUND('',#196,.T.);
#91=FACE_OUTER_BOUND('',#198,.T.);
#92=FACE_OUTER_BOUND('',#199,.T.);
#93=FACE_OUTER_BOUND('',#200,.T.);
#94=FACE_OUTER_BOUND('',#201,.T.);
#95=FACE_OUTER_BOUND('',#202,.T.);
#96=FACE_OUTER_BOUND('',#203,.T.);
#97=FACE_OUTER_BOUND('',#204,.T.);
#98=FACE_OUTER_BOUND('',#205,.T.);
#99=FACE_OUTER_BOUND('',#206,.T.);
#100=FACE_OUTER_BOUND('',#207,.T.);
#101=FACE_OUTER_BOUND('',#208,.T.);
#102=FACE_OUTER_BOUND('',#209,.T.);
#103=FACE_OUTER_BOUND('',#210,.T.);
#104=FACE_OUTER_BOUND('',#211,.T.);
#105=FACE_OUTER_BOUND('',#212,.T.);
#106=FACE_OUTER_BOUND('',#213,.T.);
#107=FACE_OUTER_BOUND('',#214,.T.);
#108=FACE_OUTER_BOUND('',#215,.T.);
#109=FACE_OUTER_BOUND('',#216,.T.);
#110=FACE_OUTER_BOUND('',#217,.T.);
#111=FACE_OUTER_BOUND('',#218,.T.);
#112=FACE_OUTER_BOUND('',#219,.T.);
#113=FACE_OUTER_BOUND('',#220,.T.);
#114=FACE_OUTER_BOUND('',#221,.T.);
#115=FACE_OUTER_BOUND('',#222,.T.);
#116=FACE_OUTER_BOUND('',#223,.T.);
#117=FACE_OUTER_BOUND('',#224,.T.);
#118=FACE_OUTER_BOUND('',#225,.T.);
#119=FACE_OUTER_BOUND('',#226,.T.);
#120=FACE_OUTER_BOUND('',#227,.T.);
#121=FACE_OUTER_BOUND('',#228,.T.);
#122=FACE_OUTER_BOUND('',#229,.T.);
#123=FACE_OUTER_BOUND('',#230,.T.);
#124=FACE_OUTER_BOUND('',#231,.T.);
#125=FACE_OUTER_BOUND('',#232,.T.);
#126=FACE_OUTER_BOUND('',#233,.T.);
#127=FACE_OUTER_BOUND('',#234,.T.);
#128=FACE_OUTER_BOUND('',#235,.T.);
#129=FACE_OUTER_BOUND('',#236,.T.);
#130=FACE_OUTER_BOUND('',#237,.T.);
#131=FACE_OUTER_BOUND('',#238,.T.);
#132=FACE_OUTER_BOUND('',#239,.T.);
#133=FACE_OUTER_BOUND('',#241,.T.);
#134=FACE_OUTER_BOUND('',#242,.T.);
#135=FACE_OUTER_BOUND('',#243,.T.);
#136=FACE_OUTER_BOUND('',#244,.T.);
#137=FACE_OUTER_BOUND('',#245,.T.);
#138=FACE_OUTER_BOUND('',#246,.T.);
#139=FACE_OUTER_BOUND('',#247,.T.);
#140=FACE_OUTER_BOUND('',#248,.T.);
#141=FACE_OUTER_BOUND('',#249,.T.);
#142=FACE_OUTER_BOUND('',#250,.T.);
#143=FACE_OUTER_BOUND('',#251,.T.);
#144=FACE_OUTER_BOUND('',#252,.T.);
#145=FACE_OUTER_BOUND('',#253,.T.);
#146=FACE_OUTER_BOUND('',#255,.T.);
#147=FACE_OUTER_BOUND('',#256,.T.);
#148=EDGE_LOOP('',(#1116,#1117,#1118,#1119));
#149=EDGE_LOOP('',(#1120,#1121,#1122,#1123));
#150=EDGE_LOOP('',(#1124,#1125,#1126,#1127,#1128,#1129,#1130,#1131,#1132,
#1133,#1134));
#151=EDGE_LOOP('',(#1135,#1136,#1137,#1138,#1139,#1140,#1141,#1142,#1143,
#1144,#1145,#1146,#1147,#1148,#1149,#1150,#1151,#1152,#1153,#1154,#1155,
#1156));
#152=EDGE_LOOP('',(#1157,#1158,#1159,#1160));
#153=EDGE_LOOP('',(#1161,#1162,#1163));
#154=EDGE_LOOP('',(#1164,#1165,#1166,#1167));
#155=EDGE_LOOP('',(#1168,#1169,#1170));
#156=EDGE_LOOP('',(#1171,#1172,#1173));
#157=EDGE_LOOP('',(#1174,#1175,#1176));
#158=EDGE_LOOP('',(#1177,#1178,#1179));
#159=EDGE_LOOP('',(#1180,#1181,#1182));
#160=EDGE_LOOP('',(#1183,#1184,#1185,#1186));
#161=EDGE_LOOP('',(#1187,#1188,#1189));
#162=EDGE_LOOP('',(#1190,#1191,#1192,#1193));
#163=EDGE_LOOP('',(#1194,#1195,#1196,#1197));
#164=EDGE_LOOP('',(#1198));
#165=EDGE_LOOP('',(#1199,#1200,#1201,#1202));
#166=EDGE_LOOP('',(#1203,#1204,#1205,#1206));
#167=EDGE_LOOP('',(#1207,#1208,#1209,#1210));
#168=EDGE_LOOP('',(#1211));
#169=EDGE_LOOP('',(#1212,#1213,#1214,#1215));
#170=EDGE_LOOP('',(#1216,#1217,#1218,#1219));
#171=EDGE_LOOP('',(#1220,#1221,#1222));
#172=EDGE_LOOP('',(#1223,#1224,#1225));
#173=EDGE_LOOP('',(#1226,#1227,#1228));
#174=EDGE_LOOP('',(#1229,#1230,#1231));
#175=EDGE_LOOP('',(#1232,#1233,#1234,#1235,#1236,#1237));
#176=EDGE_LOOP('',(#1238,#1239,#1240,#1241));
#177=EDGE_LOOP('',(#1242,#1243,#1244,#1245));
#178=EDGE_LOOP('',(#1246,#1247,#1248));
#179=EDGE_LOOP('',(#1249,#1250,#1251,#1252));
#180=EDGE_LOOP('',(#1253,#1254,#1255));
#181=EDGE_LOOP('',(#1256,#1257,#1258));
#182=EDGE_LOOP('',(#1259,#1260,#1261));
#183=EDGE_LOOP('',(#1262,#1263,#1264));
#184=EDGE_LOOP('',(#1265,#1266,#1267,#1268));
#185=EDGE_LOOP('',(#1269,#1270,#1271,#1272));
#186=EDGE_LOOP('',(#1273,#1274,#1275));
#187=EDGE_LOOP('',(#1276,#1277,#1278));
#188=EDGE_LOOP('',(#1279,#1280,#1281,#1282));
#189=EDGE_LOOP('',(#1283,#1284,#1285,#1286));
#190=EDGE_LOOP('',(#1287,#1288,#1289,#1290));
#191=EDGE_LOOP('',(#1291,#1292,#1293,#1294));
#192=EDGE_LOOP('',(#1295,#1296,#1297,#1298,#1299,#1300,#1301,#1302,#1303,
#1304,#1305));
#193=EDGE_LOOP('',(#1306,#1307,#1308,#1309,#1310,#1311,#1312,#1313,#1314,
#1315,#1316,#1317,#1318,#1319,#1320,#1321,#1322,#1323,#1324,#1325,#1326));
#194=EDGE_LOOP('',(#1327,#1328,#1329,#1330));
#195=EDGE_LOOP('',(#1331,#1332,#1333,#1334));
#196=EDGE_LOOP('',(#1335,#1336,#1337,#1338,#1339,#1340,#1341,#1342,#1343,
#1344,#1345,#1346,#1347,#1348,#1349,#1350,#1351,#1352,#1353,#1354));
#197=EDGE_LOOP('',(#1355,#1356,#1357,#1358));
#198=EDGE_LOOP('',(#1359,#1360,#1361,#1362,#1363,#1364));
#199=EDGE_LOOP('',(#1365,#1366,#1367,#1368,#1369,#1370,#1371,#1372,#1373));
#200=EDGE_LOOP('',(#1374,#1375,#1376,#1377));
#201=EDGE_LOOP('',(#1378,#1379,#1380,#1381));
#202=EDGE_LOOP('',(#1382,#1383,#1384,#1385));
#203=EDGE_LOOP('',(#1386,#1387,#1388,#1389));
#204=EDGE_LOOP('',(#1390,#1391,#1392,#1393));
#205=EDGE_LOOP('',(#1394,#1395,#1396,#1397));
#206=EDGE_LOOP('',(#1398,#1399,#1400,#1401));
#207=EDGE_LOOP('',(#1402,#1403,#1404,#1405));
#208=EDGE_LOOP('',(#1406,#1407,#1408,#1409));
#209=EDGE_LOOP('',(#1410,#1411,#1412,#1413));
#210=EDGE_LOOP('',(#1414,#1415,#1416,#1417));
#211=EDGE_LOOP('',(#1418,#1419,#1420,#1421));
#212=EDGE_LOOP('',(#1422,#1423,#1424,#1425));
#213=EDGE_LOOP('',(#1426,#1427,#1428,#1429));
#214=EDGE_LOOP('',(#1430,#1431,#1432,#1433));
#215=EDGE_LOOP('',(#1434,#1435,#1436));
#216=EDGE_LOOP('',(#1437,#1438,#1439));
#217=EDGE_LOOP('',(#1440,#1441,#1442));
#218=EDGE_LOOP('',(#1443,#1444,#1445));
#219=EDGE_LOOP('',(#1446,#1447,#1448));
#220=EDGE_LOOP('',(#1449,#1450,#1451));
#221=EDGE_LOOP('',(#1452,#1453,#1454));
#222=EDGE_LOOP('',(#1455,#1456,#1457));
#223=EDGE_LOOP('',(#1458,#1459,#1460,#1461));
#224=EDGE_LOOP('',(#1462,#1463,#1464,#1465));
#225=EDGE_LOOP('',(#1466,#1467,#1468,#1469));
#226=EDGE_LOOP('',(#1470,#1471,#1472));
#227=EDGE_LOOP('',(#1473,#1474,#1475,#1476));
#228=EDGE_LOOP('',(#1477,#1478,#1479,#1480));
#229=EDGE_LOOP('',(#1481,#1482,#1483));
#230=EDGE_LOOP('',(#1484,#1485,#1486));
#231=EDGE_LOOP('',(#1487,#1488,#1489,#1490));
#232=EDGE_LOOP('',(#1491,#1492,#1493));
#233=EDGE_LOOP('',(#1494,#1495,#1496,#1497));
#234=EDGE_LOOP('',(#1498,#1499,#1500,#1501,#1502,#1503));
#235=EDGE_LOOP('',(#1504,#1505,#1506));
#236=EDGE_LOOP('',(#1507,#1508,#1509));
#237=EDGE_LOOP('',(#1510,#1511,#1512));
#238=EDGE_LOOP('',(#1513,#1514,#1515,#1516));
#239=EDGE_LOOP('',(#1517,#1518,#1519,#1520,#1521,#1522,#1523,#1524,#1525,
#1526,#1527,#1528,#1529,#1530,#1531,#1532,#1533,#1534,#1535,#1536,#1537,
#1538));
#240=EDGE_LOOP('',(#1539,#1540,#1541,#1542,#1543,#1544,#1545,#1546,#1547,
#1548,#1549,#1550,#1551,#1552,#1553,#1554,#1555,#1556,#1557,#1558,#1559,
#1560,#1561,#1562,#1563));
#241=EDGE_LOOP('',(#1564,#1565,#1566));
#242=EDGE_LOOP('',(#1567,#1568,#1569,#1570));
#243=EDGE_LOOP('',(#1571,#1572,#1573,#1574));
#244=EDGE_LOOP('',(#1575,#1576,#1577,#1578));
#245=EDGE_LOOP('',(#1579,#1580,#1581,#1582));
#246=EDGE_LOOP('',(#1583,#1584,#1585));
#247=EDGE_LOOP('',(#1586,#1587,#1588));
#248=EDGE_LOOP('',(#1589,#1590,#1591));
#249=EDGE_LOOP('',(#1592,#1593,#1594));
#250=EDGE_LOOP('',(#1595,#1596,#1597,#1598));
#251=EDGE_LOOP('',(#1599,#1600,#1601,#1602));
#252=EDGE_LOOP('',(#1603,#1604,#1605));
#253=EDGE_LOOP('',(#1606,#1607,#1608,#1609));
#254=EDGE_LOOP('',(#1610));
#255=EDGE_LOOP('',(#1611,#1612,#1613));
#256=EDGE_LOOP('',(#1614,#1615,#1616,#1617));
#257=LINE('',#2451,#486);
#258=LINE('',#2453,#487);
#259=LINE('',#2455,#488);
#260=LINE('',#2456,#489);
#261=LINE('',#2459,#490);
#262=LINE('',#2461,#491);
#263=LINE('',#2462,#492);
#264=LINE('',#2465,#493);
#265=LINE('',#2467,#494);
#266=LINE('',#2469,#495);
#267=LINE('',#2471,#496);
#268=LINE('',#2473,#497);
#269=LINE('',#2475,#498);
#270=LINE('',#2477,#499);
#271=LINE('',#2479,#500);
#272=LINE('',#2480,#501);
#273=LINE('',#2518,#502);
#274=LINE('',#2527,#503);
#275=LINE('',#2530,#504);
#276=LINE('',#2531,#505);
#277=LINE('',#2534,#506);
#278=LINE('',#2535,#507);
#279=LINE('',#2537,#508);
#280=LINE('',#2539,#509);
#281=LINE('',#2541,#510);
#282=LINE('',#2543,#511);
#283=LINE('',#2545,#512);
#284=LINE('',#2548,#513);
#285=LINE('',#2549,#514);
#286=LINE('',#2551,#515);
#287=LINE('',#2555,#516);
#288=LINE('',#2557,#517);
#289=LINE('',#2559,#518);
#290=LINE('',#2560,#519);
#291=LINE('',#2563,#520);
#292=LINE('',#2565,#521);
#293=LINE('',#2566,#522);
#294=LINE('',#2569,#523);
#295=LINE('',#2571,#524);
#296=LINE('',#2572,#525);
#297=LINE('',#2574,#526);
#298=LINE('',#2576,#527);
#299=LINE('',#2578,#528);
#300=LINE('',#2579,#529);
#301=LINE('',#2581,#530);
#302=LINE('',#2582,#531);
#303=LINE('',#2584,#532);
#304=LINE('',#2586,#533);
#305=LINE('',#2588,#534);
#306=LINE('',#2590,#535);
#307=LINE('',#2592,#536);
#308=LINE('',#2596,#537);
#309=LINE('',#2598,#538);
#310=LINE('',#2600,#539);
#311=LINE('',#2601,#540);
#312=LINE('',#2604,#541);
#313=LINE('',#2606,#542);
#314=LINE('',#2607,#543);
#315=LINE('',#2611,#544);
#316=LINE('',#2613,#545);
#317=LINE('',#2614,#546);
#318=LINE('',#2618,#547);
#319=LINE('',#2620,#548);
#320=LINE('',#2622,#549);
#321=LINE('',#2623,#550);
#322=LINE('',#2627,#551);
#323=LINE('',#2629,#552);
#324=LINE('',#2630,#553);
#325=LINE('',#2633,#554);
#326=LINE('',#2634,#555);
#327=LINE('',#2638,#556);
#328=LINE('',#2639,#557);
#329=LINE('',#2640,#558);
#330=LINE('',#2643,#559);
#331=LINE('',#2644,#560);
#332=LINE('',#2648,#561);
#333=LINE('',#2650,#562);
#334=LINE('',#2652,#563);
#335=LINE('',#2653,#564);
#336=LINE('',#2657,#565);
#337=LINE('',#2658,#566);
#338=LINE('',#2659,#567);
#339=LINE('',#2661,#568);
#340=LINE('',#2662,#569);
#341=LINE('',#2665,#570);
#342=LINE('',#2666,#571);
#343=LINE('',#2669,#572);
#344=LINE('',#2670,#573);
#345=LINE('',#2674,#574);
#346=LINE('',#2676,#575);
#347=LINE('',#2678,#576);
#348=LINE('',#2679,#577);
#349=LINE('',#2683,#578);
#350=LINE('',#2685,#579);
#351=LINE('',#2687,#580);
#352=LINE('',#2688,#581);
#353=LINE('',#2692,#582);
#354=LINE('',#2694,#583);
#355=LINE('',#2696,#584);
#356=LINE('',#2697,#585);
#357=LINE('',#2700,#586);
#358=LINE('',#2702,#587);
#359=LINE('',#2704,#588);
#360=LINE('',#2706,#589);
#361=LINE('',#2708,#590);
#362=LINE('',#2710,#591);
#363=LINE('',#2712,#592);
#364=LINE('',#2714,#593);
#365=LINE('',#2716,#594);
#366=LINE('',#2717,#595);
#367=LINE('',#2720,#596);
#368=LINE('',#2722,#597);
#369=LINE('',#2724,#598);
#370=LINE('',#2726,#599);
#371=LINE('',#2728,#600);
#372=LINE('',#2729,#601);
#373=LINE('',#2731,#602);
#374=LINE('',#2733,#603);
#375=LINE('',#2735,#604);
#376=LINE('',#2736,#605);
#377=LINE('',#2738,#606);
#378=LINE('',#2740,#607);
#379=LINE('',#2742,#608);
#380=LINE('',#2744,#609);
#381=LINE('',#2745,#610);
#382=LINE('',#2748,#611);
#383=LINE('',#2749,#612);
#384=LINE('',#2752,#613);
#385=LINE('',#2753,#614);
#386=LINE('',#2756,#615);
#387=LINE('',#2758,#616);
#388=LINE('',#2760,#617);
#389=LINE('',#2761,#618);
#390=LINE('',#2763,#619);
#391=LINE('',#2764,#620);
#392=LINE('',#2765,#621);
#393=LINE('',#2767,#622);
#394=LINE('',#2769,#623);
#395=LINE('',#2771,#624);
#396=LINE('',#2773,#625);
#397=LINE('',#2774,#626);
#398=LINE('',#2777,#627);
#399=LINE('',#2778,#628);
#400=LINE('',#2779,#629);
#401=LINE('',#2783,#630);
#402=LINE('',#2785,#631);
#403=LINE('',#2786,#632);
#404=LINE('',#2787,#633);
#405=LINE('',#2788,#634);
#406=LINE('',#2791,#635);
#407=LINE('',#2792,#636);
#408=LINE('',#2795,#637);
#409=LINE('',#2796,#638);
#410=LINE('',#2799,#639);
#411=LINE('',#2800,#640);
#412=LINE('',#2803,#641);
#413=LINE('',#2804,#642);
#414=LINE('',#2806,#643);
#415=LINE('',#2809,#644);
#416=LINE('',#2810,#645);
#417=LINE('',#2813,#646);
#418=LINE('',#2814,#647);
#419=LINE('',#2817,#648);
#420=LINE('',#2818,#649);
#421=LINE('',#2821,#650);
#422=LINE('',#2822,#651);
#423=LINE('',#2825,#652);
#424=LINE('',#2826,#653);
#425=LINE('',#2828,#654);
#426=LINE('',#2831,#655);
#427=LINE('',#2832,#656);
#428=LINE('',#2836,#657);
#429=LINE('',#2838,#658);
#430=LINE('',#2839,#659);
#431=LINE('',#2841,#660);
#432=LINE('',#2844,#661);
#433=LINE('',#2845,#662);
#434=LINE('',#2847,#663);
#435=LINE('',#2849,#664);
#436=LINE('',#2853,#665);
#437=LINE('',#2854,#666);
#438=LINE('',#2855,#667);
#439=LINE('',#2857,#668);
#440=LINE('',#2860,#669);
#441=LINE('',#2861,#670);
#442=LINE('',#2864,#671);
#443=LINE('',#2865,#672);
#444=LINE('',#2868,#673);
#445=LINE('',#2869,#674);
#446=LINE('',#2872,#675);
#447=LINE('',#2873,#676);
#448=LINE('',#2876,#677);
#449=LINE('',#2877,#678);
#450=LINE('',#2879,#679);
#451=LINE('',#2881,#680);
#452=LINE('',#2884,#681);
#453=LINE('',#2885,#682);
#454=LINE('',#2887,#683);
#455=LINE('',#2891,#684);
#456=LINE('',#2893,#685);
#457=LINE('',#2894,#686);
#458=LINE('',#2897,#687);
#459=LINE('',#2898,#688);
#460=LINE('',#2900,#689);
#461=LINE('',#2901,#690);
#462=LINE('',#2903,#691);
#463=LINE('',#2905,#692);
#464=LINE('',#2906,#693);
#465=LINE('',#2909,#694);
#466=LINE('',#2910,#695);
#467=LINE('',#2912,#696);
#468=LINE('',#2915,#697);
#469=LINE('',#2916,#698);
#470=LINE('',#2918,#699);
#471=LINE('',#2921,#700);
#472=LINE('',#2923,#701);
#473=LINE('',#2925,#702);
#474=LINE('',#2926,#703);
#475=LINE('',#2927,#704);
#476=LINE('',#2928,#705);
#477=LINE('',#2929,#706);
#478=LINE('',#2930,#707);
#479=LINE('',#2933,#708);
#480=LINE('',#2934,#709);
#481=LINE('',#2936,#710);
#482=LINE('',#2940,#711);
#483=LINE('',#2942,#712);
#484=LINE('',#2944,#713);
#485=LINE('',#2950,#714);
#486=VECTOR('',#1968,1.);
#487=VECTOR('',#1969,1.);
#488=VECTOR('',#1970,1.);
#489=VECTOR('',#1971,1.);
#490=VECTOR('',#1974,1.);
#491=VECTOR('',#1975,1.);
#492=VECTOR('',#1976,1.);
#493=VECTOR('',#1979,1.);
#494=VECTOR('',#1980,1.);
#495=VECTOR('',#1981,1.);
#496=VECTOR('',#1982,1.);
#497=VECTOR('',#1983,1.);
#498=VECTOR('',#1984,1.);
#499=VECTOR('',#1985,1.);
#500=VECTOR('',#1986,1.);
#501=VECTOR('',#1987,1.);
#502=VECTOR('',#2024,2.0085);
#503=VECTOR('',#2035,2.0085);
#504=VECTOR('',#2040,1.);
#505=VECTOR('',#2041,1.);
#506=VECTOR('',#2044,1.);
#507=VECTOR('',#2045,1.);
#508=VECTOR('',#2048,1.);
#509=VECTOR('',#2051,1.);
#510=VECTOR('',#2054,1.);
#511=VECTOR('',#2057,1.);
#512=VECTOR('',#2060,1.);
#513=VECTOR('',#2063,1.);
#514=VECTOR('',#2064,1.);
#515=VECTOR('',#2067,1.);
#516=VECTOR('',#2070,1.);
#517=VECTOR('',#2071,0.50085);
#518=VECTOR('',#2072,0.20085);
#519=VECTOR('',#2073,0.50085);
#520=VECTOR('',#2076,1.);
#521=VECTOR('',#2077,0.400849999999998);
#522=VECTOR('',#2078,0.50085);
#523=VECTOR('',#2081,1.);
#524=VECTOR('',#2082,0.20085);
#525=VECTOR('',#2083,0.50085);
#526=VECTOR('',#2086,0.400849999999998);
#527=VECTOR('',#2089,1.);
#528=VECTOR('',#2092,1.);
#529=VECTOR('',#2093,1.);
#530=VECTOR('',#2096,1.);
#531=VECTOR('',#2097,1.);
#532=VECTOR('',#2100,1.);
#533=VECTOR('',#2103,1.);
#534=VECTOR('',#2106,1.);
#535=VECTOR('',#2109,1.);
#536=VECTOR('',#2112,1.);
#537=VECTOR('',#2115,1.);
#538=VECTOR('',#2116,1.);
#539=VECTOR('',#2117,1.);
#540=VECTOR('',#2118,1.);
#541=VECTOR('',#2121,1.);
#542=VECTOR('',#2122,1.);
#543=VECTOR('',#2123,1.);
#544=VECTOR('',#2126,1.);
#545=VECTOR('',#2127,1.);
#546=VECTOR('',#2128,1.);
#547=VECTOR('',#2131,1.);
#548=VECTOR('',#2132,1.);
#549=VECTOR('',#2133,1.);
#550=VECTOR('',#2134,1.);
#551=VECTOR('',#2137,1.);
#552=VECTOR('',#2138,1.);
#553=VECTOR('',#2139,1.);
#554=VECTOR('',#2142,1.);
#555=VECTOR('',#2143,1.);
#556=VECTOR('',#2146,1.);
#557=VECTOR('',#2147,1.);
#558=VECTOR('',#2148,1.);
#559=VECTOR('',#2151,1.);
#560=VECTOR('',#2152,1.);
#561=VECTOR('',#2155,1.);
#562=VECTOR('',#2156,1.);
#563=VECTOR('',#2157,1.);
#564=VECTOR('',#2158,1.);
#565=VECTOR('',#2161,1.);
#566=VECTOR('',#2162,1.);
#567=VECTOR('',#2163,1.);
#568=VECTOR('',#2166,1.);
#569=VECTOR('',#2167,1.);
#570=VECTOR('',#2170,1.);
#571=VECTOR('',#2171,1.);
#572=VECTOR('',#2174,1.);
#573=VECTOR('',#2175,1.);
#574=VECTOR('',#2178,1.);
#575=VECTOR('',#2179,1.);
#576=VECTOR('',#2180,1.);
#577=VECTOR('',#2181,1.);
#578=VECTOR('',#2184,1.);
#579=VECTOR('',#2185,1.);
#580=VECTOR('',#2186,1.);
#581=VECTOR('',#2187,1.);
#582=VECTOR('',#2190,1.);
#583=VECTOR('',#2191,1.);
#584=VECTOR('',#2192,1.);
#585=VECTOR('',#2193,1.);
#586=VECTOR('',#2196,1.);
#587=VECTOR('',#2197,1.);
#588=VECTOR('',#2198,1.);
#589=VECTOR('',#2199,1.);
#590=VECTOR('',#2200,1.);
#591=VECTOR('',#2201,1.);
#592=VECTOR('',#2202,1.);
#593=VECTOR('',#2203,1.);
#594=VECTOR('',#2204,1.);
#595=VECTOR('',#2205,1.);
#596=VECTOR('',#2208,1.);
#597=VECTOR('',#2209,1.);
#598=VECTOR('',#2210,1.);
#599=VECTOR('',#2211,1.);
#600=VECTOR('',#2212,1.);
#601=VECTOR('',#2213,1.);
#602=VECTOR('',#2214,1.);
#603=VECTOR('',#2215,1.);
#604=VECTOR('',#2216,1.);
#605=VECTOR('',#2217,1.);
#606=VECTOR('',#2218,1.);
#607=VECTOR('',#2219,1.);
#608=VECTOR('',#2220,1.);
#609=VECTOR('',#2221,1.);
#610=VECTOR('',#2222,1.);
#611=VECTOR('',#2225,1.);
#612=VECTOR('',#2226,1.);
#613=VECTOR('',#2229,1.);
#614=VECTOR('',#2230,1.);
#615=VECTOR('',#2233,1.);
#616=VECTOR('',#2234,1.);
#617=VECTOR('',#2235,1.);
#618=VECTOR('',#2236,1.);
#619=VECTOR('',#2237,1.);
#620=VECTOR('',#2238,1.);
#621=VECTOR('',#2239,1.);
#622=VECTOR('',#2240,1.);
#623=VECTOR('',#2241,1.);
#624=VECTOR('',#2242,1.);
#625=VECTOR('',#2243,1.);
#626=VECTOR('',#2244,1.);
#627=VECTOR('',#2247,1.);
#628=VECTOR('',#2248,1.);
#629=VECTOR('',#2249,1.);
#630=VECTOR('',#2252,1.);
#631=VECTOR('',#2253,1.);
#632=VECTOR('',#2254,1.);
#633=VECTOR('',#2255,1.);
#634=VECTOR('',#2256,1.);
#635=VECTOR('',#2259,1.);
#636=VECTOR('',#2260,1.);
#637=VECTOR('',#2263,1.);
#638=VECTOR('',#2264,1.);
#639=VECTOR('',#2267,1.);
#640=VECTOR('',#2268,1.);
#641=VECTOR('',#2271,1.);
#642=VECTOR('',#2272,1.);
#643=VECTOR('',#2275,1.);
#644=VECTOR('',#2278,1.);
#645=VECTOR('',#2279,1.);
#646=VECTOR('',#2282,1.);
#647=VECTOR('',#2283,1.);
#648=VECTOR('',#2286,1.);
#649=VECTOR('',#2287,1.);
#650=VECTOR('',#2290,1.);
#651=VECTOR('',#2291,1.);
#652=VECTOR('',#2294,1.);
#653=VECTOR('',#2295,1.);
#654=VECTOR('',#2298,1.);
#655=VECTOR('',#2301,1.);
#656=VECTOR('',#2302,1.);
#657=VECTOR('',#2307,1.);
#658=VECTOR('',#2308,1.);
#659=VECTOR('',#2309,1.);
#660=VECTOR('',#2312,1.);
#661=VECTOR('',#2315,1.);
#662=VECTOR('',#2316,1.);
#663=VECTOR('',#2319,1.);
#664=VECTOR('',#2322,1.);
#665=VECTOR('',#2325,1.);
#666=VECTOR('',#2326,1.);
#667=VECTOR('',#2327,1.);
#668=VECTOR('',#2330,1.);
#669=VECTOR('',#2333,1.);
#670=VECTOR('',#2334,1.);
#671=VECTOR('',#2337,1.);
#672=VECTOR('',#2338,1.);
#673=VECTOR('',#2341,1.);
#674=VECTOR('',#2342,1.);
#675=VECTOR('',#2345,1.);
#676=VECTOR('',#2346,1.);
#677=VECTOR('',#2349,1.);
#678=VECTOR('',#2350,1.);
#679=VECTOR('',#2353,1.);
#680=VECTOR('',#2356,1.);
#681=VECTOR('',#2359,1.);
#682=VECTOR('',#2360,1.);
#683=VECTOR('',#2363,1.);
#684=VECTOR('',#2368,1.);
#685=VECTOR('',#2369,1.);
#686=VECTOR('',#2370,1.);
#687=VECTOR('',#2373,1.);
#688=VECTOR('',#2374,1.);
#689=VECTOR('',#2377,1.);
#690=VECTOR('',#2378,1.);
#691=VECTOR('',#2381,1.);
#692=VECTOR('',#2384,1.);
#693=VECTOR('',#2385,1.);
#694=VECTOR('',#2388,1.);
#695=VECTOR('',#2389,1.);
#696=VECTOR('',#2392,1.);
#697=VECTOR('',#2395,1.);
#698=VECTOR('',#2396,1.);
#699=VECTOR('',#2399,1.);
#700=VECTOR('',#2402,1.);
#701=VECTOR('',#2403,1.);
#702=VECTOR('',#2404,1.);
#703=VECTOR('',#2405,1.);
#704=VECTOR('',#2406,1.);
#705=VECTOR('',#2407,1.);
#706=VECTOR('',#2408,1.);
#707=VECTOR('',#2409,1.);
#708=VECTOR('',#2414,1.);
#709=VECTOR('',#2415,1.);
#710=VECTOR('',#2418,1.);
#711=VECTOR('',#2425,1.);
#712=VECTOR('',#2428,1.);
#713=VECTOR('',#2431,1.);
#714=VECTOR('',#2442,1.);
#715=VERTEX_POINT('',#2449);
#716=VERTEX_POINT('',#2450);
#717=VERTEX_POINT('',#2452);
#718=VERTEX_POINT('',#2454);
#719=VERTEX_POINT('',#2458);
#720=VERTEX_POINT('',#2460);
#721=VERTEX_POINT('',#2464);
#722=VERTEX_POINT('',#2466);
#723=VERTEX_POINT('',#2468);
#724=VERTEX_POINT('',#2470);
#725=VERTEX_POINT('',#2472);
#726=VERTEX_POINT('',#2474);
#727=VERTEX_POINT('',#2476);
#728=VERTEX_POINT('',#2478);
#729=VERTEX_POINT('',#2482);
#730=VERTEX_POINT('',#2483);
#731=VERTEX_POINT('',#2485);
#732=VERTEX_POINT('',#2487);
#733=VERTEX_POINT('',#2489);
#734=VERTEX_POINT('',#2491);
#735=VERTEX_POINT('',#2493);
#736=VERTEX_POINT('',#2495);
#737=VERTEX_POINT('',#2497);
#738=VERTEX_POINT('',#2499);
#739=VERTEX_POINT('',#2501);
#740=VERTEX_POINT('',#2503);
#741=VERTEX_POINT('',#2505);
#742=VERTEX_POINT('',#2507);
#743=VERTEX_POINT('',#2509);
#744=VERTEX_POINT('',#2511);
#745=VERTEX_POINT('',#2513);
#746=VERTEX_POINT('',#2515);
#747=VERTEX_POINT('',#2517);
#748=VERTEX_POINT('',#2520);
#749=VERTEX_POINT('',#2524);
#750=VERTEX_POINT('',#2526);
#751=VERTEX_POINT('',#2533);
#752=VERTEX_POINT('',#2547);
#753=VERTEX_POINT('',#2553);
#754=VERTEX_POINT('',#2554);
#755=VERTEX_POINT('',#2556);
#756=VERTEX_POINT('',#2558);
#757=VERTEX_POINT('',#2562);
#758=VERTEX_POINT('',#2564);
#759=VERTEX_POINT('',#2568);
#760=VERTEX_POINT('',#2570);
#761=VERTEX_POINT('',#2594);
#762=VERTEX_POINT('',#2595);
#763=VERTEX_POINT('',#2597);
#764=VERTEX_POINT('',#2599);
#765=VERTEX_POINT('',#2603);
#766=VERTEX_POINT('',#2605);
#767=VERTEX_POINT('',#2609);
#768=VERTEX_POINT('',#2610);
#769=VERTEX_POINT('',#2612);
#770=VERTEX_POINT('',#2616);
#771=VERTEX_POINT('',#2617);
#772=VERTEX_POINT('',#2619);
#773=VERTEX_POINT('',#2621);
#774=VERTEX_POINT('',#2625);
#775=VERTEX_POINT('',#2626);
#776=VERTEX_POINT('',#2628);
#777=VERTEX_POINT('',#2632);
#778=VERTEX_POINT('',#2636);
#779=VERTEX_POINT('',#2637);
#780=VERTEX_POINT('',#2642);
#781=VERTEX_POINT('',#2646);
#782=VERTEX_POINT('',#2647);
#783=VERTEX_POINT('',#2649);
#784=VERTEX_POINT('',#2651);
#785=VERTEX_POINT('',#2655);
#786=VERTEX_POINT('',#2656);
#787=VERTEX_POINT('',#2664);
#788=VERTEX_POINT('',#2668);
#789=VERTEX_POINT('',#2672);
#790=VERTEX_POINT('',#2673);
#791=VERTEX_POINT('',#2675);
#792=VERTEX_POINT('',#2677);
#793=VERTEX_POINT('',#2681);
#794=VERTEX_POINT('',#2682);
#795=VERTEX_POINT('',#2684);
#796=VERTEX_POINT('',#2686);
#797=VERTEX_POINT('',#2690);
#798=VERTEX_POINT('',#2691);
#799=VERTEX_POINT('',#2693);
#800=VERTEX_POINT('',#2695);
#801=VERTEX_POINT('',#2699);
#802=VERTEX_POINT('',#2701);
#803=VERTEX_POINT('',#2703);
#804=VERTEX_POINT('',#2705);
#805=VERTEX_POINT('',#2707);
#806=VERTEX_POINT('',#2709);
#807=VERTEX_POINT('',#2711);
#808=VERTEX_POINT('',#2713);
#809=VERTEX_POINT('',#2715);
#810=VERTEX_POINT('',#2719);
#811=VERTEX_POINT('',#2721);
#812=VERTEX_POINT('',#2723);
#813=VERTEX_POINT('',#2725);
#814=VERTEX_POINT('',#2727);
#815=VERTEX_POINT('',#2730);
#816=VERTEX_POINT('',#2732);
#817=VERTEX_POINT('',#2734);
#818=VERTEX_POINT('',#2737);
#819=VERTEX_POINT('',#2739);
#820=VERTEX_POINT('',#2741);
#821=VERTEX_POINT('',#2743);
#822=VERTEX_POINT('',#2747);
#823=VERTEX_POINT('',#2751);
#824=VERTEX_POINT('',#2755);
#825=VERTEX_POINT('',#2757);
#826=VERTEX_POINT('',#2759);
#827=VERTEX_POINT('',#2762);
#828=VERTEX_POINT('',#2766);
#829=VERTEX_POINT('',#2768);
#830=VERTEX_POINT('',#2770);
#831=VERTEX_POINT('',#2772);
#832=VERTEX_POINT('',#2776);
#833=VERTEX_POINT('',#2781);
#834=VERTEX_POINT('',#2782);
#835=VERTEX_POINT('',#2784);
#836=VERTEX_POINT('',#2790);
#837=VERTEX_POINT('',#2794);
#838=VERTEX_POINT('',#2798);
#839=VERTEX_POINT('',#2802);
#840=VERTEX_POINT('',#2808);
#841=VERTEX_POINT('',#2812);
#842=VERTEX_POINT('',#2816);
#843=VERTEX_POINT('',#2820);
#844=VERTEX_POINT('',#2824);
#845=VERTEX_POINT('',#2830);
#846=VERTEX_POINT('',#2835);
#847=VERTEX_POINT('',#2837);
#848=VERTEX_POINT('',#2843);
#849=VERTEX_POINT('',#2851);
#850=VERTEX_POINT('',#2852);
#851=VERTEX_POINT('',#2859);
#852=VERTEX_POINT('',#2863);
#853=VERTEX_POINT('',#2867);
#854=VERTEX_POINT('',#2871);
#855=VERTEX_POINT('',#2875);
#856=VERTEX_POINT('',#2883);
#857=VERTEX_POINT('',#2890);
#858=VERTEX_POINT('',#2892);
#859=VERTEX_POINT('',#2896);
#860=VERTEX_POINT('',#2908);
#861=VERTEX_POINT('',#2914);
#862=VERTEX_POINT('',#2920);
#863=VERTEX_POINT('',#2922);
#864=VERTEX_POINT('',#2924);
#865=EDGE_CURVE('',#715,#716,#257,.T.);
#866=EDGE_CURVE('',#717,#715,#258,.T.);
#867=EDGE_CURVE('',#718,#717,#259,.T.);
#868=EDGE_CURVE('',#716,#718,#260,.T.);
#869=EDGE_CURVE('',#719,#717,#261,.T.);
#870=EDGE_CURVE('',#719,#720,#262,.T.);
#871=EDGE_CURVE('',#720,#718,#263,.T.);
#872=EDGE_CURVE('',#721,#715,#264,.T.);
#873=EDGE_CURVE('',#721,#722,#265,.T.);
#874=EDGE_CURVE('',#722,#723,#266,.T.);
#875=EDGE_CURVE('',#724,#723,#267,.T.);
#876=EDGE_CURVE('',#725,#724,#268,.T.);
#877=EDGE_CURVE('',#726,#725,#269,.T.);
#878=EDGE_CURVE('',#727,#726,#270,.T.);
#879=EDGE_CURVE('',#727,#728,#271,.T.);
#880=EDGE_CURVE('',#719,#728,#272,.T.);
#881=EDGE_CURVE('',#729,#730,#24,.T.);
#882=EDGE_CURVE('',#731,#729,#25,.T.);
#883=EDGE_CURVE('',#732,#731,#26,.T.);
#884=EDGE_CURVE('',#733,#732,#27,.T.);
#885=EDGE_CURVE('',#734,#733,#28,.T.);
#886=EDGE_CURVE('',#735,#734,#29,.T.);
#887=EDGE_CURVE('',#736,#735,#30,.T.);
#888=EDGE_CURVE('',#737,#736,#31,.T.);
#889=EDGE_CURVE('',#738,#737,#32,.T.);
#890=EDGE_CURVE('',#739,#738,#33,.T.);
#891=EDGE_CURVE('',#740,#739,#34,.T.);
#892=EDGE_CURVE('',#741,#740,#35,.T.);
#893=EDGE_CURVE('',#742,#741,#36,.T.);
#894=EDGE_CURVE('',#743,#742,#37,.T.);
#895=EDGE_CURVE('',#744,#743,#38,.T.);
#896=EDGE_CURVE('',#745,#744,#39,.T.);
#897=EDGE_CURVE('',#746,#745,#40,.T.);
#898=EDGE_CURVE('',#746,#747,#273,.T.);
#899=EDGE_CURVE('',#747,#747,#20,.T.);
#900=EDGE_CURVE('',#748,#746,#41,.T.);
#901=EDGE_CURVE('',#730,#748,#21,.T.);
#902=EDGE_CURVE('',#749,#749,#22,.T.);
#903=EDGE_CURVE('',#749,#750,#274,.T.);
#904=EDGE_CURVE('',#750,#750,#23,.T.);
#905=EDGE_CURVE('',#722,#738,#275,.T.);
#906=EDGE_CURVE('',#722,#739,#276,.T.);
#907=EDGE_CURVE('',#751,#737,#277,.T.);
#908=EDGE_CURVE('',#751,#722,#278,.T.);
#909=EDGE_CURVE('',#751,#736,#279,.T.);
#910=EDGE_CURVE('',#751,#735,#280,.T.);
#911=EDGE_CURVE('',#751,#734,#281,.T.);
#912=EDGE_CURVE('',#751,#733,#282,.T.);
#913=EDGE_CURVE('',#751,#732,#283,.T.);
#914=EDGE_CURVE('',#752,#731,#284,.T.);
#915=EDGE_CURVE('',#751,#752,#285,.T.);
#916=EDGE_CURVE('',#752,#729,#286,.T.);
#917=EDGE_CURVE('',#753,#754,#287,.T.);
#918=EDGE_CURVE('',#753,#755,#288,.T.);
#919=EDGE_CURVE('',#755,#756,#289,.T.);
#920=EDGE_CURVE('',#756,#754,#290,.T.);
#921=EDGE_CURVE('',#754,#757,#291,.T.);
#922=EDGE_CURVE('',#756,#758,#292,.T.);
#923=EDGE_CURVE('',#757,#758,#293,.T.);
#924=EDGE_CURVE('',#757,#759,#294,.T.);
#925=EDGE_CURVE('',#758,#760,#295,.T.);
#926=EDGE_CURVE('',#760,#759,#296,.T.);
#927=EDGE_CURVE('',#755,#760,#297,.T.);
#928=EDGE_CURVE('',#759,#753,#298,.T.);
#929=EDGE_CURVE('',#743,#722,#299,.T.);
#930=EDGE_CURVE('',#744,#721,#300,.T.);
#931=EDGE_CURVE('',#721,#745,#301,.T.);
#932=EDGE_CURVE('',#721,#748,#302,.T.);
#933=EDGE_CURVE('',#722,#740,#303,.T.);
#934=EDGE_CURVE('',#722,#741,#304,.T.);
#935=EDGE_CURVE('',#742,#722,#305,.T.);
#936=EDGE_CURVE('',#752,#730,#306,.T.);
#937=EDGE_CURVE('',#716,#752,#307,.T.);
#938=EDGE_CURVE('',#761,#762,#308,.T.);
#939=EDGE_CURVE('',#763,#761,#309,.T.);
#940=EDGE_CURVE('',#763,#764,#310,.T.);
#941=EDGE_CURVE('',#764,#762,#311,.T.);
#942=EDGE_CURVE('',#765,#761,#312,.T.);
#943=EDGE_CURVE('',#766,#765,#313,.T.);
#944=EDGE_CURVE('',#763,#766,#314,.T.);
#945=EDGE_CURVE('',#767,#768,#315,.T.);
#946=EDGE_CURVE('',#768,#769,#316,.T.);
#947=EDGE_CURVE('',#767,#769,#317,.T.);
#948=EDGE_CURVE('',#770,#771,#318,.T.);
#949=EDGE_CURVE('',#772,#771,#319,.T.);
#950=EDGE_CURVE('',#772,#773,#320,.T.);
#951=EDGE_CURVE('',#770,#773,#321,.T.);
#952=EDGE_CURVE('',#774,#775,#322,.T.);
#953=EDGE_CURVE('',#774,#776,#323,.T.);
#954=EDGE_CURVE('',#775,#776,#324,.T.);
#955=EDGE_CURVE('',#774,#777,#325,.T.);
#956=EDGE_CURVE('',#777,#776,#326,.T.);
#957=EDGE_CURVE('',#778,#779,#327,.T.);
#958=EDGE_CURVE('',#778,#774,#328,.T.);
#959=EDGE_CURVE('',#779,#774,#329,.T.);
#960=EDGE_CURVE('',#780,#774,#330,.T.);
#961=EDGE_CURVE('',#780,#777,#331,.T.);
#962=EDGE_CURVE('',#781,#782,#332,.T.);
#963=EDGE_CURVE('',#783,#782,#333,.T.);
#964=EDGE_CURVE('',#783,#784,#334,.T.);
#965=EDGE_CURVE('',#781,#784,#335,.T.);
#966=EDGE_CURVE('',#785,#786,#336,.T.);
#967=EDGE_CURVE('',#785,#781,#337,.T.);
#968=EDGE_CURVE('',#786,#784,#338,.T.);
#969=EDGE_CURVE('',#775,#786,#339,.T.);
#970=EDGE_CURVE('',#785,#775,#340,.T.);
#971=EDGE_CURVE('',#787,#776,#341,.T.);
#972=EDGE_CURVE('',#787,#775,#342,.T.);
#973=EDGE_CURVE('',#788,#777,#343,.T.);
#974=EDGE_CURVE('',#788,#787,#344,.T.);
#975=EDGE_CURVE('',#789,#790,#345,.T.);
#976=EDGE_CURVE('',#789,#791,#346,.T.);
#977=EDGE_CURVE('',#791,#792,#347,.T.);
#978=EDGE_CURVE('',#790,#792,#348,.T.);
#979=EDGE_CURVE('',#793,#794,#349,.T.);
#980=EDGE_CURVE('',#795,#794,#350,.T.);
#981=EDGE_CURVE('',#796,#795,#351,.T.);
#982=EDGE_CURVE('',#796,#793,#352,.T.);
#983=EDGE_CURVE('',#797,#798,#353,.T.);
#984=EDGE_CURVE('',#799,#798,#354,.T.);
#985=EDGE_CURVE('',#800,#799,#355,.T.);
#986=EDGE_CURVE('',#800,#797,#356,.T.);
#987=EDGE_CURVE('',#801,#796,#357,.T.);
#988=EDGE_CURVE('',#802,#801,#358,.T.);
#989=EDGE_CURVE('',#802,#803,#359,.T.);
#990=EDGE_CURVE('',#803,#804,#360,.T.);
#991=EDGE_CURVE('',#805,#804,#361,.T.);
#992=EDGE_CURVE('',#806,#805,#362,.T.);
#993=EDGE_CURVE('',#806,#807,#363,.T.);
#994=EDGE_CURVE('',#808,#807,#364,.T.);
#995=EDGE_CURVE('',#809,#808,#365,.T.);
#996=EDGE_CURVE('',#809,#793,#366,.T.);
#997=EDGE_CURVE('',#810,#800,#367,.T.);
#998=EDGE_CURVE('',#799,#811,#368,.T.);
#999=EDGE_CURVE('',#811,#812,#369,.T.);
#1000=EDGE_CURVE('',#812,#813,#370,.T.);
#1001=EDGE_CURVE('',#813,#814,#371,.T.);
#1002=EDGE_CURVE('',#814,#789,#372,.T.);
#1003=EDGE_CURVE('',#790,#815,#373,.T.);
#1004=EDGE_CURVE('',#816,#815,#374,.T.);
#1005=EDGE_CURVE('',#816,#817,#375,.T.);
#1006=EDGE_CURVE('',#817,#774,#376,.T.);
#1007=EDGE_CURVE('',#783,#818,#377,.T.);
#1008=EDGE_CURVE('',#818,#819,#378,.T.);
#1009=EDGE_CURVE('',#819,#820,#379,.T.);
#1010=EDGE_CURVE('',#820,#821,#380,.T.);
#1011=EDGE_CURVE('',#821,#810,#381,.T.);
#1012=EDGE_CURVE('',#801,#822,#382,.T.);
#1013=EDGE_CURVE('',#822,#795,#383,.T.);
#1014=EDGE_CURVE('',#792,#823,#384,.T.);
#1015=EDGE_CURVE('',#815,#823,#385,.T.);
#1016=EDGE_CURVE('',#720,#824,#386,.T.);
#1017=EDGE_CURVE('',#825,#824,#387,.T.);
#1018=EDGE_CURVE('',#826,#825,#388,.T.);
#1019=EDGE_CURVE('',#826,#765,#389,.T.);
#1020=EDGE_CURVE('',#762,#827,#390,.T.);
#1021=EDGE_CURVE('',#767,#827,#391,.T.);
#1022=EDGE_CURVE('',#773,#769,#392,.T.);
#1023=EDGE_CURVE('',#828,#772,#393,.T.);
#1024=EDGE_CURVE('',#829,#828,#394,.T.);
#1025=EDGE_CURVE('',#830,#829,#395,.T.);
#1026=EDGE_CURVE('',#830,#831,#396,.T.);
#1027=EDGE_CURVE('',#831,#751,#397,.T.);
#1028=EDGE_CURVE('',#832,#725,#398,.T.);
#1029=EDGE_CURVE('',#802,#724,#399,.T.);
#1030=EDGE_CURVE('',#832,#822,#400,.T.);
#1031=EDGE_CURVE('',#833,#834,#401,.T.);
#1032=EDGE_CURVE('',#834,#835,#402,.T.);
#1033=EDGE_CURVE('',#835,#804,#403,.T.);
#1034=EDGE_CURVE('',#803,#723,#404,.T.);
#1035=EDGE_CURVE('',#831,#833,#405,.T.);
#1036=EDGE_CURVE('',#814,#836,#406,.T.);
#1037=EDGE_CURVE('',#836,#791,#407,.T.);
#1038=EDGE_CURVE('',#837,#836,#408,.T.);
#1039=EDGE_CURVE('',#813,#837,#409,.T.);
#1040=EDGE_CURVE('',#812,#838,#410,.T.);
#1041=EDGE_CURVE('',#838,#837,#411,.T.);
#1042=EDGE_CURVE('',#811,#839,#412,.T.);
#1043=EDGE_CURVE('',#839,#838,#413,.T.);
#1044=EDGE_CURVE('',#798,#839,#414,.T.);
#1045=EDGE_CURVE('',#810,#840,#415,.T.);
#1046=EDGE_CURVE('',#840,#797,#416,.T.);
#1047=EDGE_CURVE('',#841,#840,#417,.T.);
#1048=EDGE_CURVE('',#821,#841,#418,.T.);
#1049=EDGE_CURVE('',#820,#842,#419,.T.);
#1050=EDGE_CURVE('',#842,#841,#420,.T.);
#1051=EDGE_CURVE('',#819,#843,#421,.T.);
#1052=EDGE_CURVE('',#843,#842,#422,.T.);
#1053=EDGE_CURVE('',#818,#844,#423,.T.);
#1054=EDGE_CURVE('',#844,#843,#424,.T.);
#1055=EDGE_CURVE('',#782,#844,#425,.T.);
#1056=EDGE_CURVE('',#809,#845,#426,.T.);
#1057=EDGE_CURVE('',#845,#794,#427,.T.);
#1058=EDGE_CURVE('',#846,#834,#428,.T.);
#1059=EDGE_CURVE('',#846,#847,#429,.T.);
#1060=EDGE_CURVE('',#847,#835,#430,.T.);
#1061=EDGE_CURVE('',#847,#805,#431,.T.);
#1062=EDGE_CURVE('',#848,#805,#432,.T.);
#1063=EDGE_CURVE('',#848,#847,#433,.T.);
#1064=EDGE_CURVE('',#848,#806,#434,.T.);
#1065=EDGE_CURVE('',#848,#846,#435,.T.);
#1066=EDGE_CURVE('',#849,#850,#436,.T.);
#1067=EDGE_CURVE('',#850,#774,#437,.T.);
#1068=EDGE_CURVE('',#849,#774,#438,.T.);
#1069=EDGE_CURVE('',#850,#779,#439,.T.);
#1070=EDGE_CURVE('',#851,#774,#440,.T.);
#1071=EDGE_CURVE('',#849,#851,#441,.T.);
#1072=EDGE_CURVE('',#852,#774,#442,.T.);
#1073=EDGE_CURVE('',#852,#851,#443,.T.);
#1074=EDGE_CURVE('',#852,#853,#444,.T.);
#1075=EDGE_CURVE('',#851,#853,#445,.T.);
#1076=EDGE_CURVE('',#807,#854,#446,.T.);
#1077=EDGE_CURVE('',#848,#854,#447,.T.);
#1078=EDGE_CURVE('',#808,#855,#448,.T.);
#1079=EDGE_CURVE('',#855,#854,#449,.T.);
#1080=EDGE_CURVE('',#845,#855,#450,.T.);
#1081=EDGE_CURVE('',#852,#817,#451,.T.);
#1082=EDGE_CURVE('',#856,#852,#452,.T.);
#1083=EDGE_CURVE('',#856,#816,#453,.T.);
#1084=EDGE_CURVE('',#856,#823,#454,.T.);
#1085=EDGE_CURVE('',#849,#857,#455,.T.);
#1086=EDGE_CURVE('',#857,#858,#456,.T.);
#1087=EDGE_CURVE('',#849,#858,#457,.T.);
#1088=EDGE_CURVE('',#788,#859,#458,.T.);
#1089=EDGE_CURVE('',#780,#859,#459,.T.);
#1090=EDGE_CURVE('',#778,#780,#460,.T.);
#1091=EDGE_CURVE('',#778,#859,#461,.T.);
#1092=EDGE_CURVE('',#768,#770,#462,.T.);
#1093=EDGE_CURVE('',#726,#826,#463,.T.);
#1094=EDGE_CURVE('',#766,#832,#464,.T.);
#1095=EDGE_CURVE('',#768,#860,#465,.T.);
#1096=EDGE_CURVE('',#767,#860,#466,.T.);
#1097=EDGE_CURVE('',#860,#827,#467,.T.);
#1098=EDGE_CURVE('',#861,#860,#468,.T.);
#1099=EDGE_CURVE('',#861,#827,#469,.T.);
#1100=EDGE_CURVE('',#728,#824,#470,.T.);
#1101=EDGE_CURVE('',#862,#833,#471,.T.);
#1102=EDGE_CURVE('',#862,#863,#472,.T.);
#1103=EDGE_CURVE('',#863,#864,#473,.T.);
#1104=EDGE_CURVE('',#864,#771,#474,.T.);
#1105=EDGE_CURVE('',#764,#861,#475,.T.);
#1106=EDGE_CURVE('',#787,#785,#476,.T.);
#1107=EDGE_CURVE('',#859,#858,#477,.T.);
#1108=EDGE_CURVE('',#857,#853,#478,.T.);
#1109=EDGE_CURVE('',#828,#864,#479,.T.);
#1110=EDGE_CURVE('',#829,#863,#480,.T.);
#1111=EDGE_CURVE('',#830,#862,#481,.T.);
#1112=EDGE_CURVE('',#778,#858,#482,.T.);
#1113=EDGE_CURVE('',#779,#858,#483,.T.);
#1114=EDGE_CURVE('',#850,#858,#484,.T.);
#1115=EDGE_CURVE('',#727,#825,#485,.T.);
#1116=ORIENTED_EDGE('',*,*,#865,.F.);
#1117=ORIENTED_EDGE('',*,*,#866,.F.);
#1118=ORIENTED_EDGE('',*,*,#867,.F.);
#1119=ORIENTED_EDGE('',*,*,#868,.F.);
#1120=ORIENTED_EDGE('',*,*,#867,.T.);
#1121=ORIENTED_EDGE('',*,*,#869,.F.);
#1122=ORIENTED_EDGE('',*,*,#870,.T.);
#1123=ORIENTED_EDGE('',*,*,#871,.T.);
#1124=ORIENTED_EDGE('',*,*,#866,.T.);
#1125=ORIENTED_EDGE('',*,*,#872,.F.);
#1126=ORIENTED_EDGE('',*,*,#873,.T.);
#1127=ORIENTED_EDGE('',*,*,#874,.T.);
#1128=ORIENTED_EDGE('',*,*,#875,.F.);
#1129=ORIENTED_EDGE('',*,*,#876,.F.);
#1130=ORIENTED_EDGE('',*,*,#877,.F.);
#1131=ORIENTED_EDGE('',*,*,#878,.F.);
#1132=ORIENTED_EDGE('',*,*,#879,.T.);
#1133=ORIENTED_EDGE('',*,*,#880,.F.);
#1134=ORIENTED_EDGE('',*,*,#869,.T.);
#1135=ORIENTED_EDGE('',*,*,#881,.F.);
#1136=ORIENTED_EDGE('',*,*,#882,.F.);
#1137=ORIENTED_EDGE('',*,*,#883,.F.);
#1138=ORIENTED_EDGE('',*,*,#884,.F.);
#1139=ORIENTED_EDGE('',*,*,#885,.F.);
#1140=ORIENTED_EDGE('',*,*,#886,.F.);
#1141=ORIENTED_EDGE('',*,*,#887,.F.);
#1142=ORIENTED_EDGE('',*,*,#888,.F.);
#1143=ORIENTED_EDGE('',*,*,#889,.F.);
#1144=ORIENTED_EDGE('',*,*,#890,.F.);
#1145=ORIENTED_EDGE('',*,*,#891,.F.);
#1146=ORIENTED_EDGE('',*,*,#892,.F.);
#1147=ORIENTED_EDGE('',*,*,#893,.F.);
#1148=ORIENTED_EDGE('',*,*,#894,.F.);
#1149=ORIENTED_EDGE('',*,*,#895,.F.);
#1150=ORIENTED_EDGE('',*,*,#896,.F.);
#1151=ORIENTED_EDGE('',*,*,#897,.F.);
#1152=ORIENTED_EDGE('',*,*,#898,.T.);
#1153=ORIENTED_EDGE('',*,*,#899,.F.);
#1154=ORIENTED_EDGE('',*,*,#898,.F.);
#1155=ORIENTED_EDGE('',*,*,#900,.F.);
#1156=ORIENTED_EDGE('',*,*,#901,.F.);
#1157=ORIENTED_EDGE('',*,*,#902,.F.);
#1158=ORIENTED_EDGE('',*,*,#903,.T.);
#1159=ORIENTED_EDGE('',*,*,#904,.F.);
#1160=ORIENTED_EDGE('',*,*,#903,.F.);
#1161=ORIENTED_EDGE('',*,*,#890,.T.);
#1162=ORIENTED_EDGE('',*,*,#905,.F.);
#1163=ORIENTED_EDGE('',*,*,#906,.T.);
#1164=ORIENTED_EDGE('',*,*,#889,.T.);
#1165=ORIENTED_EDGE('',*,*,#907,.F.);
#1166=ORIENTED_EDGE('',*,*,#908,.T.);
#1167=ORIENTED_EDGE('',*,*,#905,.T.);
#1168=ORIENTED_EDGE('',*,*,#888,.T.);
#1169=ORIENTED_EDGE('',*,*,#909,.F.);
#1170=ORIENTED_EDGE('',*,*,#907,.T.);
#1171=ORIENTED_EDGE('',*,*,#887,.T.);
#1172=ORIENTED_EDGE('',*,*,#910,.F.);
#1173=ORIENTED_EDGE('',*,*,#909,.T.);
#1174=ORIENTED_EDGE('',*,*,#886,.T.);
#1175=ORIENTED_EDGE('',*,*,#911,.F.);
#1176=ORIENTED_EDGE('',*,*,#910,.T.);
#1177=ORIENTED_EDGE('',*,*,#885,.T.);
#1178=ORIENTED_EDGE('',*,*,#912,.F.);
#1179=ORIENTED_EDGE('',*,*,#911,.T.);
#1180=ORIENTED_EDGE('',*,*,#884,.T.);
#1181=ORIENTED_EDGE('',*,*,#913,.F.);
#1182=ORIENTED_EDGE('',*,*,#912,.T.);
#1183=ORIENTED_EDGE('',*,*,#883,.T.);
#1184=ORIENTED_EDGE('',*,*,#914,.F.);
#1185=ORIENTED_EDGE('',*,*,#915,.F.);
#1186=ORIENTED_EDGE('',*,*,#913,.T.);
#1187=ORIENTED_EDGE('',*,*,#882,.T.);
#1188=ORIENTED_EDGE('',*,*,#916,.F.);
#1189=ORIENTED_EDGE('',*,*,#914,.T.);
#1190=ORIENTED_EDGE('',*,*,#917,.F.);
#1191=ORIENTED_EDGE('',*,*,#918,.T.);
#1192=ORIENTED_EDGE('',*,*,#919,.T.);
#1193=ORIENTED_EDGE('',*,*,#920,.T.);
#1194=ORIENTED_EDGE('',*,*,#921,.F.);
#1195=ORIENTED_EDGE('',*,*,#920,.F.);
#1196=ORIENTED_EDGE('',*,*,#922,.T.);
#1197=ORIENTED_EDGE('',*,*,#923,.F.);
#1198=ORIENTED_EDGE('',*,*,#902,.T.);
#1199=ORIENTED_EDGE('',*,*,#924,.F.);
#1200=ORIENTED_EDGE('',*,*,#923,.T.);
#1201=ORIENTED_EDGE('',*,*,#925,.T.);
#1202=ORIENTED_EDGE('',*,*,#926,.T.);
#1203=ORIENTED_EDGE('',*,*,#927,.T.);
#1204=ORIENTED_EDGE('',*,*,#925,.F.);
#1205=ORIENTED_EDGE('',*,*,#922,.F.);
#1206=ORIENTED_EDGE('',*,*,#919,.F.);
#1207=ORIENTED_EDGE('',*,*,#928,.F.);
#1208=ORIENTED_EDGE('',*,*,#926,.F.);
#1209=ORIENTED_EDGE('',*,*,#927,.F.);
#1210=ORIENTED_EDGE('',*,*,#918,.F.);
#1211=ORIENTED_EDGE('',*,*,#899,.T.);
#1212=ORIENTED_EDGE('',*,*,#895,.T.);
#1213=ORIENTED_EDGE('',*,*,#929,.T.);
#1214=ORIENTED_EDGE('',*,*,#873,.F.);
#1215=ORIENTED_EDGE('',*,*,#930,.F.);
#1216=ORIENTED_EDGE('',*,*,#900,.T.);
#1217=ORIENTED_EDGE('',*,*,#897,.T.);
#1218=ORIENTED_EDGE('',*,*,#931,.F.);
#1219=ORIENTED_EDGE('',*,*,#932,.T.);
#1220=ORIENTED_EDGE('',*,*,#891,.T.);
#1221=ORIENTED_EDGE('',*,*,#906,.F.);
#1222=ORIENTED_EDGE('',*,*,#933,.T.);
#1223=ORIENTED_EDGE('',*,*,#892,.T.);
#1224=ORIENTED_EDGE('',*,*,#933,.F.);
#1225=ORIENTED_EDGE('',*,*,#934,.T.);
#1226=ORIENTED_EDGE('',*,*,#893,.T.);
#1227=ORIENTED_EDGE('',*,*,#934,.F.);
#1228=ORIENTED_EDGE('',*,*,#935,.F.);
#1229=ORIENTED_EDGE('',*,*,#881,.T.);
#1230=ORIENTED_EDGE('',*,*,#936,.F.);
#1231=ORIENTED_EDGE('',*,*,#916,.T.);
#1232=ORIENTED_EDGE('',*,*,#865,.T.);
#1233=ORIENTED_EDGE('',*,*,#937,.T.);
#1234=ORIENTED_EDGE('',*,*,#936,.T.);
#1235=ORIENTED_EDGE('',*,*,#901,.T.);
#1236=ORIENTED_EDGE('',*,*,#932,.F.);
#1237=ORIENTED_EDGE('',*,*,#872,.T.);
#1238=ORIENTED_EDGE('',*,*,#938,.F.);
#1239=ORIENTED_EDGE('',*,*,#939,.F.);
#1240=ORIENTED_EDGE('',*,*,#940,.T.);
#1241=ORIENTED_EDGE('',*,*,#941,.T.);
#1242=ORIENTED_EDGE('',*,*,#939,.T.);
#1243=ORIENTED_EDGE('',*,*,#942,.F.);
#1244=ORIENTED_EDGE('',*,*,#943,.F.);
#1245=ORIENTED_EDGE('',*,*,#944,.F.);
#1246=ORIENTED_EDGE('',*,*,#945,.T.);
#1247=ORIENTED_EDGE('',*,*,#946,.T.);
#1248=ORIENTED_EDGE('',*,*,#947,.F.);
#1249=ORIENTED_EDGE('',*,*,#948,.T.);
#1250=ORIENTED_EDGE('',*,*,#949,.F.);
#1251=ORIENTED_EDGE('',*,*,#950,.T.);
#1252=ORIENTED_EDGE('',*,*,#951,.F.);
#1253=ORIENTED_EDGE('',*,*,#952,.F.);
#1254=ORIENTED_EDGE('',*,*,#953,.T.);
#1255=ORIENTED_EDGE('',*,*,#954,.F.);
#1256=ORIENTED_EDGE('',*,*,#953,.F.);
#1257=ORIENTED_EDGE('',*,*,#955,.T.);
#1258=ORIENTED_EDGE('',*,*,#956,.T.);
#1259=ORIENTED_EDGE('',*,*,#957,.F.);
#1260=ORIENTED_EDGE('',*,*,#958,.T.);
#1261=ORIENTED_EDGE('',*,*,#959,.F.);
#1262=ORIENTED_EDGE('',*,*,#955,.F.);
#1263=ORIENTED_EDGE('',*,*,#960,.F.);
#1264=ORIENTED_EDGE('',*,*,#961,.T.);
#1265=ORIENTED_EDGE('',*,*,#962,.T.);
#1266=ORIENTED_EDGE('',*,*,#963,.F.);
#1267=ORIENTED_EDGE('',*,*,#964,.T.);
#1268=ORIENTED_EDGE('',*,*,#965,.F.);
#1269=ORIENTED_EDGE('',*,*,#966,.F.);
#1270=ORIENTED_EDGE('',*,*,#967,.T.);
#1271=ORIENTED_EDGE('',*,*,#965,.T.);
#1272=ORIENTED_EDGE('',*,*,#968,.F.);
#1273=ORIENTED_EDGE('',*,*,#966,.T.);
#1274=ORIENTED_EDGE('',*,*,#969,.F.);
#1275=ORIENTED_EDGE('',*,*,#970,.F.);
#1276=ORIENTED_EDGE('',*,*,#954,.T.);
#1277=ORIENTED_EDGE('',*,*,#971,.F.);
#1278=ORIENTED_EDGE('',*,*,#972,.T.);
#1279=ORIENTED_EDGE('',*,*,#971,.T.);
#1280=ORIENTED_EDGE('',*,*,#956,.F.);
#1281=ORIENTED_EDGE('',*,*,#973,.F.);
#1282=ORIENTED_EDGE('',*,*,#974,.T.);
#1283=ORIENTED_EDGE('',*,*,#975,.F.);
#1284=ORIENTED_EDGE('',*,*,#976,.T.);
#1285=ORIENTED_EDGE('',*,*,#977,.T.);
#1286=ORIENTED_EDGE('',*,*,#978,.F.);
#1287=ORIENTED_EDGE('',*,*,#979,.T.);
#1288=ORIENTED_EDGE('',*,*,#980,.F.);
#1289=ORIENTED_EDGE('',*,*,#981,.F.);
#1290=ORIENTED_EDGE('',*,*,#982,.T.);
#1291=ORIENTED_EDGE('',*,*,#983,.T.);
#1292=ORIENTED_EDGE('',*,*,#984,.F.);
#1293=ORIENTED_EDGE('',*,*,#985,.F.);
#1294=ORIENTED_EDGE('',*,*,#986,.T.);
#1295=ORIENTED_EDGE('',*,*,#987,.F.);
#1296=ORIENTED_EDGE('',*,*,#988,.F.);
#1297=ORIENTED_EDGE('',*,*,#989,.T.);
#1298=ORIENTED_EDGE('',*,*,#990,.T.);
#1299=ORIENTED_EDGE('',*,*,#991,.F.);
#1300=ORIENTED_EDGE('',*,*,#992,.F.);
#1301=ORIENTED_EDGE('',*,*,#993,.T.);
#1302=ORIENTED_EDGE('',*,*,#994,.F.);
#1303=ORIENTED_EDGE('',*,*,#995,.F.);
#1304=ORIENTED_EDGE('',*,*,#996,.T.);
#1305=ORIENTED_EDGE('',*,*,#982,.F.);
#1306=ORIENTED_EDGE('',*,*,#997,.T.);
#1307=ORIENTED_EDGE('',*,*,#985,.T.);
#1308=ORIENTED_EDGE('',*,*,#998,.T.);
#1309=ORIENTED_EDGE('',*,*,#999,.T.);
#1310=ORIENTED_EDGE('',*,*,#1000,.T.);
#1311=ORIENTED_EDGE('',*,*,#1001,.T.);
#1312=ORIENTED_EDGE('',*,*,#1002,.T.);
#1313=ORIENTED_EDGE('',*,*,#975,.T.);
#1314=ORIENTED_EDGE('',*,*,#1003,.T.);
#1315=ORIENTED_EDGE('',*,*,#1004,.F.);
#1316=ORIENTED_EDGE('',*,*,#1005,.T.);
#1317=ORIENTED_EDGE('',*,*,#1006,.T.);
#1318=ORIENTED_EDGE('',*,*,#952,.T.);
#1319=ORIENTED_EDGE('',*,*,#969,.T.);
#1320=ORIENTED_EDGE('',*,*,#968,.T.);
#1321=ORIENTED_EDGE('',*,*,#964,.F.);
#1322=ORIENTED_EDGE('',*,*,#1007,.T.);
#1323=ORIENTED_EDGE('',*,*,#1008,.T.);
#1324=ORIENTED_EDGE('',*,*,#1009,.T.);
#1325=ORIENTED_EDGE('',*,*,#1010,.T.);
#1326=ORIENTED_EDGE('',*,*,#1011,.T.);
#1327=ORIENTED_EDGE('',*,*,#1012,.F.);
#1328=ORIENTED_EDGE('',*,*,#987,.T.);
#1329=ORIENTED_EDGE('',*,*,#981,.T.);
#1330=ORIENTED_EDGE('',*,*,#1013,.F.);
#1331=ORIENTED_EDGE('',*,*,#978,.T.);
#1332=ORIENTED_EDGE('',*,*,#1014,.T.);
#1333=ORIENTED_EDGE('',*,*,#1015,.F.);
#1334=ORIENTED_EDGE('',*,*,#1003,.F.);
#1335=ORIENTED_EDGE('',*,*,#868,.T.);
#1336=ORIENTED_EDGE('',*,*,#871,.F.);
#1337=ORIENTED_EDGE('',*,*,#1016,.T.);
#1338=ORIENTED_EDGE('',*,*,#1017,.F.);
#1339=ORIENTED_EDGE('',*,*,#1018,.F.);
#1340=ORIENTED_EDGE('',*,*,#1019,.T.);
#1341=ORIENTED_EDGE('',*,*,#942,.T.);
#1342=ORIENTED_EDGE('',*,*,#938,.T.);
#1343=ORIENTED_EDGE('',*,*,#1020,.T.);
#1344=ORIENTED_EDGE('',*,*,#1021,.F.);
#1345=ORIENTED_EDGE('',*,*,#947,.T.);
#1346=ORIENTED_EDGE('',*,*,#1022,.F.);
#1347=ORIENTED_EDGE('',*,*,#950,.F.);
#1348=ORIENTED_EDGE('',*,*,#1023,.F.);
#1349=ORIENTED_EDGE('',*,*,#1024,.F.);
#1350=ORIENTED_EDGE('',*,*,#1025,.F.);
#1351=ORIENTED_EDGE('',*,*,#1026,.T.);
#1352=ORIENTED_EDGE('',*,*,#1027,.T.);
#1353=ORIENTED_EDGE('',*,*,#915,.T.);
#1354=ORIENTED_EDGE('',*,*,#937,.F.);
#1355=ORIENTED_EDGE('',*,*,#924,.T.);
#1356=ORIENTED_EDGE('',*,*,#928,.T.);
#1357=ORIENTED_EDGE('',*,*,#917,.T.);
#1358=ORIENTED_EDGE('',*,*,#921,.T.);
#1359=ORIENTED_EDGE('',*,*,#1028,.T.);
#1360=ORIENTED_EDGE('',*,*,#876,.T.);
#1361=ORIENTED_EDGE('',*,*,#1029,.F.);
#1362=ORIENTED_EDGE('',*,*,#988,.T.);
#1363=ORIENTED_EDGE('',*,*,#1012,.T.);
#1364=ORIENTED_EDGE('',*,*,#1030,.F.);
#1365=ORIENTED_EDGE('',*,*,#1031,.T.);
#1366=ORIENTED_EDGE('',*,*,#1032,.T.);
#1367=ORIENTED_EDGE('',*,*,#1033,.T.);
#1368=ORIENTED_EDGE('',*,*,#990,.F.);
#1369=ORIENTED_EDGE('',*,*,#1034,.T.);
#1370=ORIENTED_EDGE('',*,*,#874,.F.);
#1371=ORIENTED_EDGE('',*,*,#908,.F.);
#1372=ORIENTED_EDGE('',*,*,#1027,.F.);
#1373=ORIENTED_EDGE('',*,*,#1035,.T.);
#1374=ORIENTED_EDGE('',*,*,#1002,.F.);
#1375=ORIENTED_EDGE('',*,*,#1036,.T.);
#1376=ORIENTED_EDGE('',*,*,#1037,.T.);
#1377=ORIENTED_EDGE('',*,*,#976,.F.);
#1378=ORIENTED_EDGE('',*,*,#1038,.T.);
#1379=ORIENTED_EDGE('',*,*,#1036,.F.);
#1380=ORIENTED_EDGE('',*,*,#1001,.F.);
#1381=ORIENTED_EDGE('',*,*,#1039,.T.);
#1382=ORIENTED_EDGE('',*,*,#1000,.F.);
#1383=ORIENTED_EDGE('',*,*,#1040,.T.);
#1384=ORIENTED_EDGE('',*,*,#1041,.T.);
#1385=ORIENTED_EDGE('',*,*,#1039,.F.);
#1386=ORIENTED_EDGE('',*,*,#999,.F.);
#1387=ORIENTED_EDGE('',*,*,#1042,.T.);
#1388=ORIENTED_EDGE('',*,*,#1043,.T.);
#1389=ORIENTED_EDGE('',*,*,#1040,.F.);
#1390=ORIENTED_EDGE('',*,*,#998,.F.);
#1391=ORIENTED_EDGE('',*,*,#984,.T.);
#1392=ORIENTED_EDGE('',*,*,#1044,.T.);
#1393=ORIENTED_EDGE('',*,*,#1042,.F.);
#1394=ORIENTED_EDGE('',*,*,#997,.F.);
#1395=ORIENTED_EDGE('',*,*,#1045,.T.);
#1396=ORIENTED_EDGE('',*,*,#1046,.T.);
#1397=ORIENTED_EDGE('',*,*,#986,.F.);
#1398=ORIENTED_EDGE('',*,*,#1047,.T.);
#1399=ORIENTED_EDGE('',*,*,#1045,.F.);
#1400=ORIENTED_EDGE('',*,*,#1011,.F.);
#1401=ORIENTED_EDGE('',*,*,#1048,.T.);
#1402=ORIENTED_EDGE('',*,*,#1048,.F.);
#1403=ORIENTED_EDGE('',*,*,#1010,.F.);
#1404=ORIENTED_EDGE('',*,*,#1049,.T.);
#1405=ORIENTED_EDGE('',*,*,#1050,.T.);
#1406=ORIENTED_EDGE('',*,*,#1051,.T.);
#1407=ORIENTED_EDGE('',*,*,#1052,.T.);
#1408=ORIENTED_EDGE('',*,*,#1049,.F.);
#1409=ORIENTED_EDGE('',*,*,#1009,.F.);
#1410=ORIENTED_EDGE('',*,*,#1051,.F.);
#1411=ORIENTED_EDGE('',*,*,#1008,.F.);
#1412=ORIENTED_EDGE('',*,*,#1053,.T.);
#1413=ORIENTED_EDGE('',*,*,#1054,.T.);
#1414=ORIENTED_EDGE('',*,*,#1007,.F.);
#1415=ORIENTED_EDGE('',*,*,#963,.T.);
#1416=ORIENTED_EDGE('',*,*,#1055,.T.);
#1417=ORIENTED_EDGE('',*,*,#1053,.F.);
#1418=ORIENTED_EDGE('',*,*,#996,.F.);
#1419=ORIENTED_EDGE('',*,*,#1056,.T.);
#1420=ORIENTED_EDGE('',*,*,#1057,.T.);
#1421=ORIENTED_EDGE('',*,*,#979,.F.);
#1422=ORIENTED_EDGE('',*,*,#989,.F.);
#1423=ORIENTED_EDGE('',*,*,#1029,.T.);
#1424=ORIENTED_EDGE('',*,*,#875,.T.);
#1425=ORIENTED_EDGE('',*,*,#1034,.F.);
#1426=ORIENTED_EDGE('',*,*,#1058,.F.);
#1427=ORIENTED_EDGE('',*,*,#1059,.T.);
#1428=ORIENTED_EDGE('',*,*,#1060,.T.);
#1429=ORIENTED_EDGE('',*,*,#1032,.F.);
#1430=ORIENTED_EDGE('',*,*,#991,.T.);
#1431=ORIENTED_EDGE('',*,*,#1033,.F.);
#1432=ORIENTED_EDGE('',*,*,#1060,.F.);
#1433=ORIENTED_EDGE('',*,*,#1061,.T.);
#1434=ORIENTED_EDGE('',*,*,#1062,.T.);
#1435=ORIENTED_EDGE('',*,*,#1061,.F.);
#1436=ORIENTED_EDGE('',*,*,#1063,.F.);
#1437=ORIENTED_EDGE('',*,*,#992,.T.);
#1438=ORIENTED_EDGE('',*,*,#1062,.F.);
#1439=ORIENTED_EDGE('',*,*,#1064,.T.);
#1440=ORIENTED_EDGE('',*,*,#1063,.T.);
#1441=ORIENTED_EDGE('',*,*,#1059,.F.);
#1442=ORIENTED_EDGE('',*,*,#1065,.F.);
#1443=ORIENTED_EDGE('',*,*,#1066,.T.);
#1444=ORIENTED_EDGE('',*,*,#1067,.T.);
#1445=ORIENTED_EDGE('',*,*,#1068,.F.);
#1446=ORIENTED_EDGE('',*,*,#1069,.T.);
#1447=ORIENTED_EDGE('',*,*,#959,.T.);
#1448=ORIENTED_EDGE('',*,*,#1067,.F.);
#1449=ORIENTED_EDGE('',*,*,#1070,.F.);
#1450=ORIENTED_EDGE('',*,*,#1071,.F.);
#1451=ORIENTED_EDGE('',*,*,#1068,.T.);
#1452=ORIENTED_EDGE('',*,*,#1070,.T.);
#1453=ORIENTED_EDGE('',*,*,#1072,.F.);
#1454=ORIENTED_EDGE('',*,*,#1073,.T.);
#1455=ORIENTED_EDGE('',*,*,#1073,.F.);
#1456=ORIENTED_EDGE('',*,*,#1074,.T.);
#1457=ORIENTED_EDGE('',*,*,#1075,.F.);
#1458=ORIENTED_EDGE('',*,*,#1076,.F.);
#1459=ORIENTED_EDGE('',*,*,#993,.F.);
#1460=ORIENTED_EDGE('',*,*,#1064,.F.);
#1461=ORIENTED_EDGE('',*,*,#1077,.T.);
#1462=ORIENTED_EDGE('',*,*,#1078,.F.);
#1463=ORIENTED_EDGE('',*,*,#994,.T.);
#1464=ORIENTED_EDGE('',*,*,#1076,.T.);
#1465=ORIENTED_EDGE('',*,*,#1079,.F.);
#1466=ORIENTED_EDGE('',*,*,#1056,.F.);
#1467=ORIENTED_EDGE('',*,*,#995,.T.);
#1468=ORIENTED_EDGE('',*,*,#1078,.T.);
#1469=ORIENTED_EDGE('',*,*,#1080,.F.);
#1470=ORIENTED_EDGE('',*,*,#1081,.F.);
#1471=ORIENTED_EDGE('',*,*,#1072,.T.);
#1472=ORIENTED_EDGE('',*,*,#1006,.F.);
#1473=ORIENTED_EDGE('',*,*,#1082,.T.);
#1474=ORIENTED_EDGE('',*,*,#1081,.T.);
#1475=ORIENTED_EDGE('',*,*,#1005,.F.);
#1476=ORIENTED_EDGE('',*,*,#1083,.F.);
#1477=ORIENTED_EDGE('',*,*,#1004,.T.);
#1478=ORIENTED_EDGE('',*,*,#1015,.T.);
#1479=ORIENTED_EDGE('',*,*,#1084,.F.);
#1480=ORIENTED_EDGE('',*,*,#1083,.T.);
#1481=ORIENTED_EDGE('',*,*,#896,.T.);
#1482=ORIENTED_EDGE('',*,*,#930,.T.);
#1483=ORIENTED_EDGE('',*,*,#931,.T.);
#1484=ORIENTED_EDGE('',*,*,#1085,.T.);
#1485=ORIENTED_EDGE('',*,*,#1086,.T.);
#1486=ORIENTED_EDGE('',*,*,#1087,.F.);
#1487=ORIENTED_EDGE('',*,*,#1088,.F.);
#1488=ORIENTED_EDGE('',*,*,#973,.T.);
#1489=ORIENTED_EDGE('',*,*,#961,.F.);
#1490=ORIENTED_EDGE('',*,*,#1089,.T.);
#1491=ORIENTED_EDGE('',*,*,#1089,.F.);
#1492=ORIENTED_EDGE('',*,*,#1090,.F.);
#1493=ORIENTED_EDGE('',*,*,#1091,.T.);
#1494=ORIENTED_EDGE('',*,*,#951,.T.);
#1495=ORIENTED_EDGE('',*,*,#1022,.T.);
#1496=ORIENTED_EDGE('',*,*,#946,.F.);
#1497=ORIENTED_EDGE('',*,*,#1092,.T.);
#1498=ORIENTED_EDGE('',*,*,#943,.T.);
#1499=ORIENTED_EDGE('',*,*,#1019,.F.);
#1500=ORIENTED_EDGE('',*,*,#1093,.F.);
#1501=ORIENTED_EDGE('',*,*,#877,.T.);
#1502=ORIENTED_EDGE('',*,*,#1028,.F.);
#1503=ORIENTED_EDGE('',*,*,#1094,.F.);
#1504=ORIENTED_EDGE('',*,*,#1095,.F.);
#1505=ORIENTED_EDGE('',*,*,#945,.F.);
#1506=ORIENTED_EDGE('',*,*,#1096,.T.);
#1507=ORIENTED_EDGE('',*,*,#1096,.F.);
#1508=ORIENTED_EDGE('',*,*,#1021,.T.);
#1509=ORIENTED_EDGE('',*,*,#1097,.F.);
#1510=ORIENTED_EDGE('',*,*,#1098,.T.);
#1511=ORIENTED_EDGE('',*,*,#1097,.T.);
#1512=ORIENTED_EDGE('',*,*,#1099,.F.);
#1513=ORIENTED_EDGE('',*,*,#880,.T.);
#1514=ORIENTED_EDGE('',*,*,#1100,.T.);
#1515=ORIENTED_EDGE('',*,*,#1016,.F.);
#1516=ORIENTED_EDGE('',*,*,#870,.F.);
#1517=ORIENTED_EDGE('',*,*,#940,.F.);
#1518=ORIENTED_EDGE('',*,*,#944,.T.);
#1519=ORIENTED_EDGE('',*,*,#1094,.T.);
#1520=ORIENTED_EDGE('',*,*,#1030,.T.);
#1521=ORIENTED_EDGE('',*,*,#1013,.T.);
#1522=ORIENTED_EDGE('',*,*,#980,.T.);
#1523=ORIENTED_EDGE('',*,*,#1057,.F.);
#1524=ORIENTED_EDGE('',*,*,#1080,.T.);
#1525=ORIENTED_EDGE('',*,*,#1079,.T.);
#1526=ORIENTED_EDGE('',*,*,#1077,.F.);
#1527=ORIENTED_EDGE('',*,*,#1065,.T.);
#1528=ORIENTED_EDGE('',*,*,#1058,.T.);
#1529=ORIENTED_EDGE('',*,*,#1031,.F.);
#1530=ORIENTED_EDGE('',*,*,#1101,.F.);
#1531=ORIENTED_EDGE('',*,*,#1102,.T.);
#1532=ORIENTED_EDGE('',*,*,#1103,.T.);
#1533=ORIENTED_EDGE('',*,*,#1104,.T.);
#1534=ORIENTED_EDGE('',*,*,#948,.F.);
#1535=ORIENTED_EDGE('',*,*,#1092,.F.);
#1536=ORIENTED_EDGE('',*,*,#1095,.T.);
#1537=ORIENTED_EDGE('',*,*,#1098,.F.);
#1538=ORIENTED_EDGE('',*,*,#1105,.F.);
#1539=ORIENTED_EDGE('',*,*,#1055,.F.);
#1540=ORIENTED_EDGE('',*,*,#962,.F.);
#1541=ORIENTED_EDGE('',*,*,#967,.F.);
#1542=ORIENTED_EDGE('',*,*,#1106,.F.);
#1543=ORIENTED_EDGE('',*,*,#974,.F.);
#1544=ORIENTED_EDGE('',*,*,#1088,.T.);
#1545=ORIENTED_EDGE('',*,*,#1107,.T.);
#1546=ORIENTED_EDGE('',*,*,#1086,.F.);
#1547=ORIENTED_EDGE('',*,*,#1108,.T.);
#1548=ORIENTED_EDGE('',*,*,#1074,.F.);
#1549=ORIENTED_EDGE('',*,*,#1082,.F.);
#1550=ORIENTED_EDGE('',*,*,#1084,.T.);
#1551=ORIENTED_EDGE('',*,*,#1014,.F.);
#1552=ORIENTED_EDGE('',*,*,#977,.F.);
#1553=ORIENTED_EDGE('',*,*,#1037,.F.);
#1554=ORIENTED_EDGE('',*,*,#1038,.F.);
#1555=ORIENTED_EDGE('',*,*,#1041,.F.);
#1556=ORIENTED_EDGE('',*,*,#1043,.F.);
#1557=ORIENTED_EDGE('',*,*,#1044,.F.);
#1558=ORIENTED_EDGE('',*,*,#983,.F.);
#1559=ORIENTED_EDGE('',*,*,#1046,.F.);
#1560=ORIENTED_EDGE('',*,*,#1047,.F.);
#1561=ORIENTED_EDGE('',*,*,#1050,.F.);
#1562=ORIENTED_EDGE('',*,*,#1052,.F.);
#1563=ORIENTED_EDGE('',*,*,#1054,.F.);
#1564=ORIENTED_EDGE('',*,*,#970,.T.);
#1565=ORIENTED_EDGE('',*,*,#972,.F.);
#1566=ORIENTED_EDGE('',*,*,#1106,.T.);
#1567=ORIENTED_EDGE('',*,*,#1109,.T.);
#1568=ORIENTED_EDGE('',*,*,#1103,.F.);
#1569=ORIENTED_EDGE('',*,*,#1110,.F.);
#1570=ORIENTED_EDGE('',*,*,#1024,.T.);
#1571=ORIENTED_EDGE('',*,*,#1102,.F.);
#1572=ORIENTED_EDGE('',*,*,#1111,.F.);
#1573=ORIENTED_EDGE('',*,*,#1025,.T.);
#1574=ORIENTED_EDGE('',*,*,#1110,.T.);
#1575=ORIENTED_EDGE('',*,*,#1026,.F.);
#1576=ORIENTED_EDGE('',*,*,#1111,.T.);
#1577=ORIENTED_EDGE('',*,*,#1101,.T.);
#1578=ORIENTED_EDGE('',*,*,#1035,.F.);
#1579=ORIENTED_EDGE('',*,*,#1109,.F.);
#1580=ORIENTED_EDGE('',*,*,#1023,.T.);
#1581=ORIENTED_EDGE('',*,*,#949,.T.);
#1582=ORIENTED_EDGE('',*,*,#1104,.F.);
#1583=ORIENTED_EDGE('',*,*,#1107,.F.);
#1584=ORIENTED_EDGE('',*,*,#1091,.F.);
#1585=ORIENTED_EDGE('',*,*,#1112,.T.);
#1586=ORIENTED_EDGE('',*,*,#1112,.F.);
#1587=ORIENTED_EDGE('',*,*,#957,.T.);
#1588=ORIENTED_EDGE('',*,*,#1113,.T.);
#1589=ORIENTED_EDGE('',*,*,#1113,.F.);
#1590=ORIENTED_EDGE('',*,*,#1069,.F.);
#1591=ORIENTED_EDGE('',*,*,#1114,.T.);
#1592=ORIENTED_EDGE('',*,*,#1114,.F.);
#1593=ORIENTED_EDGE('',*,*,#1066,.F.);
#1594=ORIENTED_EDGE('',*,*,#1087,.T.);
#1595=ORIENTED_EDGE('',*,*,#1075,.T.);
#1596=ORIENTED_EDGE('',*,*,#1108,.F.);
#1597=ORIENTED_EDGE('',*,*,#1085,.F.);
#1598=ORIENTED_EDGE('',*,*,#1071,.T.);
#1599=ORIENTED_EDGE('',*,*,#1105,.T.);
#1600=ORIENTED_EDGE('',*,*,#1099,.T.);
#1601=ORIENTED_EDGE('',*,*,#1020,.F.);
#1602=ORIENTED_EDGE('',*,*,#941,.F.);
#1603=ORIENTED_EDGE('',*,*,#960,.T.);
#1604=ORIENTED_EDGE('',*,*,#958,.F.);
#1605=ORIENTED_EDGE('',*,*,#1090,.T.);
#1606=ORIENTED_EDGE('',*,*,#1100,.F.);
#1607=ORIENTED_EDGE('',*,*,#879,.F.);
#1608=ORIENTED_EDGE('',*,*,#1115,.T.);
#1609=ORIENTED_EDGE('',*,*,#1017,.T.);
#1610=ORIENTED_EDGE('',*,*,#904,.T.);
#1611=ORIENTED_EDGE('',*,*,#894,.T.);
#1612=ORIENTED_EDGE('',*,*,#935,.T.);
#1613=ORIENTED_EDGE('',*,*,#929,.F.);
#1614=ORIENTED_EDGE('',*,*,#1018,.T.);
#1615=ORIENTED_EDGE('',*,*,#1115,.F.);
#1616=ORIENTED_EDGE('',*,*,#878,.T.);
#1617=ORIENTED_EDGE('',*,*,#1093,.T.);
#1618=PLANE('',#1838);
#1619=PLANE('',#1839);
#1620=PLANE('',#1840);
#1621=PLANE('',#1865);
#1622=PLANE('',#1866);
#1623=PLANE('',#1867);
#1624=PLANE('',#1868);
#1625=PLANE('',#1869);
#1626=PLANE('',#1870);
#1627=PLANE('',#1871);
#1628=PLANE('',#1872);
#1629=PLANE('',#1873);
#1630=PLANE('',#1874);
#1631=PLANE('',#1875);
#1632=PLANE('',#1876);
#1633=PLANE('',#1877);
#1634=PLANE('',#1878);
#1635=PLANE('',#1879);
#1636=PLANE('',#1880);
#1637=PLANE('',#1881);
#1638=PLANE('',#1882);
#1639=PLANE('',#1883);
#1640=PLANE('',#1884);
#1641=PLANE('',#1885);
#1642=PLANE('',#1886);
#1643=PLANE('',#1887);
#1644=PLANE('',#1888);
#1645=PLANE('',#1889);
#1646=PLANE('',#1890);
#1647=PLANE('',#1891);
#1648=PLANE('',#1892);
#1649=PLANE('',#1893);
#1650=PLANE('',#1894);
#1651=PLANE('',#1895);
#1652=PLANE('',#1896);
#1653=PLANE('',#1897);
#1654=PLANE('',#1898);
#1655=PLANE('',#1899);
#1656=PLANE('',#1900);
#1657=PLANE('',#1901);
#1658=PLANE('',#1902);
#1659=PLANE('',#1903);
#1660=PLANE('',#1904);
#1661=PLANE('',#1905);
#1662=PLANE('',#1906);
#1663=PLANE('',#1907);
#1664=PLANE('',#1908);
#1665=PLANE('',#1909);
#1666=PLANE('',#1910);
#1667=PLANE('',#1911);
#1668=PLANE('',#1912);
#1669=PLANE('',#1913);
#1670=PLANE('',#1914);
#1671=PLANE('',#1915);
#1672=PLANE('',#1916);
#1673=PLANE('',#1917);
#1674=PLANE('',#1918);
#1675=PLANE('',#1919);
#1676=PLANE('',#1920);
#1677=PLANE('',#1921);
#1678=PLANE('',#1922);
#1679=PLANE('',#1923);
#1680=PLANE('',#1924);
#1681=PLANE('',#1925);
#1682=PLANE('',#1926);
#1683=PLANE('',#1927);
#1684=PLANE('',#1928);
#1685=PLANE('',#1929);
#1686=PLANE('',#1930);
#1687=PLANE('',#1931);
#1688=PLANE('',#1932);
#1689=PLANE('',#1933);
#1690=PLANE('',#1934);
#1691=PLANE('',#1935);
#1692=PLANE('',#1936);
#1693=PLANE('',#1937);
#1694=PLANE('',#1938);
#1695=PLANE('',#1939);
#1696=PLANE('',#1940);
#1697=PLANE('',#1941);
#1698=PLANE('',#1942);
#1699=PLANE('',#1943);
#1700=PLANE('',#1944);
#1701=PLANE('',#1945);
#1702=PLANE('',#1946);
#1703=PLANE('',#1947);
#1704=PLANE('',#1948);
#1705=PLANE('',#1949);
#1706=PLANE('',#1950);
#1707=PLANE('',#1951);
#1708=PLANE('',#1952);
#1709=PLANE('',#1953);
#1710=PLANE('',#1954);
#1711=PLANE('',#1955);
#1712=PLANE('',#1956);
#1713=PLANE('',#1957);
#1714=PLANE('',#1958);
#1715=PLANE('',#1959);
#1716=PLANE('',#1960);
#1717=PLANE('',#1961);
#1718=PLANE('',#1962);
#1719=PLANE('',#1963);
#1720=ADVANCED_FACE('',(#44),#1618,.T.);
#1721=ADVANCED_FACE('',(#45),#1619,.T.);
#1722=ADVANCED_FACE('',(#46),#1620,.T.);
#1723=ADVANCED_FACE('',(#47),#42,.F.);
#1724=ADVANCED_FACE('',(#48),#43,.F.);
#1725=ADVANCED_FACE('',(#49),#1621,.T.);
#1726=ADVANCED_FACE('',(#50),#1622,.T.);
#1727=ADVANCED_FACE('',(#51),#1623,.T.);
#1728=ADVANCED_FACE('',(#52),#1624,.T.);
#1729=ADVANCED_FACE('',(#53),#1625,.T.);
#1730=ADVANCED_FACE('',(#54),#1626,.T.);
#1731=ADVANCED_FACE('',(#55),#1627,.T.);
#1732=ADVANCED_FACE('',(#56),#1628,.T.);
#1733=ADVANCED_FACE('',(#57),#1629,.T.);
#1734=ADVANCED_FACE('',(#58),#1630,.T.);
#1735=ADVANCED_FACE('',(#59,#15),#1631,.F.);
#1736=ADVANCED_FACE('',(#60),#1632,.F.);
#1737=ADVANCED_FACE('',(#61),#1633,.F.);
#1738=ADVANCED_FACE('',(#62,#16),#1634,.F.);
#1739=ADVANCED_FACE('',(#63),#1635,.T.);
#1740=ADVANCED_FACE('',(#64),#1636,.T.);
#1741=ADVANCED_FACE('',(#65),#1637,.T.);
#1742=ADVANCED_FACE('',(#66),#1638,.T.);
#1743=ADVANCED_FACE('',(#67),#1639,.T.);
#1744=ADVANCED_FACE('',(#68),#1640,.T.);
#1745=ADVANCED_FACE('',(#69),#1641,.T.);
#1746=ADVANCED_FACE('',(#70),#1642,.T.);
#1747=ADVANCED_FACE('',(#71),#1643,.T.);
#1748=ADVANCED_FACE('',(#72),#1644,.T.);
#1749=ADVANCED_FACE('',(#73),#1645,.T.);
#1750=ADVANCED_FACE('',(#74),#1646,.T.);
#1751=ADVANCED_FACE('',(#75),#1647,.T.);
#1752=ADVANCED_FACE('',(#76),#1648,.T.);
#1753=ADVANCED_FACE('',(#77),#1649,.T.);
#1754=ADVANCED_FACE('',(#78),#1650,.T.);
#1755=ADVANCED_FACE('',(#79),#1651,.T.);
#1756=ADVANCED_FACE('',(#80),#1652,.T.);
#1757=ADVANCED_FACE('',(#81),#1653,.T.);
#1758=ADVANCED_FACE('',(#82),#1654,.T.);
#1759=ADVANCED_FACE('',(#83),#1655,.T.);
#1760=ADVANCED_FACE('',(#84),#1656,.T.);
#1761=ADVANCED_FACE('',(#85),#1657,.T.);
#1762=ADVANCED_FACE('',(#86),#1658,.T.);
#1763=ADVANCED_FACE('',(#87),#1659,.T.);
#1764=ADVANCED_FACE('',(#88),#1660,.T.);
#1765=ADVANCED_FACE('',(#89),#1661,.T.);
#1766=ADVANCED_FACE('',(#90,#17),#1662,.T.);
#1767=ADVANCED_FACE('',(#91),#1663,.T.);
#1768=ADVANCED_FACE('',(#92),#1664,.T.);
#1769=ADVANCED_FACE('',(#93),#1665,.T.);
#1770=ADVANCED_FACE('',(#94),#1666,.T.);
#1771=ADVANCED_FACE('',(#95),#1667,.T.);
#1772=ADVANCED_FACE('',(#96),#1668,.T.);
#1773=ADVANCED_FACE('',(#97),#1669,.T.);
#1774=ADVANCED_FACE('',(#98),#1670,.T.);
#1775=ADVANCED_FACE('',(#99),#1671,.T.);
#1776=ADVANCED_FACE('',(#100),#1672,.T.);
#1777=ADVANCED_FACE('',(#101),#1673,.T.);
#1778=ADVANCED_FACE('',(#102),#1674,.T.);
#1779=ADVANCED_FACE('',(#103),#1675,.T.);
#1780=ADVANCED_FACE('',(#104),#1676,.T.);
#1781=ADVANCED_FACE('',(#105),#1677,.T.);
#1782=ADVANCED_FACE('',(#106),#1678,.T.);
#1783=ADVANCED_FACE('',(#107),#1679,.T.);
#1784=ADVANCED_FACE('',(#108),#1680,.T.);
#1785=ADVANCED_FACE('',(#109),#1681,.T.);
#1786=ADVANCED_FACE('',(#110),#1682,.T.);
#1787=ADVANCED_FACE('',(#111),#1683,.T.);
#1788=ADVANCED_FACE('',(#112),#1684,.T.);
#1789=ADVANCED_FACE('',(#113),#1685,.T.);
#1790=ADVANCED_FACE('',(#114),#1686,.T.);
#1791=ADVANCED_FACE('',(#115),#1687,.T.);
#1792=ADVANCED_FACE('',(#116),#1688,.T.);
#1793=ADVANCED_FACE('',(#117),#1689,.T.);
#1794=ADVANCED_FACE('',(#118),#1690,.T.);
#1795=ADVANCED_FACE('',(#119),#1691,.T.);
#1796=ADVANCED_FACE('',(#120),#1692,.T.);
#1797=ADVANCED_FACE('',(#121),#1693,.T.);
#1798=ADVANCED_FACE('',(#122),#1694,.T.);
#1799=ADVANCED_FACE('',(#123),#1695,.T.);
#1800=ADVANCED_FACE('',(#124),#1696,.T.);
#1801=ADVANCED_FACE('',(#125),#1697,.T.);
#1802=ADVANCED_FACE('',(#126),#1698,.T.);
#1803=ADVANCED_FACE('',(#127),#1699,.T.);
#1804=ADVANCED_FACE('',(#128),#1700,.T.);
#1805=ADVANCED_FACE('',(#129),#1701,.T.);
#1806=ADVANCED_FACE('',(#130),#1702,.T.);
#1807=ADVANCED_FACE('',(#131),#1703,.T.);
#1808=ADVANCED_FACE('',(#132,#18),#1704,.T.);
#1809=ADVANCED_FACE('',(#133),#1705,.T.);
#1810=ADVANCED_FACE('',(#134),#1706,.T.);
#1811=ADVANCED_FACE('',(#135),#1707,.T.);
#1812=ADVANCED_FACE('',(#136),#1708,.T.);
#1813=ADVANCED_FACE('',(#137),#1709,.T.);
#1814=ADVANCED_FACE('',(#138),#1710,.T.);
#1815=ADVANCED_FACE('',(#139),#1711,.T.);
#1816=ADVANCED_FACE('',(#140),#1712,.T.);
#1817=ADVANCED_FACE('',(#141),#1713,.T.);
#1818=ADVANCED_FACE('',(#142),#1714,.T.);
#1819=ADVANCED_FACE('',(#143),#1715,.T.);
#1820=ADVANCED_FACE('',(#144),#1716,.T.);
#1821=ADVANCED_FACE('',(#145,#19),#1717,.T.);
#1822=ADVANCED_FACE('',(#146),#1718,.T.);
#1823=ADVANCED_FACE('',(#147),#1719,.T.);
#1824=CLOSED_SHELL('',(#1720,#1721,#1722,#1723,#1724,#1725,#1726,#1727,
#1728,#1729,#1730,#1731,#1732,#1733,#1734,#1735,#1736,#1737,#1738,#1739,
#1740,#1741,#1742,#1743,#1744,#1745,#1746,#1747,#1748,#1749,#1750,#1751,
#1752,#1753,#1754,#1755,#1756,#1757,#1758,#1759,#1760,#1761,#1762,#1763,
#1764,#1765,#1766,#1767,#1768,#1769,#1770,#1771,#1772,#1773,#1774,#1775,
#1776,#1777,#1778,#1779,#1780,#1781,#1782,#1783,#1784,#1785,#1786,#1787,
#1788,#1789,#1790,#1791,#1792,#1793,#1794,#1795,#1796,#1797,#1798,#1799,
#1800,#1801,#1802,#1803,#1804,#1805,#1806,#1807,#1808,#1809,#1810,#1811,
#1812,#1813,#1814,#1815,#1816,#1817,#1818,#1819,#1820,#1821,#1822,#1823));
#1825=DERIVED_UNIT_ELEMENT(#1827,1.);
#1826=DERIVED_UNIT_ELEMENT(#2958,-3.);
#1827=(
MASS_UNIT()
NAMED_UNIT(*)
SI_UNIT(.KILO.,.GRAM.)
);
#1828=DERIVED_UNIT((#1825,#1826));
#1829=MEASURE_REPRESENTATION_ITEM('density measure',
POSITIVE_RATIO_MEASURE(7850.),#1828);
#1830=PROPERTY_DEFINITION_REPRESENTATION(#1835,#1832);
#1831=PROPERTY_DEFINITION_REPRESENTATION(#1836,#1833);
#1832=REPRESENTATION('material name',(#1834),#2955);
#1833=REPRESENTATION('density',(#1829),#2955);
#1834=DESCRIPTIVE_REPRESENTATION_ITEM('A\X\E7o','A\X\E7o');
#1835=PROPERTY_DEFINITION('material property','material name',#2965);
#1836=PROPERTY_DEFINITION('material property','density of part',#2965);
#1837=AXIS2_PLACEMENT_3D('',#2447,#1964,#1965);
#1838=AXIS2_PLACEMENT_3D('',#2448,#1966,#1967);
#1839=AXIS2_PLACEMENT_3D('',#2457,#1972,#1973);
#1840=AXIS2_PLACEMENT_3D('',#2463,#1977,#1978);
#1841=AXIS2_PLACEMENT_3D('',#2481,#1988,#1989);
#1842=AXIS2_PLACEMENT_3D('',#2484,#1990,#1991);
#1843=AXIS2_PLACEMENT_3D('',#2486,#1992,#1993);
#1844=AXIS2_PLACEMENT_3D('',#2488,#1994,#1995);
#1845=AXIS2_PLACEMENT_3D('',#2490,#1996,#1997);
#1846=AXIS2_PLACEMENT_3D('',#2492,#1998,#1999);
#1847=AXIS2_PLACEMENT_3D('',#2494,#2000,#2001);
#1848=AXIS2_PLACEMENT_3D('',#2496,#2002,#2003);
#1849=AXIS2_PLACEMENT_3D('',#2498,#2004,#2005);
#1850=AXIS2_PLACEMENT_3D('',#2500,#2006,#2007);
#1851=AXIS2_PLACEMENT_3D('',#2502,#2008,#2009);
#1852=AXIS2_PLACEMENT_3D('',#2504,#2010,#2011);
#1853=AXIS2_PLACEMENT_3D('',#2506,#2012,#2013);
#1854=AXIS2_PLACEMENT_3D('',#2508,#2014,#2015);
#1855=AXIS2_PLACEMENT_3D('',#2510,#2016,#2017);
#1856=AXIS2_PLACEMENT_3D('',#2512,#2018,#2019);
#1857=AXIS2_PLACEMENT_3D('',#2514,#2020,#2021);
#1858=AXIS2_PLACEMENT_3D('',#2516,#2022,#2023);
#1859=AXIS2_PLACEMENT_3D('',#2519,#2025,#2026);
#1860=AXIS2_PLACEMENT_3D('',#2521,#2027,#2028);
#1861=AXIS2_PLACEMENT_3D('',#2522,#2029,#2030);
#1862=AXIS2_PLACEMENT_3D('',#2523,#2031,#2032);
#1863=AXIS2_PLACEMENT_3D('',#2525,#2033,#2034);
#1864=AXIS2_PLACEMENT_3D('',#2528,#2036,#2037);
#1865=AXIS2_PLACEMENT_3D('',#2529,#2038,#2039);
#1866=AXIS2_PLACEMENT_3D('',#2532,#2042,#2043);
#1867=AXIS2_PLACEMENT_3D('',#2536,#2046,#2047);
#1868=AXIS2_PLACEMENT_3D('',#2538,#2049,#2050);
#1869=AXIS2_PLACEMENT_3D('',#2540,#2052,#2053);
#1870=AXIS2_PLACEMENT_3D('',#2542,#2055,#2056);
#1871=AXIS2_PLACEMENT_3D('',#2544,#2058,#2059);
#1872=AXIS2_PLACEMENT_3D('',#2546,#2061,#2062);
#1873=AXIS2_PLACEMENT_3D('',#2550,#2065,#2066);
#1874=AXIS2_PLACEMENT_3D('',#2552,#2068,#2069);
#1875=AXIS2_PLACEMENT_3D('',#2561,#2074,#2075);
#1876=AXIS2_PLACEMENT_3D('',#2567,#2079,#2080);
#1877=AXIS2_PLACEMENT_3D('',#2573,#2084,#2085);
#1878=AXIS2_PLACEMENT_3D('',#2575,#2087,#2088);
#1879=AXIS2_PLACEMENT_3D('',#2577,#2090,#2091);
#1880=AXIS2_PLACEMENT_3D('',#2580,#2094,#2095);
#1881=AXIS2_PLACEMENT_3D('',#2583,#2098,#2099);
#1882=AXIS2_PLACEMENT_3D('',#2585,#2101,#2102);
#1883=AXIS2_PLACEMENT_3D('',#2587,#2104,#2105);
#1884=AXIS2_PLACEMENT_3D('',#2589,#2107,#2108);
#1885=AXIS2_PLACEMENT_3D('',#2591,#2110,#2111);
#1886=AXIS2_PLACEMENT_3D('',#2593,#2113,#2114);
#1887=AXIS2_PLACEMENT_3D('',#2602,#2119,#2120);
#1888=AXIS2_PLACEMENT_3D('',#2608,#2124,#2125);
#1889=AXIS2_PLACEMENT_3D('',#2615,#2129,#2130);
#1890=AXIS2_PLACEMENT_3D('',#2624,#2135,#2136);
#1891=AXIS2_PLACEMENT_3D('',#2631,#2140,#2141);
#1892=AXIS2_PLACEMENT_3D('',#2635,#2144,#2145);
#1893=AXIS2_PLACEMENT_3D('',#2641,#2149,#2150);
#1894=AXIS2_PLACEMENT_3D('',#2645,#2153,#2154);
#1895=AXIS2_PLACEMENT_3D('',#2654,#2159,#2160);
#1896=AXIS2_PLACEMENT_3D('',#2660,#2164,#2165);
#1897=AXIS2_PLACEMENT_3D('',#2663,#2168,#2169);
#1898=AXIS2_PLACEMENT_3D('',#2667,#2172,#2173);
#1899=AXIS2_PLACEMENT_3D('',#2671,#2176,#2177);
#1900=AXIS2_PLACEMENT_3D('',#2680,#2182,#2183);
#1901=AXIS2_PLACEMENT_3D('',#2689,#2188,#2189);
#1902=AXIS2_PLACEMENT_3D('',#2698,#2194,#2195);
#1903=AXIS2_PLACEMENT_3D('',#2718,#2206,#2207);
#1904=AXIS2_PLACEMENT_3D('',#2746,#2223,#2224);
#1905=AXIS2_PLACEMENT_3D('',#2750,#2227,#2228);
#1906=AXIS2_PLACEMENT_3D('',#2754,#2231,#2232);
#1907=AXIS2_PLACEMENT_3D('',#2775,#2245,#2246);
#1908=AXIS2_PLACEMENT_3D('',#2780,#2250,#2251);
#1909=AXIS2_PLACEMENT_3D('',#2789,#2257,#2258);
#1910=AXIS2_PLACEMENT_3D('',#2793,#2261,#2262);
#1911=AXIS2_PLACEMENT_3D('',#2797,#2265,#2266);
#1912=AXIS2_PLACEMENT_3D('',#2801,#2269,#2270);
#1913=AXIS2_PLACEMENT_3D('',#2805,#2273,#2274);
#1914=AXIS2_PLACEMENT_3D('',#2807,#2276,#2277);
#1915=AXIS2_PLACEMENT_3D('',#2811,#2280,#2281);
#1916=AXIS2_PLACEMENT_3D('',#2815,#2284,#2285);
#1917=AXIS2_PLACEMENT_3D('',#2819,#2288,#2289);
#1918=AXIS2_PLACEMENT_3D('',#2823,#2292,#2293);
#1919=AXIS2_PLACEMENT_3D('',#2827,#2296,#2297);
#1920=AXIS2_PLACEMENT_3D('',#2829,#2299,#2300);
#1921=AXIS2_PLACEMENT_3D('',#2833,#2303,#2304);
#1922=AXIS2_PLACEMENT_3D('',#2834,#2305,#2306);
#1923=AXIS2_PLACEMENT_3D('',#2840,#2310,#2311);
#1924=AXIS2_PLACEMENT_3D('',#2842,#2313,#2314);
#1925=AXIS2_PLACEMENT_3D('',#2846,#2317,#2318);
#1926=AXIS2_PLACEMENT_3D('',#2848,#2320,#2321);
#1927=AXIS2_PLACEMENT_3D('',#2850,#2323,#2324);
#1928=AXIS2_PLACEMENT_3D('',#2856,#2328,#2329);
#1929=AXIS2_PLACEMENT_3D('',#2858,#2331,#2332);
#1930=AXIS2_PLACEMENT_3D('',#2862,#2335,#2336);
#1931=AXIS2_PLACEMENT_3D('',#2866,#2339,#2340);
#1932=AXIS2_PLACEMENT_3D('',#2870,#2343,#2344);
#1933=AXIS2_PLACEMENT_3D('',#2874,#2347,#2348);
#1934=AXIS2_PLACEMENT_3D('',#2878,#2351,#2352);
#1935=AXIS2_PLACEMENT_3D('',#2880,#2354,#2355);
#1936=AXIS2_PLACEMENT_3D('',#2882,#2357,#2358);
#1937=AXIS2_PLACEMENT_3D('',#2886,#2361,#2362);
#1938=AXIS2_PLACEMENT_3D('',#2888,#2364,#2365);
#1939=AXIS2_PLACEMENT_3D('',#2889,#2366,#2367);
#1940=AXIS2_PLACEMENT_3D('',#2895,#2371,#2372);
#1941=AXIS2_PLACEMENT_3D('',#2899,#2375,#2376);
#1942=AXIS2_PLACEMENT_3D('',#2902,#2379,#2380);
#1943=AXIS2_PLACEMENT_3D('',#2904,#2382,#2383);
#1944=AXIS2_PLACEMENT_3D('',#2907,#2386,#2387);
#1945=AXIS2_PLACEMENT_3D('',#2911,#2390,#2391);
#1946=AXIS2_PLACEMENT_3D('',#2913,#2393,#2394);
#1947=AXIS2_PLACEMENT_3D('',#2917,#2397,#2398);
#1948=AXIS2_PLACEMENT_3D('',#2919,#2400,#2401);
#1949=AXIS2_PLACEMENT_3D('',#2931,#2410,#2411);
#1950=AXIS2_PLACEMENT_3D('',#2932,#2412,#2413);
#1951=AXIS2_PLACEMENT_3D('',#2935,#2416,#2417);
#1952=AXIS2_PLACEMENT_3D('',#2937,#2419,#2420);
#1953=AXIS2_PLACEMENT_3D('',#2938,#2421,#2422);
#1954=AXIS2_PLACEMENT_3D('',#2939,#2423,#2424);
#1955=AXIS2_PLACEMENT_3D('',#2941,#2426,#2427);
#1956=AXIS2_PLACEMENT_3D('',#2943,#2429,#2430);
#1957=AXIS2_PLACEMENT_3D('',#2945,#2432,#2433);
#1958=AXIS2_PLACEMENT_3D('',#2946,#2434,#2435);
#1959=AXIS2_PLACEMENT_3D('',#2947,#2436,#2437);
#1960=AXIS2_PLACEMENT_3D('',#2948,#2438,#2439);
#1961=AXIS2_PLACEMENT_3D('',#2949,#2440,#2441);
#1962=AXIS2_PLACEMENT_3D('',#2951,#2443,#2444);
#1963=AXIS2_PLACEMENT_3D('',#2952,#2445,#2446);
#1964=DIRECTION('axis',(0.,0.,1.));
#1965=DIRECTION('refdir',(1.,0.,0.));
#1966=DIRECTION('center_axis',(0.,-1.,2.78703709709616E-16));
#1967=DIRECTION('ref_axis',(0.,-2.78703709709617E-16,-1.));
#1968=DIRECTION('',(0.,2.78703709709617E-16,1.));
#1969=DIRECTION('',(-1.,0.,0.));
#1970=DIRECTION('',(0.,-2.78703709709617E-16,-1.));
#1971=DIRECTION('',(1.,0.,0.));
#1972=DIRECTION('center_axis',(1.,0.,0.));
#1973=DIRECTION('ref_axis',(0.,0.,-1.));
#1974=DIRECTION('',(0.,-1.,0.));
#1975=DIRECTION('',(0.,0.,1.));
#1976=DIRECTION('',(0.,-1.,0.));
#1977=DIRECTION('center_axis',(0.,0.,-1.));
#1978=DIRECTION('ref_axis',(-1.,0.,0.));
#1979=DIRECTION('',(0.,-1.,0.));
#1980=DIRECTION('',(-0.707106781186548,0.707106781186548,0.));
#1981=DIRECTION('',(0.,1.,0.));
#1982=DIRECTION('',(-0.707106781186548,-0.707106781186548,0.));
#1983=DIRECTION('',(-1.,0.,0.));
#1984=DIRECTION('',(0.,1.,0.));
#1985=DIRECTION('',(-1.,0.,0.));
#1986=DIRECTION('',(0.,-1.,0.));
#1987=DIRECTION('',(1.,0.,0.));
#1988=DIRECTION('center_axis',(1.,1.07633315289851E-17,-1.95159236318556E-17));
#1989=DIRECTION('ref_axis',(1.92120010683715E-16,2.22044604925031E-16,1.));
#1990=DIRECTION('center_axis',(0.707106184206018,0.707107378166573,0.));
#1991=DIRECTION('ref_axis',(0.707107378166573,-0.707106184206018,1.43209259720251E-16));
#1992=DIRECTION('center_axis',(0.707106711103991,0.707106851269092,-8.29409377118311E-8));
#1993=DIRECTION('ref_axis',(0.707106851269095,-0.707106711103993,1.43209386997995E-16));
#1994=DIRECTION('center_axis',(0.707106781186543,0.707106781186543,-1.08068835288618E-7));
#1995=DIRECTION('ref_axis',(0.707106781186547,-0.707106781186547,1.43209403927174E-16));
#1996=DIRECTION('center_axis',(0.707108563987727,0.707104998378268,1.91929973828734E-6));
#1997=DIRECTION('ref_axis',(-0.707104998380873,0.707108563985122,1.91930941640187E-6));
#1998=DIRECTION('center_axis',(0.707106036867473,0.707107525504548,-6.40738500054769E-7));
#1999=DIRECTION('ref_axis',(0.707107525504838,-0.707106036867183,6.40737151048277E-7));
#2000=DIRECTION('center_axis',(0.707107678104632,0.707105884266874,7.99544173025512E-7));
#2001=DIRECTION('ref_axis',(-0.707105884267326,0.707107678104179,7.99546201459018E-7));
#2002=DIRECTION('center_axis',(0.707103913394483,0.707109648963879,-2.09454569277525E-6));
#2003=DIRECTION('ref_axis',(0.707109648966981,-0.707103913391381,2.09452870325982E-6));
#2004=DIRECTION('center_axis',(0.707109638948533,0.707103923410563,1.8610701190853E-6));
#2005=DIRECTION('ref_axis',(-0.707103923413013,0.707109638946084,1.86108516224222E-6));
#2006=DIRECTION('center_axis',(0.707106772984644,0.707106789388451,0.));
#2007=DIRECTION('ref_axis',(0.707106789388451,-0.707106772984644,1.43209401945918E-16));
#2008=DIRECTION('center_axis',(0.707105154879598,0.707108407489009,1.02805280117068E-6));
#2009=DIRECTION('ref_axis',(-0.707108407489757,0.707105154878851,1.02804807224903E-6));
#2010=DIRECTION('center_axis',(0.707108762040409,0.707104800325524,-1.51046399139432E-6));
#2011=DIRECTION('ref_axis',(0.707104800327137,-0.707108762038796,1.51047245406584E-6));
#2012=DIRECTION('center_axis',(0.707104845067951,0.707108717298081,1.57850027785978E-6));
#2013=DIRECTION('ref_axis',(-0.707108717299843,0.707104845066189,1.57849163374239E-6));
#2014=DIRECTION('center_axis',(0.707106534492694,0.707107027880302,1.36632377431226E-7));
#2015=DIRECTION('ref_axis',(0.707107027880309,-0.7071065344927,1.43209344335679E-16));
#2016=DIRECTION('center_axis',(0.707108567297967,0.707104995068002,-1.92265329578681E-6));
#2017=DIRECTION('ref_axis',(0.707104995070616,-0.707108567295353,1.92266300875756E-6));
#2018=DIRECTION('center_axis',(0.707106781186543,0.707106781186543,1.08045750264656E-7));
#2019=DIRECTION('ref_axis',(0.707106781186547,-0.707106781186547,1.43209403927174E-16));
#2020=DIRECTION('center_axis',(0.707106711192156,0.707106851180927,8.29548249111642E-8));
#2021=DIRECTION('ref_axis',(0.70710685118093,-0.707106711192158,1.43209387019292E-16));
#2022=DIRECTION('center_axis',(0.707106184206018,0.707107378166573,0.));
#2023=DIRECTION('ref_axis',(0.707107378166573,-0.707106184206018,1.43209259720251E-16));
#2024=DIRECTION('',(1.,1.07633315289851E-17,-1.95159236318556E-17));
#2025=DIRECTION('center_axis',(-1.,0.,0.));
#2026=DIRECTION('ref_axis',(1.92120010683715E-16,2.22044604925031E-16,1.));
#2027=DIRECTION('center_axis',(0.707106184206018,0.707107378166573,0.));
#2028=DIRECTION('ref_axis',(0.707107378166573,-0.707106184206018,1.43209259720251E-16));
#2029=DIRECTION('center_axis',(1.,0.,0.));
#2030=DIRECTION('ref_axis',(1.92120010683715E-16,2.22044604925031E-16,1.));
#2031=DIRECTION('center_axis',(1.,1.07633315289851E-17,-1.95159236318556E-17));
#2032=DIRECTION('ref_axis',(1.92120010683715E-16,2.22044604925031E-16,1.));
#2033=DIRECTION('center_axis',(1.,0.,0.));
#2034=DIRECTION('ref_axis',(1.92120010683715E-16,2.22044604925031E-16,1.));
#2035=DIRECTION('',(1.,1.07633315289851E-17,-1.95159236318556E-17));
#2036=DIRECTION('center_axis',(-1.,0.,0.));
#2037=DIRECTION('ref_axis',(1.92120010683715E-16,2.22044604925031E-16,1.));
#2038=DIRECTION('center_axis',(-0.707105154879598,-0.707108407489009,-1.02805280117068E-6));
#2039=DIRECTION('ref_axis',(-1.45388955811621E-6,0.,0.999999999998943));
#2040=DIRECTION('',(0.289772758973175,-0.289772752250886,0.912175147770438));
#2041=DIRECTION('',(0.315022826461357,-0.315022679024361,0.895277236675106));
#2042=DIRECTION('center_axis',(-0.707106772984644,-0.707106789388451,0.));
#2043=DIRECTION('ref_axis',(0.,0.,1.));
#2044=DIRECTION('',(0.295064991752526,-0.295064984907465,-0.908775717833415));
#2045=DIRECTION('',(0.,0.,-1.));
#2046=DIRECTION('center_axis',(-0.707109638948533,-0.707103923410563,-1.8610701190853E-6));
#2047=DIRECTION('ref_axis',(-2.63193996598074E-6,0.,0.999999999996537));
#2048=DIRECTION('',(0.310378793596844,-0.310378937538376,-0.898515397540809));
#2049=DIRECTION('center_axis',(-0.707103913394483,-0.707109648963879,2.09454569277525E-6));
#2050=DIRECTION('ref_axis',(2.96214693921167E-6,0.,0.999999999995613));
#2051=DIRECTION('',(0.337703423916632,-0.33770328718612,-0.878585731331139));
#2052=DIRECTION('center_axis',(-0.707107678104632,-0.707105884266874,-7.99544173025512E-7));
#2053=DIRECTION('ref_axis',(-1.1307247789589E-6,0.,0.999999999999361));
#2054=DIRECTION('',(0.372831712156191,-0.372831697201614,-0.849701735888804));
#2055=DIRECTION('center_axis',(-0.707106036867473,-0.707107525504548,6.40738500054769E-7));
#2056=DIRECTION('ref_axis',(9.06142030540455E-7,0.,0.99999999999959));
#2057=DIRECTION('',(0.411770206203343,-0.411770075973008,-0.812951844709414));
#2058=DIRECTION('center_axis',(-0.707108563987727,-0.707104998378268,-1.91929973828734E-6));
#2059=DIRECTION('ref_axis',(-2.71429287669267E-6,0.,0.999999999996316));
#2060=DIRECTION('',(0.44310470403502,-0.443104823138089,-0.779305034613405));
#2061=DIRECTION('center_axis',(-0.707106781186543,-0.707106781186543,1.08068835288618E-7));
#2062=DIRECTION('ref_axis',(1.52832412535027E-7,0.,0.999999999999988));
#2063=DIRECTION('',(-0.173775639601166,0.173775491455851,-0.969331783060105));
#2064=DIRECTION('',(0.707106781186548,-0.707106781186548,0.));
#2065=DIRECTION('center_axis',(-0.707106711103991,-0.707106851269092,8.29409377118311E-8));
#2066=DIRECTION('ref_axis',(1.1729621061344E-7,0.,0.999999999999993));
#2067=DIRECTION('',(-0.0782238455344483,0.0782237134524069,-0.993862204052211));
#2068=DIRECTION('center_axis',(0.,-1.,1.73132158097909E-16));
#2069=DIRECTION('ref_axis',(0.,-1.73132158097909E-16,-1.));
#2070=DIRECTION('',(1.,0.,0.));
#2071=DIRECTION('',(0.,-1.73132158097909E-16,-1.));
#2072=DIRECTION('',(1.,0.,0.));
#2073=DIRECTION('',(0.,1.73132158097909E-16,1.));
#2074=DIRECTION('center_axis',(1.,0.,0.));
#2075=DIRECTION('ref_axis',(0.,0.,-1.));
#2076=DIRECTION('',(0.,-1.,0.));
#2077=DIRECTION('',(0.,-1.,1.45442471831642E-16));
#2078=DIRECTION('',(0.,-1.73132158097909E-16,-1.));
#2079=DIRECTION('center_axis',(0.,-1.,1.73132158097909E-16));
#2080=DIRECTION('ref_axis',(0.,-1.73132158097909E-16,-1.));
#2081=DIRECTION('',(-1.,0.,0.));
#2082=DIRECTION('',(-1.,0.,0.));
#2083=DIRECTION('',(0.,1.73132158097909E-16,1.));
#2084=DIRECTION('center_axis',(0.,-1.45442471831642E-16,-1.));
#2085=DIRECTION('ref_axis',(-1.,0.,0.));
#2086=DIRECTION('',(0.,-1.,1.45442471831642E-16));
#2087=DIRECTION('center_axis',(-1.,0.,0.));
#2088=DIRECTION('ref_axis',(0.,0.,1.));
#2089=DIRECTION('',(0.,1.,0.));
#2090=DIRECTION('center_axis',(-0.707106781186543,-0.707106781186543,-1.08045750264656E-7));
#2091=DIRECTION('ref_axis',(-1.52799765381052E-7,0.,0.999999999999988));
#2092=DIRECTION('',(-0.443047212245317,0.443047331332932,-0.779370406110227));
#2093=DIRECTION('',(0.17374075995551,-0.17374061183993,-0.969344287715964));
#2094=DIRECTION('center_axis',(-0.707106184206018,-0.707107378166573,0.));
#2095=DIRECTION('ref_axis',(0.,0.,1.));
#2096=DIRECTION('',(-0.0782238537492889,0.0782237216672337,0.993862202759083));
#2097=DIRECTION('',(0.,0.,1.));
#2098=DIRECTION('center_axis',(-0.707108762040409,-0.707104800325524,1.51046399139432E-6));
#2099=DIRECTION('ref_axis',(2.13611267810107E-6,0.,0.999999999997718));
#2100=DIRECTION('',(0.344380670667302,-0.344380734475764,0.873386434170278));
#2101=DIRECTION('center_axis',(-0.707104845067951,-0.707108717298081,-1.57850027785978E-6));
#2102=DIRECTION('ref_axis',(-2.23234261349767E-6,0.,0.999999999997508));
#2103=DIRECTION('',(0.365357370005271,-0.365357280510788,0.856170572818637));
#2104=DIRECTION('center_axis',(-0.707106534492694,-0.707107027880302,-1.36632377431226E-7));
#2105=DIRECTION('ref_axis',(-1.93227428635275E-7,0.,0.999999999999981));
#2106=DIRECTION('',(-0.411770233030741,0.411770102800398,-0.812951817532601));
#2107=DIRECTION('center_axis',(-0.707106184206018,-0.707107378166573,0.));
#2108=DIRECTION('ref_axis',(0.,0.,1.));
#2109=DIRECTION('',(0.,0.,-1.));
#2110=DIRECTION('center_axis',(-1.,0.,0.));
#2111=DIRECTION('ref_axis',(0.,0.,1.));
#2112=DIRECTION('',(0.,1.,0.));
#2113=DIRECTION('center_axis',(0.731991101665688,0.681314191164585,0.));
#2114=DIRECTION('ref_axis',(0.,0.,-1.));
#2115=DIRECTION('',(-0.681314191164585,0.731991101665688,0.));
#2116=DIRECTION('',(0.,0.,1.));
#2117=DIRECTION('',(-0.681314191164585,0.731991101665688,0.));
#2118=DIRECTION('',(0.,0.,1.));
#2119=DIRECTION('center_axis',(0.94549806520397,0.325627714876284,0.));
#2120=DIRECTION('ref_axis',(0.,0.,-1.));
#2121=DIRECTION('',(-0.325627714876284,0.94549806520397,0.));
#2122=DIRECTION('',(0.,0.,1.));
#2123=DIRECTION('',(0.325627714876284,-0.94549806520397,0.));
#2124=DIRECTION('center_axis',(-0.791623096887681,0.61100971553156,0.));
#2125=DIRECTION('ref_axis',(0.,0.,1.));
#2126=DIRECTION('',(-0.0701910217935483,-0.0909393625559286,-0.993379712294095));
#2127=DIRECTION('',(0.,0.,1.));
#2128=DIRECTION('',(-0.61100971553156,-0.791623096887681,0.));
#2129=DIRECTION('center_axis',(-0.554700136616968,0.832050334076681,0.));
#2130=DIRECTION('ref_axis',(0.,0.,1.));
#2131=DIRECTION('',(-0.832050334076681,-0.554700136616968,0.));
#2132=DIRECTION('',(0.,0.,-1.));
#2133=DIRECTION('',(0.832050334076681,0.554700136616968,0.));
#2134=DIRECTION('',(0.,0.,1.));
#2135=DIRECTION('center_axis',(0.,-0.707108228285432,0.707105334084702));
#2136=DIRECTION('ref_axis',(1.,0.,0.));
#2137=DIRECTION('',(1.,0.,0.));
#2138=DIRECTION('',(0.999244118961053,-0.0274880386388226,-0.0274881511480877));
#2139=DIRECTION('',(-0.379112874839876,-0.654320228706157,-0.654322906856062));
#2140=DIRECTION('center_axis',(7.80016706754724E-8,-0.707106810532952,0.707106751840138));
#2141=DIRECTION('ref_axis',(0.999999999999994,0.,-1.1031102513515E-7));
#2142=DIRECTION('',(0.991686368167311,-0.0909893562713609,-0.0909894732177974));
#2143=DIRECTION('',(0.469717387222884,0.624245775372372,0.624245775372372));
#2144=DIRECTION('center_axis',(4.9791811219782E-7,-0.707105970111792,0.707107592260197));
#2145=DIRECTION('ref_axis',(0.999999999999752,0.,-7.04161739525596E-7));
#2146=DIRECTION('',(-0.872879227320265,-0.345023785284393,-0.345022379130406));
#2147=DIRECTION('',(-0.944522884098389,0.232246054818421,0.232246187128532));
#2148=DIRECTION('',(-0.93198474241175,0.256324408637269,0.256324476881272));
#2149=DIRECTION('center_axis',(7.59989265910064E-8,-0.707106821446825,0.707106740926264));
#2150=DIRECTION('ref_axis',(0.999999999999994,0.,-1.07478718830275E-7));
#2151=DIRECTION('',(-0.976910492494357,0.151072586414962,0.15107270861518));
#2152=DIRECTION('',(0.599578288291399,0.565908948599311,0.565908948599311));
#2153=DIRECTION('center_axis',(0.990414873458331,-0.138124503374736,0.));
#2154=DIRECTION('ref_axis',(0.,0.,-1.));
#2155=DIRECTION('',(0.138124503374736,0.990414873458331,0.));
#2156=DIRECTION('',(0.,0.,-1.));
#2157=DIRECTION('',(-0.138124503374736,-0.990414873458331,0.));
#2158=DIRECTION('',(0.,0.,1.));
#2159=DIRECTION('center_axis',(0.952987617883813,-0.303009241047422,0.));
#2160=DIRECTION('ref_axis',(0.,0.,-1.));
#2161=DIRECTION('',(0.,0.,1.));
#2162=DIRECTION('',(0.303009241047422,0.952987617883813,0.));
#2163=DIRECTION('',(0.303009241047422,0.952987617883813,0.));
#2164=DIRECTION('center_axis',(0.904510698138978,-0.426450931470595,0.));
#2165=DIRECTION('ref_axis',(0.,0.,-1.));
#2166=DIRECTION('',(0.426450931470595,0.904510698138978,0.));
#2167=DIRECTION('',(-0.0174279409648467,-0.0369650008615947,0.999164578828247));
#2168=DIRECTION('center_axis',(0.865256568130927,-0.501329304256484,0.));
#2169=DIRECTION('ref_axis',(0.,0.,-1.));
#2170=DIRECTION('',(0.,0.,1.));
#2171=DIRECTION('',(0.0149916242759537,0.0258744128092771,0.99955278298014));
#2172=DIRECTION('center_axis',(0.799057078248931,-0.601255175196258,0.));
#2173=DIRECTION('ref_axis',(0.,0.,-1.));
#2174=DIRECTION('',(0.,0.,1.));
#2175=DIRECTION('',(0.601255175196258,0.799057078248931,0.));
#2176=DIRECTION('center_axis',(-0.467815870998123,0.883825950536794,0.));
#2177=DIRECTION('ref_axis',(0.,0.,1.));
#2178=DIRECTION('',(-0.883825950536794,-0.467815870998123,0.));
#2179=DIRECTION('',(0.,0.,-1.));
#2180=DIRECTION('',(-0.883825950536794,-0.467815870998123,0.));
#2181=DIRECTION('',(0.,0.,-1.));
#2182=DIRECTION('center_axis',(0.289276964624797,-0.957245442787514,0.));
#2183=DIRECTION('ref_axis',(0.,0.,-1.));
#2184=DIRECTION('',(0.,0.,-1.));
#2185=DIRECTION('',(-0.957245442787514,-0.289276964624797,0.));
#2186=DIRECTION('',(0.,0.,-1.));
#2187=DIRECTION('',(-0.957245442787514,-0.289276964624797,0.));
#2188=DIRECTION('center_axis',(0.504066431879546,0.863664884230118,0.));
#2189=DIRECTION('ref_axis',(0.,0.,-1.));
#2190=DIRECTION('',(-0.863664884230118,0.504066431879546,0.));
#2191=DIRECTION('',(0.,0.,-1.));
#2192=DIRECTION('',(-0.863664884230118,0.504066431879546,0.));
#2193=DIRECTION('',(0.,0.,-1.));
#2194=DIRECTION('center_axis',(0.,0.,1.));
#2195=DIRECTION('ref_axis',(1.,0.,0.));
#2196=DIRECTION('',(-0.992771799317155,-0.120017309087389,0.));
#2197=DIRECTION('',(1.,0.,0.));
#2198=DIRECTION('',(-0.707106781186548,-0.707106781186548,0.));
#2199=DIRECTION('',(0.,-1.,0.));
#2200=DIRECTION('',(-1.,0.,0.));
#2201=DIRECTION('',(-0.48001717167599,-0.877259092227709,0.));
#2202=DIRECTION('',(0.549345801075869,0.835595111785793,0.));
#2203=DIRECTION('',(-0.685758294409731,-0.727829349262763,0.));
#2204=DIRECTION('',(-0.80138822774847,-0.598144554791036,0.));
#2205=DIRECTION('',(0.892949572698619,0.450156706733726,0.));
#2206=DIRECTION('center_axis',(0.,0.,1.));
#2207=DIRECTION('ref_axis',(1.,0.,0.));
#2208=DIRECTION('',(-0.76783508023184,0.640647554873476,0.));
#2209=DIRECTION('',(-0.936780045026487,0.34991877234606,0.));
#2210=DIRECTION('',(-0.982062474844657,0.188555815349164,0.));
#2211=DIRECTION('',(-0.999822603920855,0.0188350919541579,0.));
#2212=DIRECTION('',(-0.98905122722011,-0.14757259208401,0.));
#2213=DIRECTION('',(-0.949932202405045,-0.312456094249897,0.));
#2214=DIRECTION('',(-0.792973795297923,-0.609255742665433,0.));
#2215=DIRECTION('',(0.678280662448118,0.734802927967045,0.));
#2216=DIRECTION('',(-0.546698531685165,-0.837329514261432,0.));
#2217=DIRECTION('',(-0.479818229993147,-0.877367919499137,0.));
#2218=DIRECTION('',(-0.0298141359762625,0.999555459840018,0.));
#2219=DIRECTION('',(-0.197928344445547,0.980216491630826,0.));
#2220=DIRECTION('',(-0.361081944346724,0.932534090243777,0.));
#2221=DIRECTION('',(-0.511953149827806,0.859013371479972,0.));
#2222=DIRECTION('',(-0.648331822620506,0.761357897297699,0.));
#2223=DIRECTION('center_axis',(0.120017309087389,-0.992771799317155,0.));
#2224=DIRECTION('ref_axis',(0.,0.,-1.));
#2225=DIRECTION('',(0.,0.,-1.));
#2226=DIRECTION('',(-0.992771799317155,-0.120017309087389,0.));
#2227=DIRECTION('center_axis',(-0.609255742665433,0.792973795297923,0.));
#2228=DIRECTION('ref_axis',(0.,0.,1.));
#2229=DIRECTION('',(-0.792973795297923,-0.609255742665433,0.));
#2230=DIRECTION('',(0.,0.,-1.));
#2231=DIRECTION('center_axis',(0.,0.,1.));
#2232=DIRECTION('ref_axis',(1.,0.,0.));
#2233=DIRECTION('',(1.,0.,0.));
#2234=DIRECTION('',(0.,-1.,0.));
#2235=DIRECTION('',(1.,0.,0.));
#2236=DIRECTION('',(0.,1.,0.));
#2237=DIRECTION('',(-0.959314558671374,0.282339472127345,0.));
#2238=DIRECTION('',(0.928916669927553,0.370288833656519,0.));
#2239=DIRECTION('',(0.7274039805995,0.686209478955226,0.));
#2240=DIRECTION('',(0.913274577041426,0.40734450644363,0.));
#2241=DIRECTION('',(0.968917738329198,0.247383136755583,0.));
#2242=DIRECTION('',(0.996605269364275,0.0823282276947625,0.));
#2243=DIRECTION('',(-1.,0.,0.));
#2244=DIRECTION('',(0.,-1.,0.));
#2245=DIRECTION('center_axis',(0.,1.,0.));
#2246=DIRECTION('ref_axis',(0.,0.,1.));
#2247=DIRECTION('',(0.,0.,-1.));
#2248=DIRECTION('',(0.,0.,-1.));
#2249=DIRECTION('',(-1.,0.,0.));
#2250=DIRECTION('center_axis',(-1.,0.,0.));
#2251=DIRECTION('ref_axis',(0.,0.,1.));
#2252=DIRECTION('',(0.,1.,0.));
#2253=DIRECTION('',(0.,0.,1.));
#2254=DIRECTION('',(0.,0.707106643564188,0.707106918808881));
#2255=DIRECTION('',(0.,0.,-1.));
#2256=DIRECTION('',(0.,0.,-1.));
#2257=DIRECTION('center_axis',(-0.312456094249898,0.949932202405045,0.));
#2258=DIRECTION('ref_axis',(0.,0.,1.));
#2259=DIRECTION('',(0.,0.,-1.));
#2260=DIRECTION('',(-0.949932202405045,-0.312456094249897,0.));
#2261=DIRECTION('center_axis',(-0.14757259208401,0.98905122722011,0.));
#2262=DIRECTION('ref_axis',(0.,0.,1.));
#2263=DIRECTION('',(-0.98905122722011,-0.14757259208401,0.));
#2264=DIRECTION('',(0.,0.,-1.));
#2265=DIRECTION('center_axis',(0.0188350919541579,0.999822603920855,0.));
#2266=DIRECTION('ref_axis',(0.,0.,1.));
#2267=DIRECTION('',(0.,0.,-1.));
#2268=DIRECTION('',(-0.999822603920855,0.0188350919541579,0.));
#2269=DIRECTION('center_axis',(0.188555815349164,0.982062474844657,0.));
#2270=DIRECTION('ref_axis',(0.,0.,1.));
#2271=DIRECTION('',(0.,0.,-1.));
#2272=DIRECTION('',(-0.982062474844657,0.188555815349164,0.));
#2273=DIRECTION('center_axis',(0.34991877234606,0.936780045026487,0.));
#2274=DIRECTION('ref_axis',(0.,0.,1.));
#2275=DIRECTION('',(-0.936780045026487,0.34991877234606,0.));
#2276=DIRECTION('center_axis',(0.640647554873476,0.76783508023184,0.));
#2277=DIRECTION('ref_axis',(0.,0.,-1.));
#2278=DIRECTION('',(0.,0.,-1.));
#2279=DIRECTION('',(-0.76783508023184,0.640647554873476,0.));
#2280=DIRECTION('center_axis',(0.761357897297699,0.648331822620506,0.));
#2281=DIRECTION('ref_axis',(0.,0.,-1.));
#2282=DIRECTION('',(-0.648331822620506,0.761357897297699,0.));
#2283=DIRECTION('',(0.,0.,-1.));
#2284=DIRECTION('center_axis',(0.859013371479972,0.511953149827806,0.));
#2285=DIRECTION('ref_axis',(0.,0.,-1.));
#2286=DIRECTION('',(0.,0.,-1.));
#2287=DIRECTION('',(-0.511953149827806,0.859013371479972,0.));
#2288=DIRECTION('center_axis',(0.932534090243777,0.361081944346724,0.));
#2289=DIRECTION('ref_axis',(0.,0.,-1.));
#2290=DIRECTION('',(0.,0.,-1.));
#2291=DIRECTION('',(-0.361081944346724,0.932534090243777,0.));
#2292=DIRECTION('center_axis',(0.980216491630826,0.197928344445547,0.));
#2293=DIRECTION('ref_axis',(0.,0.,-1.));
#2294=DIRECTION('',(0.,0.,-1.));
#2295=DIRECTION('',(-0.197928344445547,0.980216491630826,0.));
#2296=DIRECTION('center_axis',(0.999555459840018,0.0298141359762625,0.));
#2297=DIRECTION('ref_axis',(0.,0.,-1.));
#2298=DIRECTION('',(-0.0298141359762625,0.999555459840018,0.));
#2299=DIRECTION('center_axis',(0.450156706733726,-0.892949572698619,0.));
#2300=DIRECTION('ref_axis',(0.,0.,-1.));
#2301=DIRECTION('',(0.,0.,-1.));
#2302=DIRECTION('',(0.892949572698619,0.450156706733726,0.));
#2303=DIRECTION('center_axis',(-0.707106781186548,0.707106781186548,0.));
#2304=DIRECTION('ref_axis',(0.,0.,1.));
#2305=DIRECTION('center_axis',(0.,-1.,0.));
#2306=DIRECTION('ref_axis',(0.,0.,-1.));
#2307=DIRECTION('',(-1.,0.,0.));
#2308=DIRECTION('',(0.,0.,1.));
#2309=DIRECTION('',(-1.,0.,0.));
#2310=DIRECTION('center_axis',(0.,-0.707106918808881,0.707106643564188));
#2311=DIRECTION('ref_axis',(1.,0.,0.));
#2312=DIRECTION('',(0.360708032073734,0.659503365036436,0.659503621751322));
#2313=DIRECTION('center_axis',(0.877318604293493,-0.479908389003756,6.87338163367851E-5));
#2314=DIRECTION('ref_axis',(7.83453306352632E-5,0.,-0.999999996931005));
#2315=DIRECTION('',(-0.232719362203948,-0.42530806912185,0.874616913165548));
#2316=DIRECTION('',(-0.304612937970884,-0.556751007807023,0.772812573219801));
#2317=DIRECTION('center_axis',(0.877259092227709,-0.48001717167599,0.));
#2318=DIRECTION('ref_axis',(0.,0.,-1.));
#2319=DIRECTION('',(0.,0.,1.));
#2320=DIRECTION('center_axis',(0.877278435365447,-0.479981819283557,0.));
#2321=DIRECTION('ref_axis',(0.,0.,-1.));
#2322=DIRECTION('',(-0.479981819283558,-0.877278435365447,0.));
#2323=DIRECTION('center_axis',(0.000918159699144174,-0.705898072389776,
0.708312832284694));
#2324=DIRECTION('ref_axis',(0.999999159852209,0.,-0.00129626188585737));
#2325=DIRECTION('',(0.993486035961014,0.0813563790978849,0.0797912020874003));
#2326=DIRECTION('',(-0.905912328838183,0.299358300393081,0.299512037228465));
#2327=DIRECTION('',(-0.880742179943027,0.334882973939557,0.334882973939557));
#2328=DIRECTION('center_axis',(-0.000594306654854701,-0.708186361686223,
0.706025299774186));
#2329=DIRECTION('ref_axis',(0.999999645716903,0.,0.000841763665540004));
#2330=DIRECTION('',(0.940585936626201,0.23933878184123,0.240863121560294));
#2331=DIRECTION('center_axis',(0.,-0.707106781186548,0.707106781186548));
#2332=DIRECTION('ref_axis',(1.,0.,0.));
#2333=DIRECTION('',(0.360743117029437,0.659493898196142,0.659493898196142));
#2334=DIRECTION('',(-1.,0.,0.));
#2335=DIRECTION('center_axis',(-0.877337165012334,0.479874460721168,2.89082986166796E-5));
#2336=DIRECTION('ref_axis',(3.29500444684573E-5,0.,0.999999999457147));
#2337=DIRECTION('',(-0.197281059487169,-0.360736758003786,0.911564136521692));
#2338=DIRECTION('',(-0.322083110958158,-0.588897586930444,0.741257109067438));
#2339=DIRECTION('center_axis',(-0.877352484741761,0.479846452021329,0.));
#2340=DIRECTION('ref_axis',(0.,0.,1.));
#2341=DIRECTION('',(-0.479846452021329,-0.877352484741761,0.));
#2342=DIRECTION('',(0.,0.,-1.));
#2343=DIRECTION('center_axis',(0.835595111785793,-0.549345801075869,0.));
#2344=DIRECTION('ref_axis',(0.,0.,-1.));
#2345=DIRECTION('',(0.,0.,-1.));
#2346=DIRECTION('',(0.549345801075869,0.835595111785793,0.));
#2347=DIRECTION('center_axis',(0.727829349262763,-0.685758294409731,0.));
#2348=DIRECTION('ref_axis',(0.,0.,-1.));
#2349=DIRECTION('',(0.,0.,-1.));
#2350=DIRECTION('',(-0.685758294409731,-0.727829349262763,0.));
#2351=DIRECTION('center_axis',(0.598144554791036,-0.80138822774847,0.));
#2352=DIRECTION('ref_axis',(0.,0.,-1.));
#2353=DIRECTION('',(-0.80138822774847,-0.598144554791036,0.));
#2354=DIRECTION('center_axis',(-0.877367919499137,0.479818229993147,0.));
#2355=DIRECTION('ref_axis',(0.,0.,1.));
#2356=DIRECTION('',(0.,0.,1.));
#2357=DIRECTION('center_axis',(-0.837329514261432,0.546698531685165,0.));
#2358=DIRECTION('ref_axis',(0.,0.,1.));
#2359=DIRECTION('',(-0.546698531685165,-0.837329514261432,0.));
#2360=DIRECTION('',(0.,0.,1.));
#2361=DIRECTION('center_axis',(-0.734802927967045,0.678280662448118,0.));
#2362=DIRECTION('ref_axis',(0.,0.,1.));
#2363=DIRECTION('',(0.678280662448118,0.734802927967045,0.));
#2364=DIRECTION('center_axis',(-0.707106711192156,-0.707106851180927,-8.29548249111642E-8));
#2365=DIRECTION('ref_axis',(-1.17315850066399E-7,0.,0.999999999999993));
#2366=DIRECTION('center_axis',(0.136566373406589,-0.99063092302561,0.));
#2367=DIRECTION('ref_axis',(0.,0.,-1.));
#2368=DIRECTION('',(0.,0.,-1.));
#2369=DIRECTION('',(0.99063092302561,0.136566373406589,0.));
#2370=DIRECTION('',(0.133466991284498,0.0183994891998152,-0.990882445618374));
#2371=DIRECTION('center_axis',(0.686393072745315,-0.727230740334348,0.));
#2372=DIRECTION('ref_axis',(0.,0.,-1.));
#2373=DIRECTION('',(-0.727230740334348,-0.686393072745315,0.));
#2374=DIRECTION('',(0.,0.,-1.));
#2375=DIRECTION('center_axis',(0.518649913555213,-0.85498670584353,0.));
#2376=DIRECTION('ref_axis',(0.,0.,-1.));
#2377=DIRECTION('',(0.758977565523853,0.460409087134195,0.460409087134195));
#2378=DIRECTION('',(0.110435960794935,0.0669923884526013,-0.991622871081903));
#2379=DIRECTION('center_axis',(-0.686209478955226,0.7274039805995,0.));
#2380=DIRECTION('ref_axis',(0.,0.,1.));
#2381=DIRECTION('',(-0.7274039805995,-0.686209478955226,0.));
#2382=DIRECTION('center_axis',(1.,0.,0.));
#2383=DIRECTION('ref_axis',(0.,0.,-1.));
#2384=DIRECTION('',(0.,0.,1.));
#2385=DIRECTION('',(0.,1.,0.));
#2386=DIRECTION('center_axis',(-0.773678227884137,0.633569955999202,-0.00333324965022602));
#2387=DIRECTION('ref_axis',(-0.00430827519159088,0.,0.999990719339371));
#2388=DIRECTION('',(0.633573475684892,0.773682525916519,0.));
#2389=DIRECTION('',(0.00922063977235956,0.00599895912578306,-0.999939494315329));
#2390=DIRECTION('center_axis',(-0.370287971157933,0.928914506240071,0.0021583587531701));
#2391=DIRECTION('ref_axis',(0.,-0.00232352160768377,0.999997300620026));
#2392=DIRECTION('',(0.0231018276230532,0.00688609909795191,0.999709401376064));
#2393=DIRECTION('center_axis',(-0.285655800628726,0.958332282440262,0.));
#2394=DIRECTION('ref_axis',(0.,0.,1.));
#2395=DIRECTION('',(-0.958332282440262,-0.285655800628726,0.));
#2396=DIRECTION('',(0.,0.,1.));
#2397=DIRECTION('center_axis',(0.,-1.,0.));
#2398=DIRECTION('ref_axis',(0.,0.,-1.));
#2399=DIRECTION('',(0.,0.,1.));
#2400=DIRECTION('center_axis',(0.,0.,1.));
#2401=DIRECTION('ref_axis',(1.,0.,0.));
#2402=DIRECTION('',(-1.,0.,0.));
#2403=DIRECTION('',(0.996605269364275,0.0823282276947625,0.));
#2404=DIRECTION('',(0.968917738329198,0.247383136755583,0.));
#2405=DIRECTION('',(0.913274577041426,0.40734450644363,0.));
#2406=DIRECTION('',(-0.959314558671374,0.282339472127345,0.));
#2407=DIRECTION('',(0.458483008580497,0.888703173642908,0.));
#2408=DIRECTION('',(-0.899309066856873,-0.437313620036034,0.));
#2409=DIRECTION('',(-1.,0.,0.));
#2410=DIRECTION('center_axis',(0.88870222545391,-0.458482519408682,-0.00146077716860326));
#2411=DIRECTION('ref_axis',(-0.00164371726928807,0.,-0.999998649095857));
#2412=DIRECTION('center_axis',(-0.247383136755583,0.968917738329198,0.));
#2413=DIRECTION('ref_axis',(0.,0.,1.));
#2414=DIRECTION('',(0.,0.,-1.));
#2415=DIRECTION('',(0.,0.,-1.));
#2416=DIRECTION('center_axis',(-0.0823282276947625,0.996605269364275,0.));
#2417=DIRECTION('ref_axis',(0.,0.,1.));
#2418=DIRECTION('',(0.,0.,-1.));
#2419=DIRECTION('center_axis',(0.,1.,0.));
#2420=DIRECTION('ref_axis',(0.,0.,1.));
#2421=DIRECTION('center_axis',(-0.40734450644363,0.913274577041426,0.));
#2422=DIRECTION('ref_axis',(0.,0.,1.));
#2423=DIRECTION('center_axis',(0.437281859859816,-0.899243753971269,-0.012051804064145));
#2424=DIRECTION('ref_axis',(0.,0.0134009514080197,-0.999910203218949));
#2425=DIRECTION('',(-0.0822620023118649,-0.0266501924919587,-0.996254350161536));
#2426=DIRECTION('center_axis',(0.369522900438697,-0.929204413731587,-0.00565540034925534));
#2427=DIRECTION('ref_axis',(0.,0.00608616954737878,-0.999981479098608));
#2428=DIRECTION('',(-0.0428152749516245,-0.0109462989994296,-0.999023038157295));
#2429=DIRECTION('center_axis',(0.246586692136166,-0.969120735870991,5.06578089159497E-5));
#2430=DIRECTION('ref_axis',(0.,-5.22719275026282E-5,-0.999999998633823));
#2431=DIRECTION('',(0.0436313041787598,0.0110494927026181,-0.998986595509007));
#2432=DIRECTION('center_axis',(0.0822072974978927,-0.996587536583779,-0.00743250724638106));
#2433=DIRECTION('ref_axis',(0.,0.00745774985132595,-0.999972190596896));
#2434=DIRECTION('center_axis',(0.,-1.,0.));
#2435=DIRECTION('ref_axis',(0.,0.,-1.));
#2436=DIRECTION('center_axis',(0.282339472127345,0.959314558671374,0.));
#2437=DIRECTION('ref_axis',(0.,0.,1.));
#2438=DIRECTION('center_axis',(7.0482887860632E-8,-0.707106839281542,0.707106723091545));
#2439=DIRECTION('ref_axis',(0.999999999999995,0.,-9.96778641171351E-8));
#2440=DIRECTION('center_axis',(1.,0.,0.));
#2441=DIRECTION('ref_axis',(0.,0.,-1.));
#2442=DIRECTION('',(0.,0.,1.));
#2443=DIRECTION('center_axis',(-0.707108567297967,-0.707104995068002,1.92265329578681E-6));
#2444=DIRECTION('ref_axis',(2.71903549850432E-6,0.,0.999999999996303));
#2445=DIRECTION('center_axis',(0.,1.,0.));
#2446=DIRECTION('ref_axis',(0.,0.,1.));
#2447=CARTESIAN_POINT('',(0.,0.,0.));
#2448=CARTESIAN_POINT('Origin',(-178.25,199.505494018555,9.99999999999995));
#2449=CARTESIAN_POINT('',(-194.999996948242,199.505494018555,-4.57679978849634E-14));
#2450=CARTESIAN_POINT('',(-194.999996948242,199.505494018555,12.0010004043579));
#2451=CARTESIAN_POINT('',(-194.999996948242,199.505494018555,11.0005002021789));
#2452=CARTESIAN_POINT('',(-178.499996948242,199.505494018555,-4.57679978849634E-14));
#2453=CARTESIAN_POINT('',(-170.874998474121,199.505494018555,-4.61852778244065E-14));
#2454=CARTESIAN_POINT('',(-178.499996948242,199.505494018555,12.0010004043579));
#2455=CARTESIAN_POINT('',(-178.499996948242,199.505494018555,4.99999999999995));
#2456=CARTESIAN_POINT('',(-165.624998474121,199.505494018555,12.0010004043579));
#2457=CARTESIAN_POINT('Origin',(-178.499996948242,199.396738243103,-4.57679978849634E-14));
#2458=CARTESIAN_POINT('',(-178.499996948242,201.396738243103,-4.57679978849634E-14));
#2459=CARTESIAN_POINT('',(-178.499996948242,201.396738243103,-4.57679978849634E-14));
#2460=CARTESIAN_POINT('',(-178.499996948242,201.396738243103,12.0010004043579));
#2461=CARTESIAN_POINT('',(-178.499996948242,201.396738243103,-4.57679978849634E-14));
#2462=CARTESIAN_POINT('',(-178.499996948242,201.396738243103,12.0010004043579));
#2463=CARTESIAN_POINT('Origin',(-163.499996948242,201.396738243103,-4.57679978849634E-14));
#2464=CARTESIAN_POINT('',(-194.999996948242,204.370738220215,-4.57679978849634E-14));
#2465=CARTESIAN_POINT('',(-194.999996948242,204.370738220215,-4.57679978849634E-14));
#2466=CARTESIAN_POINT('',(-198.499996948242,207.870738220215,-4.57679978849634E-14));
#2467=CARTESIAN_POINT('',(-194.999996948242,204.370738220215,-4.57679978849634E-14));
#2468=CARTESIAN_POINT('',(-198.499996948242,215.344738197327,-4.57679978849634E-14));
#2469=CARTESIAN_POINT('',(-198.499996948242,207.870738220215,-4.57679978849634E-14));
#2470=CARTESIAN_POINT('',(-193.499996948242,220.344738197327,-4.57679978849634E-14));
#2471=CARTESIAN_POINT('',(-193.499996948242,220.344738197327,-4.57679978849634E-14));
#2472=CARTESIAN_POINT('',(-178.499996948242,220.344738197327,-4.57679978849634E-14));
#2473=CARTESIAN_POINT('',(-178.499996948242,220.344738197327,-4.57679978849634E-14));
#2474=CARTESIAN_POINT('',(-178.499996948242,207.396738243103,-4.57679978849634E-14));
#2475=CARTESIAN_POINT('',(-178.499996948242,207.396738243103,-4.57679978849634E-14));
#2476=CARTESIAN_POINT('',(-163.499996948242,207.396738243103,-4.57679978849634E-14));
#2477=CARTESIAN_POINT('',(-163.499996948242,207.396738243103,-4.57679978849634E-14));
#2478=CARTESIAN_POINT('',(-163.499996948242,201.396738243103,-4.57679978849634E-14));
#2479=CARTESIAN_POINT('',(-163.499996948242,207.396738243103,-4.57679978849634E-14));
#2480=CARTESIAN_POINT('',(-178.499996948242,201.396738243103,-4.57679978849634E-14));
#2481=CARTESIAN_POINT('Origin',(-142.391496948242,204.396998596191,5.99999999999995));
#2482=CARTESIAN_POINT('',(-195.315886636982,204.68662737557,7.98750784153304));
#2483=CARTESIAN_POINT('',(-194.999996948242,204.370738220215,8.00832832043304));
#2484=CARTESIAN_POINT('Origin',(-195.02625736856,204.396998596191,5.99999999999996));
#2485=CARTESIAN_POINT('',(-195.739194276237,205.109934918037,7.87770978881007));
#2486=CARTESIAN_POINT('Origin',(-195.026258033319,204.396998596191,5.99999999999996));
#2487=CARTESIAN_POINT('',(-196.065236016859,205.435976634387,7.71889408811198));
#2488=CARTESIAN_POINT('Origin',(-195.026258241366,204.396998596191,5.99999999999996));
#2489=CARTESIAN_POINT('',(-196.262289727097,205.633031706788,7.58312804267652));
#2490=CARTESIAN_POINT('Origin',(-195.02625855215,204.396998596191,5.99999999999996));
#2491=CARTESIAN_POINT('',(-196.476561725634,205.847303078768,7.38949241013316));
#2492=CARTESIAN_POINT('Origin',(-195.026255448877,204.396998596191,5.99999999999996));
#2493=CARTESIAN_POINT('',(-196.648543716019,206.019285737614,7.18416919431936));
#2494=CARTESIAN_POINT('Origin',(-195.026259351153,204.396998596191,5.99999999999996));
#2495=CARTESIAN_POINT('',(-196.770835037304,206.14157550736,6.99525054685708));
#2496=CARTESIAN_POINT('Origin',(-195.026246923336,204.396998596191,5.99999999999996));
#2497=CARTESIAN_POINT('',(-196.83505382458,206.205795135176,6.87311358399475));
#2498=CARTESIAN_POINT('Origin',(-195.02626960804,204.396998596191,5.99999999999996));
#2499=CARTESIAN_POINT('',(-196.856644677803,206.227385987899,5.17310566196268));
#2500=CARTESIAN_POINT('Origin',(-195.026257243633,204.396998596191,5.99999999999996));
#2501=CARTESIAN_POINT('',(-196.750953521314,206.121695611874,4.97068350149374));
#2502=CARTESIAN_POINT('Origin',(-195.026250068719,204.396998596191,5.99999999999996));
#2503=CARTESIAN_POINT('',(-196.617443695609,205.988184618773,4.7743576004637));
#2504=CARTESIAN_POINT('Origin',(-195.026263969847,204.396998596191,5.99999999999996));
#2505=CARTESIAN_POINT('',(-196.514949527776,205.885691285987,4.65171726802226));
#2506=CARTESIAN_POINT('Origin',(-195.026251695467,204.396998596191,5.99999999999996));
#2507=CARTESIAN_POINT('',(-196.262652662807,205.633394642383,4.41715538761348));
#2508=CARTESIAN_POINT('Origin',(-195.026256059762,204.396998596191,5.99999999999996));
#2509=CARTESIAN_POINT('',(-196.066046259707,205.436786877453,4.28159592058454));
#2510=CARTESIAN_POINT('Origin',(-195.026258558933,204.396998596191,5.99999999999996));
#2511=CARTESIAN_POINT('',(-195.7388324493,205.109573091409,4.12215287130034));
#2512=CARTESIAN_POINT('Origin',(-195.026258241017,204.396998596191,5.99999999999996));
#2513=CARTESIAN_POINT('',(-195.315807018745,204.686547757468,4.01248055777959));
#2514=CARTESIAN_POINT('Origin',(-195.026258033313,204.396998596191,5.99999999999996));
#2515=CARTESIAN_POINT('',(-195.02625736856,204.396998596191,3.99149999999996));
#2516=CARTESIAN_POINT('Origin',(-195.02625736856,204.396998596191,5.99999999999996));
#2517=CARTESIAN_POINT('',(-185.308496948242,204.396998596191,3.99149999999996));
#2518=CARTESIAN_POINT('',(-142.391496948242,204.396998596191,3.99149999999995));
#2519=CARTESIAN_POINT('Origin',(-185.308496948242,204.396998596191,5.99999999999996));
#2520=CARTESIAN_POINT('',(-194.999996948242,204.370738220215,3.99167167956687));
#2521=CARTESIAN_POINT('Origin',(-195.02625736856,204.396998596191,5.99999999999996));
#2522=CARTESIAN_POINT('Origin',(-194.999996948242,204.396998596191,5.99999999999996));
#2523=CARTESIAN_POINT('Origin',(-142.391496948242,204.396998596191,5.99999999999995));
#2524=CARTESIAN_POINT('',(-181.291496948242,204.396998596191,3.99149999999996));
#2525=CARTESIAN_POINT('Origin',(-181.291496948242,204.396998596191,5.99999999999996));
#2526=CARTESIAN_POINT('',(-163.499996948242,204.396998596191,3.99149999999995));
#2527=CARTESIAN_POINT('',(-142.391496948242,204.396998596191,3.99149999999995));
#2528=CARTESIAN_POINT('Origin',(-163.499996948242,204.396998596191,5.99999999999995));
#2529=CARTESIAN_POINT('Origin',(-196.572996902466,205.943738219142,6.06599998474116));
#2530=CARTESIAN_POINT('',(-198.499996948242,207.870738220215,-4.57679978849634E-14));
#2531=CARTESIAN_POINT('',(-198.499996948242,207.870738220215,-4.57679978849634E-14));
#2532=CARTESIAN_POINT('Origin',(-198.499996948242,207.870738220215,12.0010004043579));
#2533=CARTESIAN_POINT('',(-198.499996948242,207.870738220215,12.0010004043579));
#2534=CARTESIAN_POINT('',(-198.499996948242,207.870738220215,12.0010004043579));
#2535=CARTESIAN_POINT('',(-198.499996948242,207.870738220215,12.0010004043579));
#2536=CARTESIAN_POINT('Origin',(-198.499996948242,207.870738220215,12.0010004043579));
#2537=CARTESIAN_POINT('',(-198.499996948242,207.870738220215,12.0010004043579));
#2538=CARTESIAN_POINT('Origin',(-198.499996948242,207.870738220215,12.0010004043579));
#2539=CARTESIAN_POINT('',(-198.499996948242,207.870738220215,12.0010004043579));
#2540=CARTESIAN_POINT('Origin',(-198.499996948242,207.870738220215,12.0010004043579));
#2541=CARTESIAN_POINT('',(-198.499996948242,207.870738220215,12.0010004043579));
#2542=CARTESIAN_POINT('Origin',(-198.499996948242,207.870738220215,12.0010004043579));
#2543=CARTESIAN_POINT('',(-198.499996948242,207.870738220215,12.0010004043579));
#2544=CARTESIAN_POINT('Origin',(-198.499996948242,207.870738220215,12.0010004043579));
#2545=CARTESIAN_POINT('',(-198.499996948242,207.870738220215,12.0010004043579));
#2546=CARTESIAN_POINT('Origin',(-198.499996948242,207.870738220215,12.0010004043579));
#2547=CARTESIAN_POINT('',(-194.999996948242,204.370738220215,12.0010004043579));
#2548=CARTESIAN_POINT('',(-194.999996948242,204.370738220215,12.0010004043579));
#2549=CARTESIAN_POINT('',(-198.499996948242,207.870738220215,12.0010004043579));
#2550=CARTESIAN_POINT('Origin',(-195.838997650146,205.209738206863,7.32100009918208));
#2551=CARTESIAN_POINT('',(-194.999996948242,204.370738220215,12.0010004043579));
#2552=CARTESIAN_POINT('Origin',(-183.299996948242,208.405498596191,6.99999999999995));
#2553=CARTESIAN_POINT('',(-185.308496948242,208.405498596191,12.0010004043579));
#2554=CARTESIAN_POINT('',(-181.291496948242,208.405498596191,12.0010004043579));
#2555=CARTESIAN_POINT('',(-168.149996948242,208.405498596191,12.0010004043579));
#2556=CARTESIAN_POINT('',(-185.308496948242,208.405498596191,1.99149999999995));
#2557=CARTESIAN_POINT('',(-185.308496948242,208.405498596191,6.99999999999995));
#2558=CARTESIAN_POINT('',(-181.291496948242,208.405498596191,1.99149999999995));
#2559=CARTESIAN_POINT('',(-183.299996948242,208.405498596191,1.99149999999995));
#2560=CARTESIAN_POINT('',(-181.291496948242,208.405498596191,6.99999999999995));
#2561=CARTESIAN_POINT('Origin',(-181.291496948242,204.396998596191,6.99999999999996));
#2562=CARTESIAN_POINT('',(-181.291496948242,200.388498596191,12.0010004043579));
#2563=CARTESIAN_POINT('',(-181.291496948242,198.146868419647,12.0010004043579));
#2564=CARTESIAN_POINT('',(-181.291496948242,200.388498596191,1.99149999999996));
#2565=CARTESIAN_POINT('',(-181.291496948242,204.396998596191,1.99149999999995));
#2566=CARTESIAN_POINT('',(-181.291496948242,200.388498596191,6.99999999999996));
#2567=CARTESIAN_POINT('Origin',(-183.299996948242,200.388498596191,6.99999999999996));
#2568=CARTESIAN_POINT('',(-185.308496948242,200.388498596191,12.0010004043579));
#2569=CARTESIAN_POINT('',(-168.149996948242,200.388498596191,12.0010004043579));
#2570=CARTESIAN_POINT('',(-185.308496948242,200.388498596191,1.99149999999996));
#2571=CARTESIAN_POINT('',(-183.299996948242,200.388498596191,1.99149999999996));
#2572=CARTESIAN_POINT('',(-185.308496948242,200.388498596191,6.99999999999996));
#2573=CARTESIAN_POINT('Origin',(-183.299996948242,204.396998596191,1.99149999999995));
#2574=CARTESIAN_POINT('',(-185.308496948242,204.396998596191,1.99149999999995));
#2575=CARTESIAN_POINT('Origin',(-185.308496948242,204.396998596191,6.99999999999996));
#2576=CARTESIAN_POINT('',(-185.308496948242,198.146868419647,12.0010004043579));
#2577=CARTESIAN_POINT('Origin',(-195.838997650146,205.209738206863,4.68100023269649));
#2578=CARTESIAN_POINT('',(-195.838997650146,205.209738206863,4.68100023269649));
#2579=CARTESIAN_POINT('',(-195.838997650146,205.209738206863,4.68100023269649));
#2580=CARTESIAN_POINT('Origin',(-194.999996948242,204.370738220215,4.451000213623));
#2581=CARTESIAN_POINT('',(-194.999996948242,204.370738220215,-4.57679978849634E-14));
#2582=CARTESIAN_POINT('',(-194.999996948242,204.370738220215,-4.57679978849634E-14));
#2583=CARTESIAN_POINT('Origin',(-198.499996948242,207.870738220215,-4.57679978849634E-14));
#2584=CARTESIAN_POINT('',(-198.499996948242,207.870738220215,-4.57679978849634E-14));
#2585=CARTESIAN_POINT('Origin',(-198.499996948242,207.870738220215,-4.57679978849634E-14));
#2586=CARTESIAN_POINT('',(-198.499996948242,207.870738220215,-4.57679978849634E-14));
#2587=CARTESIAN_POINT('Origin',(-196.309996414185,205.680738222599,5.13199996948238));
#2588=CARTESIAN_POINT('',(-196.049996185303,205.420738232136,4.83699989318843));
#2589=CARTESIAN_POINT('Origin',(-195.352997589111,204.723738265038,7.5159997940063));
#2590=CARTESIAN_POINT('',(-194.999996948242,204.370738220215,12.0010004043579));
#2591=CARTESIAN_POINT('Origin',(-194.999996948242,204.370738220215,12.0010004043579));
#2592=CARTESIAN_POINT('',(-194.999996948242,196.396738243103,12.0010004043579));
#2593=CARTESIAN_POINT('Origin',(-178.703996944428,212.073738288879,2.99999999999995));
#2594=CARTESIAN_POINT('',(-178.582996945083,211.943738174438,12.0010004043579));
#2595=CARTESIAN_POINT('',(-178.703996944428,212.073738288879,12.0010004043579));
#2596=CARTESIAN_POINT('',(-178.582996945083,211.943738174438,12.0010004043579));
#2597=CARTESIAN_POINT('',(-178.582996945083,211.943738174438,2.99999999999995));
#2598=CARTESIAN_POINT('',(-178.582996945083,211.943738174438,2.99999999999995));
#2599=CARTESIAN_POINT('',(-178.703996944428,212.073738288879,2.99999999999995));
#2600=CARTESIAN_POINT('',(-178.582996945083,211.943738174438,2.99999999999995));
#2601=CARTESIAN_POINT('',(-178.703996944428,212.073738288879,2.99999999999995));
#2602=CARTESIAN_POINT('Origin',(-178.499996948242,211.702737998962,12.0010004043579));
#2603=CARTESIAN_POINT('',(-178.499996948242,211.702737998962,12.0010004043579));
#2604=CARTESIAN_POINT('',(-178.499996948242,211.702737998962,12.0010004043579));
#2605=CARTESIAN_POINT('',(-178.499996948242,211.702737998962,2.99999999999995));
#2606=CARTESIAN_POINT('',(-178.499996948242,211.702737998962,2.99999999999995));
#2607=CARTESIAN_POINT('',(-178.582996945083,211.943738174438,2.99999999999995));
#2608=CARTESIAN_POINT('Origin',(-179.92999689579,211.221738052368,12.0010004043579));
#2609=CARTESIAN_POINT('',(-179.293996977806,212.04573841095,12.0010004043579));
#2610=CARTESIAN_POINT('',(-179.92999689579,211.221738052368,2.99999999999995));
#2611=CARTESIAN_POINT('',(-179.293996977806,212.04573841095,12.0010004043579));
#2612=CARTESIAN_POINT('',(-179.92999689579,211.221738052368,12.0010004043579));
#2613=CARTESIAN_POINT('',(-179.92999689579,211.221738052368,2.99999999999995));
#2614=CARTESIAN_POINT('',(-179.293996977806,212.04573841095,12.0010004043579));
#2615=CARTESIAN_POINT('Origin',(-181.368996906281,210.07673830986,12.0010004043579));
#2616=CARTESIAN_POINT('',(-180.600997018814,210.588738155365,2.99999999999995));
#2617=CARTESIAN_POINT('',(-181.368996906281,210.07673830986,2.99999999999995));
#2618=CARTESIAN_POINT('',(-180.600997018814,210.588738155365,2.99999999999995));
#2619=CARTESIAN_POINT('',(-181.368996906281,210.07673830986,12.0010004043579));
#2620=CARTESIAN_POINT('',(-181.368996906281,210.07673830986,12.0010004043579));
#2621=CARTESIAN_POINT('',(-180.600997018814,210.588738155365,12.0010004043579));
#2622=CARTESIAN_POINT('',(-181.368996906281,210.07673830986,12.0010004043579));
#2623=CARTESIAN_POINT('',(-180.600997018814,210.588738155365,2.99999999999995));
#2624=CARTESIAN_POINT('Origin',(-180.814997005463,212.863738250732,11.7679996490478));
#2625=CARTESIAN_POINT('',(-189.284996795654,213.096738052368,12.0010004043579));
#2626=CARTESIAN_POINT('',(-180.679997014999,213.096738052368,12.0010004043579));
#2627=CARTESIAN_POINT('',(-189.284996795654,213.096738052368,12.0010004043579));
#2628=CARTESIAN_POINT('',(-180.814997005463,212.863738250732,11.7679996490478));
#2629=CARTESIAN_POINT('',(-189.284996795654,213.096738052368,12.0010004043579));
#2630=CARTESIAN_POINT('',(-180.679997014999,213.096738052368,12.0010004043579));
#2631=CARTESIAN_POINT('Origin',(-181.197996902466,212.354738426208,11.2589998245239));
#2632=CARTESIAN_POINT('',(-181.197996902466,212.354738426208,11.2589998245239));
#2633=CARTESIAN_POINT('',(-189.284996795654,213.096738052368,12.0010004043579));
#2634=CARTESIAN_POINT('',(-181.197996902466,212.354738426208,11.2589998245239));
#2635=CARTESIAN_POINT('Origin',(-189.284996795654,213.096738052368,12.0010004043579));
#2636=CARTESIAN_POINT('',(-182.476996946335,211.422738265991,10.3269996643066));
#2637=CARTESIAN_POINT('',(-182.772996711731,211.305738162994,10.2100000381469));
#2638=CARTESIAN_POINT('',(-182.476996946335,211.422738265991,10.3269996643066));
#2639=CARTESIAN_POINT('',(-182.476996946335,211.422738265991,10.3269996643066));
#2640=CARTESIAN_POINT('',(-182.772996711731,211.305738162994,10.2100000381469));
#2641=CARTESIAN_POINT('Origin',(-181.660996961594,211.91773815155,10.8219995498657));
#2642=CARTESIAN_POINT('',(-181.660996961594,211.91773815155,10.8219995498657));
#2643=CARTESIAN_POINT('',(-181.660996961594,211.91773815155,10.8219995498657));
#2644=CARTESIAN_POINT('',(-181.660996961594,211.91773815155,10.8219995498657));
#2645=CARTESIAN_POINT('Origin',(-180.329996991158,214.036738109589,12.0010004043579));
#2646=CARTESIAN_POINT('',(-180.329996991158,214.036738109589,2.99999999999995));
#2647=CARTESIAN_POINT('',(-180.24199693203,214.66773815155,2.99999999999995));
#2648=CARTESIAN_POINT('',(-180.329996991158,214.036738109589,2.99999999999995));
#2649=CARTESIAN_POINT('',(-180.24199693203,214.66773815155,12.0010004043579));
#2650=CARTESIAN_POINT('',(-180.24199693203,214.66773815155,12.0010004043579));
#2651=CARTESIAN_POINT('',(-180.329996991158,214.036738109589,12.0010004043579));
#2652=CARTESIAN_POINT('',(-180.24199693203,214.66773815155,12.0010004043579));
#2653=CARTESIAN_POINT('',(-180.329996991158,214.036738109589,2.99999999999995));
#2654=CARTESIAN_POINT('Origin',(-180.329996991158,214.036738109589,12.0010004043579));
#2655=CARTESIAN_POINT('',(-180.52299695015,213.429738235474,2.99999999999995));
#2656=CARTESIAN_POINT('',(-180.52299695015,213.429738235474,12.0010004043579));
#2657=CARTESIAN_POINT('',(-180.52299695015,213.429738235474,2.99999999999995));
#2658=CARTESIAN_POINT('',(-180.52299695015,213.429738235474,2.99999999999995));
#2659=CARTESIAN_POINT('',(-180.52299695015,213.429738235474,12.0010004043579));
#2660=CARTESIAN_POINT('Origin',(-180.679997014999,213.096738052368,12.0010004043579));
#2661=CARTESIAN_POINT('',(-180.679997014999,213.096738052368,12.0010004043579));
#2662=CARTESIAN_POINT('',(-180.52299695015,213.429738235474,2.99999999999995));
#2663=CARTESIAN_POINT('Origin',(-180.814997005463,212.863738250732,2.99999999999995));
#2664=CARTESIAN_POINT('',(-180.814997005463,212.863738250732,2.99999999999995));
#2665=CARTESIAN_POINT('',(-180.814997005463,212.863738250732,2.99999999999995));
#2666=CARTESIAN_POINT('',(-180.814997005463,212.863738250732,2.99999999999995));
#2667=CARTESIAN_POINT('Origin',(-181.197996902466,212.354738426208,11.2589998245239));
#2668=CARTESIAN_POINT('',(-181.197996902466,212.354738426208,2.99999999999995));
#2669=CARTESIAN_POINT('',(-181.197996902466,212.354738426208,2.99999999999995));
#2670=CARTESIAN_POINT('',(-181.197996902466,212.354738426208,2.99999999999995));
#2671=CARTESIAN_POINT('Origin',(-186.051996994019,218.047738265991,2.99999999999995));
#2672=CARTESIAN_POINT('',(-185.48899679184,218.345738601685,12.0010004043579));
#2673=CARTESIAN_POINT('',(-186.051996994019,218.047738265991,12.0010004043579));
#2674=CARTESIAN_POINT('',(-185.48899679184,218.345738601685,12.0010004043579));
#2675=CARTESIAN_POINT('',(-185.48899679184,218.345738601685,2.99999999999995));
#2676=CARTESIAN_POINT('',(-185.48899679184,218.345738601685,12.0010004043579));
#2677=CARTESIAN_POINT('',(-186.051996994019,218.047738265991,2.99999999999995));
#2678=CARTESIAN_POINT('',(-185.48899679184,218.345738601685,2.99999999999995));
#2679=CARTESIAN_POINT('',(-186.051996994019,218.047738265991,12.0010004043579));
#2680=CARTESIAN_POINT('Origin',(-185.133996772766,220.230737876892,12.0010004043579));
#2681=CARTESIAN_POINT('',(-186.043997097015,219.955738258362,12.0010004043579));
#2682=CARTESIAN_POINT('',(-186.043997097015,219.955738258362,2.99999999999995));
#2683=CARTESIAN_POINT('',(-186.043997097015,219.955738258362,12.0010004043579));
#2684=CARTESIAN_POINT('',(-185.133996772766,220.230737876892,2.99999999999995));
#2685=CARTESIAN_POINT('',(-185.133996772766,220.230737876892,2.99999999999995));
#2686=CARTESIAN_POINT('',(-185.133996772766,220.230737876892,12.0010004043579));
#2687=CARTESIAN_POINT('',(-185.133996772766,220.230737876892,12.0010004043579));
#2688=CARTESIAN_POINT('',(-185.133996772766,220.230737876892,12.0010004043579));
#2689=CARTESIAN_POINT('Origin',(-182.394996929169,218.283738327026,12.0010004043579));
#2690=CARTESIAN_POINT('',(-181.844996976852,217.962738227844,2.99999999999995));
#2691=CARTESIAN_POINT('',(-182.394996929169,218.283738327026,2.99999999999995));
#2692=CARTESIAN_POINT('',(-181.844996976852,217.962738227844,2.99999999999995));
#2693=CARTESIAN_POINT('',(-182.394996929169,218.283738327026,12.0010004043579));
#2694=CARTESIAN_POINT('',(-182.394996929169,218.283738327026,12.0010004043579));
#2695=CARTESIAN_POINT('',(-181.844996976852,217.962738227844,12.0010004043579));
#2696=CARTESIAN_POINT('',(-181.844996976852,217.962738227844,12.0010004043579));
#2697=CARTESIAN_POINT('',(-181.844996976852,217.962738227844,12.0010004043579));
#2698=CARTESIAN_POINT('Origin',(-184.190996932983,220.344738197327,12.0010004043579));
#2699=CARTESIAN_POINT('',(-184.190996932983,220.344738197327,12.0010004043579));
#2700=CARTESIAN_POINT('',(-184.190996932983,220.344738197327,12.0010004043579));
#2701=CARTESIAN_POINT('',(-193.499996948242,220.344738197327,12.0010004043579));
#2702=CARTESIAN_POINT('',(-193.499996948242,220.344738197327,12.0010004043579));
#2703=CARTESIAN_POINT('',(-198.499996948242,215.344738197327,12.0010004043579));
#2704=CARTESIAN_POINT('',(-193.499996948242,220.344738197327,12.0010004043579));
#2705=CARTESIAN_POINT('',(-198.499996948242,213.096738052368,12.0010004043579));
#2706=CARTESIAN_POINT('',(-198.499996948242,215.344738197327,12.0010004043579));
#2707=CARTESIAN_POINT('',(-191.222996520996,213.096738052368,12.0010004043579));
#2708=CARTESIAN_POINT('',(-191.222996520996,213.096738052368,12.0010004043579));
#2709=CARTESIAN_POINT('',(-188.827997016907,217.47373790741,12.0010004043579));
#2710=CARTESIAN_POINT('',(-188.827997016907,217.47373790741,12.0010004043579));
#2711=CARTESIAN_POINT('',(-188.305996704102,218.26773853302,12.0010004043579));
#2712=CARTESIAN_POINT('',(-188.827997016907,217.47373790741,12.0010004043579));
#2713=CARTESIAN_POINT('',(-187.65399723053,218.959737968445,12.0010004043579));
#2714=CARTESIAN_POINT('',(-187.65399723053,218.959737968445,12.0010004043579));
#2715=CARTESIAN_POINT('',(-186.89299659729,219.527737808228,12.0010004043579));
#2716=CARTESIAN_POINT('',(-186.89299659729,219.527737808228,12.0010004043579));
#2717=CARTESIAN_POINT('',(-186.89299659729,219.527737808228,12.0010004043579));
#2718=CARTESIAN_POINT('Origin',(-181.355996894836,217.554738235474,12.0010004043579));
#2719=CARTESIAN_POINT('',(-181.355996894836,217.554738235474,12.0010004043579));
#2720=CARTESIAN_POINT('',(-181.355996894836,217.554738235474,12.0010004043579));
#2721=CARTESIAN_POINT('',(-182.991997051239,218.50673789978,12.0010004043579));
#2722=CARTESIAN_POINT('',(-182.394996929169,218.283738327026,12.0010004043579));
#2723=CARTESIAN_POINT('',(-183.616997051239,218.626737785339,12.0010004043579));
#2724=CARTESIAN_POINT('',(-182.991997051239,218.50673789978,12.0010004043579));
#2725=CARTESIAN_POINT('',(-184.253997135162,218.638737869263,12.0010004043579));
#2726=CARTESIAN_POINT('',(-183.616997051239,218.626737785339,12.0010004043579));
#2727=CARTESIAN_POINT('',(-184.883996772766,218.544738006592,12.0010004043579));
#2728=CARTESIAN_POINT('',(-184.253997135162,218.638737869263,12.0010004043579));
#2729=CARTESIAN_POINT('',(-184.883996772766,218.544738006592,12.0010004043579));
#2730=CARTESIAN_POINT('',(-186.556997108459,217.65973777771,12.0010004043579));
#2731=CARTESIAN_POINT('',(-186.051996994019,218.047738265991,12.0010004043579));
#2732=CARTESIAN_POINT('',(-186.988997268677,217.191738319397,12.0010004043579));
#2733=CARTESIAN_POINT('',(-186.988997268677,217.191738319397,12.0010004043579));
#2734=CARTESIAN_POINT('',(-187.336996841431,216.658738327026,12.0010004043579));
#2735=CARTESIAN_POINT('',(-186.988997268677,217.191738319397,12.0010004043579));
#2736=CARTESIAN_POINT('',(-187.336996841431,216.658738327026,12.0010004043579));
#2737=CARTESIAN_POINT('',(-180.260996985435,215.304738235474,12.0010004043579));
#2738=CARTESIAN_POINT('',(-180.24199693203,214.66773815155,12.0010004043579));
#2739=CARTESIAN_POINT('',(-180.386996912956,215.928737831116,12.0010004043579));
#2740=CARTESIAN_POINT('',(-180.260996985435,215.304738235474,12.0010004043579));
#2741=CARTESIAN_POINT('',(-180.616997051239,216.522738647461,12.0010004043579));
#2742=CARTESIAN_POINT('',(-180.386996912956,215.928737831116,12.0010004043579));
#2743=CARTESIAN_POINT('',(-180.942997026443,217.069738578796,12.0010004043579));
#2744=CARTESIAN_POINT('',(-180.616997051239,216.522738647461,12.0010004043579));
#2745=CARTESIAN_POINT('',(-180.942997026443,217.069738578796,12.0010004043579));
#2746=CARTESIAN_POINT('Origin',(-185.133996772766,220.230737876892,12.0010004043579));
#2747=CARTESIAN_POINT('',(-184.190996932983,220.344738197327,2.99999999999995));
#2748=CARTESIAN_POINT('',(-184.190996932983,220.344738197327,12.0010004043579));
#2749=CARTESIAN_POINT('',(-184.190996932983,220.344738197327,2.99999999999995));
#2750=CARTESIAN_POINT('Origin',(-186.556997108459,217.65973777771,12.0010004043579));
#2751=CARTESIAN_POINT('',(-186.556997108459,217.65973777771,2.99999999999995));
#2752=CARTESIAN_POINT('',(-186.051996994019,218.047738265991,2.99999999999995));
#2753=CARTESIAN_POINT('',(-186.556997108459,217.65973777771,12.0010004043579));
#2754=CARTESIAN_POINT('Origin',(-152.999996948242,191.896738243103,12.0010004043579));
#2755=CARTESIAN_POINT('',(-163.499996948242,201.396738243103,12.0010004043579));
#2756=CARTESIAN_POINT('',(-178.499996948242,201.396738243103,12.0010004043579));
#2757=CARTESIAN_POINT('',(-163.499996948242,207.396738243103,12.0010004043579));
#2758=CARTESIAN_POINT('',(-163.499996948242,207.396738243103,12.0010004043579));
#2759=CARTESIAN_POINT('',(-178.499996948242,207.396738243103,12.0010004043579));
#2760=CARTESIAN_POINT('',(-178.499996948242,207.396738243103,12.0010004043579));
#2761=CARTESIAN_POINT('',(-178.499996948242,207.396738243103,12.0010004043579));
#2762=CARTESIAN_POINT('',(-179.002996969223,212.161738109589,12.0010004043579));
#2763=CARTESIAN_POINT('',(-178.703996944428,212.073738288879,12.0010004043579));
#2764=CARTESIAN_POINT('',(-179.293996977806,212.04573841095,12.0010004043579));
#2765=CARTESIAN_POINT('',(-180.600997018814,210.588738155365,12.0010004043579));
#2766=CARTESIAN_POINT('',(-182.211996841431,209.700738143921,12.0010004043579));
#2767=CARTESIAN_POINT('',(-182.211996841431,209.700738143921,12.0010004043579));
#2768=CARTESIAN_POINT('',(-183.104996967316,209.472738218307,12.0010004043579));
#2769=CARTESIAN_POINT('',(-183.104996967316,209.472738218307,12.0010004043579));
#2770=CARTESIAN_POINT('',(-184.02499704361,209.396738243103,12.0010004043579));
#2771=CARTESIAN_POINT('',(-184.02499704361,209.396738243103,12.0010004043579));
#2772=CARTESIAN_POINT('',(-198.499996948242,209.396738243103,12.0010004043579));
#2773=CARTESIAN_POINT('',(-184.02499704361,209.396738243103,12.0010004043579));
#2774=CARTESIAN_POINT('',(-198.499996948242,209.396738243103,12.0010004043579));
#2775=CARTESIAN_POINT('Origin',(-184.190996932983,220.344738197327,2.99999999999995));
#2776=CARTESIAN_POINT('',(-178.499996948242,220.344738197327,2.99999999999995));
#2777=CARTESIAN_POINT('',(-178.499996948242,220.344738197327,2.99999999999995));
#2778=CARTESIAN_POINT('',(-193.499996948242,220.344738197327,12.0010004043579));
#2779=CARTESIAN_POINT('',(-178.499996948242,220.344738197327,2.99999999999995));
#2780=CARTESIAN_POINT('Origin',(-198.499996948242,207.870738220215,-4.57679978849634E-14));
#2781=CARTESIAN_POINT('',(-198.499996948242,209.396738243103,2.99999999999995));
#2782=CARTESIAN_POINT('',(-198.499996948242,211.871738147736,2.99999999999995));
#2783=CARTESIAN_POINT('',(-198.499996948242,209.396738243103,2.99999999999995));
#2784=CARTESIAN_POINT('',(-198.499996948242,211.871738147736,10.7760000228881));
#2785=CARTESIAN_POINT('',(-198.499996948242,211.871738147736,2.99999999999995));
#2786=CARTESIAN_POINT('',(-198.499996948242,211.871738147736,10.7760000228881));
#2787=CARTESIAN_POINT('',(-198.499996948242,215.344738197327,12.0010004043579));
#2788=CARTESIAN_POINT('',(-198.499996948242,209.396738243103,12.0010004043579));
#2789=CARTESIAN_POINT('Origin',(-184.883996772766,218.544738006592,12.0010004043579));
#2790=CARTESIAN_POINT('',(-184.883996772766,218.544738006592,2.99999999999995));
#2791=CARTESIAN_POINT('',(-184.883996772766,218.544738006592,12.0010004043579));
#2792=CARTESIAN_POINT('',(-184.883996772766,218.544738006592,2.99999999999995));
#2793=CARTESIAN_POINT('Origin',(-184.883996772766,218.544738006592,12.0010004043579));
#2794=CARTESIAN_POINT('',(-184.253997135162,218.638737869263,2.99999999999995));
#2795=CARTESIAN_POINT('',(-184.253997135162,218.638737869263,2.99999999999995));
#2796=CARTESIAN_POINT('',(-184.253997135162,218.638737869263,12.0010004043579));
#2797=CARTESIAN_POINT('Origin',(-184.253997135162,218.638737869263,2.99999999999995));
#2798=CARTESIAN_POINT('',(-183.616997051239,218.626737785339,2.99999999999995));
#2799=CARTESIAN_POINT('',(-183.616997051239,218.626737785339,12.0010004043579));
#2800=CARTESIAN_POINT('',(-183.616997051239,218.626737785339,2.99999999999995));
#2801=CARTESIAN_POINT('Origin',(-183.616997051239,218.626737785339,2.99999999999995));
#2802=CARTESIAN_POINT('',(-182.991997051239,218.50673789978,2.99999999999995));
#2803=CARTESIAN_POINT('',(-182.991997051239,218.50673789978,12.0010004043579));
#2804=CARTESIAN_POINT('',(-182.991997051239,218.50673789978,2.99999999999995));
#2805=CARTESIAN_POINT('Origin',(-182.991997051239,218.50673789978,2.99999999999995));
#2806=CARTESIAN_POINT('',(-182.394996929169,218.283738327026,2.99999999999995));
#2807=CARTESIAN_POINT('Origin',(-181.355996894836,217.554738235474,12.0010004043579));
#2808=CARTESIAN_POINT('',(-181.355996894836,217.554738235474,2.99999999999995));
#2809=CARTESIAN_POINT('',(-181.355996894836,217.554738235474,12.0010004043579));
#2810=CARTESIAN_POINT('',(-181.355996894836,217.554738235474,2.99999999999995));
#2811=CARTESIAN_POINT('Origin',(-180.942997026443,217.069738578796,12.0010004043579));
#2812=CARTESIAN_POINT('',(-180.942997026443,217.069738578796,2.99999999999995));
#2813=CARTESIAN_POINT('',(-180.942997026443,217.069738578796,2.99999999999995));
#2814=CARTESIAN_POINT('',(-180.942997026443,217.069738578796,12.0010004043579));
#2815=CARTESIAN_POINT('Origin',(-180.616997051239,216.522738647461,12.0010004043579));
#2816=CARTESIAN_POINT('',(-180.616997051239,216.522738647461,2.99999999999995));
#2817=CARTESIAN_POINT('',(-180.616997051239,216.522738647461,12.0010004043579));
#2818=CARTESIAN_POINT('',(-180.616997051239,216.522738647461,2.99999999999995));
#2819=CARTESIAN_POINT('Origin',(-180.616997051239,216.522738647461,12.0010004043579));
#2820=CARTESIAN_POINT('',(-180.386996912956,215.928737831116,2.99999999999995));
#2821=CARTESIAN_POINT('',(-180.386996912956,215.928737831116,12.0010004043579));
#2822=CARTESIAN_POINT('',(-180.386996912956,215.928737831116,2.99999999999995));
#2823=CARTESIAN_POINT('Origin',(-180.260996985435,215.304738235474,12.0010004043579));
#2824=CARTESIAN_POINT('',(-180.260996985435,215.304738235474,2.99999999999995));
#2825=CARTESIAN_POINT('',(-180.260996985435,215.304738235474,12.0010004043579));
#2826=CARTESIAN_POINT('',(-180.260996985435,215.304738235474,2.99999999999995));
#2827=CARTESIAN_POINT('Origin',(-180.24199693203,214.66773815155,12.0010004043579));
#2828=CARTESIAN_POINT('',(-180.24199693203,214.66773815155,2.99999999999995));
#2829=CARTESIAN_POINT('Origin',(-186.89299659729,219.527737808228,2.99999999999995));
#2830=CARTESIAN_POINT('',(-186.89299659729,219.527737808228,2.99999999999995));
#2831=CARTESIAN_POINT('',(-186.89299659729,219.527737808228,12.0010004043579));
#2832=CARTESIAN_POINT('',(-186.89299659729,219.527737808228,2.99999999999995));
#2833=CARTESIAN_POINT('Origin',(-193.499996948242,220.344738197327,12.0010004043579));
#2834=CARTESIAN_POINT('Origin',(-198.499996948242,211.871738147736,10.7760000228881));
#2835=CARTESIAN_POINT('',(-191.89299659729,211.871738147736,2.99999999999995));
#2836=CARTESIAN_POINT('',(-191.89299659729,211.871738147736,2.99999999999995));
#2837=CARTESIAN_POINT('',(-191.89299659729,211.871738147736,10.7760000228881));
#2838=CARTESIAN_POINT('',(-191.89299659729,211.871738147736,2.99999999999995));
#2839=CARTESIAN_POINT('',(-191.89299659729,211.871738147736,10.7760000228881));
#2840=CARTESIAN_POINT('Origin',(-191.89299659729,211.871738147736,10.7760000228881));
#2841=CARTESIAN_POINT('',(-191.89299659729,211.871738147736,10.7760000228881));
#2842=CARTESIAN_POINT('Origin',(-191.89299659729,211.871738147736,10.7760000228881));
#2843=CARTESIAN_POINT('',(-188.827997016907,217.47373790741,2.99999999999995));
#2844=CARTESIAN_POINT('',(-188.827997016907,217.47373790741,2.99999999999995));
#2845=CARTESIAN_POINT('',(-188.827997016907,217.47373790741,2.99999999999995));
#2846=CARTESIAN_POINT('Origin',(-188.827997016907,217.47373790741,2.99999999999995));
#2847=CARTESIAN_POINT('',(-188.827997016907,217.47373790741,2.99999999999995));
#2848=CARTESIAN_POINT('Origin',(-191.89299659729,211.871738147736,2.99999999999995));
#2849=CARTESIAN_POINT('',(-188.827997016907,217.47373790741,2.99999999999995));
#2850=CARTESIAN_POINT('Origin',(-189.284996795654,213.096738052368,12.0010004043579));
#2851=CARTESIAN_POINT('',(-184.02499704361,211.096738052368,10.0010004043579));
#2852=CARTESIAN_POINT('',(-183.389996814728,211.148738098145,10.0520000457763));
#2853=CARTESIAN_POINT('',(-184.02499704361,211.096738052368,10.0010004043579));
#2854=CARTESIAN_POINT('',(-183.389996814728,211.148738098145,10.0520000457763));
#2855=CARTESIAN_POINT('',(-184.02499704361,211.096738052368,10.0010004043579));
#2856=CARTESIAN_POINT('Origin',(-189.284996795654,213.096738052368,12.0010004043579));
#2857=CARTESIAN_POINT('',(-183.389996814728,211.148738098145,10.0520000457763));
#2858=CARTESIAN_POINT('Origin',(-184.02499704361,211.096738052368,10.0010004043579));
#2859=CARTESIAN_POINT('',(-190.378996658325,211.096738052368,10.0010004043579));
#2860=CARTESIAN_POINT('',(-190.378996658325,211.096738052368,10.0010004043579));
#2861=CARTESIAN_POINT('',(-184.02499704361,211.096738052368,10.0010004043579));
#2862=CARTESIAN_POINT('Origin',(-187.336996841431,216.658738327026,2.99999999999995));
#2863=CARTESIAN_POINT('',(-187.336996841431,216.658738327026,2.99999999999995));
#2864=CARTESIAN_POINT('',(-187.336996841431,216.658738327026,2.99999999999995));
#2865=CARTESIAN_POINT('',(-187.336996841431,216.658738327026,2.99999999999995));
#2866=CARTESIAN_POINT('Origin',(-190.378996658325,211.096738052368,2.99999999999995));
#2867=CARTESIAN_POINT('',(-190.378996658325,211.096738052368,2.99999999999995));
#2868=CARTESIAN_POINT('',(-187.336996841431,216.658738327026,2.99999999999995));
#2869=CARTESIAN_POINT('',(-190.378996658325,211.096738052368,10.0010004043579));
#2870=CARTESIAN_POINT('Origin',(-188.827997016907,217.47373790741,12.0010004043579));
#2871=CARTESIAN_POINT('',(-188.305996704102,218.26773853302,2.99999999999995));
#2872=CARTESIAN_POINT('',(-188.305996704102,218.26773853302,12.0010004043579));
#2873=CARTESIAN_POINT('',(-188.827997016907,217.47373790741,2.99999999999995));
#2874=CARTESIAN_POINT('Origin',(-188.305996704102,218.26773853302,12.0010004043579));
#2875=CARTESIAN_POINT('',(-187.65399723053,218.959737968445,2.99999999999995));
#2876=CARTESIAN_POINT('',(-187.65399723053,218.959737968445,12.0010004043579));
#2877=CARTESIAN_POINT('',(-187.65399723053,218.959737968445,2.99999999999995));
#2878=CARTESIAN_POINT('Origin',(-187.65399723053,218.959737968445,12.0010004043579));
#2879=CARTESIAN_POINT('',(-186.89299659729,219.527737808228,2.99999999999995));
#2880=CARTESIAN_POINT('Origin',(-189.284996795654,213.096738052368,12.0010004043579));
#2881=CARTESIAN_POINT('',(-187.336996841431,216.658738327026,2.99999999999995));
#2882=CARTESIAN_POINT('Origin',(-187.336996841431,216.658738327026,12.0010004043579));
#2883=CARTESIAN_POINT('',(-186.988997268677,217.191738319397,2.99999999999995));
#2884=CARTESIAN_POINT('',(-186.988997268677,217.191738319397,2.99999999999995));
#2885=CARTESIAN_POINT('',(-186.988997268677,217.191738319397,2.99999999999995));
#2886=CARTESIAN_POINT('Origin',(-186.988997268677,217.191738319397,2.99999999999995));
#2887=CARTESIAN_POINT('',(-186.988997268677,217.191738319397,2.99999999999995));
#2888=CARTESIAN_POINT('Origin',(-194.999996948242,204.370738220215,-4.57679978849634E-14));
#2889=CARTESIAN_POINT('Origin',(-183.08199672699,211.226738166809,2.99999999999995));
#2890=CARTESIAN_POINT('',(-184.02499704361,211.096738052368,2.99999999999995));
#2891=CARTESIAN_POINT('',(-184.02499704361,211.096738052368,10.0010004043579));
#2892=CARTESIAN_POINT('',(-183.08199672699,211.226738166809,2.99999999999995));
#2893=CARTESIAN_POINT('',(-184.02499704361,211.096738052368,2.99999999999995));
#2894=CARTESIAN_POINT('',(-184.02499704361,211.096738052368,10.0010004043579));
#2895=CARTESIAN_POINT('Origin',(-181.660996961594,211.91773815155,10.8219995498657));
#2896=CARTESIAN_POINT('',(-181.660996961594,211.91773815155,2.99999999999995));
#2897=CARTESIAN_POINT('',(-181.197996902466,212.354738426208,2.99999999999995));
#2898=CARTESIAN_POINT('',(-181.660996961594,211.91773815155,10.8219995498657));
#2899=CARTESIAN_POINT('Origin',(-182.476996946335,211.422738265991,10.3269996643066));
#2900=CARTESIAN_POINT('',(-182.476996946335,211.422738265991,10.3269996643066));
#2901=CARTESIAN_POINT('',(-182.476996946335,211.422738265991,10.3269996643066));
#2902=CARTESIAN_POINT('Origin',(-179.92999689579,211.221738052368,2.99999999999995));
#2903=CARTESIAN_POINT('',(-179.92999689579,211.221738052368,2.99999999999995));
#2904=CARTESIAN_POINT('Origin',(-178.499996948242,207.396738243103,12.0010004043579));
#2905=CARTESIAN_POINT('',(-178.499996948242,207.396738243103,-4.57679978849634E-14));
#2906=CARTESIAN_POINT('',(-178.499996948242,211.702737998962,2.99999999999995));
#2907=CARTESIAN_POINT('Origin',(-179.293996977806,212.04573841095,12.0010004043579));
#2908=CARTESIAN_POINT('',(-179.210996973515,212.099738311768,2.99999999999995));
#2909=CARTESIAN_POINT('',(-179.92999689579,211.221738052368,2.99999999999995));
#2910=CARTESIAN_POINT('',(-179.293996977806,212.04573841095,12.0010004043579));
#2911=CARTESIAN_POINT('Origin',(-179.002996969223,212.161738109589,12.0010004043579));
#2912=CARTESIAN_POINT('',(-179.210996973515,212.099738311768,2.99999999999995));
#2913=CARTESIAN_POINT('Origin',(-179.002996969223,212.161738109589,12.0010004043579));
#2914=CARTESIAN_POINT('',(-179.002996969223,212.161738109589,2.99999999999995));
#2915=CARTESIAN_POINT('',(-179.002996969223,212.161738109589,2.99999999999995));
#2916=CARTESIAN_POINT('',(-179.002996969223,212.161738109589,2.99999999999995));
#2917=CARTESIAN_POINT('Origin',(-178.499996948242,201.396738243103,12.0010004043579));
#2918=CARTESIAN_POINT('',(-163.499996948242,201.396738243103,-4.57679978849634E-14));
#2919=CARTESIAN_POINT('Origin',(-180.814997005463,212.863738250732,2.99999999999995));
#2920=CARTESIAN_POINT('',(-184.02499704361,209.396738243103,2.99999999999995));
#2921=CARTESIAN_POINT('',(-184.02499704361,209.396738243103,2.99999999999995));
#2922=CARTESIAN_POINT('',(-183.104996967316,209.472738218307,2.99999999999995));
#2923=CARTESIAN_POINT('',(-184.02499704361,209.396738243103,2.99999999999995));
#2924=CARTESIAN_POINT('',(-182.211996841431,209.700738143921,2.99999999999995));
#2925=CARTESIAN_POINT('',(-183.104996967316,209.472738218307,2.99999999999995));
#2926=CARTESIAN_POINT('',(-182.211996841431,209.700738143921,2.99999999999995));
#2927=CARTESIAN_POINT('',(-178.703996944428,212.073738288879,2.99999999999995));
#2928=CARTESIAN_POINT('',(-180.814997005463,212.863738250732,2.99999999999995));
#2929=CARTESIAN_POINT('',(-181.660996961594,211.91773815155,2.99999999999995));
#2930=CARTESIAN_POINT('',(-184.02499704361,211.096738052368,2.99999999999995));
#2931=CARTESIAN_POINT('Origin',(-180.814997005463,212.863738250732,2.99999999999995));
#2932=CARTESIAN_POINT('Origin',(-183.104996967316,209.472738218307,12.0010004043579));
#2933=CARTESIAN_POINT('',(-182.211996841431,209.700738143921,12.0010004043579));
#2934=CARTESIAN_POINT('',(-183.104996967316,209.472738218307,12.0010004043579));
#2935=CARTESIAN_POINT('Origin',(-184.02499704361,209.396738243103,12.0010004043579));
#2936=CARTESIAN_POINT('',(-184.02499704361,209.396738243103,12.0010004043579));
#2937=CARTESIAN_POINT('Origin',(-184.02499704361,209.396738243103,2.99999999999995));
#2938=CARTESIAN_POINT('Origin',(-182.211996841431,209.700738143921,12.0010004043579));
#2939=CARTESIAN_POINT('Origin',(-182.476996946335,211.422738265991,10.3269996643066));
#2940=CARTESIAN_POINT('',(-182.476996946335,211.422738265991,10.3269996643066));
#2941=CARTESIAN_POINT('Origin',(-182.772996711731,211.305738162994,10.2100000381469));
#2942=CARTESIAN_POINT('',(-182.772996711731,211.305738162994,10.2100000381469));
#2943=CARTESIAN_POINT('Origin',(-183.389996814728,211.148738098145,10.0520000457763));
#2944=CARTESIAN_POINT('',(-183.389996814728,211.148738098145,10.0520000457763));
#2945=CARTESIAN_POINT('Origin',(-184.02499704361,211.096738052368,10.0010004043579));
#2946=CARTESIAN_POINT('Origin',(-184.02499704361,211.096738052368,10.0010004043579));
#2947=CARTESIAN_POINT('Origin',(-179.002996969223,212.161738109589,2.99999999999995));
#2948=CARTESIAN_POINT('Origin',(-182.476996946335,211.422738265991,10.3269996643066));
#2949=CARTESIAN_POINT('Origin',(-163.499996948242,203.112738323212,6.86899995803828));
#2950=CARTESIAN_POINT('',(-163.499996948242,207.396738243103,-4.57679978849634E-14));
#2951=CARTESIAN_POINT('Origin',(-195.838997650146,205.209738206863,4.68100023269649));
#2952=CARTESIAN_POINT('Origin',(-178.499996948242,207.396738243103,-4.57679978849634E-14));
#2953=UNCERTAINTY_MEASURE_WITH_UNIT(LENGTH_MEASURE(0.01),#2957,
'DISTANCE_ACCURACY_VALUE',
'Maximum model space distance between geometric entities at asserted c
onnectivities');
#2954=UNCERTAINTY_MEASURE_WITH_UNIT(LENGTH_MEASURE(0.01),#2957,
'DISTANCE_ACCURACY_VALUE',
'Maximum model space distance between geometric entities at asserted c
onnectivities');
#2955=(
GEOMETRIC_REPRESENTATION_CONTEXT(3)
GLOBAL_UNCERTAINTY_ASSIGNED_CONTEXT((#2953))
GLOBAL_UNIT_ASSIGNED_CONTEXT((#2957,#2959,#2960))
REPRESENTATION_CONTEXT('','3D')
);
#2956=(
GEOMETRIC_REPRESENTATION_CONTEXT(3)
GLOBAL_UNCERTAINTY_ASSIGNED_CONTEXT((#2954))
GLOBAL_UNIT_ASSIGNED_CONTEXT((#2957,#2959,#2960))
REPRESENTATION_CONTEXT('','3D')
);
#2957=(
LENGTH_UNIT()
NAMED_UNIT(*)
SI_UNIT(.MILLI.,.METRE.)
);
#2958=(
LENGTH_UNIT()
NAMED_UNIT(*)
SI_UNIT($,.METRE.)
);
#2959=(
NAMED_UNIT(*)
PLANE_ANGLE_UNIT()
SI_UNIT($,.RADIAN.)
);
#2960=(
NAMED_UNIT(*)
SI_UNIT($,.STERADIAN.)
SOLID_ANGLE_UNIT()
);
#2961=SHAPE_DEFINITION_REPRESENTATION(#2962,#2963);
#2962=PRODUCT_DEFINITION_SHAPE('',$,#2965);
#2963=SHAPE_REPRESENTATION('',(#1837),#2955);
#2964=PRODUCT_DEFINITION_CONTEXT('part definition',#2969,'design');
#2965=PRODUCT_DEFINITION('Suporte_x2.f3d','Suporte_x2.f3d v5',#2966,#2964);
#2966=PRODUCT_DEFINITION_FORMATION('',$,#2971);
#2967=PRODUCT_RELATED_PRODUCT_CATEGORY('Suporte_x2.f3d v5',
'Suporte_x2.f3d v5',(#2971));
#2968=APPLICATION_PROTOCOL_DEFINITION('international standard',
'automotive_design',2009,#2969);
#2969=APPLICATION_CONTEXT(
'Core Data for Automotive Mechanical Design Process');
#2970=PRODUCT_CONTEXT('part definition',#2969,'mechanical');
#2971=PRODUCT('Suporte_x2.f3d','Suporte_x2.f3d v5',$,(#2970));
#2972=PRESENTATION_STYLE_ASSIGNMENT((#2973));
#2973=SURFACE_STYLE_USAGE(.BOTH.,#2974);
#2974=SURFACE_SIDE_STYLE('',(#2975));
#2975=SURFACE_STYLE_FILL_AREA(#2976);
#2976=FILL_AREA_STYLE('Pintura - Esmalte com brilho (Amarelo)',(#2977));
#2977=FILL_AREA_STYLE_COLOUR('Pintura - Esmalte com brilho (Amarelo)',#2978);
#2978=COLOUR_RGB('Pintura - Esmalte com brilho (Amarelo)',0.909803921568627,
0.67843137254902,0.137254901960784);
ENDSEC;
END-ISO-10303-21;
