ISO-10303-21;
HEADER;
/* Generated by software containing ST-Developer
 * from STEP Tools, Inc. (www.steptools.com) 
 */

FILE_DESCRIPTION(
/* description */ (''),
/* implementation_level */ '2;1');

FILE_NAME(
/* name */ 'EmendaCorreia2EixoY.step',
/* time_stamp */ '2026-04-01T20:50:23-03:00',
/* author */ (''),
/* organization */ (''),
/* preprocessor_version */ 'ST-DEVELOPER v20.1',
/* originating_system */ 'Autodesk Translation Framework v14.24.0.0',
/* authorisation */ '');

FILE_SCHEMA (('AUTOMOTIVE_DESIGN { 1 0 10303 214 3 1 1 }'));
ENDSEC;

DATA;
#10=MECHANICAL_DESIGN_GEOMETRIC_PRESENTATION_REPRESENTATION('',(#13),#3392);
#11=SHAPE_REPRESENTATION_RELATIONSHIP('SRR','None',#3399,#12);
#12=ADVANCED_BREP_SHAPE_REPRESENTATION('',(#14),#3391);
#13=STYLED_ITEM('',(#3408),#14);
#14=MANIFOLD_SOLID_BREP('Corpo1',#2080);
#15=CIRCLE('',#2127,2.0085);
#16=CIRCLE('',#2129,2.0085);
#17=CIRCLE('',#2133,2.0085);
#18=CIRCLE('',#2134,2.0085);
#19=CYLINDRICAL_SURFACE('',#2111,2.0085);
#20=CYLINDRICAL_SURFACE('',#2132,2.0085);
#21=FACE_BOUND('',#262,.T.);
#22=FACE_BOUND('',#265,.T.);
#23=FACE_BOUND('',#271,.T.);
#24=FACE_BOUND('',#273,.T.);
#25=FACE_BOUND('',#290,.T.);
#26=FACE_BOUND('',#294,.T.);
#27=FACE_BOUND('',#375,.T.);
#28=FACE_BOUND('',#380,.T.);
#29=FACE_BOUND('',#381,.T.);
#30=PLANE('',#2098);
#31=PLANE('',#2099);
#32=PLANE('',#2100);
#33=PLANE('',#2101);
#34=PLANE('',#2102);
#35=PLANE('',#2103);
#36=PLANE('',#2104);
#37=PLANE('',#2105);
#38=PLANE('',#2106);
#39=PLANE('',#2107);
#40=PLANE('',#2108);
#41=PLANE('',#2109);
#42=PLANE('',#2110);
#43=PLANE('',#2135);
#44=PLANE('',#2136);
#45=PLANE('',#2137);
#46=PLANE('',#2138);
#47=PLANE('',#2139);
#48=PLANE('',#2140);
#49=PLANE('',#2141);
#50=PLANE('',#2142);
#51=PLANE('',#2143);
#52=PLANE('',#2144);
#53=PLANE('',#2145);
#54=PLANE('',#2146);
#55=PLANE('',#2147);
#56=PLANE('',#2148);
#57=PLANE('',#2149);
#58=PLANE('',#2150);
#59=PLANE('',#2151);
#60=PLANE('',#2152);
#61=PLANE('',#2153);
#62=PLANE('',#2154);
#63=PLANE('',#2155);
#64=PLANE('',#2156);
#65=PLANE('',#2157);
#66=PLANE('',#2158);
#67=PLANE('',#2159);
#68=PLANE('',#2160);
#69=PLANE('',#2161);
#70=PLANE('',#2162);
#71=PLANE('',#2163);
#72=PLANE('',#2164);
#73=PLANE('',#2165);
#74=PLANE('',#2166);
#75=PLANE('',#2167);
#76=PLANE('',#2168);
#77=PLANE('',#2169);
#78=PLANE('',#2170);
#79=PLANE('',#2171);
#80=PLANE('',#2172);
#81=PLANE('',#2173);
#82=PLANE('',#2174);
#83=PLANE('',#2175);
#84=PLANE('',#2176);
#85=PLANE('',#2177);
#86=PLANE('',#2178);
#87=PLANE('',#2179);
#88=PLANE('',#2180);
#89=PLANE('',#2181);
#90=PLANE('',#2182);
#91=PLANE('',#2183);
#92=PLANE('',#2184);
#93=PLANE('',#2185);
#94=PLANE('',#2186);
#95=PLANE('',#2187);
#96=PLANE('',#2188);
#97=PLANE('',#2189);
#98=PLANE('',#2190);
#99=PLANE('',#2191);
#100=PLANE('',#2192);
#101=PLANE('',#2193);
#102=PLANE('',#2194);
#103=PLANE('',#2195);
#104=PLANE('',#2196);
#105=PLANE('',#2197);
#106=PLANE('',#2198);
#107=PLANE('',#2199);
#108=PLANE('',#2200);
#109=PLANE('',#2201);
#110=PLANE('',#2202);
#111=PLANE('',#2203);
#112=PLANE('',#2204);
#113=PLANE('',#2205);
#114=PLANE('',#2206);
#115=PLANE('',#2207);
#116=PLANE('',#2208);
#117=PLANE('',#2209);
#118=PLANE('',#2210);
#119=PLANE('',#2211);
#120=PLANE('',#2212);
#121=PLANE('',#2213);
#122=PLANE('',#2214);
#123=PLANE('',#2215);
#124=PLANE('',#2216);
#125=PLANE('',#2217);
#126=PLANE('',#2218);
#127=PLANE('',#2219);
#128=PLANE('',#2220);
#129=PLANE('',#2221);
#130=PLANE('',#2222);
#131=PLANE('',#2223);
#132=PLANE('',#2224);
#133=PLANE('',#2225);
#134=PLANE('',#2226);
#135=PLANE('',#2227);
#136=PLANE('',#2228);
#137=PLANE('',#2229);
#138=PLANE('',#2230);
#139=PLANE('',#2231);
#140=PLANE('',#2232);
#141=PLANE('',#2233);
#142=FACE_OUTER_BOUND('',#258,.T.);
#143=FACE_OUTER_BOUND('',#259,.T.);
#144=FACE_OUTER_BOUND('',#260,.T.);
#145=FACE_OUTER_BOUND('',#261,.T.);
#146=FACE_OUTER_BOUND('',#263,.T.);
#147=FACE_OUTER_BOUND('',#264,.T.);
#148=FACE_OUTER_BOUND('',#266,.T.);
#149=FACE_OUTER_BOUND('',#267,.T.);
#150=FACE_OUTER_BOUND('',#268,.T.);
#151=FACE_OUTER_BOUND('',#269,.T.);
#152=FACE_OUTER_BOUND('',#270,.T.);
#153=FACE_OUTER_BOUND('',#272,.T.);
#154=FACE_OUTER_BOUND('',#274,.T.);
#155=FACE_OUTER_BOUND('',#275,.T.);
#156=FACE_OUTER_BOUND('',#276,.T.);
#157=FACE_OUTER_BOUND('',#277,.T.);
#158=FACE_OUTER_BOUND('',#278,.T.);
#159=FACE_OUTER_BOUND('',#279,.T.);
#160=FACE_OUTER_BOUND('',#280,.T.);
#161=FACE_OUTER_BOUND('',#281,.T.);
#162=FACE_OUTER_BOUND('',#282,.T.);
#163=FACE_OUTER_BOUND('',#283,.T.);
#164=FACE_OUTER_BOUND('',#284,.T.);
#165=FACE_OUTER_BOUND('',#285,.T.);
#166=FACE_OUTER_BOUND('',#286,.T.);
#167=FACE_OUTER_BOUND('',#287,.T.);
#168=FACE_OUTER_BOUND('',#288,.T.);
#169=FACE_OUTER_BOUND('',#289,.T.);
#170=FACE_OUTER_BOUND('',#291,.T.);
#171=FACE_OUTER_BOUND('',#292,.T.);
#172=FACE_OUTER_BOUND('',#293,.T.);
#173=FACE_OUTER_BOUND('',#295,.T.);
#174=FACE_OUTER_BOUND('',#296,.T.);
#175=FACE_OUTER_BOUND('',#297,.T.);
#176=FACE_OUTER_BOUND('',#298,.T.);
#177=FACE_OUTER_BOUND('',#299,.T.);
#178=FACE_OUTER_BOUND('',#300,.T.);
#179=FACE_OUTER_BOUND('',#301,.T.);
#180=FACE_OUTER_BOUND('',#302,.T.);
#181=FACE_OUTER_BOUND('',#303,.T.);
#182=FACE_OUTER_BOUND('',#304,.T.);
#183=FACE_OUTER_BOUND('',#305,.T.);
#184=FACE_OUTER_BOUND('',#306,.T.);
#185=FACE_OUTER_BOUND('',#307,.T.);
#186=FACE_OUTER_BOUND('',#308,.T.);
#187=FACE_OUTER_BOUND('',#309,.T.);
#188=FACE_OUTER_BOUND('',#310,.T.);
#189=FACE_OUTER_BOUND('',#311,.T.);
#190=FACE_OUTER_BOUND('',#312,.T.);
#191=FACE_OUTER_BOUND('',#313,.T.);
#192=FACE_OUTER_BOUND('',#314,.T.);
#193=FACE_OUTER_BOUND('',#315,.T.);
#194=FACE_OUTER_BOUND('',#316,.T.);
#195=FACE_OUTER_BOUND('',#317,.T.);
#196=FACE_OUTER_BOUND('',#318,.T.);
#197=FACE_OUTER_BOUND('',#319,.T.);
#198=FACE_OUTER_BOUND('',#320,.T.);
#199=FACE_OUTER_BOUND('',#321,.T.);
#200=FACE_OUTER_BOUND('',#322,.T.);
#201=FACE_OUTER_BOUND('',#323,.T.);
#202=FACE_OUTER_BOUND('',#324,.T.);
#203=FACE_OUTER_BOUND('',#325,.T.);
#204=FACE_OUTER_BOUND('',#326,.T.);
#205=FACE_OUTER_BOUND('',#327,.T.);
#206=FACE_OUTER_BOUND('',#328,.T.);
#207=FACE_OUTER_BOUND('',#329,.T.);
#208=FACE_OUTER_BOUND('',#330,.T.);
#209=FACE_OUTER_BOUND('',#331,.T.);
#210=FACE_OUTER_BOUND('',#332,.T.);
#211=FACE_OUTER_BOUND('',#333,.T.);
#212=FACE_OUTER_BOUND('',#334,.T.);
#213=FACE_OUTER_BOUND('',#335,.T.);
#214=FACE_OUTER_BOUND('',#336,.T.);
#215=FACE_OUTER_BOUND('',#337,.T.);
#216=FACE_OUTER_BOUND('',#338,.T.);
#217=FACE_OUTER_BOUND('',#339,.T.);
#218=FACE_OUTER_BOUND('',#340,.T.);
#219=FACE_OUTER_BOUND('',#341,.T.);
#220=FACE_OUTER_BOUND('',#342,.T.);
#221=FACE_OUTER_BOUND('',#343,.T.);
#222=FACE_OUTER_BOUND('',#344,.T.);
#223=FACE_OUTER_BOUND('',#345,.T.);
#224=FACE_OUTER_BOUND('',#346,.T.);
#225=FACE_OUTER_BOUND('',#347,.T.);
#226=FACE_OUTER_BOUND('',#348,.T.);
#227=FACE_OUTER_BOUND('',#349,.T.);
#228=FACE_OUTER_BOUND('',#350,.T.);
#229=FACE_OUTER_BOUND('',#351,.T.);
#230=FACE_OUTER_BOUND('',#352,.T.);
#231=FACE_OUTER_BOUND('',#353,.T.);
#232=FACE_OUTER_BOUND('',#354,.T.);
#233=FACE_OUTER_BOUND('',#355,.T.);
#234=FACE_OUTER_BOUND('',#356,.T.);
#235=FACE_OUTER_BOUND('',#357,.T.);
#236=FACE_OUTER_BOUND('',#358,.T.);
#237=FACE_OUTER_BOUND('',#359,.T.);
#238=FACE_OUTER_BOUND('',#360,.T.);
#239=FACE_OUTER_BOUND('',#361,.T.);
#240=FACE_OUTER_BOUND('',#362,.T.);
#241=FACE_OUTER_BOUND('',#363,.T.);
#242=FACE_OUTER_BOUND('',#364,.T.);
#243=FACE_OUTER_BOUND('',#365,.T.);
#244=FACE_OUTER_BOUND('',#366,.T.);
#245=FACE_OUTER_BOUND('',#367,.T.);
#246=FACE_OUTER_BOUND('',#368,.T.);
#247=FACE_OUTER_BOUND('',#369,.T.);
#248=FACE_OUTER_BOUND('',#370,.T.);
#249=FACE_OUTER_BOUND('',#371,.T.);
#250=FACE_OUTER_BOUND('',#372,.T.);
#251=FACE_OUTER_BOUND('',#373,.T.);
#252=FACE_OUTER_BOUND('',#374,.T.);
#253=FACE_OUTER_BOUND('',#376,.T.);
#254=FACE_OUTER_BOUND('',#377,.T.);
#255=FACE_OUTER_BOUND('',#378,.T.);
#256=FACE_OUTER_BOUND('',#379,.T.);
#257=FACE_OUTER_BOUND('',#382,.T.);
#258=EDGE_LOOP('',(#1388,#1389,#1390,#1391));
#259=EDGE_LOOP('',(#1392,#1393,#1394,#1395));
#260=EDGE_LOOP('',(#1396,#1397,#1398,#1399));
#261=EDGE_LOOP('',(#1400,#1401,#1402,#1403));
#262=EDGE_LOOP('',(#1404));
#263=EDGE_LOOP('',(#1405,#1406,#1407,#1408));
#264=EDGE_LOOP('',(#1409,#1410,#1411,#1412,#1413,#1414,#1415,#1416,#1417,
#1418,#1419,#1420,#1421,#1422,#1423,#1424,#1425,#1426,#1427,#1428,#1429,
#1430,#1431,#1432,#1433,#1434));
#265=EDGE_LOOP('',(#1435,#1436,#1437,#1438));
#266=EDGE_LOOP('',(#1439,#1440,#1441,#1442,#1443,#1444));
#267=EDGE_LOOP('',(#1445,#1446,#1447,#1448));
#268=EDGE_LOOP('',(#1449,#1450,#1451,#1452));
#269=EDGE_LOOP('',(#1453,#1454,#1455,#1456));
#270=EDGE_LOOP('',(#1457,#1458,#1459,#1460,#1461,#1462,#1463,#1464,#1465,
#1466,#1467,#1468,#1469,#1470,#1471,#1472,#1473,#1474,#1475,#1476,#1477,
#1478,#1479,#1480));
#271=EDGE_LOOP('',(#1481,#1482,#1483,#1484,#1485,#1486,#1487,#1488,#1489,
#1490,#1491,#1492,#1493,#1494,#1495,#1496,#1497,#1498,#1499,#1500,#1501,
#1502,#1503,#1504,#1505));
#272=EDGE_LOOP('',(#1506,#1507,#1508,#1509));
#273=EDGE_LOOP('',(#1510));
#274=EDGE_LOOP('',(#1511,#1512,#1513,#1514));
#275=EDGE_LOOP('',(#1515,#1516,#1517,#1518));
#276=EDGE_LOOP('',(#1519,#1520,#1521,#1522,#1523,#1524));
#277=EDGE_LOOP('',(#1525,#1526,#1527,#1528,#1529,#1530,#1531,#1532,#1533,
#1534,#1535,#1536,#1537,#1538,#1539,#1540,#1541,#1542,#1543,#1544,#1545,
#1546));
#278=EDGE_LOOP('',(#1547,#1548,#1549,#1550));
#279=EDGE_LOOP('',(#1551,#1552,#1553));
#280=EDGE_LOOP('',(#1554,#1555,#1556));
#281=EDGE_LOOP('',(#1557,#1558,#1559));
#282=EDGE_LOOP('',(#1560,#1561,#1562,#1563));
#283=EDGE_LOOP('',(#1564,#1565,#1566));
#284=EDGE_LOOP('',(#1567,#1568,#1569));
#285=EDGE_LOOP('',(#1570,#1571,#1572));
#286=EDGE_LOOP('',(#1573,#1574,#1575));
#287=EDGE_LOOP('',(#1576,#1577,#1578));
#288=EDGE_LOOP('',(#1579,#1580,#1581,#1582));
#289=EDGE_LOOP('',(#1583,#1584,#1585,#1586));
#290=EDGE_LOOP('',(#1587));
#291=EDGE_LOOP('',(#1588,#1589,#1590,#1591));
#292=EDGE_LOOP('',(#1592,#1593,#1594,#1595));
#293=EDGE_LOOP('',(#1596,#1597,#1598,#1599));
#294=EDGE_LOOP('',(#1600));
#295=EDGE_LOOP('',(#1601,#1602,#1603,#1604));
#296=EDGE_LOOP('',(#1605,#1606,#1607,#1608));
#297=EDGE_LOOP('',(#1609,#1610,#1611));
#298=EDGE_LOOP('',(#1612,#1613,#1614));
#299=EDGE_LOOP('',(#1615,#1616,#1617));
#300=EDGE_LOOP('',(#1618,#1619,#1620));
#301=EDGE_LOOP('',(#1621,#1622,#1623));
#302=EDGE_LOOP('',(#1624,#1625,#1626));
#303=EDGE_LOOP('',(#1627,#1628,#1629));
#304=EDGE_LOOP('',(#1630,#1631,#1632));
#305=EDGE_LOOP('',(#1633,#1634,#1635));
#306=EDGE_LOOP('',(#1636,#1637,#1638));
#307=EDGE_LOOP('',(#1639,#1640,#1641));
#308=EDGE_LOOP('',(#1642,#1643,#1644,#1645));
#309=EDGE_LOOP('',(#1646,#1647,#1648,#1649));
#310=EDGE_LOOP('',(#1650,#1651,#1652,#1653));
#311=EDGE_LOOP('',(#1654,#1655,#1656,#1657));
#312=EDGE_LOOP('',(#1658,#1659,#1660,#1661));
#313=EDGE_LOOP('',(#1662,#1663,#1664,#1665));
#314=EDGE_LOOP('',(#1666,#1667,#1668,#1669));
#315=EDGE_LOOP('',(#1670,#1671,#1672,#1673));
#316=EDGE_LOOP('',(#1674,#1675,#1676));
#317=EDGE_LOOP('',(#1677,#1678,#1679,#1680,#1681,#1682,#1683,#1684,#1685,
#1686,#1687,#1688,#1689,#1690,#1691,#1692,#1693,#1694,#1695,#1696,#1697));
#318=EDGE_LOOP('',(#1698,#1699,#1700));
#319=EDGE_LOOP('',(#1701,#1702,#1703));
#320=EDGE_LOOP('',(#1704,#1705,#1706));
#321=EDGE_LOOP('',(#1707,#1708,#1709,#1710));
#322=EDGE_LOOP('',(#1711,#1712,#1713,#1714));
#323=EDGE_LOOP('',(#1715,#1716,#1717,#1718));
#324=EDGE_LOOP('',(#1719,#1720,#1721,#1722));
#325=EDGE_LOOP('',(#1723,#1724,#1725,#1726));
#326=EDGE_LOOP('',(#1727,#1728,#1729,#1730));
#327=EDGE_LOOP('',(#1731,#1732,#1733,#1734));
#328=EDGE_LOOP('',(#1735,#1736,#1737,#1738));
#329=EDGE_LOOP('',(#1739,#1740,#1741,#1742));
#330=EDGE_LOOP('',(#1743,#1744,#1745,#1746));
#331=EDGE_LOOP('',(#1747,#1748,#1749,#1750));
#332=EDGE_LOOP('',(#1751,#1752,#1753,#1754));
#333=EDGE_LOOP('',(#1755,#1756,#1757,#1758));
#334=EDGE_LOOP('',(#1759,#1760,#1761,#1762));
#335=EDGE_LOOP('',(#1763,#1764,#1765,#1766));
#336=EDGE_LOOP('',(#1767,#1768,#1769,#1770));
#337=EDGE_LOOP('',(#1771,#1772,#1773,#1774));
#338=EDGE_LOOP('',(#1775,#1776,#1777,#1778));
#339=EDGE_LOOP('',(#1779,#1780,#1781));
#340=EDGE_LOOP('',(#1782,#1783,#1784));
#341=EDGE_LOOP('',(#1785,#1786,#1787));
#342=EDGE_LOOP('',(#1788,#1789,#1790,#1791));
#343=EDGE_LOOP('',(#1792,#1793,#1794,#1795));
#344=EDGE_LOOP('',(#1796,#1797,#1798));
#345=EDGE_LOOP('',(#1799,#1800,#1801));
#346=EDGE_LOOP('',(#1802,#1803,#1804));
#347=EDGE_LOOP('',(#1805,#1806,#1807));
#348=EDGE_LOOP('',(#1808,#1809,#1810));
#349=EDGE_LOOP('',(#1811,#1812,#1813));
#350=EDGE_LOOP('',(#1814,#1815,#1816,#1817));
#351=EDGE_LOOP('',(#1818,#1819,#1820,#1821,#1822,#1823,#1824,#1825,#1826,
#1827,#1828));
#352=EDGE_LOOP('',(#1829,#1830,#1831));
#353=EDGE_LOOP('',(#1832,#1833,#1834));
#354=EDGE_LOOP('',(#1835,#1836,#1837));
#355=EDGE_LOOP('',(#1838,#1839,#1840,#1841));
#356=EDGE_LOOP('',(#1842,#1843,#1844,#1845));
#357=EDGE_LOOP('',(#1846,#1847,#1848,#1849));
#358=EDGE_LOOP('',(#1850,#1851,#1852,#1853));
#359=EDGE_LOOP('',(#1854,#1855,#1856,#1857));
#360=EDGE_LOOP('',(#1858,#1859,#1860,#1861));
#361=EDGE_LOOP('',(#1862,#1863,#1864,#1865));
#362=EDGE_LOOP('',(#1866,#1867,#1868,#1869,#1870,#1871));
#363=EDGE_LOOP('',(#1872,#1873,#1874,#1875));
#364=EDGE_LOOP('',(#1876,#1877,#1878));
#365=EDGE_LOOP('',(#1879,#1880,#1881,#1882));
#366=EDGE_LOOP('',(#1883,#1884,#1885));
#367=EDGE_LOOP('',(#1886,#1887,#1888,#1889));
#368=EDGE_LOOP('',(#1890,#1891,#1892));
#369=EDGE_LOOP('',(#1893,#1894,#1895));
#370=EDGE_LOOP('',(#1896,#1897,#1898));
#371=EDGE_LOOP('',(#1899,#1900,#1901,#1902,#1903,#1904,#1905,#1906,#1907));
#372=EDGE_LOOP('',(#1908,#1909,#1910,#1911,#1912,#1913));
#373=EDGE_LOOP('',(#1914,#1915,#1916,#1917));
#374=EDGE_LOOP('',(#1918,#1919,#1920,#1921));
#375=EDGE_LOOP('',(#1922));
#376=EDGE_LOOP('',(#1923,#1924,#1925,#1926));
#377=EDGE_LOOP('',(#1927,#1928,#1929,#1930));
#378=EDGE_LOOP('',(#1931,#1932,#1933,#1934,#1935,#1936));
#379=EDGE_LOOP('',(#1937,#1938,#1939,#1940));
#380=EDGE_LOOP('',(#1941));
#381=EDGE_LOOP('',(#1942));
#382=EDGE_LOOP('',(#1943,#1944,#1945,#1946,#1947,#1948,#1949,#1950,#1951,
#1952,#1953,#1954,#1955,#1956,#1957,#1958,#1959,#1960,#1961));
#383=LINE('',#2799,#644);
#384=LINE('',#2822,#645);
#385=LINE('',#2827,#646);
#386=LINE('',#2829,#647);
#387=LINE('',#2831,#648);
#388=LINE('',#2832,#649);
#389=LINE('',#2835,#650);
#390=LINE('',#2837,#651);
#391=LINE('',#2838,#652);
#392=LINE('',#2841,#653);
#393=LINE('',#2843,#654);
#394=LINE('',#2844,#655);
#395=LINE('',#2847,#656);
#396=LINE('',#2849,#657);
#397=LINE('',#2851,#658);
#398=LINE('',#2853,#659);
#399=LINE('',#2855,#660);
#400=LINE('',#2857,#661);
#401=LINE('',#2859,#662);
#402=LINE('',#2861,#663);
#403=LINE('',#2863,#664);
#404=LINE('',#2865,#665);
#405=LINE('',#2867,#666);
#406=LINE('',#2869,#667);
#407=LINE('',#2871,#668);
#408=LINE('',#2873,#669);
#409=LINE('',#2875,#670);
#410=LINE('',#2877,#671);
#411=LINE('',#2879,#672);
#412=LINE('',#2881,#673);
#413=LINE('',#2883,#674);
#414=LINE('',#2885,#675);
#415=LINE('',#2887,#676);
#416=LINE('',#2889,#677);
#417=LINE('',#2890,#678);
#418=LINE('',#2893,#679);
#419=LINE('',#2895,#680);
#420=LINE('',#2897,#681);
#421=LINE('',#2898,#682);
#422=LINE('',#2901,#683);
#423=LINE('',#2903,#684);
#424=LINE('',#2905,#685);
#425=LINE('',#2907,#686);
#426=LINE('',#2908,#687);
#427=LINE('',#2911,#688);
#428=LINE('',#2912,#689);
#429=LINE('',#2915,#690);
#430=LINE('',#2917,#691);
#431=LINE('',#2918,#692);
#432=LINE('',#2921,#693);
#433=LINE('',#2922,#694);
#434=LINE('',#2925,#695);
#435=LINE('',#2927,#696);
#436=LINE('',#2929,#697);
#437=LINE('',#2931,#698);
#438=LINE('',#2933,#699);
#439=LINE('',#2935,#700);
#440=LINE('',#2937,#701);
#441=LINE('',#2939,#702);
#442=LINE('',#2941,#703);
#443=LINE('',#2943,#704);
#444=LINE('',#2945,#705);
#445=LINE('',#2947,#706);
#446=LINE('',#2949,#707);
#447=LINE('',#2951,#708);
#448=LINE('',#2953,#709);
#449=LINE('',#2955,#710);
#450=LINE('',#2957,#711);
#451=LINE('',#2959,#712);
#452=LINE('',#2961,#713);
#453=LINE('',#2963,#714);
#454=LINE('',#2964,#715);
#455=LINE('',#2967,#716);
#456=LINE('',#2969,#717);
#457=LINE('',#2971,#718);
#458=LINE('',#2973,#719);
#459=LINE('',#2975,#720);
#460=LINE('',#2977,#721);
#461=LINE('',#2979,#722);
#462=LINE('',#2981,#723);
#463=LINE('',#2983,#724);
#464=LINE('',#2985,#725);
#465=LINE('',#2987,#726);
#466=LINE('',#2989,#727);
#467=LINE('',#2991,#728);
#468=LINE('',#2993,#729);
#469=LINE('',#2995,#730);
#470=LINE('',#2997,#731);
#471=LINE('',#2999,#732);
#472=LINE('',#3001,#733);
#473=LINE('',#3003,#734);
#474=LINE('',#3005,#735);
#475=LINE('',#3007,#736);
#476=LINE('',#3009,#737);
#477=LINE('',#3011,#738);
#478=LINE('',#3013,#739);
#479=LINE('',#3014,#740);
#480=LINE('',#3018,#741);
#481=LINE('',#3019,#742);
#482=LINE('',#3020,#743);
#483=LINE('',#3024,#744);
#484=LINE('',#3025,#745);
#485=LINE('',#3026,#746);
#486=LINE('',#3028,#747);
#487=LINE('',#3031,#748);
#488=LINE('',#3033,#749);
#489=LINE('',#3035,#750);
#490=LINE('',#3036,#751);
#491=LINE('',#3070,#752);
#492=LINE('',#3083,#753);
#493=LINE('',#3087,#754);
#494=LINE('',#3088,#755);
#495=LINE('',#3090,#756);
#496=LINE('',#3092,#757);
#497=LINE('',#3094,#758);
#498=LINE('',#3095,#759);
#499=LINE('',#3097,#760);
#500=LINE('',#3099,#761);
#501=LINE('',#3101,#762);
#502=LINE('',#3103,#763);
#503=LINE('',#3105,#764);
#504=LINE('',#3108,#765);
#505=LINE('',#3110,#766);
#506=LINE('',#3111,#767);
#507=LINE('',#3114,#768);
#508=LINE('',#3115,#769);
#509=LINE('',#3118,#770);
#510=LINE('',#3119,#771);
#511=LINE('',#3121,#772);
#512=LINE('',#3126,#773);
#513=LINE('',#3128,#774);
#514=LINE('',#3130,#775);
#515=LINE('',#3131,#776);
#516=LINE('',#3135,#777);
#517=LINE('',#3137,#778);
#518=LINE('',#3139,#779);
#519=LINE('',#3140,#780);
#520=LINE('',#3144,#781);
#521=LINE('',#3146,#782);
#522=LINE('',#3147,#783);
#523=LINE('',#3150,#784);
#524=LINE('',#3152,#785);
#525=LINE('',#3153,#786);
#526=LINE('',#3156,#787);
#527=LINE('',#3157,#788);
#528=LINE('',#3160,#789);
#529=LINE('',#3161,#790);
#530=LINE('',#3164,#791);
#531=LINE('',#3165,#792);
#532=LINE('',#3167,#793);
#533=LINE('',#3170,#794);
#534=LINE('',#3171,#795);
#535=LINE('',#3174,#796);
#536=LINE('',#3175,#797);
#537=LINE('',#3177,#798);
#538=LINE('',#3178,#799);
#539=LINE('',#3180,#800);
#540=LINE('',#3182,#801);
#541=LINE('',#3184,#802);
#542=LINE('',#3187,#803);
#543=LINE('',#3188,#804);
#544=LINE('',#3190,#805);
#545=LINE('',#3192,#806);
#546=LINE('',#3194,#807);
#547=LINE('',#3196,#808);
#548=LINE('',#3198,#809);
#549=LINE('',#3202,#810);
#550=LINE('',#3204,#811);
#551=LINE('',#3206,#812);
#552=LINE('',#3208,#813);
#553=LINE('',#3210,#814);
#554=LINE('',#3212,#815);
#555=LINE('',#3214,#816);
#556=LINE('',#3216,#817);
#557=LINE('',#3218,#818);
#558=LINE('',#3220,#819);
#559=LINE('',#3222,#820);
#560=LINE('',#3224,#821);
#561=LINE('',#3226,#822);
#562=LINE('',#3228,#823);
#563=LINE('',#3230,#824);
#564=LINE('',#3232,#825);
#565=LINE('',#3234,#826);
#566=LINE('',#3236,#827);
#567=LINE('',#3238,#828);
#568=LINE('',#3239,#829);
#569=LINE('',#3241,#830);
#570=LINE('',#3242,#831);
#571=LINE('',#3244,#832);
#572=LINE('',#3246,#833);
#573=LINE('',#3248,#834);
#574=LINE('',#3250,#835);
#575=LINE('',#3252,#836);
#576=LINE('',#3254,#837);
#577=LINE('',#3256,#838);
#578=LINE('',#3258,#839);
#579=LINE('',#3260,#840);
#580=LINE('',#3262,#841);
#581=LINE('',#3264,#842);
#582=LINE('',#3266,#843);
#583=LINE('',#3268,#844);
#584=LINE('',#3270,#845);
#585=LINE('',#3272,#846);
#586=LINE('',#3274,#847);
#587=LINE('',#3276,#848);
#588=LINE('',#3278,#849);
#589=LINE('',#3280,#850);
#590=LINE('',#3282,#851);
#591=LINE('',#3284,#852);
#592=LINE('',#3286,#853);
#593=LINE('',#3288,#854);
#594=LINE('',#3290,#855);
#595=LINE('',#3292,#856);
#596=LINE('',#3294,#857);
#597=LINE('',#3296,#858);
#598=LINE('',#3298,#859);
#599=LINE('',#3300,#860);
#600=LINE('',#3302,#861);
#601=LINE('',#3304,#862);
#602=LINE('',#3308,#863);
#603=LINE('',#3310,#864);
#604=LINE('',#3312,#865);
#605=LINE('',#3314,#866);
#606=LINE('',#3316,#867);
#607=LINE('',#3318,#868);
#608=LINE('',#3320,#869);
#609=LINE('',#3321,#870);
#610=LINE('',#3322,#871);
#611=LINE('',#3324,#872);
#612=LINE('',#3325,#873);
#613=LINE('',#3327,#874);
#614=LINE('',#3329,#875);
#615=LINE('',#3331,#876);
#616=LINE('',#3333,#877);
#617=LINE('',#3334,#878);
#618=LINE('',#3336,#879);
#619=LINE('',#3338,#880);
#620=LINE('',#3340,#881);
#621=LINE('',#3342,#882);
#622=LINE('',#3346,#883);
#623=LINE('',#3347,#884);
#624=LINE('',#3348,#885);
#625=LINE('',#3350,#886);
#626=LINE('',#3351,#887);
#627=LINE('',#3352,#888);
#628=LINE('',#3354,#889);
#629=LINE('',#3357,#890);
#630=LINE('',#3359,#891);
#631=LINE('',#3362,#892);
#632=LINE('',#3365,#893);
#633=LINE('',#3368,#894);
#634=LINE('',#3369,#895);
#635=LINE('',#3371,#896);
#636=LINE('',#3373,#897);
#637=LINE('',#3376,#898);
#638=LINE('',#3377,#899);
#639=LINE('',#3380,#900);
#640=LINE('',#3381,#901);
#641=LINE('',#3384,#902);
#642=LINE('',#3385,#903);
#643=LINE('',#3387,#904);
#644=VECTOR('',#2238,2.5085);
#645=VECTOR('',#2243,2.5085);
#646=VECTOR('',#2248,1.);
#647=VECTOR('',#2249,1.00085);
#648=VECTOR('',#2250,1.);
#649=VECTOR('',#2251,1.);
#650=VECTOR('',#2254,1.);
#651=VECTOR('',#2255,1.);
#652=VECTOR('',#2256,1.);
#653=VECTOR('',#2259,1.);
#654=VECTOR('',#2260,1.);
#655=VECTOR('',#2261,1.);
#656=VECTOR('',#2264,1.);
#657=VECTOR('',#2265,1.);
#658=VECTOR('',#2266,1.);
#659=VECTOR('',#2267,1.);
#660=VECTOR('',#2268,1.);
#661=VECTOR('',#2269,1.);
#662=VECTOR('',#2270,1.);
#663=VECTOR('',#2271,1.);
#664=VECTOR('',#2272,1.);
#665=VECTOR('',#2273,1.);
#666=VECTOR('',#2274,1.);
#667=VECTOR('',#2275,1.);
#668=VECTOR('',#2276,1.);
#669=VECTOR('',#2277,1.);
#670=VECTOR('',#2278,1.);
#671=VECTOR('',#2279,1.);
#672=VECTOR('',#2280,1.);
#673=VECTOR('',#2281,1.);
#674=VECTOR('',#2282,1.);
#675=VECTOR('',#2283,1.);
#676=VECTOR('',#2284,1.);
#677=VECTOR('',#2285,1.);
#678=VECTOR('',#2286,1.);
#679=VECTOR('',#2287,1.);
#680=VECTOR('',#2288,1.);
#681=VECTOR('',#2289,1.);
#682=VECTOR('',#2290,1.);
#683=VECTOR('',#2293,1.00085);
#684=VECTOR('',#2294,1.);
#685=VECTOR('',#2295,1.00085);
#686=VECTOR('',#2296,1.);
#687=VECTOR('',#2297,1.);
#688=VECTOR('',#2300,1.);
#689=VECTOR('',#2301,1.);
#690=VECTOR('',#2304,1.);
#691=VECTOR('',#2305,1.);
#692=VECTOR('',#2306,1.);
#693=VECTOR('',#2309,1.);
#694=VECTOR('',#2310,1.);
#695=VECTOR('',#2313,1.);
#696=VECTOR('',#2314,1.);
#697=VECTOR('',#2315,1.);
#698=VECTOR('',#2316,1.);
#699=VECTOR('',#2317,1.);
#700=VECTOR('',#2318,1.);
#701=VECTOR('',#2319,1.);
#702=VECTOR('',#2320,1.);
#703=VECTOR('',#2321,1.);
#704=VECTOR('',#2322,1.);
#705=VECTOR('',#2323,1.);
#706=VECTOR('',#2324,1.);
#707=VECTOR('',#2325,1.);
#708=VECTOR('',#2326,1.);
#709=VECTOR('',#2327,1.);
#710=VECTOR('',#2328,1.);
#711=VECTOR('',#2329,1.);
#712=VECTOR('',#2330,1.);
#713=VECTOR('',#2331,1.);
#714=VECTOR('',#2332,1.);
#715=VECTOR('',#2333,1.);
#716=VECTOR('',#2334,1.);
#717=VECTOR('',#2335,1.);
#718=VECTOR('',#2336,1.);
#719=VECTOR('',#2337,1.);
#720=VECTOR('',#2338,1.);
#721=VECTOR('',#2339,1.);
#722=VECTOR('',#2340,1.);
#723=VECTOR('',#2341,1.);
#724=VECTOR('',#2342,1.);
#725=VECTOR('',#2343,1.);
#726=VECTOR('',#2344,1.);
#727=VECTOR('',#2345,1.);
#728=VECTOR('',#2346,1.);
#729=VECTOR('',#2347,1.);
#730=VECTOR('',#2348,1.);
#731=VECTOR('',#2349,1.);
#732=VECTOR('',#2350,1.);
#733=VECTOR('',#2351,1.);
#734=VECTOR('',#2352,1.);
#735=VECTOR('',#2353,1.);
#736=VECTOR('',#2354,1.);
#737=VECTOR('',#2355,1.);
#738=VECTOR('',#2356,1.);
#739=VECTOR('',#2357,1.);
#740=VECTOR('',#2358,1.);
#741=VECTOR('',#2361,1.);
#742=VECTOR('',#2362,1.00085);
#743=VECTOR('',#2363,1.);
#744=VECTOR('',#2366,1.);
#745=VECTOR('',#2367,1.);
#746=VECTOR('',#2368,1.00085);
#747=VECTOR('',#2371,1.);
#748=VECTOR('',#2374,1.);
#749=VECTOR('',#2375,0.5);
#750=VECTOR('',#2376,0.6);
#751=VECTOR('',#2377,1.);
#752=VECTOR('',#2410,2.0085);
#753=VECTOR('',#2425,2.0085);
#754=VECTOR('',#2430,1.);
#755=VECTOR('',#2431,1.);
#756=VECTOR('',#2434,1.);
#757=VECTOR('',#2437,1.);
#758=VECTOR('',#2440,1.);
#759=VECTOR('',#2441,1.);
#760=VECTOR('',#2444,1.);
#761=VECTOR('',#2447,1.);
#762=VECTOR('',#2450,1.);
#763=VECTOR('',#2453,1.);
#764=VECTOR('',#2456,1.);
#765=VECTOR('',#2459,0.50085);
#766=VECTOR('',#2460,0.20085);
#767=VECTOR('',#2461,0.50085);
#768=VECTOR('',#2464,0.400849999999998);
#769=VECTOR('',#2465,0.50085);
#770=VECTOR('',#2468,0.20085);
#771=VECTOR('',#2469,0.50085);
#772=VECTOR('',#2472,0.400849999999998);
#773=VECTOR('',#2477,1.);
#774=VECTOR('',#2478,1.);
#775=VECTOR('',#2479,1.);
#776=VECTOR('',#2480,1.);
#777=VECTOR('',#2483,1.);
#778=VECTOR('',#2484,1.);
#779=VECTOR('',#2485,1.);
#780=VECTOR('',#2486,1.);
#781=VECTOR('',#2489,1.);
#782=VECTOR('',#2490,1.);
#783=VECTOR('',#2491,1.);
#784=VECTOR('',#2494,1.);
#785=VECTOR('',#2495,1.);
#786=VECTOR('',#2496,1.);
#787=VECTOR('',#2499,1.);
#788=VECTOR('',#2500,1.);
#789=VECTOR('',#2503,1.);
#790=VECTOR('',#2504,1.);
#791=VECTOR('',#2507,1.);
#792=VECTOR('',#2508,1.);
#793=VECTOR('',#2511,1.);
#794=VECTOR('',#2514,1.);
#795=VECTOR('',#2515,1.);
#796=VECTOR('',#2518,1.);
#797=VECTOR('',#2519,1.);
#798=VECTOR('',#2522,1.);
#799=VECTOR('',#2523,1.);
#800=VECTOR('',#2526,1.);
#801=VECTOR('',#2529,1.);
#802=VECTOR('',#2532,1.);
#803=VECTOR('',#2537,1.);
#804=VECTOR('',#2538,1.);
#805=VECTOR('',#2541,1.);
#806=VECTOR('',#2544,1.);
#807=VECTOR('',#2547,1.);
#808=VECTOR('',#2550,1.);
#809=VECTOR('',#2553,1.);
#810=VECTOR('',#2558,1.);
#811=VECTOR('',#2559,1.);
#812=VECTOR('',#2560,1.);
#813=VECTOR('',#2561,1.);
#814=VECTOR('',#2562,1.);
#815=VECTOR('',#2563,1.);
#816=VECTOR('',#2564,1.);
#817=VECTOR('',#2565,1.);
#818=VECTOR('',#2566,1.);
#819=VECTOR('',#2567,1.);
#820=VECTOR('',#2568,1.);
#821=VECTOR('',#2569,1.);
#822=VECTOR('',#2570,1.);
#823=VECTOR('',#2571,1.);
#824=VECTOR('',#2572,1.);
#825=VECTOR('',#2573,1.);
#826=VECTOR('',#2574,1.);
#827=VECTOR('',#2575,1.);
#828=VECTOR('',#2576,1.);
#829=VECTOR('',#2577,1.);
#830=VECTOR('',#2580,1.);
#831=VECTOR('',#2581,1.);
#832=VECTOR('',#2584,1.);
#833=VECTOR('',#2587,1.);
#834=VECTOR('',#2590,1.);
#835=VECTOR('',#2593,1.);
#836=VECTOR('',#2596,1.);
#837=VECTOR('',#2599,1.);
#838=VECTOR('',#2602,1.);
#839=VECTOR('',#2605,1.);
#840=VECTOR('',#2608,1.);
#841=VECTOR('',#2611,1.);
#842=VECTOR('',#2614,1.);
#843=VECTOR('',#2617,1.);
#844=VECTOR('',#2620,1.);
#845=VECTOR('',#2623,1.);
#846=VECTOR('',#2626,1.);
#847=VECTOR('',#2629,1.);
#848=VECTOR('',#2632,1.);
#849=VECTOR('',#2635,1.);
#850=VECTOR('',#2638,1.);
#851=VECTOR('',#2641,1.);
#852=VECTOR('',#2644,1.);
#853=VECTOR('',#2647,1.);
#854=VECTOR('',#2650,1.);
#855=VECTOR('',#2653,1.);
#856=VECTOR('',#2656,1.);
#857=VECTOR('',#2659,1.);
#858=VECTOR('',#2662,1.);
#859=VECTOR('',#2665,1.);
#860=VECTOR('',#2668,1.);
#861=VECTOR('',#2671,1.);
#862=VECTOR('',#2674,1.);
#863=VECTOR('',#2679,1.);
#864=VECTOR('',#2680,1.);
#865=VECTOR('',#2681,1.);
#866=VECTOR('',#2682,1.);
#867=VECTOR('',#2683,1.);
#868=VECTOR('',#2684,1.);
#869=VECTOR('',#2685,1.);
#870=VECTOR('',#2686,1.);
#871=VECTOR('',#2687,1.);
#872=VECTOR('',#2690,1.);
#873=VECTOR('',#2691,1.);
#874=VECTOR('',#2694,1.);
#875=VECTOR('',#2697,1.);
#876=VECTOR('',#2700,1.);
#877=VECTOR('',#2703,1.);
#878=VECTOR('',#2704,1.);
#879=VECTOR('',#2707,1.);
#880=VECTOR('',#2710,1.);
#881=VECTOR('',#2713,1.);
#882=VECTOR('',#2716,1.);
#883=VECTOR('',#2721,1.);
#884=VECTOR('',#2722,1.);
#885=VECTOR('',#2723,1.);
#886=VECTOR('',#2726,1.);
#887=VECTOR('',#2727,1.);
#888=VECTOR('',#2728,1.);
#889=VECTOR('',#2731,1.);
#890=VECTOR('',#2736,1.);
#891=VECTOR('',#2739,1.);
#892=VECTOR('',#2744,1.);
#893=VECTOR('',#2749,1.);
#894=VECTOR('',#2752,1.);
#895=VECTOR('',#2753,1.);
#896=VECTOR('',#2756,1.);
#897=VECTOR('',#2759,1.);
#898=VECTOR('',#2762,1.);
#899=VECTOR('',#2763,1.);
#900=VECTOR('',#2766,0.5);
#901=VECTOR('',#2767,2.55);
#902=VECTOR('',#2770,1.);
#903=VECTOR('',#2771,0.6);
#904=VECTOR('',#2774,2.55);
#905=ELLIPSE('',#2094,2.5085,2.50093406593407);
#906=ELLIPSE('',#2095,2.5085,2.50093406593407);
#907=ELLIPSE('',#2096,2.5085,2.50093406593407);
#908=ELLIPSE('',#2097,2.5085,2.50093406593407);
#909=ELLIPSE('',#2112,2.84044794002636,2.00850000000001);
#910=ELLIPSE('',#2113,2.84045012007731,2.0085);
#911=ELLIPSE('',#2114,2.84044478911541,2.0085);
#912=ELLIPSE('',#2115,2.84044685812029,2.00850000000008);
#913=ELLIPSE('',#2116,2.84045070003334,2.0085);
#914=ELLIPSE('',#2117,2.84055199986775,2.0085);
#915=ELLIPSE('',#2118,2.84044092111231,2.0085);
#916=ELLIPSE('',#2119,2.84051489649675,2.0085);
#917=ELLIPSE('',#2120,2.84038118210561,2.0085);
#918=ELLIPSE('',#2121,2.84053385888082,2.0085);
#919=ELLIPSE('',#2122,2.84044433029455,2.0085);
#920=ELLIPSE('',#2123,2.84045012012354,2.0085);
#921=ELLIPSE('',#2124,2.84044794002636,2.00850000000001);
#922=ELLIPSE('',#2125,2.8404486279788,2.0085);
#923=ELLIPSE('',#2126,2.8404489001258,2.0085);
#924=ELLIPSE('',#2128,2.8404489001258,2.0085);
#925=ELLIPSE('',#2130,2.8404489001258,2.0085);
#926=ELLIPSE('',#2131,2.84044862797879,2.0085);
#927=VERTEX_POINT('',#2796);
#928=VERTEX_POINT('',#2798);
#929=VERTEX_POINT('',#2819);
#930=VERTEX_POINT('',#2821);
#931=VERTEX_POINT('',#2825);
#932=VERTEX_POINT('',#2826);
#933=VERTEX_POINT('',#2828);
#934=VERTEX_POINT('',#2830);
#935=VERTEX_POINT('',#2834);
#936=VERTEX_POINT('',#2836);
#937=VERTEX_POINT('',#2840);
#938=VERTEX_POINT('',#2842);
#939=VERTEX_POINT('',#2846);
#940=VERTEX_POINT('',#2848);
#941=VERTEX_POINT('',#2850);
#942=VERTEX_POINT('',#2852);
#943=VERTEX_POINT('',#2854);
#944=VERTEX_POINT('',#2856);
#945=VERTEX_POINT('',#2858);
#946=VERTEX_POINT('',#2860);
#947=VERTEX_POINT('',#2862);
#948=VERTEX_POINT('',#2864);
#949=VERTEX_POINT('',#2866);
#950=VERTEX_POINT('',#2868);
#951=VERTEX_POINT('',#2870);
#952=VERTEX_POINT('',#2872);
#953=VERTEX_POINT('',#2874);
#954=VERTEX_POINT('',#2876);
#955=VERTEX_POINT('',#2878);
#956=VERTEX_POINT('',#2880);
#957=VERTEX_POINT('',#2882);
#958=VERTEX_POINT('',#2884);
#959=VERTEX_POINT('',#2886);
#960=VERTEX_POINT('',#2888);
#961=VERTEX_POINT('',#2891);
#962=VERTEX_POINT('',#2892);
#963=VERTEX_POINT('',#2894);
#964=VERTEX_POINT('',#2896);
#965=VERTEX_POINT('',#2900);
#966=VERTEX_POINT('',#2902);
#967=VERTEX_POINT('',#2904);
#968=VERTEX_POINT('',#2906);
#969=VERTEX_POINT('',#2910);
#970=VERTEX_POINT('',#2914);
#971=VERTEX_POINT('',#2916);
#972=VERTEX_POINT('',#2920);
#973=VERTEX_POINT('',#2924);
#974=VERTEX_POINT('',#2926);
#975=VERTEX_POINT('',#2928);
#976=VERTEX_POINT('',#2930);
#977=VERTEX_POINT('',#2932);
#978=VERTEX_POINT('',#2934);
#979=VERTEX_POINT('',#2936);
#980=VERTEX_POINT('',#2938);
#981=VERTEX_POINT('',#2940);
#982=VERTEX_POINT('',#2942);
#983=VERTEX_POINT('',#2944);
#984=VERTEX_POINT('',#2946);
#985=VERTEX_POINT('',#2948);
#986=VERTEX_POINT('',#2950);
#987=VERTEX_POINT('',#2952);
#988=VERTEX_POINT('',#2954);
#989=VERTEX_POINT('',#2956);
#990=VERTEX_POINT('',#2958);
#991=VERTEX_POINT('',#2960);
#992=VERTEX_POINT('',#2962);
#993=VERTEX_POINT('',#2965);
#994=VERTEX_POINT('',#2966);
#995=VERTEX_POINT('',#2968);
#996=VERTEX_POINT('',#2970);
#997=VERTEX_POINT('',#2972);
#998=VERTEX_POINT('',#2974);
#999=VERTEX_POINT('',#2976);
#1000=VERTEX_POINT('',#2978);
#1001=VERTEX_POINT('',#2980);
#1002=VERTEX_POINT('',#2982);
#1003=VERTEX_POINT('',#2984);
#1004=VERTEX_POINT('',#2986);
#1005=VERTEX_POINT('',#2988);
#1006=VERTEX_POINT('',#2990);
#1007=VERTEX_POINT('',#2992);
#1008=VERTEX_POINT('',#2994);
#1009=VERTEX_POINT('',#2996);
#1010=VERTEX_POINT('',#2998);
#1011=VERTEX_POINT('',#3000);
#1012=VERTEX_POINT('',#3002);
#1013=VERTEX_POINT('',#3004);
#1014=VERTEX_POINT('',#3006);
#1015=VERTEX_POINT('',#3008);
#1016=VERTEX_POINT('',#3010);
#1017=VERTEX_POINT('',#3012);
#1018=VERTEX_POINT('',#3016);
#1019=VERTEX_POINT('',#3017);
#1020=VERTEX_POINT('',#3022);
#1021=VERTEX_POINT('',#3023);
#1022=VERTEX_POINT('',#3030);
#1023=VERTEX_POINT('',#3032);
#1024=VERTEX_POINT('',#3034);
#1025=VERTEX_POINT('',#3038);
#1026=VERTEX_POINT('',#3039);
#1027=VERTEX_POINT('',#3041);
#1028=VERTEX_POINT('',#3043);
#1029=VERTEX_POINT('',#3045);
#1030=VERTEX_POINT('',#3047);
#1031=VERTEX_POINT('',#3049);
#1032=VERTEX_POINT('',#3051);
#1033=VERTEX_POINT('',#3053);
#1034=VERTEX_POINT('',#3055);
#1035=VERTEX_POINT('',#3057);
#1036=VERTEX_POINT('',#3059);
#1037=VERTEX_POINT('',#3061);
#1038=VERTEX_POINT('',#3063);
#1039=VERTEX_POINT('',#3065);
#1040=VERTEX_POINT('',#3067);
#1041=VERTEX_POINT('',#3069);
#1042=VERTEX_POINT('',#3072);
#1043=VERTEX_POINT('',#3074);
#1044=VERTEX_POINT('',#3076);
#1045=VERTEX_POINT('',#3080);
#1046=VERTEX_POINT('',#3082);
#1047=VERTEX_POINT('',#3086);
#1048=VERTEX_POINT('',#3107);
#1049=VERTEX_POINT('',#3109);
#1050=VERTEX_POINT('',#3113);
#1051=VERTEX_POINT('',#3117);
#1052=VERTEX_POINT('',#3124);
#1053=VERTEX_POINT('',#3125);
#1054=VERTEX_POINT('',#3127);
#1055=VERTEX_POINT('',#3129);
#1056=VERTEX_POINT('',#3133);
#1057=VERTEX_POINT('',#3134);
#1058=VERTEX_POINT('',#3136);
#1059=VERTEX_POINT('',#3138);
#1060=VERTEX_POINT('',#3142);
#1061=VERTEX_POINT('',#3143);
#1062=VERTEX_POINT('',#3145);
#1063=VERTEX_POINT('',#3149);
#1064=VERTEX_POINT('',#3151);
#1065=VERTEX_POINT('',#3155);
#1066=VERTEX_POINT('',#3159);
#1067=VERTEX_POINT('',#3163);
#1068=VERTEX_POINT('',#3169);
#1069=VERTEX_POINT('',#3173);
#1070=VERTEX_POINT('',#3201);
#1071=VERTEX_POINT('',#3203);
#1072=VERTEX_POINT('',#3205);
#1073=VERTEX_POINT('',#3207);
#1074=VERTEX_POINT('',#3209);
#1075=VERTEX_POINT('',#3211);
#1076=VERTEX_POINT('',#3213);
#1077=VERTEX_POINT('',#3215);
#1078=VERTEX_POINT('',#3217);
#1079=VERTEX_POINT('',#3219);
#1080=VERTEX_POINT('',#3221);
#1081=VERTEX_POINT('',#3223);
#1082=VERTEX_POINT('',#3225);
#1083=VERTEX_POINT('',#3227);
#1084=VERTEX_POINT('',#3229);
#1085=VERTEX_POINT('',#3231);
#1086=VERTEX_POINT('',#3233);
#1087=VERTEX_POINT('',#3235);
#1088=VERTEX_POINT('',#3237);
#1089=VERTEX_POINT('',#3307);
#1090=VERTEX_POINT('',#3309);
#1091=VERTEX_POINT('',#3311);
#1092=VERTEX_POINT('',#3313);
#1093=VERTEX_POINT('',#3315);
#1094=VERTEX_POINT('',#3317);
#1095=VERTEX_POINT('',#3319);
#1096=VERTEX_POINT('',#3345);
#1097=VERTEX_POINT('',#3367);
#1098=VERTEX_POINT('',#3375);
#1099=VERTEX_POINT('',#3379);
#1100=VERTEX_POINT('',#3383);
#1101=EDGE_CURVE('',#927,#927,#905,.T.);
#1102=EDGE_CURVE('',#927,#928,#383,.T.);
#1103=EDGE_CURVE('',#928,#928,#906,.T.);
#1104=EDGE_CURVE('',#929,#929,#907,.T.);
#1105=EDGE_CURVE('',#929,#930,#384,.T.);
#1106=EDGE_CURVE('',#930,#930,#908,.T.);
#1107=EDGE_CURVE('',#931,#932,#385,.T.);
#1108=EDGE_CURVE('',#931,#933,#386,.T.);
#1109=EDGE_CURVE('',#934,#933,#387,.T.);
#1110=EDGE_CURVE('',#932,#934,#388,.T.);
#1111=EDGE_CURVE('',#935,#931,#389,.T.);
#1112=EDGE_CURVE('',#936,#935,#390,.T.);
#1113=EDGE_CURVE('',#933,#936,#391,.T.);
#1114=EDGE_CURVE('',#934,#937,#392,.T.);
#1115=EDGE_CURVE('',#937,#938,#393,.T.);
#1116=EDGE_CURVE('',#932,#938,#394,.T.);
#1117=EDGE_CURVE('',#939,#936,#395,.T.);
#1118=EDGE_CURVE('',#940,#939,#396,.T.);
#1119=EDGE_CURVE('',#940,#941,#397,.T.);
#1120=EDGE_CURVE('',#941,#942,#398,.T.);
#1121=EDGE_CURVE('',#942,#943,#399,.T.);
#1122=EDGE_CURVE('',#943,#944,#400,.T.);
#1123=EDGE_CURVE('',#944,#945,#401,.T.);
#1124=EDGE_CURVE('',#945,#946,#402,.T.);
#1125=EDGE_CURVE('',#946,#947,#403,.T.);
#1126=EDGE_CURVE('',#947,#948,#404,.T.);
#1127=EDGE_CURVE('',#948,#949,#405,.T.);
#1128=EDGE_CURVE('',#950,#949,#406,.T.);
#1129=EDGE_CURVE('',#951,#950,#407,.T.);
#1130=EDGE_CURVE('',#951,#952,#408,.T.);
#1131=EDGE_CURVE('',#952,#953,#409,.T.);
#1132=EDGE_CURVE('',#953,#954,#410,.T.);
#1133=EDGE_CURVE('',#954,#955,#411,.T.);
#1134=EDGE_CURVE('',#955,#956,#412,.T.);
#1135=EDGE_CURVE('',#956,#957,#413,.T.);
#1136=EDGE_CURVE('',#958,#957,#414,.T.);
#1137=EDGE_CURVE('',#959,#958,#415,.T.);
#1138=EDGE_CURVE('',#960,#959,#416,.T.);
#1139=EDGE_CURVE('',#937,#960,#417,.T.);
#1140=EDGE_CURVE('',#961,#962,#418,.T.);
#1141=EDGE_CURVE('',#962,#963,#419,.T.);
#1142=EDGE_CURVE('',#963,#964,#420,.T.);
#1143=EDGE_CURVE('',#964,#961,#421,.T.);
#1144=EDGE_CURVE('',#946,#965,#422,.T.);
#1145=EDGE_CURVE('',#966,#965,#423,.T.);
#1146=EDGE_CURVE('',#966,#967,#424,.T.);
#1147=EDGE_CURVE('',#968,#967,#425,.T.);
#1148=EDGE_CURVE('',#947,#968,#426,.T.);
#1149=EDGE_CURVE('',#969,#945,#427,.T.);
#1150=EDGE_CURVE('',#965,#969,#428,.T.);
#1151=EDGE_CURVE('',#970,#966,#429,.T.);
#1152=EDGE_CURVE('',#971,#970,#430,.T.);
#1153=EDGE_CURVE('',#967,#971,#431,.T.);
#1154=EDGE_CURVE('',#968,#972,#432,.T.);
#1155=EDGE_CURVE('',#948,#972,#433,.T.);
#1156=EDGE_CURVE('',#971,#973,#434,.T.);
#1157=EDGE_CURVE('',#973,#974,#435,.T.);
#1158=EDGE_CURVE('',#974,#975,#436,.T.);
#1159=EDGE_CURVE('',#975,#976,#437,.T.);
#1160=EDGE_CURVE('',#976,#977,#438,.T.);
#1161=EDGE_CURVE('',#977,#978,#439,.T.);
#1162=EDGE_CURVE('',#978,#979,#440,.T.);
#1163=EDGE_CURVE('',#979,#980,#441,.T.);
#1164=EDGE_CURVE('',#980,#981,#442,.T.);
#1165=EDGE_CURVE('',#981,#982,#443,.T.);
#1166=EDGE_CURVE('',#983,#982,#444,.T.);
#1167=EDGE_CURVE('',#983,#984,#445,.T.);
#1168=EDGE_CURVE('',#984,#985,#446,.T.);
#1169=EDGE_CURVE('',#985,#986,#447,.T.);
#1170=EDGE_CURVE('',#986,#987,#448,.T.);
#1171=EDGE_CURVE('',#987,#988,#449,.T.);
#1172=EDGE_CURVE('',#988,#989,#450,.T.);
#1173=EDGE_CURVE('',#990,#989,#451,.T.);
#1174=EDGE_CURVE('',#991,#990,#452,.T.);
#1175=EDGE_CURVE('',#991,#992,#453,.T.);
#1176=EDGE_CURVE('',#992,#972,#454,.T.);
#1177=EDGE_CURVE('',#993,#994,#455,.T.);
#1178=EDGE_CURVE('',#995,#994,#456,.T.);
#1179=EDGE_CURVE('',#996,#995,#457,.T.);
#1180=EDGE_CURVE('',#997,#996,#458,.T.);
#1181=EDGE_CURVE('',#998,#997,#459,.T.);
#1182=EDGE_CURVE('',#999,#998,#460,.T.);
#1183=EDGE_CURVE('',#1000,#999,#461,.T.);
#1184=EDGE_CURVE('',#1000,#1001,#462,.T.);
#1185=EDGE_CURVE('',#1001,#1002,#463,.T.);
#1186=EDGE_CURVE('',#1002,#1003,#464,.T.);
#1187=EDGE_CURVE('',#1003,#1004,#465,.T.);
#1188=EDGE_CURVE('',#1004,#1005,#466,.T.);
#1189=EDGE_CURVE('',#1005,#1006,#467,.T.);
#1190=EDGE_CURVE('',#1006,#1007,#468,.T.);
#1191=EDGE_CURVE('',#1007,#1008,#469,.T.);
#1192=EDGE_CURVE('',#1008,#1009,#470,.T.);
#1193=EDGE_CURVE('',#1009,#1010,#471,.T.);
#1194=EDGE_CURVE('',#1010,#1011,#472,.T.);
#1195=EDGE_CURVE('',#1012,#1011,#473,.T.);
#1196=EDGE_CURVE('',#1012,#1013,#474,.T.);
#1197=EDGE_CURVE('',#1014,#1013,#475,.T.);
#1198=EDGE_CURVE('',#1015,#1014,#476,.T.);
#1199=EDGE_CURVE('',#1016,#1015,#477,.T.);
#1200=EDGE_CURVE('',#1017,#1016,#478,.T.);
#1201=EDGE_CURVE('',#993,#1017,#479,.T.);
#1202=EDGE_CURVE('',#1018,#1019,#480,.T.);
#1203=EDGE_CURVE('',#942,#1018,#481,.T.);
#1204=EDGE_CURVE('',#1019,#941,#482,.T.);
#1205=EDGE_CURVE('',#1020,#1021,#483,.T.);
#1206=EDGE_CURVE('',#944,#1020,#484,.T.);
#1207=EDGE_CURVE('',#1021,#943,#485,.T.);
#1208=EDGE_CURVE('',#1021,#1018,#486,.T.);
#1209=EDGE_CURVE('',#940,#1022,#487,.T.);
#1210=EDGE_CURVE('',#1023,#1022,#488,.T.);
#1211=EDGE_CURVE('',#1024,#1023,#489,.T.);
#1212=EDGE_CURVE('',#1024,#1019,#490,.T.);
#1213=EDGE_CURVE('',#1025,#1026,#909,.T.);
#1214=EDGE_CURVE('',#1027,#1025,#910,.T.);
#1215=EDGE_CURVE('',#1028,#1027,#911,.T.);
#1216=EDGE_CURVE('',#1029,#1028,#912,.T.);
#1217=EDGE_CURVE('',#1030,#1029,#913,.T.);
#1218=EDGE_CURVE('',#1031,#1030,#914,.T.);
#1219=EDGE_CURVE('',#1032,#1031,#915,.T.);
#1220=EDGE_CURVE('',#1033,#1032,#916,.T.);
#1221=EDGE_CURVE('',#1034,#1033,#917,.T.);
#1222=EDGE_CURVE('',#1035,#1034,#918,.T.);
#1223=EDGE_CURVE('',#1036,#1035,#919,.T.);
#1224=EDGE_CURVE('',#1037,#1036,#920,.T.);
#1225=EDGE_CURVE('',#1038,#1037,#921,.T.);
#1226=EDGE_CURVE('',#1039,#1038,#922,.T.);
#1227=EDGE_CURVE('',#1040,#1039,#923,.T.);
#1228=EDGE_CURVE('',#1040,#1041,#491,.T.);
#1229=EDGE_CURVE('',#1041,#1041,#15,.T.);
#1230=EDGE_CURVE('',#1042,#1040,#924,.T.);
#1231=EDGE_CURVE('',#1043,#1042,#16,.T.);
#1232=EDGE_CURVE('',#1044,#1043,#925,.T.);
#1233=EDGE_CURVE('',#1026,#1044,#926,.T.);
#1234=EDGE_CURVE('',#1045,#1045,#17,.T.);
#1235=EDGE_CURVE('',#1045,#1046,#492,.T.);
#1236=EDGE_CURVE('',#1046,#1046,#18,.T.);
#1237=EDGE_CURVE('',#1034,#1047,#493,.T.);
#1238=EDGE_CURVE('',#1035,#1047,#494,.T.);
#1239=EDGE_CURVE('',#1033,#1047,#495,.T.);
#1240=EDGE_CURVE('',#1032,#1047,#496,.T.);
#1241=EDGE_CURVE('',#959,#1031,#497,.T.);
#1242=EDGE_CURVE('',#959,#1047,#498,.T.);
#1243=EDGE_CURVE('',#959,#1030,#499,.T.);
#1244=EDGE_CURVE('',#959,#1029,#500,.T.);
#1245=EDGE_CURVE('',#959,#1028,#501,.T.);
#1246=EDGE_CURVE('',#959,#1027,#502,.T.);
#1247=EDGE_CURVE('',#959,#1025,#503,.T.);
#1248=EDGE_CURVE('',#963,#1048,#504,.T.);
#1249=EDGE_CURVE('',#1048,#1049,#505,.T.);
#1250=EDGE_CURVE('',#1049,#964,#506,.T.);
#1251=EDGE_CURVE('',#1049,#1050,#507,.T.);
#1252=EDGE_CURVE('',#961,#1050,#508,.T.);
#1253=EDGE_CURVE('',#1050,#1051,#509,.T.);
#1254=EDGE_CURVE('',#1051,#962,#510,.T.);
#1255=EDGE_CURVE('',#1048,#1051,#511,.T.);
#1256=EDGE_CURVE('',#1052,#1053,#512,.T.);
#1257=EDGE_CURVE('',#1053,#1054,#513,.T.);
#1258=EDGE_CURVE('',#1055,#1054,#514,.T.);
#1259=EDGE_CURVE('',#1052,#1055,#515,.T.);
#1260=EDGE_CURVE('',#1056,#1057,#516,.T.);
#1261=EDGE_CURVE('',#1058,#1056,#517,.T.);
#1262=EDGE_CURVE('',#1058,#1059,#518,.T.);
#1263=EDGE_CURVE('',#1059,#1057,#519,.T.);
#1264=EDGE_CURVE('',#1060,#1061,#520,.T.);
#1265=EDGE_CURVE('',#1062,#1061,#521,.T.);
#1266=EDGE_CURVE('',#1062,#1060,#522,.T.);
#1267=EDGE_CURVE('',#1063,#1061,#523,.T.);
#1268=EDGE_CURVE('',#1064,#1061,#524,.T.);
#1269=EDGE_CURVE('',#1064,#1063,#525,.T.);
#1270=EDGE_CURVE('',#1065,#1061,#526,.T.);
#1271=EDGE_CURVE('',#1065,#1064,#527,.T.);
#1272=EDGE_CURVE('',#1066,#1061,#528,.T.);
#1273=EDGE_CURVE('',#1066,#1065,#529,.T.);
#1274=EDGE_CURVE('',#1067,#1061,#530,.T.);
#1275=EDGE_CURVE('',#1067,#1066,#531,.T.);
#1276=EDGE_CURVE('',#1060,#1067,#532,.T.);
#1277=EDGE_CURVE('',#1068,#1062,#533,.T.);
#1278=EDGE_CURVE('',#1068,#1061,#534,.T.);
#1279=EDGE_CURVE('',#1069,#1068,#535,.T.);
#1280=EDGE_CURVE('',#1069,#1061,#536,.T.);
#1281=EDGE_CURVE('',#951,#990,#537,.T.);
#1282=EDGE_CURVE('',#951,#989,#538,.T.);
#1283=EDGE_CURVE('',#950,#990,#539,.T.);
#1284=EDGE_CURVE('',#950,#991,#540,.T.);
#1285=EDGE_CURVE('',#949,#992,#541,.T.);
#1286=EDGE_CURVE('',#957,#984,#542,.T.);
#1287=EDGE_CURVE('',#958,#983,#543,.T.);
#1288=EDGE_CURVE('',#956,#985,#544,.T.);
#1289=EDGE_CURVE('',#955,#986,#545,.T.);
#1290=EDGE_CURVE('',#954,#987,#546,.T.);
#1291=EDGE_CURVE('',#953,#988,#547,.T.);
#1292=EDGE_CURVE('',#952,#989,#548,.T.);
#1293=EDGE_CURVE('',#1063,#1070,#549,.T.);
#1294=EDGE_CURVE('',#1070,#1071,#550,.T.);
#1295=EDGE_CURVE('',#1071,#1072,#551,.T.);
#1296=EDGE_CURVE('',#1072,#1073,#552,.T.);
#1297=EDGE_CURVE('',#1073,#1074,#553,.T.);
#1298=EDGE_CURVE('',#1074,#1075,#554,.T.);
#1299=EDGE_CURVE('',#1075,#1076,#555,.T.);
#1300=EDGE_CURVE('',#1076,#1077,#556,.T.);
#1301=EDGE_CURVE('',#1077,#1078,#557,.T.);
#1302=EDGE_CURVE('',#1078,#1079,#558,.T.);
#1303=EDGE_CURVE('',#1079,#1080,#559,.T.);
#1304=EDGE_CURVE('',#1080,#1081,#560,.T.);
#1305=EDGE_CURVE('',#1081,#1082,#561,.T.);
#1306=EDGE_CURVE('',#1082,#1083,#562,.T.);
#1307=EDGE_CURVE('',#1083,#1084,#563,.T.);
#1308=EDGE_CURVE('',#1084,#1085,#564,.T.);
#1309=EDGE_CURVE('',#1085,#1086,#565,.T.);
#1310=EDGE_CURVE('',#1086,#1087,#566,.T.);
#1311=EDGE_CURVE('',#1087,#1088,#567,.T.);
#1312=EDGE_CURVE('',#1088,#1061,#568,.T.);
#1313=EDGE_CURVE('',#994,#1061,#569,.T.);
#1314=EDGE_CURVE('',#994,#1088,#570,.T.);
#1315=EDGE_CURVE('',#994,#1069,#571,.T.);
#1316=EDGE_CURVE('',#993,#1069,#572,.T.);
#1317=EDGE_CURVE('',#995,#1087,#573,.T.);
#1318=EDGE_CURVE('',#996,#1086,#574,.T.);
#1319=EDGE_CURVE('',#997,#1085,#575,.T.);
#1320=EDGE_CURVE('',#998,#1084,#576,.T.);
#1321=EDGE_CURVE('',#999,#1083,#577,.T.);
#1322=EDGE_CURVE('',#1000,#1082,#578,.T.);
#1323=EDGE_CURVE('',#1001,#1081,#579,.T.);
#1324=EDGE_CURVE('',#1002,#1080,#580,.T.);
#1325=EDGE_CURVE('',#1003,#1079,#581,.T.);
#1326=EDGE_CURVE('',#1004,#1078,#582,.T.);
#1327=EDGE_CURVE('',#1005,#1077,#583,.T.);
#1328=EDGE_CURVE('',#1006,#1076,#584,.T.);
#1329=EDGE_CURVE('',#1007,#1075,#585,.T.);
#1330=EDGE_CURVE('',#1008,#1074,#586,.T.);
#1331=EDGE_CURVE('',#1009,#1073,#587,.T.);
#1332=EDGE_CURVE('',#1010,#1072,#588,.T.);
#1333=EDGE_CURVE('',#1011,#1071,#589,.T.);
#1334=EDGE_CURVE('',#1012,#1070,#590,.T.);
#1335=EDGE_CURVE('',#1012,#1063,#591,.T.);
#1336=EDGE_CURVE('',#1013,#1063,#592,.T.);
#1337=EDGE_CURVE('',#1013,#1064,#593,.T.);
#1338=EDGE_CURVE('',#1014,#1065,#594,.T.);
#1339=EDGE_CURVE('',#1015,#1066,#595,.T.);
#1340=EDGE_CURVE('',#1015,#1067,#596,.T.);
#1341=EDGE_CURVE('',#1016,#1067,#597,.T.);
#1342=EDGE_CURVE('',#1016,#1060,#598,.T.);
#1343=EDGE_CURVE('',#1016,#1062,#599,.T.);
#1344=EDGE_CURVE('',#1016,#1068,#600,.T.);
#1345=EDGE_CURVE('',#1017,#1068,#601,.T.);
#1346=EDGE_CURVE('',#1089,#1057,#602,.T.);
#1347=EDGE_CURVE('',#1089,#1090,#603,.T.);
#1348=EDGE_CURVE('',#1090,#1091,#604,.T.);
#1349=EDGE_CURVE('',#1091,#1092,#605,.T.);
#1350=EDGE_CURVE('',#1092,#1093,#606,.T.);
#1351=EDGE_CURVE('',#1093,#1094,#607,.T.);
#1352=EDGE_CURVE('',#1095,#1094,#608,.T.);
#1353=EDGE_CURVE('',#1095,#1055,#609,.T.);
#1354=EDGE_CURVE('',#1054,#1056,#610,.T.);
#1355=EDGE_CURVE('',#980,#1057,#611,.T.);
#1356=EDGE_CURVE('',#980,#1089,#612,.T.);
#1357=EDGE_CURVE('',#980,#1059,#613,.T.);
#1358=EDGE_CURVE('',#981,#1059,#614,.T.);
#1359=EDGE_CURVE('',#982,#1058,#615,.T.);
#1360=EDGE_CURVE('',#975,#1094,#616,.T.);
#1361=EDGE_CURVE('',#974,#1095,#617,.T.);
#1362=EDGE_CURVE('',#976,#1093,#618,.T.);
#1363=EDGE_CURVE('',#977,#1092,#619,.T.);
#1364=EDGE_CURVE('',#978,#1091,#620,.T.);
#1365=EDGE_CURVE('',#979,#1090,#621,.T.);
#1366=EDGE_CURVE('',#1042,#1096,#622,.T.);
#1367=EDGE_CURVE('',#1096,#938,#623,.T.);
#1368=EDGE_CURVE('',#960,#1043,#624,.T.);
#1369=EDGE_CURVE('',#1037,#1047,#625,.T.);
#1370=EDGE_CURVE('',#1047,#1096,#626,.T.);
#1371=EDGE_CURVE('',#1038,#1096,#627,.T.);
#1372=EDGE_CURVE('',#1039,#1096,#628,.T.);
#1373=EDGE_CURVE('',#960,#1044,#629,.T.);
#1374=EDGE_CURVE('',#960,#1026,#630,.T.);
#1375=EDGE_CURVE('',#1036,#1047,#631,.T.);
#1376=EDGE_CURVE('',#1047,#1053,#632,.T.);
#1377=EDGE_CURVE('',#973,#1097,#633,.T.);
#1378=EDGE_CURVE('',#1097,#1052,#634,.T.);
#1379=EDGE_CURVE('',#970,#1097,#635,.T.);
#1380=EDGE_CURVE('',#1020,#969,#636,.T.);
#1381=EDGE_CURVE('',#1022,#1098,#637,.T.);
#1382=EDGE_CURVE('',#939,#1098,#638,.T.);
#1383=EDGE_CURVE('',#1099,#1098,#639,.T.);
#1384=EDGE_CURVE('',#1023,#1099,#640,.T.);
#1385=EDGE_CURVE('',#1100,#935,#641,.T.);
#1386=EDGE_CURVE('',#1099,#1100,#642,.T.);
#1387=EDGE_CURVE('',#1100,#1024,#643,.T.);
#1388=ORIENTED_EDGE('',*,*,#1101,.F.);
#1389=ORIENTED_EDGE('',*,*,#1102,.T.);
#1390=ORIENTED_EDGE('',*,*,#1103,.F.);
#1391=ORIENTED_EDGE('',*,*,#1102,.F.);
#1392=ORIENTED_EDGE('',*,*,#1104,.F.);
#1393=ORIENTED_EDGE('',*,*,#1105,.T.);
#1394=ORIENTED_EDGE('',*,*,#1106,.F.);
#1395=ORIENTED_EDGE('',*,*,#1105,.F.);
#1396=ORIENTED_EDGE('',*,*,#1107,.F.);
#1397=ORIENTED_EDGE('',*,*,#1108,.T.);
#1398=ORIENTED_EDGE('',*,*,#1109,.F.);
#1399=ORIENTED_EDGE('',*,*,#1110,.F.);
#1400=ORIENTED_EDGE('',*,*,#1111,.F.);
#1401=ORIENTED_EDGE('',*,*,#1112,.F.);
#1402=ORIENTED_EDGE('',*,*,#1113,.F.);
#1403=ORIENTED_EDGE('',*,*,#1108,.F.);
#1404=ORIENTED_EDGE('',*,*,#1106,.T.);
#1405=ORIENTED_EDGE('',*,*,#1110,.T.);
#1406=ORIENTED_EDGE('',*,*,#1114,.T.);
#1407=ORIENTED_EDGE('',*,*,#1115,.T.);
#1408=ORIENTED_EDGE('',*,*,#1116,.F.);
#1409=ORIENTED_EDGE('',*,*,#1109,.T.);
#1410=ORIENTED_EDGE('',*,*,#1113,.T.);
#1411=ORIENTED_EDGE('',*,*,#1117,.F.);
#1412=ORIENTED_EDGE('',*,*,#1118,.F.);
#1413=ORIENTED_EDGE('',*,*,#1119,.T.);
#1414=ORIENTED_EDGE('',*,*,#1120,.T.);
#1415=ORIENTED_EDGE('',*,*,#1121,.T.);
#1416=ORIENTED_EDGE('',*,*,#1122,.T.);
#1417=ORIENTED_EDGE('',*,*,#1123,.T.);
#1418=ORIENTED_EDGE('',*,*,#1124,.T.);
#1419=ORIENTED_EDGE('',*,*,#1125,.T.);
#1420=ORIENTED_EDGE('',*,*,#1126,.T.);
#1421=ORIENTED_EDGE('',*,*,#1127,.T.);
#1422=ORIENTED_EDGE('',*,*,#1128,.F.);
#1423=ORIENTED_EDGE('',*,*,#1129,.F.);
#1424=ORIENTED_EDGE('',*,*,#1130,.T.);
#1425=ORIENTED_EDGE('',*,*,#1131,.T.);
#1426=ORIENTED_EDGE('',*,*,#1132,.T.);
#1427=ORIENTED_EDGE('',*,*,#1133,.T.);
#1428=ORIENTED_EDGE('',*,*,#1134,.T.);
#1429=ORIENTED_EDGE('',*,*,#1135,.T.);
#1430=ORIENTED_EDGE('',*,*,#1136,.F.);
#1431=ORIENTED_EDGE('',*,*,#1137,.F.);
#1432=ORIENTED_EDGE('',*,*,#1138,.F.);
#1433=ORIENTED_EDGE('',*,*,#1139,.F.);
#1434=ORIENTED_EDGE('',*,*,#1114,.F.);
#1435=ORIENTED_EDGE('',*,*,#1140,.T.);
#1436=ORIENTED_EDGE('',*,*,#1141,.T.);
#1437=ORIENTED_EDGE('',*,*,#1142,.T.);
#1438=ORIENTED_EDGE('',*,*,#1143,.T.);
#1439=ORIENTED_EDGE('',*,*,#1125,.F.);
#1440=ORIENTED_EDGE('',*,*,#1144,.T.);
#1441=ORIENTED_EDGE('',*,*,#1145,.F.);
#1442=ORIENTED_EDGE('',*,*,#1146,.T.);
#1443=ORIENTED_EDGE('',*,*,#1147,.F.);
#1444=ORIENTED_EDGE('',*,*,#1148,.F.);
#1445=ORIENTED_EDGE('',*,*,#1124,.F.);
#1446=ORIENTED_EDGE('',*,*,#1149,.F.);
#1447=ORIENTED_EDGE('',*,*,#1150,.F.);
#1448=ORIENTED_EDGE('',*,*,#1144,.F.);
#1449=ORIENTED_EDGE('',*,*,#1151,.F.);
#1450=ORIENTED_EDGE('',*,*,#1152,.F.);
#1451=ORIENTED_EDGE('',*,*,#1153,.F.);
#1452=ORIENTED_EDGE('',*,*,#1146,.F.);
#1453=ORIENTED_EDGE('',*,*,#1148,.T.);
#1454=ORIENTED_EDGE('',*,*,#1154,.T.);
#1455=ORIENTED_EDGE('',*,*,#1155,.F.);
#1456=ORIENTED_EDGE('',*,*,#1126,.F.);
#1457=ORIENTED_EDGE('',*,*,#1147,.T.);
#1458=ORIENTED_EDGE('',*,*,#1153,.T.);
#1459=ORIENTED_EDGE('',*,*,#1156,.T.);
#1460=ORIENTED_EDGE('',*,*,#1157,.T.);
#1461=ORIENTED_EDGE('',*,*,#1158,.T.);
#1462=ORIENTED_EDGE('',*,*,#1159,.T.);
#1463=ORIENTED_EDGE('',*,*,#1160,.T.);
#1464=ORIENTED_EDGE('',*,*,#1161,.T.);
#1465=ORIENTED_EDGE('',*,*,#1162,.T.);
#1466=ORIENTED_EDGE('',*,*,#1163,.T.);
#1467=ORIENTED_EDGE('',*,*,#1164,.T.);
#1468=ORIENTED_EDGE('',*,*,#1165,.T.);
#1469=ORIENTED_EDGE('',*,*,#1166,.F.);
#1470=ORIENTED_EDGE('',*,*,#1167,.T.);
#1471=ORIENTED_EDGE('',*,*,#1168,.T.);
#1472=ORIENTED_EDGE('',*,*,#1169,.T.);
#1473=ORIENTED_EDGE('',*,*,#1170,.T.);
#1474=ORIENTED_EDGE('',*,*,#1171,.T.);
#1475=ORIENTED_EDGE('',*,*,#1172,.T.);
#1476=ORIENTED_EDGE('',*,*,#1173,.F.);
#1477=ORIENTED_EDGE('',*,*,#1174,.F.);
#1478=ORIENTED_EDGE('',*,*,#1175,.T.);
#1479=ORIENTED_EDGE('',*,*,#1176,.T.);
#1480=ORIENTED_EDGE('',*,*,#1154,.F.);
#1481=ORIENTED_EDGE('',*,*,#1177,.T.);
#1482=ORIENTED_EDGE('',*,*,#1178,.F.);
#1483=ORIENTED_EDGE('',*,*,#1179,.F.);
#1484=ORIENTED_EDGE('',*,*,#1180,.F.);
#1485=ORIENTED_EDGE('',*,*,#1181,.F.);
#1486=ORIENTED_EDGE('',*,*,#1182,.F.);
#1487=ORIENTED_EDGE('',*,*,#1183,.F.);
#1488=ORIENTED_EDGE('',*,*,#1184,.T.);
#1489=ORIENTED_EDGE('',*,*,#1185,.T.);
#1490=ORIENTED_EDGE('',*,*,#1186,.T.);
#1491=ORIENTED_EDGE('',*,*,#1187,.T.);
#1492=ORIENTED_EDGE('',*,*,#1188,.T.);
#1493=ORIENTED_EDGE('',*,*,#1189,.T.);
#1494=ORIENTED_EDGE('',*,*,#1190,.T.);
#1495=ORIENTED_EDGE('',*,*,#1191,.T.);
#1496=ORIENTED_EDGE('',*,*,#1192,.T.);
#1497=ORIENTED_EDGE('',*,*,#1193,.T.);
#1498=ORIENTED_EDGE('',*,*,#1194,.T.);
#1499=ORIENTED_EDGE('',*,*,#1195,.F.);
#1500=ORIENTED_EDGE('',*,*,#1196,.T.);
#1501=ORIENTED_EDGE('',*,*,#1197,.F.);
#1502=ORIENTED_EDGE('',*,*,#1198,.F.);
#1503=ORIENTED_EDGE('',*,*,#1199,.F.);
#1504=ORIENTED_EDGE('',*,*,#1200,.F.);
#1505=ORIENTED_EDGE('',*,*,#1201,.F.);
#1506=ORIENTED_EDGE('',*,*,#1202,.F.);
#1507=ORIENTED_EDGE('',*,*,#1203,.F.);
#1508=ORIENTED_EDGE('',*,*,#1120,.F.);
#1509=ORIENTED_EDGE('',*,*,#1204,.F.);
#1510=ORIENTED_EDGE('',*,*,#1103,.T.);
#1511=ORIENTED_EDGE('',*,*,#1205,.F.);
#1512=ORIENTED_EDGE('',*,*,#1206,.F.);
#1513=ORIENTED_EDGE('',*,*,#1122,.F.);
#1514=ORIENTED_EDGE('',*,*,#1207,.F.);
#1515=ORIENTED_EDGE('',*,*,#1208,.F.);
#1516=ORIENTED_EDGE('',*,*,#1207,.T.);
#1517=ORIENTED_EDGE('',*,*,#1121,.F.);
#1518=ORIENTED_EDGE('',*,*,#1203,.T.);
#1519=ORIENTED_EDGE('',*,*,#1204,.T.);
#1520=ORIENTED_EDGE('',*,*,#1119,.F.);
#1521=ORIENTED_EDGE('',*,*,#1209,.T.);
#1522=ORIENTED_EDGE('',*,*,#1210,.F.);
#1523=ORIENTED_EDGE('',*,*,#1211,.F.);
#1524=ORIENTED_EDGE('',*,*,#1212,.T.);
#1525=ORIENTED_EDGE('',*,*,#1213,.F.);
#1526=ORIENTED_EDGE('',*,*,#1214,.F.);
#1527=ORIENTED_EDGE('',*,*,#1215,.F.);
#1528=ORIENTED_EDGE('',*,*,#1216,.F.);
#1529=ORIENTED_EDGE('',*,*,#1217,.F.);
#1530=ORIENTED_EDGE('',*,*,#1218,.F.);
#1531=ORIENTED_EDGE('',*,*,#1219,.F.);
#1532=ORIENTED_EDGE('',*,*,#1220,.F.);
#1533=ORIENTED_EDGE('',*,*,#1221,.F.);
#1534=ORIENTED_EDGE('',*,*,#1222,.F.);
#1535=ORIENTED_EDGE('',*,*,#1223,.F.);
#1536=ORIENTED_EDGE('',*,*,#1224,.F.);
#1537=ORIENTED_EDGE('',*,*,#1225,.F.);
#1538=ORIENTED_EDGE('',*,*,#1226,.F.);
#1539=ORIENTED_EDGE('',*,*,#1227,.F.);
#1540=ORIENTED_EDGE('',*,*,#1228,.T.);
#1541=ORIENTED_EDGE('',*,*,#1229,.F.);
#1542=ORIENTED_EDGE('',*,*,#1228,.F.);
#1543=ORIENTED_EDGE('',*,*,#1230,.F.);
#1544=ORIENTED_EDGE('',*,*,#1231,.F.);
#1545=ORIENTED_EDGE('',*,*,#1232,.F.);
#1546=ORIENTED_EDGE('',*,*,#1233,.F.);
#1547=ORIENTED_EDGE('',*,*,#1234,.F.);
#1548=ORIENTED_EDGE('',*,*,#1235,.T.);
#1549=ORIENTED_EDGE('',*,*,#1236,.F.);
#1550=ORIENTED_EDGE('',*,*,#1235,.F.);
#1551=ORIENTED_EDGE('',*,*,#1222,.T.);
#1552=ORIENTED_EDGE('',*,*,#1237,.T.);
#1553=ORIENTED_EDGE('',*,*,#1238,.F.);
#1554=ORIENTED_EDGE('',*,*,#1221,.T.);
#1555=ORIENTED_EDGE('',*,*,#1239,.T.);
#1556=ORIENTED_EDGE('',*,*,#1237,.F.);
#1557=ORIENTED_EDGE('',*,*,#1220,.T.);
#1558=ORIENTED_EDGE('',*,*,#1240,.T.);
#1559=ORIENTED_EDGE('',*,*,#1239,.F.);
#1560=ORIENTED_EDGE('',*,*,#1219,.T.);
#1561=ORIENTED_EDGE('',*,*,#1241,.F.);
#1562=ORIENTED_EDGE('',*,*,#1242,.T.);
#1563=ORIENTED_EDGE('',*,*,#1240,.F.);
#1564=ORIENTED_EDGE('',*,*,#1218,.T.);
#1565=ORIENTED_EDGE('',*,*,#1243,.F.);
#1566=ORIENTED_EDGE('',*,*,#1241,.T.);
#1567=ORIENTED_EDGE('',*,*,#1217,.T.);
#1568=ORIENTED_EDGE('',*,*,#1244,.F.);
#1569=ORIENTED_EDGE('',*,*,#1243,.T.);
#1570=ORIENTED_EDGE('',*,*,#1216,.T.);
#1571=ORIENTED_EDGE('',*,*,#1245,.F.);
#1572=ORIENTED_EDGE('',*,*,#1244,.T.);
#1573=ORIENTED_EDGE('',*,*,#1215,.T.);
#1574=ORIENTED_EDGE('',*,*,#1246,.F.);
#1575=ORIENTED_EDGE('',*,*,#1245,.T.);
#1576=ORIENTED_EDGE('',*,*,#1214,.T.);
#1577=ORIENTED_EDGE('',*,*,#1247,.F.);
#1578=ORIENTED_EDGE('',*,*,#1246,.T.);
#1579=ORIENTED_EDGE('',*,*,#1142,.F.);
#1580=ORIENTED_EDGE('',*,*,#1248,.T.);
#1581=ORIENTED_EDGE('',*,*,#1249,.T.);
#1582=ORIENTED_EDGE('',*,*,#1250,.T.);
#1583=ORIENTED_EDGE('',*,*,#1143,.F.);
#1584=ORIENTED_EDGE('',*,*,#1250,.F.);
#1585=ORIENTED_EDGE('',*,*,#1251,.T.);
#1586=ORIENTED_EDGE('',*,*,#1252,.F.);
#1587=ORIENTED_EDGE('',*,*,#1234,.T.);
#1588=ORIENTED_EDGE('',*,*,#1140,.F.);
#1589=ORIENTED_EDGE('',*,*,#1252,.T.);
#1590=ORIENTED_EDGE('',*,*,#1253,.T.);
#1591=ORIENTED_EDGE('',*,*,#1254,.T.);
#1592=ORIENTED_EDGE('',*,*,#1255,.T.);
#1593=ORIENTED_EDGE('',*,*,#1253,.F.);
#1594=ORIENTED_EDGE('',*,*,#1251,.F.);
#1595=ORIENTED_EDGE('',*,*,#1249,.F.);
#1596=ORIENTED_EDGE('',*,*,#1141,.F.);
#1597=ORIENTED_EDGE('',*,*,#1254,.F.);
#1598=ORIENTED_EDGE('',*,*,#1255,.F.);
#1599=ORIENTED_EDGE('',*,*,#1248,.F.);
#1600=ORIENTED_EDGE('',*,*,#1229,.T.);
#1601=ORIENTED_EDGE('',*,*,#1256,.T.);
#1602=ORIENTED_EDGE('',*,*,#1257,.T.);
#1603=ORIENTED_EDGE('',*,*,#1258,.F.);
#1604=ORIENTED_EDGE('',*,*,#1259,.F.);
#1605=ORIENTED_EDGE('',*,*,#1260,.F.);
#1606=ORIENTED_EDGE('',*,*,#1261,.F.);
#1607=ORIENTED_EDGE('',*,*,#1262,.T.);
#1608=ORIENTED_EDGE('',*,*,#1263,.T.);
#1609=ORIENTED_EDGE('',*,*,#1264,.T.);
#1610=ORIENTED_EDGE('',*,*,#1265,.F.);
#1611=ORIENTED_EDGE('',*,*,#1266,.T.);
#1612=ORIENTED_EDGE('',*,*,#1267,.T.);
#1613=ORIENTED_EDGE('',*,*,#1268,.F.);
#1614=ORIENTED_EDGE('',*,*,#1269,.T.);
#1615=ORIENTED_EDGE('',*,*,#1268,.T.);
#1616=ORIENTED_EDGE('',*,*,#1270,.F.);
#1617=ORIENTED_EDGE('',*,*,#1271,.T.);
#1618=ORIENTED_EDGE('',*,*,#1270,.T.);
#1619=ORIENTED_EDGE('',*,*,#1272,.F.);
#1620=ORIENTED_EDGE('',*,*,#1273,.T.);
#1621=ORIENTED_EDGE('',*,*,#1272,.T.);
#1622=ORIENTED_EDGE('',*,*,#1274,.F.);
#1623=ORIENTED_EDGE('',*,*,#1275,.T.);
#1624=ORIENTED_EDGE('',*,*,#1274,.T.);
#1625=ORIENTED_EDGE('',*,*,#1264,.F.);
#1626=ORIENTED_EDGE('',*,*,#1276,.T.);
#1627=ORIENTED_EDGE('',*,*,#1277,.T.);
#1628=ORIENTED_EDGE('',*,*,#1265,.T.);
#1629=ORIENTED_EDGE('',*,*,#1278,.F.);
#1630=ORIENTED_EDGE('',*,*,#1279,.T.);
#1631=ORIENTED_EDGE('',*,*,#1278,.T.);
#1632=ORIENTED_EDGE('',*,*,#1280,.F.);
#1633=ORIENTED_EDGE('',*,*,#1281,.T.);
#1634=ORIENTED_EDGE('',*,*,#1173,.T.);
#1635=ORIENTED_EDGE('',*,*,#1282,.F.);
#1636=ORIENTED_EDGE('',*,*,#1283,.T.);
#1637=ORIENTED_EDGE('',*,*,#1281,.F.);
#1638=ORIENTED_EDGE('',*,*,#1129,.T.);
#1639=ORIENTED_EDGE('',*,*,#1284,.T.);
#1640=ORIENTED_EDGE('',*,*,#1174,.T.);
#1641=ORIENTED_EDGE('',*,*,#1283,.F.);
#1642=ORIENTED_EDGE('',*,*,#1285,.T.);
#1643=ORIENTED_EDGE('',*,*,#1175,.F.);
#1644=ORIENTED_EDGE('',*,*,#1284,.F.);
#1645=ORIENTED_EDGE('',*,*,#1128,.T.);
#1646=ORIENTED_EDGE('',*,*,#1155,.T.);
#1647=ORIENTED_EDGE('',*,*,#1176,.F.);
#1648=ORIENTED_EDGE('',*,*,#1285,.F.);
#1649=ORIENTED_EDGE('',*,*,#1127,.F.);
#1650=ORIENTED_EDGE('',*,*,#1136,.T.);
#1651=ORIENTED_EDGE('',*,*,#1286,.T.);
#1652=ORIENTED_EDGE('',*,*,#1167,.F.);
#1653=ORIENTED_EDGE('',*,*,#1287,.F.);
#1654=ORIENTED_EDGE('',*,*,#1288,.T.);
#1655=ORIENTED_EDGE('',*,*,#1168,.F.);
#1656=ORIENTED_EDGE('',*,*,#1286,.F.);
#1657=ORIENTED_EDGE('',*,*,#1135,.F.);
#1658=ORIENTED_EDGE('',*,*,#1289,.T.);
#1659=ORIENTED_EDGE('',*,*,#1169,.F.);
#1660=ORIENTED_EDGE('',*,*,#1288,.F.);
#1661=ORIENTED_EDGE('',*,*,#1134,.F.);
#1662=ORIENTED_EDGE('',*,*,#1290,.T.);
#1663=ORIENTED_EDGE('',*,*,#1170,.F.);
#1664=ORIENTED_EDGE('',*,*,#1289,.F.);
#1665=ORIENTED_EDGE('',*,*,#1133,.F.);
#1666=ORIENTED_EDGE('',*,*,#1291,.T.);
#1667=ORIENTED_EDGE('',*,*,#1171,.F.);
#1668=ORIENTED_EDGE('',*,*,#1290,.F.);
#1669=ORIENTED_EDGE('',*,*,#1132,.F.);
#1670=ORIENTED_EDGE('',*,*,#1292,.T.);
#1671=ORIENTED_EDGE('',*,*,#1172,.F.);
#1672=ORIENTED_EDGE('',*,*,#1291,.F.);
#1673=ORIENTED_EDGE('',*,*,#1131,.F.);
#1674=ORIENTED_EDGE('',*,*,#1282,.T.);
#1675=ORIENTED_EDGE('',*,*,#1292,.F.);
#1676=ORIENTED_EDGE('',*,*,#1130,.F.);
#1677=ORIENTED_EDGE('',*,*,#1267,.F.);
#1678=ORIENTED_EDGE('',*,*,#1293,.T.);
#1679=ORIENTED_EDGE('',*,*,#1294,.T.);
#1680=ORIENTED_EDGE('',*,*,#1295,.T.);
#1681=ORIENTED_EDGE('',*,*,#1296,.T.);
#1682=ORIENTED_EDGE('',*,*,#1297,.T.);
#1683=ORIENTED_EDGE('',*,*,#1298,.T.);
#1684=ORIENTED_EDGE('',*,*,#1299,.T.);
#1685=ORIENTED_EDGE('',*,*,#1300,.T.);
#1686=ORIENTED_EDGE('',*,*,#1301,.T.);
#1687=ORIENTED_EDGE('',*,*,#1302,.T.);
#1688=ORIENTED_EDGE('',*,*,#1303,.T.);
#1689=ORIENTED_EDGE('',*,*,#1304,.T.);
#1690=ORIENTED_EDGE('',*,*,#1305,.T.);
#1691=ORIENTED_EDGE('',*,*,#1306,.T.);
#1692=ORIENTED_EDGE('',*,*,#1307,.T.);
#1693=ORIENTED_EDGE('',*,*,#1308,.T.);
#1694=ORIENTED_EDGE('',*,*,#1309,.T.);
#1695=ORIENTED_EDGE('',*,*,#1310,.T.);
#1696=ORIENTED_EDGE('',*,*,#1311,.T.);
#1697=ORIENTED_EDGE('',*,*,#1312,.T.);
#1698=ORIENTED_EDGE('',*,*,#1313,.T.);
#1699=ORIENTED_EDGE('',*,*,#1312,.F.);
#1700=ORIENTED_EDGE('',*,*,#1314,.F.);
#1701=ORIENTED_EDGE('',*,*,#1315,.T.);
#1702=ORIENTED_EDGE('',*,*,#1280,.T.);
#1703=ORIENTED_EDGE('',*,*,#1313,.F.);
#1704=ORIENTED_EDGE('',*,*,#1316,.T.);
#1705=ORIENTED_EDGE('',*,*,#1315,.F.);
#1706=ORIENTED_EDGE('',*,*,#1177,.F.);
#1707=ORIENTED_EDGE('',*,*,#1317,.F.);
#1708=ORIENTED_EDGE('',*,*,#1178,.T.);
#1709=ORIENTED_EDGE('',*,*,#1314,.T.);
#1710=ORIENTED_EDGE('',*,*,#1311,.F.);
#1711=ORIENTED_EDGE('',*,*,#1318,.F.);
#1712=ORIENTED_EDGE('',*,*,#1179,.T.);
#1713=ORIENTED_EDGE('',*,*,#1317,.T.);
#1714=ORIENTED_EDGE('',*,*,#1310,.F.);
#1715=ORIENTED_EDGE('',*,*,#1319,.F.);
#1716=ORIENTED_EDGE('',*,*,#1180,.T.);
#1717=ORIENTED_EDGE('',*,*,#1318,.T.);
#1718=ORIENTED_EDGE('',*,*,#1309,.F.);
#1719=ORIENTED_EDGE('',*,*,#1320,.F.);
#1720=ORIENTED_EDGE('',*,*,#1181,.T.);
#1721=ORIENTED_EDGE('',*,*,#1319,.T.);
#1722=ORIENTED_EDGE('',*,*,#1308,.F.);
#1723=ORIENTED_EDGE('',*,*,#1321,.F.);
#1724=ORIENTED_EDGE('',*,*,#1182,.T.);
#1725=ORIENTED_EDGE('',*,*,#1320,.T.);
#1726=ORIENTED_EDGE('',*,*,#1307,.F.);
#1727=ORIENTED_EDGE('',*,*,#1322,.F.);
#1728=ORIENTED_EDGE('',*,*,#1183,.T.);
#1729=ORIENTED_EDGE('',*,*,#1321,.T.);
#1730=ORIENTED_EDGE('',*,*,#1306,.F.);
#1731=ORIENTED_EDGE('',*,*,#1323,.F.);
#1732=ORIENTED_EDGE('',*,*,#1184,.F.);
#1733=ORIENTED_EDGE('',*,*,#1322,.T.);
#1734=ORIENTED_EDGE('',*,*,#1305,.F.);
#1735=ORIENTED_EDGE('',*,*,#1324,.F.);
#1736=ORIENTED_EDGE('',*,*,#1185,.F.);
#1737=ORIENTED_EDGE('',*,*,#1323,.T.);
#1738=ORIENTED_EDGE('',*,*,#1304,.F.);
#1739=ORIENTED_EDGE('',*,*,#1325,.F.);
#1740=ORIENTED_EDGE('',*,*,#1186,.F.);
#1741=ORIENTED_EDGE('',*,*,#1324,.T.);
#1742=ORIENTED_EDGE('',*,*,#1303,.F.);
#1743=ORIENTED_EDGE('',*,*,#1326,.F.);
#1744=ORIENTED_EDGE('',*,*,#1187,.F.);
#1745=ORIENTED_EDGE('',*,*,#1325,.T.);
#1746=ORIENTED_EDGE('',*,*,#1302,.F.);
#1747=ORIENTED_EDGE('',*,*,#1327,.F.);
#1748=ORIENTED_EDGE('',*,*,#1188,.F.);
#1749=ORIENTED_EDGE('',*,*,#1326,.T.);
#1750=ORIENTED_EDGE('',*,*,#1301,.F.);
#1751=ORIENTED_EDGE('',*,*,#1328,.F.);
#1752=ORIENTED_EDGE('',*,*,#1189,.F.);
#1753=ORIENTED_EDGE('',*,*,#1327,.T.);
#1754=ORIENTED_EDGE('',*,*,#1300,.F.);
#1755=ORIENTED_EDGE('',*,*,#1329,.F.);
#1756=ORIENTED_EDGE('',*,*,#1190,.F.);
#1757=ORIENTED_EDGE('',*,*,#1328,.T.);
#1758=ORIENTED_EDGE('',*,*,#1299,.F.);
#1759=ORIENTED_EDGE('',*,*,#1330,.F.);
#1760=ORIENTED_EDGE('',*,*,#1191,.F.);
#1761=ORIENTED_EDGE('',*,*,#1329,.T.);
#1762=ORIENTED_EDGE('',*,*,#1298,.F.);
#1763=ORIENTED_EDGE('',*,*,#1331,.F.);
#1764=ORIENTED_EDGE('',*,*,#1192,.F.);
#1765=ORIENTED_EDGE('',*,*,#1330,.T.);
#1766=ORIENTED_EDGE('',*,*,#1297,.F.);
#1767=ORIENTED_EDGE('',*,*,#1332,.F.);
#1768=ORIENTED_EDGE('',*,*,#1193,.F.);
#1769=ORIENTED_EDGE('',*,*,#1331,.T.);
#1770=ORIENTED_EDGE('',*,*,#1296,.F.);
#1771=ORIENTED_EDGE('',*,*,#1333,.F.);
#1772=ORIENTED_EDGE('',*,*,#1194,.F.);
#1773=ORIENTED_EDGE('',*,*,#1332,.T.);
#1774=ORIENTED_EDGE('',*,*,#1295,.F.);
#1775=ORIENTED_EDGE('',*,*,#1334,.F.);
#1776=ORIENTED_EDGE('',*,*,#1195,.T.);
#1777=ORIENTED_EDGE('',*,*,#1333,.T.);
#1778=ORIENTED_EDGE('',*,*,#1294,.F.);
#1779=ORIENTED_EDGE('',*,*,#1335,.F.);
#1780=ORIENTED_EDGE('',*,*,#1334,.T.);
#1781=ORIENTED_EDGE('',*,*,#1293,.F.);
#1782=ORIENTED_EDGE('',*,*,#1336,.F.);
#1783=ORIENTED_EDGE('',*,*,#1196,.F.);
#1784=ORIENTED_EDGE('',*,*,#1335,.T.);
#1785=ORIENTED_EDGE('',*,*,#1337,.F.);
#1786=ORIENTED_EDGE('',*,*,#1336,.T.);
#1787=ORIENTED_EDGE('',*,*,#1269,.F.);
#1788=ORIENTED_EDGE('',*,*,#1338,.F.);
#1789=ORIENTED_EDGE('',*,*,#1197,.T.);
#1790=ORIENTED_EDGE('',*,*,#1337,.T.);
#1791=ORIENTED_EDGE('',*,*,#1271,.F.);
#1792=ORIENTED_EDGE('',*,*,#1339,.F.);
#1793=ORIENTED_EDGE('',*,*,#1198,.T.);
#1794=ORIENTED_EDGE('',*,*,#1338,.T.);
#1795=ORIENTED_EDGE('',*,*,#1273,.F.);
#1796=ORIENTED_EDGE('',*,*,#1340,.F.);
#1797=ORIENTED_EDGE('',*,*,#1339,.T.);
#1798=ORIENTED_EDGE('',*,*,#1275,.F.);
#1799=ORIENTED_EDGE('',*,*,#1341,.F.);
#1800=ORIENTED_EDGE('',*,*,#1199,.T.);
#1801=ORIENTED_EDGE('',*,*,#1340,.T.);
#1802=ORIENTED_EDGE('',*,*,#1342,.F.);
#1803=ORIENTED_EDGE('',*,*,#1341,.T.);
#1804=ORIENTED_EDGE('',*,*,#1276,.F.);
#1805=ORIENTED_EDGE('',*,*,#1343,.F.);
#1806=ORIENTED_EDGE('',*,*,#1342,.T.);
#1807=ORIENTED_EDGE('',*,*,#1266,.F.);
#1808=ORIENTED_EDGE('',*,*,#1344,.F.);
#1809=ORIENTED_EDGE('',*,*,#1343,.T.);
#1810=ORIENTED_EDGE('',*,*,#1277,.F.);
#1811=ORIENTED_EDGE('',*,*,#1345,.F.);
#1812=ORIENTED_EDGE('',*,*,#1200,.T.);
#1813=ORIENTED_EDGE('',*,*,#1344,.T.);
#1814=ORIENTED_EDGE('',*,*,#1316,.F.);
#1815=ORIENTED_EDGE('',*,*,#1201,.T.);
#1816=ORIENTED_EDGE('',*,*,#1345,.T.);
#1817=ORIENTED_EDGE('',*,*,#1279,.F.);
#1818=ORIENTED_EDGE('',*,*,#1346,.F.);
#1819=ORIENTED_EDGE('',*,*,#1347,.T.);
#1820=ORIENTED_EDGE('',*,*,#1348,.T.);
#1821=ORIENTED_EDGE('',*,*,#1349,.T.);
#1822=ORIENTED_EDGE('',*,*,#1350,.T.);
#1823=ORIENTED_EDGE('',*,*,#1351,.T.);
#1824=ORIENTED_EDGE('',*,*,#1352,.F.);
#1825=ORIENTED_EDGE('',*,*,#1353,.T.);
#1826=ORIENTED_EDGE('',*,*,#1258,.T.);
#1827=ORIENTED_EDGE('',*,*,#1354,.T.);
#1828=ORIENTED_EDGE('',*,*,#1260,.T.);
#1829=ORIENTED_EDGE('',*,*,#1355,.F.);
#1830=ORIENTED_EDGE('',*,*,#1356,.T.);
#1831=ORIENTED_EDGE('',*,*,#1346,.T.);
#1832=ORIENTED_EDGE('',*,*,#1263,.F.);
#1833=ORIENTED_EDGE('',*,*,#1357,.F.);
#1834=ORIENTED_EDGE('',*,*,#1355,.T.);
#1835=ORIENTED_EDGE('',*,*,#1164,.F.);
#1836=ORIENTED_EDGE('',*,*,#1357,.T.);
#1837=ORIENTED_EDGE('',*,*,#1358,.F.);
#1838=ORIENTED_EDGE('',*,*,#1165,.F.);
#1839=ORIENTED_EDGE('',*,*,#1358,.T.);
#1840=ORIENTED_EDGE('',*,*,#1262,.F.);
#1841=ORIENTED_EDGE('',*,*,#1359,.F.);
#1842=ORIENTED_EDGE('',*,*,#1360,.F.);
#1843=ORIENTED_EDGE('',*,*,#1158,.F.);
#1844=ORIENTED_EDGE('',*,*,#1361,.T.);
#1845=ORIENTED_EDGE('',*,*,#1352,.T.);
#1846=ORIENTED_EDGE('',*,*,#1362,.F.);
#1847=ORIENTED_EDGE('',*,*,#1159,.F.);
#1848=ORIENTED_EDGE('',*,*,#1360,.T.);
#1849=ORIENTED_EDGE('',*,*,#1351,.F.);
#1850=ORIENTED_EDGE('',*,*,#1363,.F.);
#1851=ORIENTED_EDGE('',*,*,#1160,.F.);
#1852=ORIENTED_EDGE('',*,*,#1362,.T.);
#1853=ORIENTED_EDGE('',*,*,#1350,.F.);
#1854=ORIENTED_EDGE('',*,*,#1364,.F.);
#1855=ORIENTED_EDGE('',*,*,#1161,.F.);
#1856=ORIENTED_EDGE('',*,*,#1363,.T.);
#1857=ORIENTED_EDGE('',*,*,#1349,.F.);
#1858=ORIENTED_EDGE('',*,*,#1365,.F.);
#1859=ORIENTED_EDGE('',*,*,#1162,.F.);
#1860=ORIENTED_EDGE('',*,*,#1364,.T.);
#1861=ORIENTED_EDGE('',*,*,#1348,.F.);
#1862=ORIENTED_EDGE('',*,*,#1356,.F.);
#1863=ORIENTED_EDGE('',*,*,#1163,.F.);
#1864=ORIENTED_EDGE('',*,*,#1365,.T.);
#1865=ORIENTED_EDGE('',*,*,#1347,.F.);
#1866=ORIENTED_EDGE('',*,*,#1231,.T.);
#1867=ORIENTED_EDGE('',*,*,#1366,.T.);
#1868=ORIENTED_EDGE('',*,*,#1367,.T.);
#1869=ORIENTED_EDGE('',*,*,#1115,.F.);
#1870=ORIENTED_EDGE('',*,*,#1139,.T.);
#1871=ORIENTED_EDGE('',*,*,#1368,.T.);
#1872=ORIENTED_EDGE('',*,*,#1225,.T.);
#1873=ORIENTED_EDGE('',*,*,#1369,.T.);
#1874=ORIENTED_EDGE('',*,*,#1370,.T.);
#1875=ORIENTED_EDGE('',*,*,#1371,.F.);
#1876=ORIENTED_EDGE('',*,*,#1226,.T.);
#1877=ORIENTED_EDGE('',*,*,#1371,.T.);
#1878=ORIENTED_EDGE('',*,*,#1372,.F.);
#1879=ORIENTED_EDGE('',*,*,#1230,.T.);
#1880=ORIENTED_EDGE('',*,*,#1227,.T.);
#1881=ORIENTED_EDGE('',*,*,#1372,.T.);
#1882=ORIENTED_EDGE('',*,*,#1366,.F.);
#1883=ORIENTED_EDGE('',*,*,#1232,.T.);
#1884=ORIENTED_EDGE('',*,*,#1368,.F.);
#1885=ORIENTED_EDGE('',*,*,#1373,.T.);
#1886=ORIENTED_EDGE('',*,*,#1213,.T.);
#1887=ORIENTED_EDGE('',*,*,#1374,.F.);
#1888=ORIENTED_EDGE('',*,*,#1138,.T.);
#1889=ORIENTED_EDGE('',*,*,#1247,.T.);
#1890=ORIENTED_EDGE('',*,*,#1233,.T.);
#1891=ORIENTED_EDGE('',*,*,#1373,.F.);
#1892=ORIENTED_EDGE('',*,*,#1374,.T.);
#1893=ORIENTED_EDGE('',*,*,#1223,.T.);
#1894=ORIENTED_EDGE('',*,*,#1238,.T.);
#1895=ORIENTED_EDGE('',*,*,#1375,.F.);
#1896=ORIENTED_EDGE('',*,*,#1224,.T.);
#1897=ORIENTED_EDGE('',*,*,#1375,.T.);
#1898=ORIENTED_EDGE('',*,*,#1369,.F.);
#1899=ORIENTED_EDGE('',*,*,#1287,.T.);
#1900=ORIENTED_EDGE('',*,*,#1166,.T.);
#1901=ORIENTED_EDGE('',*,*,#1359,.T.);
#1902=ORIENTED_EDGE('',*,*,#1261,.T.);
#1903=ORIENTED_EDGE('',*,*,#1354,.F.);
#1904=ORIENTED_EDGE('',*,*,#1257,.F.);
#1905=ORIENTED_EDGE('',*,*,#1376,.F.);
#1906=ORIENTED_EDGE('',*,*,#1242,.F.);
#1907=ORIENTED_EDGE('',*,*,#1137,.T.);
#1908=ORIENTED_EDGE('',*,*,#1377,.T.);
#1909=ORIENTED_EDGE('',*,*,#1378,.T.);
#1910=ORIENTED_EDGE('',*,*,#1259,.T.);
#1911=ORIENTED_EDGE('',*,*,#1353,.F.);
#1912=ORIENTED_EDGE('',*,*,#1361,.F.);
#1913=ORIENTED_EDGE('',*,*,#1157,.F.);
#1914=ORIENTED_EDGE('',*,*,#1152,.T.);
#1915=ORIENTED_EDGE('',*,*,#1379,.T.);
#1916=ORIENTED_EDGE('',*,*,#1377,.F.);
#1917=ORIENTED_EDGE('',*,*,#1156,.F.);
#1918=ORIENTED_EDGE('',*,*,#1149,.T.);
#1919=ORIENTED_EDGE('',*,*,#1123,.F.);
#1920=ORIENTED_EDGE('',*,*,#1206,.T.);
#1921=ORIENTED_EDGE('',*,*,#1380,.T.);
#1922=ORIENTED_EDGE('',*,*,#1236,.T.);
#1923=ORIENTED_EDGE('',*,*,#1381,.F.);
#1924=ORIENTED_EDGE('',*,*,#1209,.F.);
#1925=ORIENTED_EDGE('',*,*,#1118,.T.);
#1926=ORIENTED_EDGE('',*,*,#1382,.T.);
#1927=ORIENTED_EDGE('',*,*,#1381,.T.);
#1928=ORIENTED_EDGE('',*,*,#1383,.F.);
#1929=ORIENTED_EDGE('',*,*,#1384,.F.);
#1930=ORIENTED_EDGE('',*,*,#1210,.T.);
#1931=ORIENTED_EDGE('',*,*,#1112,.T.);
#1932=ORIENTED_EDGE('',*,*,#1385,.F.);
#1933=ORIENTED_EDGE('',*,*,#1386,.F.);
#1934=ORIENTED_EDGE('',*,*,#1383,.T.);
#1935=ORIENTED_EDGE('',*,*,#1382,.F.);
#1936=ORIENTED_EDGE('',*,*,#1117,.T.);
#1937=ORIENTED_EDGE('',*,*,#1211,.T.);
#1938=ORIENTED_EDGE('',*,*,#1384,.T.);
#1939=ORIENTED_EDGE('',*,*,#1386,.T.);
#1940=ORIENTED_EDGE('',*,*,#1387,.T.);
#1941=ORIENTED_EDGE('',*,*,#1101,.T.);
#1942=ORIENTED_EDGE('',*,*,#1104,.T.);
#1943=ORIENTED_EDGE('',*,*,#1107,.T.);
#1944=ORIENTED_EDGE('',*,*,#1116,.T.);
#1945=ORIENTED_EDGE('',*,*,#1367,.F.);
#1946=ORIENTED_EDGE('',*,*,#1370,.F.);
#1947=ORIENTED_EDGE('',*,*,#1376,.T.);
#1948=ORIENTED_EDGE('',*,*,#1256,.F.);
#1949=ORIENTED_EDGE('',*,*,#1378,.F.);
#1950=ORIENTED_EDGE('',*,*,#1379,.F.);
#1951=ORIENTED_EDGE('',*,*,#1151,.T.);
#1952=ORIENTED_EDGE('',*,*,#1145,.T.);
#1953=ORIENTED_EDGE('',*,*,#1150,.T.);
#1954=ORIENTED_EDGE('',*,*,#1380,.F.);
#1955=ORIENTED_EDGE('',*,*,#1205,.T.);
#1956=ORIENTED_EDGE('',*,*,#1208,.T.);
#1957=ORIENTED_EDGE('',*,*,#1202,.T.);
#1958=ORIENTED_EDGE('',*,*,#1212,.F.);
#1959=ORIENTED_EDGE('',*,*,#1387,.F.);
#1960=ORIENTED_EDGE('',*,*,#1385,.T.);
#1961=ORIENTED_EDGE('',*,*,#1111,.T.);
#1962=(
BOUNDED_SURFACE()
B_SPLINE_SURFACE(1,2,((#2778,#2779,#2780,#2781,#2782,#2783,#2784,#2785,
#2786),(#2787,#2788,#2789,#2790,#2791,#2792,#2793,#2794,#2795)),
 .UNSPECIFIED.,.F.,.T.,.F.)
B_SPLINE_SURFACE_WITH_KNOTS((2,2),(3,2,2,2,3),(-6.14251544747863,-1.28244152985322),
(-3.14159265358979,-1.5707963267949,0.,1.5707963267949,3.14159265358979),
 .UNSPECIFIED.)
GEOMETRIC_REPRESENTATION_ITEM()
RATIONAL_B_SPLINE_SURFACE(((1.,0.707106781186548,1.,0.707106781186548,1.,
0.707106781186548,1.,0.707106781186548,1.),(1.,0.707106781186548,1.,0.707106781186548,
1.,0.707106781186548,1.,0.707106781186548,1.)))
REPRESENTATION_ITEM('')
SURFACE()
);
#1963=(
BOUNDED_SURFACE()
B_SPLINE_SURFACE(1,2,((#2801,#2802,#2803,#2804,#2805,#2806,#2807,#2808,
#2809),(#2810,#2811,#2812,#2813,#2814,#2815,#2816,#2817,#2818)),
 .UNSPECIFIED.,.F.,.T.,.F.)
B_SPLINE_SURFACE_WITH_KNOTS((2,2),(3,2,2,2,3),(-6.14251544747863,-1.54156052526878),
(-3.14159265358979,-1.5707963267949,0.,1.5707963267949,3.14159265358979),
 .UNSPECIFIED.)
GEOMETRIC_REPRESENTATION_ITEM()
RATIONAL_B_SPLINE_SURFACE(((1.,0.707106781186548,1.,0.707106781186548,1.,
0.707106781186548,1.,0.707106781186548,1.),(1.,0.707106781186548,1.,0.707106781186548,
1.,0.707106781186548,1.,0.707106781186548,1.)))
REPRESENTATION_ITEM('')
SURFACE()
);
#1964=ADVANCED_FACE('',(#142),#1962,.T.);
#1965=ADVANCED_FACE('',(#143),#1963,.T.);
#1966=ADVANCED_FACE('',(#144),#30,.T.);
#1967=ADVANCED_FACE('',(#145,#21),#31,.F.);
#1968=ADVANCED_FACE('',(#146),#32,.T.);
#1969=ADVANCED_FACE('',(#147,#22),#33,.T.);
#1970=ADVANCED_FACE('',(#148),#34,.T.);
#1971=ADVANCED_FACE('',(#149),#35,.F.);
#1972=ADVANCED_FACE('',(#150),#36,.T.);
#1973=ADVANCED_FACE('',(#151),#37,.T.);
#1974=ADVANCED_FACE('',(#152,#23),#38,.T.);
#1975=ADVANCED_FACE('',(#153,#24),#39,.F.);
#1976=ADVANCED_FACE('',(#154),#40,.T.);
#1977=ADVANCED_FACE('',(#155),#41,.T.);
#1978=ADVANCED_FACE('',(#156),#42,.F.);
#1979=ADVANCED_FACE('',(#157),#19,.F.);
#1980=ADVANCED_FACE('',(#158),#20,.F.);
#1981=ADVANCED_FACE('',(#159),#43,.T.);
#1982=ADVANCED_FACE('',(#160),#44,.T.);
#1983=ADVANCED_FACE('',(#161),#45,.T.);
#1984=ADVANCED_FACE('',(#162),#46,.T.);
#1985=ADVANCED_FACE('',(#163),#47,.T.);
#1986=ADVANCED_FACE('',(#164),#48,.T.);
#1987=ADVANCED_FACE('',(#165),#49,.T.);
#1988=ADVANCED_FACE('',(#166),#50,.T.);
#1989=ADVANCED_FACE('',(#167),#51,.T.);
#1990=ADVANCED_FACE('',(#168),#52,.T.);
#1991=ADVANCED_FACE('',(#169,#25),#53,.F.);
#1992=ADVANCED_FACE('',(#170),#54,.F.);
#1993=ADVANCED_FACE('',(#171),#55,.F.);
#1994=ADVANCED_FACE('',(#172,#26),#56,.F.);
#1995=ADVANCED_FACE('',(#173),#57,.T.);
#1996=ADVANCED_FACE('',(#174),#58,.T.);
#1997=ADVANCED_FACE('',(#175),#59,.T.);
#1998=ADVANCED_FACE('',(#176),#60,.T.);
#1999=ADVANCED_FACE('',(#177),#61,.T.);
#2000=ADVANCED_FACE('',(#178),#62,.T.);
#2001=ADVANCED_FACE('',(#179),#63,.T.);
#2002=ADVANCED_FACE('',(#180),#64,.T.);
#2003=ADVANCED_FACE('',(#181),#65,.T.);
#2004=ADVANCED_FACE('',(#182),#66,.T.);
#2005=ADVANCED_FACE('',(#183),#67,.T.);
#2006=ADVANCED_FACE('',(#184),#68,.T.);
#2007=ADVANCED_FACE('',(#185),#69,.T.);
#2008=ADVANCED_FACE('',(#186),#70,.T.);
#2009=ADVANCED_FACE('',(#187),#71,.T.);
#2010=ADVANCED_FACE('',(#188),#72,.T.);
#2011=ADVANCED_FACE('',(#189),#73,.T.);
#2012=ADVANCED_FACE('',(#190),#74,.T.);
#2013=ADVANCED_FACE('',(#191),#75,.T.);
#2014=ADVANCED_FACE('',(#192),#76,.T.);
#2015=ADVANCED_FACE('',(#193),#77,.T.);
#2016=ADVANCED_FACE('',(#194),#78,.T.);
#2017=ADVANCED_FACE('',(#195),#79,.T.);
#2018=ADVANCED_FACE('',(#196),#80,.T.);
#2019=ADVANCED_FACE('',(#197),#81,.T.);
#2020=ADVANCED_FACE('',(#198),#82,.T.);
#2021=ADVANCED_FACE('',(#199),#83,.T.);
#2022=ADVANCED_FACE('',(#200),#84,.T.);
#2023=ADVANCED_FACE('',(#201),#85,.T.);
#2024=ADVANCED_FACE('',(#202),#86,.T.);
#2025=ADVANCED_FACE('',(#203),#87,.T.);
#2026=ADVANCED_FACE('',(#204),#88,.T.);
#2027=ADVANCED_FACE('',(#205),#89,.T.);
#2028=ADVANCED_FACE('',(#206),#90,.T.);
#2029=ADVANCED_FACE('',(#207),#91,.T.);
#2030=ADVANCED_FACE('',(#208),#92,.T.);
#2031=ADVANCED_FACE('',(#209),#93,.T.);
#2032=ADVANCED_FACE('',(#210),#94,.T.);
#2033=ADVANCED_FACE('',(#211),#95,.T.);
#2034=ADVANCED_FACE('',(#212),#96,.T.);
#2035=ADVANCED_FACE('',(#213),#97,.T.);
#2036=ADVANCED_FACE('',(#214),#98,.T.);
#2037=ADVANCED_FACE('',(#215),#99,.T.);
#2038=ADVANCED_FACE('',(#216),#100,.T.);
#2039=ADVANCED_FACE('',(#217),#101,.T.);
#2040=ADVANCED_FACE('',(#218),#102,.T.);
#2041=ADVANCED_FACE('',(#219),#103,.T.);
#2042=ADVANCED_FACE('',(#220),#104,.T.);
#2043=ADVANCED_FACE('',(#221),#105,.T.);
#2044=ADVANCED_FACE('',(#222),#106,.T.);
#2045=ADVANCED_FACE('',(#223),#107,.T.);
#2046=ADVANCED_FACE('',(#224),#108,.T.);
#2047=ADVANCED_FACE('',(#225),#109,.T.);
#2048=ADVANCED_FACE('',(#226),#110,.T.);
#2049=ADVANCED_FACE('',(#227),#111,.T.);
#2050=ADVANCED_FACE('',(#228),#112,.T.);
#2051=ADVANCED_FACE('',(#229),#113,.T.);
#2052=ADVANCED_FACE('',(#230),#114,.T.);
#2053=ADVANCED_FACE('',(#231),#115,.T.);
#2054=ADVANCED_FACE('',(#232),#116,.T.);
#2055=ADVANCED_FACE('',(#233),#117,.T.);
#2056=ADVANCED_FACE('',(#234),#118,.T.);
#2057=ADVANCED_FACE('',(#235),#119,.T.);
#2058=ADVANCED_FACE('',(#236),#120,.T.);
#2059=ADVANCED_FACE('',(#237),#121,.T.);
#2060=ADVANCED_FACE('',(#238),#122,.T.);
#2061=ADVANCED_FACE('',(#239),#123,.T.);
#2062=ADVANCED_FACE('',(#240),#124,.T.);
#2063=ADVANCED_FACE('',(#241),#125,.T.);
#2064=ADVANCED_FACE('',(#242),#126,.T.);
#2065=ADVANCED_FACE('',(#243),#127,.T.);
#2066=ADVANCED_FACE('',(#244),#128,.T.);
#2067=ADVANCED_FACE('',(#245),#129,.T.);
#2068=ADVANCED_FACE('',(#246),#130,.T.);
#2069=ADVANCED_FACE('',(#247),#131,.T.);
#2070=ADVANCED_FACE('',(#248),#132,.T.);
#2071=ADVANCED_FACE('',(#249),#133,.T.);
#2072=ADVANCED_FACE('',(#250),#134,.T.);
#2073=ADVANCED_FACE('',(#251),#135,.T.);
#2074=ADVANCED_FACE('',(#252,#27),#136,.T.);
#2075=ADVANCED_FACE('',(#253),#137,.T.);
#2076=ADVANCED_FACE('',(#254),#138,.F.);
#2077=ADVANCED_FACE('',(#255),#139,.F.);
#2078=ADVANCED_FACE('',(#256,#28,#29),#140,.T.);
#2079=ADVANCED_FACE('',(#257),#141,.F.);
#2080=CLOSED_SHELL('',(#1964,#1965,#1966,#1967,#1968,#1969,#1970,#1971,
#1972,#1973,#1974,#1975,#1976,#1977,#1978,#1979,#1980,#1981,#1982,#1983,
#1984,#1985,#1986,#1987,#1988,#1989,#1990,#1991,#1992,#1993,#1994,#1995,
#1996,#1997,#1998,#1999,#2000,#2001,#2002,#2003,#2004,#2005,#2006,#2007,
#2008,#2009,#2010,#2011,#2012,#2013,#2014,#2015,#2016,#2017,#2018,#2019,
#2020,#2021,#2022,#2023,#2024,#2025,#2026,#2027,#2028,#2029,#2030,#2031,
#2032,#2033,#2034,#2035,#2036,#2037,#2038,#2039,#2040,#2041,#2042,#2043,
#2044,#2045,#2046,#2047,#2048,#2049,#2050,#2051,#2052,#2053,#2054,#2055,
#2056,#2057,#2058,#2059,#2060,#2061,#2062,#2063,#2064,#2065,#2066,#2067,
#2068,#2069,#2070,#2071,#2072,#2073,#2074,#2075,#2076,#2077,#2078,#2079));
#2081=DERIVED_UNIT_ELEMENT(#2083,1.);
#2082=DERIVED_UNIT_ELEMENT(#3394,-3.);
#2083=(
MASS_UNIT()
NAMED_UNIT(*)
SI_UNIT(.KILO.,.GRAM.)
);
#2084=DERIVED_UNIT((#2081,#2082));
#2085=MEASURE_REPRESENTATION_ITEM('density measure',
POSITIVE_RATIO_MEASURE(7850.),#2084);
#2086=PROPERTY_DEFINITION_REPRESENTATION(#2091,#2088);
#2087=PROPERTY_DEFINITION_REPRESENTATION(#2092,#2089);
#2088=REPRESENTATION('material name',(#2090),#3391);
#2089=REPRESENTATION('density',(#2085),#3391);
#2090=DESCRIPTIVE_REPRESENTATION_ITEM('A\X\E7o','A\X\E7o');
#2091=PROPERTY_DEFINITION('material property','material name',#3401);
#2092=PROPERTY_DEFINITION('material property','density of part',#3401);
#2093=AXIS2_PLACEMENT_3D('',#2777,#2234,#2235);
#2094=AXIS2_PLACEMENT_3D('',#2797,#2236,#2237);
#2095=AXIS2_PLACEMENT_3D('',#2800,#2239,#2240);
#2096=AXIS2_PLACEMENT_3D('',#2820,#2241,#2242);
#2097=AXIS2_PLACEMENT_3D('',#2823,#2244,#2245);
#2098=AXIS2_PLACEMENT_3D('',#2824,#2246,#2247);
#2099=AXIS2_PLACEMENT_3D('',#2833,#2252,#2253);
#2100=AXIS2_PLACEMENT_3D('',#2839,#2257,#2258);
#2101=AXIS2_PLACEMENT_3D('',#2845,#2262,#2263);
#2102=AXIS2_PLACEMENT_3D('',#2899,#2291,#2292);
#2103=AXIS2_PLACEMENT_3D('',#2909,#2298,#2299);
#2104=AXIS2_PLACEMENT_3D('',#2913,#2302,#2303);
#2105=AXIS2_PLACEMENT_3D('',#2919,#2307,#2308);
#2106=AXIS2_PLACEMENT_3D('',#2923,#2311,#2312);
#2107=AXIS2_PLACEMENT_3D('',#3015,#2359,#2360);
#2108=AXIS2_PLACEMENT_3D('',#3021,#2364,#2365);
#2109=AXIS2_PLACEMENT_3D('',#3027,#2369,#2370);
#2110=AXIS2_PLACEMENT_3D('',#3029,#2372,#2373);
#2111=AXIS2_PLACEMENT_3D('',#3037,#2378,#2379);
#2112=AXIS2_PLACEMENT_3D('',#3040,#2380,#2381);
#2113=AXIS2_PLACEMENT_3D('',#3042,#2382,#2383);
#2114=AXIS2_PLACEMENT_3D('',#3044,#2384,#2385);
#2115=AXIS2_PLACEMENT_3D('',#3046,#2386,#2387);
#2116=AXIS2_PLACEMENT_3D('',#3048,#2388,#2389);
#2117=AXIS2_PLACEMENT_3D('',#3050,#2390,#2391);
#2118=AXIS2_PLACEMENT_3D('',#3052,#2392,#2393);
#2119=AXIS2_PLACEMENT_3D('',#3054,#2394,#2395);
#2120=AXIS2_PLACEMENT_3D('',#3056,#2396,#2397);
#2121=AXIS2_PLACEMENT_3D('',#3058,#2398,#2399);
#2122=AXIS2_PLACEMENT_3D('',#3060,#2400,#2401);
#2123=AXIS2_PLACEMENT_3D('',#3062,#2402,#2403);
#2124=AXIS2_PLACEMENT_3D('',#3064,#2404,#2405);
#2125=AXIS2_PLACEMENT_3D('',#3066,#2406,#2407);
#2126=AXIS2_PLACEMENT_3D('',#3068,#2408,#2409);
#2127=AXIS2_PLACEMENT_3D('',#3071,#2411,#2412);
#2128=AXIS2_PLACEMENT_3D('',#3073,#2413,#2414);
#2129=AXIS2_PLACEMENT_3D('',#3075,#2415,#2416);
#2130=AXIS2_PLACEMENT_3D('',#3077,#2417,#2418);
#2131=AXIS2_PLACEMENT_3D('',#3078,#2419,#2420);
#2132=AXIS2_PLACEMENT_3D('',#3079,#2421,#2422);
#2133=AXIS2_PLACEMENT_3D('',#3081,#2423,#2424);
#2134=AXIS2_PLACEMENT_3D('',#3084,#2426,#2427);
#2135=AXIS2_PLACEMENT_3D('',#3085,#2428,#2429);
#2136=AXIS2_PLACEMENT_3D('',#3089,#2432,#2433);
#2137=AXIS2_PLACEMENT_3D('',#3091,#2435,#2436);
#2138=AXIS2_PLACEMENT_3D('',#3093,#2438,#2439);
#2139=AXIS2_PLACEMENT_3D('',#3096,#2442,#2443);
#2140=AXIS2_PLACEMENT_3D('',#3098,#2445,#2446);
#2141=AXIS2_PLACEMENT_3D('',#3100,#2448,#2449);
#2142=AXIS2_PLACEMENT_3D('',#3102,#2451,#2452);
#2143=AXIS2_PLACEMENT_3D('',#3104,#2454,#2455);
#2144=AXIS2_PLACEMENT_3D('',#3106,#2457,#2458);
#2145=AXIS2_PLACEMENT_3D('',#3112,#2462,#2463);
#2146=AXIS2_PLACEMENT_3D('',#3116,#2466,#2467);
#2147=AXIS2_PLACEMENT_3D('',#3120,#2470,#2471);
#2148=AXIS2_PLACEMENT_3D('',#3122,#2473,#2474);
#2149=AXIS2_PLACEMENT_3D('',#3123,#2475,#2476);
#2150=AXIS2_PLACEMENT_3D('',#3132,#2481,#2482);
#2151=AXIS2_PLACEMENT_3D('',#3141,#2487,#2488);
#2152=AXIS2_PLACEMENT_3D('',#3148,#2492,#2493);
#2153=AXIS2_PLACEMENT_3D('',#3154,#2497,#2498);
#2154=AXIS2_PLACEMENT_3D('',#3158,#2501,#2502);
#2155=AXIS2_PLACEMENT_3D('',#3162,#2505,#2506);
#2156=AXIS2_PLACEMENT_3D('',#3166,#2509,#2510);
#2157=AXIS2_PLACEMENT_3D('',#3168,#2512,#2513);
#2158=AXIS2_PLACEMENT_3D('',#3172,#2516,#2517);
#2159=AXIS2_PLACEMENT_3D('',#3176,#2520,#2521);
#2160=AXIS2_PLACEMENT_3D('',#3179,#2524,#2525);
#2161=AXIS2_PLACEMENT_3D('',#3181,#2527,#2528);
#2162=AXIS2_PLACEMENT_3D('',#3183,#2530,#2531);
#2163=AXIS2_PLACEMENT_3D('',#3185,#2533,#2534);
#2164=AXIS2_PLACEMENT_3D('',#3186,#2535,#2536);
#2165=AXIS2_PLACEMENT_3D('',#3189,#2539,#2540);
#2166=AXIS2_PLACEMENT_3D('',#3191,#2542,#2543);
#2167=AXIS2_PLACEMENT_3D('',#3193,#2545,#2546);
#2168=AXIS2_PLACEMENT_3D('',#3195,#2548,#2549);
#2169=AXIS2_PLACEMENT_3D('',#3197,#2551,#2552);
#2170=AXIS2_PLACEMENT_3D('',#3199,#2554,#2555);
#2171=AXIS2_PLACEMENT_3D('',#3200,#2556,#2557);
#2172=AXIS2_PLACEMENT_3D('',#3240,#2578,#2579);
#2173=AXIS2_PLACEMENT_3D('',#3243,#2582,#2583);
#2174=AXIS2_PLACEMENT_3D('',#3245,#2585,#2586);
#2175=AXIS2_PLACEMENT_3D('',#3247,#2588,#2589);
#2176=AXIS2_PLACEMENT_3D('',#3249,#2591,#2592);
#2177=AXIS2_PLACEMENT_3D('',#3251,#2594,#2595);
#2178=AXIS2_PLACEMENT_3D('',#3253,#2597,#2598);
#2179=AXIS2_PLACEMENT_3D('',#3255,#2600,#2601);
#2180=AXIS2_PLACEMENT_3D('',#3257,#2603,#2604);
#2181=AXIS2_PLACEMENT_3D('',#3259,#2606,#2607);
#2182=AXIS2_PLACEMENT_3D('',#3261,#2609,#2610);
#2183=AXIS2_PLACEMENT_3D('',#3263,#2612,#2613);
#2184=AXIS2_PLACEMENT_3D('',#3265,#2615,#2616);
#2185=AXIS2_PLACEMENT_3D('',#3267,#2618,#2619);
#2186=AXIS2_PLACEMENT_3D('',#3269,#2621,#2622);
#2187=AXIS2_PLACEMENT_3D('',#3271,#2624,#2625);
#2188=AXIS2_PLACEMENT_3D('',#3273,#2627,#2628);
#2189=AXIS2_PLACEMENT_3D('',#3275,#2630,#2631);
#2190=AXIS2_PLACEMENT_3D('',#3277,#2633,#2634);
#2191=AXIS2_PLACEMENT_3D('',#3279,#2636,#2637);
#2192=AXIS2_PLACEMENT_3D('',#3281,#2639,#2640);
#2193=AXIS2_PLACEMENT_3D('',#3283,#2642,#2643);
#2194=AXIS2_PLACEMENT_3D('',#3285,#2645,#2646);
#2195=AXIS2_PLACEMENT_3D('',#3287,#2648,#2649);
#2196=AXIS2_PLACEMENT_3D('',#3289,#2651,#2652);
#2197=AXIS2_PLACEMENT_3D('',#3291,#2654,#2655);
#2198=AXIS2_PLACEMENT_3D('',#3293,#2657,#2658);
#2199=AXIS2_PLACEMENT_3D('',#3295,#2660,#2661);
#2200=AXIS2_PLACEMENT_3D('',#3297,#2663,#2664);
#2201=AXIS2_PLACEMENT_3D('',#3299,#2666,#2667);
#2202=AXIS2_PLACEMENT_3D('',#3301,#2669,#2670);
#2203=AXIS2_PLACEMENT_3D('',#3303,#2672,#2673);
#2204=AXIS2_PLACEMENT_3D('',#3305,#2675,#2676);
#2205=AXIS2_PLACEMENT_3D('',#3306,#2677,#2678);
#2206=AXIS2_PLACEMENT_3D('',#3323,#2688,#2689);
#2207=AXIS2_PLACEMENT_3D('',#3326,#2692,#2693);
#2208=AXIS2_PLACEMENT_3D('',#3328,#2695,#2696);
#2209=AXIS2_PLACEMENT_3D('',#3330,#2698,#2699);
#2210=AXIS2_PLACEMENT_3D('',#3332,#2701,#2702);
#2211=AXIS2_PLACEMENT_3D('',#3335,#2705,#2706);
#2212=AXIS2_PLACEMENT_3D('',#3337,#2708,#2709);
#2213=AXIS2_PLACEMENT_3D('',#3339,#2711,#2712);
#2214=AXIS2_PLACEMENT_3D('',#3341,#2714,#2715);
#2215=AXIS2_PLACEMENT_3D('',#3343,#2717,#2718);
#2216=AXIS2_PLACEMENT_3D('',#3344,#2719,#2720);
#2217=AXIS2_PLACEMENT_3D('',#3349,#2724,#2725);
#2218=AXIS2_PLACEMENT_3D('',#3353,#2729,#2730);
#2219=AXIS2_PLACEMENT_3D('',#3355,#2732,#2733);
#2220=AXIS2_PLACEMENT_3D('',#3356,#2734,#2735);
#2221=AXIS2_PLACEMENT_3D('',#3358,#2737,#2738);
#2222=AXIS2_PLACEMENT_3D('',#3360,#2740,#2741);
#2223=AXIS2_PLACEMENT_3D('',#3361,#2742,#2743);
#2224=AXIS2_PLACEMENT_3D('',#3363,#2745,#2746);
#2225=AXIS2_PLACEMENT_3D('',#3364,#2747,#2748);
#2226=AXIS2_PLACEMENT_3D('',#3366,#2750,#2751);
#2227=AXIS2_PLACEMENT_3D('',#3370,#2754,#2755);
#2228=AXIS2_PLACEMENT_3D('',#3372,#2757,#2758);
#2229=AXIS2_PLACEMENT_3D('',#3374,#2760,#2761);
#2230=AXIS2_PLACEMENT_3D('',#3378,#2764,#2765);
#2231=AXIS2_PLACEMENT_3D('',#3382,#2768,#2769);
#2232=AXIS2_PLACEMENT_3D('',#3386,#2772,#2773);
#2233=AXIS2_PLACEMENT_3D('',#3388,#2775,#2776);
#2234=DIRECTION('axis',(0.,0.,1.));
#2235=DIRECTION('refdir',(1.,0.,0.));
#2236=DIRECTION('center_axis',(0.,1.,-2.73071554889504E-16));
#2237=DIRECTION('ref_axis',(0.,-2.43693190615837E-16,-1.));
#2238=DIRECTION('',(0.,1.,-2.43693190615837E-16));
#2239=DIRECTION('center_axis',(0.,-1.,2.39418359984235E-16));
#2240=DIRECTION('ref_axis',(0.,-2.43693190615837E-16,-1.));
#2241=DIRECTION('center_axis',(0.,1.,-2.73071554889504E-16));
#2242=DIRECTION('ref_axis',(0.,-2.43693190615837E-16,-1.));
#2243=DIRECTION('',(0.,1.,-2.43693190615837E-16));
#2244=DIRECTION('center_axis',(0.,-1.,2.39418359984235E-16));
#2245=DIRECTION('ref_axis',(0.,-2.43693190615837E-16,-1.));
#2246=DIRECTION('center_axis',(-1.,0.,0.));
#2247=DIRECTION('ref_axis',(0.,0.,1.));
#2248=DIRECTION('',(0.,1.,-2.95523412873872E-16));
#2249=DIRECTION('',(0.,2.39418359984235E-16,1.));
#2250=DIRECTION('',(0.,-1.,0.));
#2251=DIRECTION('',(0.,0.,1.));
#2252=DIRECTION('center_axis',(0.,-1.,2.39418359984235E-16));
#2253=DIRECTION('ref_axis',(0.,-2.39418359984235E-16,-1.));
#2254=DIRECTION('',(1.,0.,0.));
#2255=DIRECTION('',(0.,-2.39418359984235E-16,-1.));
#2256=DIRECTION('',(-1.,0.,0.));
#2257=DIRECTION('center_axis',(0.,1.,0.));
#2258=DIRECTION('ref_axis',(0.,0.,1.));
#2259=DIRECTION('',(1.,0.,0.));
#2260=DIRECTION('',(0.,0.,-1.));
#2261=DIRECTION('',(1.,0.,0.));
#2262=DIRECTION('center_axis',(0.,0.,1.));
#2263=DIRECTION('ref_axis',(1.,0.,0.));
#2264=DIRECTION('',(0.,1.,0.));
#2265=DIRECTION('',(-1.,0.,0.));
#2266=DIRECTION('',(0.,1.,0.));
#2267=DIRECTION('',(-1.,0.,0.));
#2268=DIRECTION('',(0.,1.,0.));
#2269=DIRECTION('',(1.,0.,0.));
#2270=DIRECTION('',(0.,1.,0.));
#2271=DIRECTION('',(-1.,0.,0.));
#2272=DIRECTION('',(0.,1.,0.));
#2273=DIRECTION('',(-0.323270518872496,0.946306594940513,0.));
#2274=DIRECTION('',(-0.683027822122252,0.730392356344816,0.));
#2275=DIRECTION('',(0.959641060660729,-0.281227727462906,0.));
#2276=DIRECTION('',(0.929429737759554,0.368999136270271,0.));
#2277=DIRECTION('',(-0.611125634252761,-0.791533612147431,0.));
#2278=DIRECTION('',(-0.7271421693933,-0.686486901178752,0.));
#2279=DIRECTION('',(-0.832086986455441,-0.554645154104408,0.));
#2280=DIRECTION('',(-0.913397184248445,-0.407069507341207,0.));
#2281=DIRECTION('',(-0.968781045928966,-0.2479178998152,0.));
#2282=DIRECTION('',(-0.996654239256235,-0.0817332696799562,0.));
#2283=DIRECTION('',(1.,0.,0.));
#2284=DIRECTION('',(0.,1.,0.));
#2285=DIRECTION('',(-0.707106781186548,0.707106781186548,0.));
#2286=DIRECTION('',(0.,1.,0.));
#2287=DIRECTION('',(-1.,0.,0.));
#2288=DIRECTION('',(0.,1.,0.));
#2289=DIRECTION('',(1.,0.,0.));
#2290=DIRECTION('',(0.,-1.,0.));
#2291=DIRECTION('center_axis',(1.,0.,0.));
#2292=DIRECTION('ref_axis',(0.,0.,-1.));
#2293=DIRECTION('',(0.,-2.39418359984235E-16,-1.));
#2294=DIRECTION('',(0.,-1.,2.95523412873872E-16));
#2295=DIRECTION('',(0.,2.39418359984235E-16,1.));
#2296=DIRECTION('',(0.,1.,0.));
#2297=DIRECTION('',(0.,0.,-1.));
#2298=DIRECTION('center_axis',(0.,-1.,2.39418359984235E-16));
#2299=DIRECTION('ref_axis',(0.,-2.39418359984235E-16,-1.));
#2300=DIRECTION('',(0.,2.39418359984235E-16,1.));
#2301=DIRECTION('',(1.,0.,0.));
#2302=DIRECTION('center_axis',(0.,-1.,2.39418359984235E-16));
#2303=DIRECTION('ref_axis',(0.,-2.39418359984235E-16,-1.));
#2304=DIRECTION('',(-1.,0.,0.));
#2305=DIRECTION('',(0.,-2.39418359984235E-16,-1.));
#2306=DIRECTION('',(1.,0.,0.));
#2307=DIRECTION('center_axis',(0.946306594940513,0.323270518872496,0.));
#2308=DIRECTION('ref_axis',(0.,0.,-1.));
#2309=DIRECTION('',(-0.323270518872496,0.946306594940513,0.));
#2310=DIRECTION('',(0.,0.,-1.));
#2311=DIRECTION('center_axis',(0.,0.,1.));
#2312=DIRECTION('ref_axis',(1.,0.,0.));
#2313=DIRECTION('',(0.,1.,0.));
#2314=DIRECTION('',(-1.,0.,0.));
#2315=DIRECTION('',(-0.992842437035498,-0.119431550360086,0.));
#2316=DIRECTION('',(-0.957231675738147,-0.28932251720794,0.));
#2317=DIRECTION('',(-0.892783958102799,-0.450485076505649,0.));
#2318=DIRECTION('',(-0.801434599398588,-0.598082421482879,0.));
#2319=DIRECTION('',(-0.685942922498981,-0.727655349099803,0.));
#2320=DIRECTION('',(-0.549778684081696,-0.835310360602213,0.));
#2321=DIRECTION('',(-0.479858748863805,-0.877345759173009,0.));
#2322=DIRECTION('',(-1.,0.,0.));
#2323=DIRECTION('',(0.,1.,0.));
#2324=DIRECTION('',(1.,0.,0.));
#2325=DIRECTION('',(0.996654239256235,0.0817332696799562,0.));
#2326=DIRECTION('',(0.968781045928966,0.2479178998152,0.));
#2327=DIRECTION('',(0.913397184248445,0.407069507341207,0.));
#2328=DIRECTION('',(0.832086986455441,0.554645154104408,0.));
#2329=DIRECTION('',(0.7271421693933,0.686486901178752,0.));
#2330=DIRECTION('',(-0.633638226486437,-0.773629496551885,0.));
#2331=DIRECTION('',(-0.958972504293605,-0.283499093488591,0.));
#2332=DIRECTION('',(0.959641060660729,-0.281227727462906,0.));
#2333=DIRECTION('',(0.683027822122252,-0.730392356344816,0.));
#2334=DIRECTION('',(0.479859318772496,0.877345447464792,0.));
#2335=DIRECTION('',(-0.545867560835421,-0.837871473453768,0.));
#2336=DIRECTION('',(-0.67895830021251,-0.734176836036482,0.));
#2337=DIRECTION('',(-0.792726119258765,-0.609577968634807,0.));
#2338=DIRECTION('',(-0.883926497269108,-0.467625862656852,0.));
#2339=DIRECTION('',(-0.949961375290487,-0.312367388592673,0.));
#2340=DIRECTION('',(-0.988952958247382,-0.148229708134884,0.));
#2341=DIRECTION('',(0.999796797388962,-0.0201584704473005,0.));
#2342=DIRECTION('',(0.982181148685842,-0.187936667965994,0.));
#2343=DIRECTION('',(0.936598741291693,-0.350403763979237,0.));
#2344=DIRECTION('',(0.864363650298817,-0.502867258868684,0.));
#2345=DIRECTION('',(0.767521805652375,-0.64102283722822,0.));
#2346=DIRECTION('',(0.648830554811048,-0.760932921579549,0.));
#2347=DIRECTION('',(0.511655206182824,-0.859190869356752,0.));
#2348=DIRECTION('',(0.359936060118079,-0.9329769732564,0.));
#2349=DIRECTION('',(0.197969885974459,-0.980208102520714,0.));
#2350=DIRECTION('',(0.0303490548569239,-0.999539361340658,0.));
#2351=DIRECTION('',(-0.138103577455798,-0.990417791587929,0.));
#2352=DIRECTION('',(0.302663334595192,0.953097532203142,0.));
#2353=DIRECTION('',(-0.458582046433867,-0.888652072910724,0.));
#2354=DIRECTION('',(0.601463511107292,0.798900272128185,0.));
#2355=DIRECTION('',(0.727200275468626,0.686425348714887,0.));
#2356=DIRECTION('',(0.899305651078421,0.437320644308519,0.));
#2357=DIRECTION('',(0.990614823036353,0.136683109346598,0.));
#2358=DIRECTION('',(1.,0.,0.));
#2359=DIRECTION('center_axis',(0.,-1.,2.39418359984235E-16));
#2360=DIRECTION('ref_axis',(0.,-2.39418359984235E-16,-1.));
#2361=DIRECTION('',(1.,0.,0.));
#2362=DIRECTION('',(0.,-2.39418359984235E-16,-1.));
#2363=DIRECTION('',(0.,2.39418359984235E-16,1.));
#2364=DIRECTION('center_axis',(0.,-1.,2.39418359984235E-16));
#2365=DIRECTION('ref_axis',(0.,-2.39418359984235E-16,-1.));
#2366=DIRECTION('',(-1.,0.,0.));
#2367=DIRECTION('',(0.,-2.39418359984235E-16,-1.));
#2368=DIRECTION('',(0.,2.39418359984235E-16,1.));
#2369=DIRECTION('center_axis',(1.,0.,0.));
#2370=DIRECTION('ref_axis',(0.,0.,-1.));
#2371=DIRECTION('',(0.,-1.,2.95523412873872E-16));
#2372=DIRECTION('center_axis',(-1.,0.,0.));
#2373=DIRECTION('ref_axis',(0.,0.,1.));
#2374=DIRECTION('',(0.,0.,-1.));
#2375=DIRECTION('',(0.,1.,-2.95523412873873E-16));
#2376=DIRECTION('',(0.,2.73071554889504E-16,1.));
#2377=DIRECTION('',(0.,1.,0.));
#2378=DIRECTION('center_axis',(1.,1.07633315289851E-17,-1.95159236318556E-17));
#2379=DIRECTION('ref_axis',(1.92120010683715E-16,2.22044604925031E-16,1.));
#2380=DIRECTION('center_axis',(0.707106781186546,0.707106781186546,-7.20375888948205E-8));
#2381=DIRECTION('ref_axis',(0.707106781186547,-0.707106781186547,1.43209403927174E-16));
#2382=DIRECTION('center_axis',(0.707106238480729,0.707107323891614,-6.8916627070991E-7));
#2383=DIRECTION('ref_axis',(0.70710732389195,-0.707106238480393,6.89165212821324E-7));
#2384=DIRECTION('center_axis',(0.707107565581481,0.707105996790441,6.5515678150159E-7));
#2385=DIRECTION('ref_axis',(-0.707105996790744,0.707107565581177,6.55158235123576E-7));
#2386=DIRECTION('center_axis',(0.707107050518492,0.707106511854472,2.03163057421434E-7));
#2387=DIRECTION('ref_axis',(0.707106511854486,-0.707107050518506,1.43209468987146E-16));
#2388=DIRECTION('center_axis',(0.707106094105568,0.707107468266659,-5.32236036069337E-7));
#2389=DIRECTION('ref_axis',(0.70710746826686,-0.707106094105367,5.32235001794301E-7));
#2390=DIRECTION('center_axis',(0.707080877270864,0.707132683925413,-1.79529299225397E-5));
#2391=DIRECTION('ref_axis',(0.70713268415331,-0.707080877042983,1.79516146314031E-5));
#2392=DIRECTION('center_axis',(0.707108528493341,0.707105033875436,0.));
#2393=DIRECTION('ref_axis',(0.707105033875436,-0.707108528493341,1.43209826007611E-16));
#2394=DIRECTION('center_axis',(0.707090113302034,0.707123448581427,1.16973038909707E-5));
#2395=DIRECTION('ref_axis',(-0.707123448678176,0.707090113205289,1.16967524539472E-5));
#2396=DIRECTION('center_axis',(0.707123400427219,0.707090161458013,-1.17272761860026E-5));
#2397=DIRECTION('ref_axis',(0.707090161555263,-0.707123400329964,1.1727827461377E-5));
#2398=DIRECTION('center_axis',(0.707085393022336,0.707128168468461,1.82452311024598E-5));
#2399=DIRECTION('ref_axis',(-0.707128168703842,0.70708539278697,1.82441274098394E-5));
#2400=DIRECTION('center_axis',(0.707107679801534,0.707105882569999,-7.70860810478842E-7));
#2401=DIRECTION('ref_axis',(0.707105882570419,-0.707107679801114,7.70862769684277E-7));
#2402=DIRECTION('center_axis',(0.707106238469219,0.707107323903124,6.8917928893178E-7));
#2403=DIRECTION('ref_axis',(-0.70710732390346,0.707106238468883,6.89178231092326E-7));
#2404=DIRECTION('center_axis',(0.707106781186546,0.707106781186546,7.20375815558813E-8));
#2405=DIRECTION('ref_axis',(0.707106781186547,-0.707106781186547,1.43209403927174E-16));
#2406=DIRECTION('center_axis',(0.707106609926336,0.707106952446717,1.06544599375952E-8));
#2407=DIRECTION('ref_axis',(0.707106952446717,-0.707106609926336,1.43209362557467E-16));
#2408=DIRECTION('center_axis',(0.707106542177558,0.707107020195456,0.));
#2409=DIRECTION('ref_axis',(0.707107020195456,-0.707106542177558,1.43209346192037E-16));
#2410=DIRECTION('',(1.,1.07633315289851E-17,-1.95159236318556E-17));
#2411=DIRECTION('center_axis',(-1.,0.,0.));
#2412=DIRECTION('ref_axis',(1.92120010683715E-16,2.22044604925031E-16,1.));
#2413=DIRECTION('center_axis',(0.707106542177558,0.707107020195456,0.));
#2414=DIRECTION('ref_axis',(0.707107020195456,-0.707106542177558,1.43209346192037E-16));
#2415=DIRECTION('center_axis',(1.,0.,0.));
#2416=DIRECTION('ref_axis',(1.92120010683715E-16,2.22044604925031E-16,1.));
#2417=DIRECTION('center_axis',(0.707106542177558,0.707107020195456,0.));
#2418=DIRECTION('ref_axis',(0.707107020195456,-0.707106542177558,1.43209346192037E-16));
#2419=DIRECTION('center_axis',(0.707106609926337,0.707106952446717,-1.06544611072707E-8));
#2420=DIRECTION('ref_axis',(0.707106952446717,-0.707106609926337,1.43209362557467E-16));
#2421=DIRECTION('center_axis',(1.,1.07633315289851E-17,-1.95159236318556E-17));
#2422=DIRECTION('ref_axis',(1.92120010683715E-16,2.22044604925031E-16,1.));
#2423=DIRECTION('center_axis',(1.,0.,0.));
#2424=DIRECTION('ref_axis',(1.92120010683715E-16,2.22044604925031E-16,1.));
#2425=DIRECTION('',(1.,1.07633315289851E-17,-1.95159236318556E-17));
#2426=DIRECTION('center_axis',(-1.,0.,0.));
#2427=DIRECTION('ref_axis',(1.92120010683715E-16,2.22044604925031E-16,1.));
#2428=DIRECTION('center_axis',(-0.707085393022336,-0.707128168468461,-1.82452311024598E-5));
#2429=DIRECTION('ref_axis',(-2.58034337527454E-5,0.,0.999999999667092));
#2430=DIRECTION('',(-0.344376674997847,0.344378378107943,-0.873388938794836));
#2431=DIRECTION('',(-0.365292591548588,0.365292586576826,-0.856225816447815));
#2432=DIRECTION('center_axis',(-0.707123400427219,-0.707090161458013,1.17272761860026E-5));
#2433=DIRECTION('ref_axis',(1.65844832419697E-5,0.,0.999999999862478));
#2434=DIRECTION('',(-0.315011820063335,0.315011779636209,-0.895284944534875));
#2435=DIRECTION('center_axis',(-0.707090113302034,-0.707123448581427,-1.16973038909707E-5));
#2436=DIRECTION('ref_axis',(-1.65428757513593E-5,0.,0.999999999863167));
#2437=DIRECTION('',(-0.289719828305804,0.289721260144146,-0.912208316398696));
#2438=DIRECTION('center_axis',(-0.707108528493341,-0.707105033875436,0.));
#2439=DIRECTION('ref_axis',(0.,0.,1.));
#2440=DIRECTION('',(0.29503017053115,-0.295031628613991,-0.908797852436798));
#2441=DIRECTION('',(0.,0.,-1.));
#2442=DIRECTION('center_axis',(-0.707080877270864,-0.707132683925413,1.79529299225397E-5));
#2443=DIRECTION('ref_axis',(2.53902071090457E-5,0.,0.999999999677669));
#2444=DIRECTION('',(0.31037213091795,-0.310372204065855,-0.8985200249815));
#2445=DIRECTION('center_axis',(-0.707106094105568,-0.707107468266659,5.32236036069337E-7));
#2446=DIRECTION('ref_axis',(7.52696151971964E-7,0.,0.999999999999717));
#2447=DIRECTION('',(0.337761334858174,-0.337761339741132,-0.878541153305353));
#2448=DIRECTION('center_axis',(-0.707107050518492,-0.707106511854472,-2.03163057421434E-7));
#2449=DIRECTION('ref_axis',(-2.87315841742003E-7,0.,0.999999999999959));
#2450=DIRECTION('',(0.372828768258771,-0.37282880814091,-0.849704295257401));
#2451=DIRECTION('center_axis',(-0.707107565581481,-0.707105996790441,-6.5515678150159E-7));
#2452=DIRECTION('ref_axis',(-9.26530578077678E-7,0.,0.999999999999571));
#2453=DIRECTION('',(0.411757312925892,-0.411757473215593,-0.812964758463219));
#2454=DIRECTION('center_axis',(-0.707106238480729,-0.707107323891614,6.8916627070991E-7));
#2455=DIRECTION('ref_axis',(9.74629034797244E-7,0.,0.999999999999525));
#2456=DIRECTION('',(0.443093955668795,-0.44309403506294,-0.779317279765708));
#2457=DIRECTION('center_axis',(0.,-1.,1.73132158097909E-16));
#2458=DIRECTION('ref_axis',(0.,-1.73132158097909E-16,-1.));
#2459=DIRECTION('',(0.,-1.73132158097909E-16,-1.));
#2460=DIRECTION('',(1.,0.,0.));
#2461=DIRECTION('',(0.,1.73132158097909E-16,1.));
#2462=DIRECTION('center_axis',(1.,0.,0.));
#2463=DIRECTION('ref_axis',(0.,0.,-1.));
#2464=DIRECTION('',(0.,-1.,1.45442471831642E-16));
#2465=DIRECTION('',(0.,-1.73132158097909E-16,-1.));
#2466=DIRECTION('center_axis',(0.,-1.,1.73132158097909E-16));
#2467=DIRECTION('ref_axis',(0.,-1.73132158097909E-16,-1.));
#2468=DIRECTION('',(-1.,0.,0.));
#2469=DIRECTION('',(0.,1.73132158097909E-16,1.));
#2470=DIRECTION('center_axis',(0.,-1.45442471831642E-16,-1.));
#2471=DIRECTION('ref_axis',(-1.,0.,0.));
#2472=DIRECTION('',(0.,-1.,1.45442471831642E-16));
#2473=DIRECTION('center_axis',(-1.,0.,0.));
#2474=DIRECTION('ref_axis',(0.,0.,1.));
#2475=DIRECTION('center_axis',(-0.707106781186548,0.707106781186548,0.));
#2476=DIRECTION('ref_axis',(0.,0.,1.));
#2477=DIRECTION('',(-0.707106781186548,-0.707106781186548,0.));
#2478=DIRECTION('',(0.,0.,1.));
#2479=DIRECTION('',(-0.707106781186548,-0.707106781186548,0.));
#2480=DIRECTION('',(0.,0.,1.));
#2481=DIRECTION('center_axis',(0.,-0.707138295363655,0.707075265604861));
#2482=DIRECTION('ref_axis',(1.,0.,0.));
#2483=DIRECTION('',(1.,0.,0.));
#2484=DIRECTION('',(0.,0.707075265604861,0.707138295363655));
#2485=DIRECTION('',(1.,0.,0.));
#2486=DIRECTION('',(0.360701234021514,0.65947595843564,0.659534745120188));
#2487=DIRECTION('center_axis',(2.36983199824148E-6,-0.707133909691218,0.707079651637067));
#2488=DIRECTION('ref_axis',(0.999999999994383,0.,-3.35157714232253E-6));
#2489=DIRECTION('',(-0.931972457288662,0.256335378687347,0.256358172267917));
#2490=DIRECTION('',(-0.905896445252842,0.299446197194232,0.299472211505807));
#2491=DIRECTION('',(0.940643722380492,0.239981313771189,0.239996576198132));
#2492=DIRECTION('center_axis',(0.,-0.707136447427009,0.707077113701404));
#2493=DIRECTION('ref_axis',(1.,0.,0.));
#2494=DIRECTION('',(-1.,0.,0.));
#2495=DIRECTION('',(-0.999244205078362,0.0274853763562984,0.0274876827663734));
#2496=DIRECTION('',(0.379127158497596,0.654289977080495,0.654344881222085));
#2497=DIRECTION('center_axis',(-2.58125769431473E-7,-0.707141139161548,
0.707072421541981));
#2498=DIRECTION('ref_axis',(0.999999999999933,0.,3.65062703009313E-7));
#2499=DIRECTION('',(-0.9916898640777,0.0909661224859116,0.0909746011006993));
#2500=DIRECTION('',(0.469898235392203,0.624147302695506,0.624208132687503));
#2501=DIRECTION('center_axis',(1.38351725001988E-6,-0.707132191565753,0.707081369892816));
#2502=DIRECTION('ref_axis',(0.999999999998086,0.,-1.95665917520491E-6));
#2503=DIRECTION('',(-0.976907429800624,0.151076164428285,0.151088934545109));
#2504=DIRECTION('',(0.599530738904492,0.565914384799439,0.565953886978176));
#2505=DIRECTION('center_axis',(-1.36655947508189E-6,-0.707141082258155,
0.707072478449627));
#2506=DIRECTION('ref_axis',(0.999999999998132,0.,1.93270070145531E-6));
#2507=DIRECTION('',(-0.944530301159218,0.232220685077845,0.23224139082871));
#2508=DIRECTION('',(0.758868201876922,0.460476141202704,0.460522285631385));
#2509=DIRECTION('center_axis',(3.98367122283385E-7,-0.70713749326819,0.707076067770804));
#2510=DIRECTION('ref_axis',(0.999999999999841,0.,-5.63400658629633E-7));
#2511=DIRECTION('',(0.872827830751277,0.345073345518228,0.345102831166127));
#2512=DIRECTION('center_axis',(-5.38543342477952E-6,-0.707145639393455,
0.707067920823607));
#2513=DIRECTION('ref_axis',(0.999999999970994,0.,7.61657157115861E-6));
#2514=DIRECTION('',(0.993494413246421,0.0805177210848226,0.0805341383480144));
#2515=DIRECTION('',(-0.880732901959223,0.334880123487193,0.334910224238808));
#2516=DIRECTION('center_axis',(0.,-0.707138558245398,0.707075002699587));
#2517=DIRECTION('ref_axis',(1.,0.,0.));
#2518=DIRECTION('',(1.,0.,0.));
#2519=DIRECTION('',(0.36069926056395,0.659476252871365,0.659535529996197));
#2520=DIRECTION('center_axis',(-0.773625213940906,0.633634718830593,-0.00332737845205741));
#2521=DIRECTION('ref_axis',(-0.00430098142653332,0.,0.99999075073661));
#2522=DIRECTION('',(0.00920974559888368,0.0059935381181656,-0.999939627220979));
#2523=DIRECTION('',(-0.0702331184482245,-0.0909663591606251,-0.993374265105604));
#2524=DIRECTION('center_axis',(-0.36899826562823,0.929427544798854,0.00217231041337625));
#2525=DIRECTION('ref_axis',(0.,-0.00233724994717872,0.999997268627612));
#2526=DIRECTION('',(-0.0230457672388654,-0.00681297335608184,-0.999711196299422));
#2527=DIRECTION('center_axis',(-0.283499093488591,0.958972504293605,0.));
#2528=DIRECTION('ref_axis',(0.,0.,1.));
#2529=DIRECTION('',(0.,0.,-1.));
#2530=DIRECTION('center_axis',(0.281227727462906,0.959641060660729,0.));
#2531=DIRECTION('ref_axis',(0.,0.,1.));
#2532=DIRECTION('',(0.,0.,-1.));
#2533=DIRECTION('center_axis',(0.730392356344816,0.683027822122252,0.));
#2534=DIRECTION('ref_axis',(0.,0.,-1.));
#2535=DIRECTION('center_axis',(0.,1.,0.));
#2536=DIRECTION('ref_axis',(0.,0.,1.));
#2537=DIRECTION('',(0.,0.,-1.));
#2538=DIRECTION('',(0.,0.,-1.));
#2539=DIRECTION('center_axis',(-0.0817332696799562,0.996654239256235,0.));
#2540=DIRECTION('ref_axis',(0.,0.,1.));
#2541=DIRECTION('',(0.,0.,-1.));
#2542=DIRECTION('center_axis',(-0.2479178998152,0.968781045928966,0.));
#2543=DIRECTION('ref_axis',(0.,0.,1.));
#2544=DIRECTION('',(0.,0.,-1.));
#2545=DIRECTION('center_axis',(-0.407069507341207,0.913397184248445,0.));
#2546=DIRECTION('ref_axis',(0.,0.,1.));
#2547=DIRECTION('',(0.,0.,-1.));
#2548=DIRECTION('center_axis',(-0.554645154104408,0.832086986455441,0.));
#2549=DIRECTION('ref_axis',(0.,0.,1.));
#2550=DIRECTION('',(0.,0.,-1.));
#2551=DIRECTION('center_axis',(-0.686486901178752,0.7271421693933,0.));
#2552=DIRECTION('ref_axis',(0.,0.,1.));
#2553=DIRECTION('',(0.,0.,-1.));
#2554=DIRECTION('center_axis',(-0.791533612147432,0.611125634252761,0.));
#2555=DIRECTION('ref_axis',(0.,0.,1.));
#2556=DIRECTION('center_axis',(0.,0.,1.));
#2557=DIRECTION('ref_axis',(1.,0.,0.));
#2558=DIRECTION('',(0.42660791252836,0.904436669407093,0.));
#2559=DIRECTION('',(0.302663334595192,0.953097532203142,0.));
#2560=DIRECTION('',(0.138103577455798,0.990417791587929,0.));
#2561=DIRECTION('',(-0.0303490548569239,0.999539361340658,0.));
#2562=DIRECTION('',(-0.197969885974459,0.980208102520714,0.));
#2563=DIRECTION('',(-0.359936060118079,0.9329769732564,0.));
#2564=DIRECTION('',(-0.511655206182824,0.859190869356752,0.));
#2565=DIRECTION('',(-0.648830554811048,0.760932921579549,0.));
#2566=DIRECTION('',(-0.767521805652375,0.64102283722822,0.));
#2567=DIRECTION('',(-0.864363650298817,0.502867258868684,0.));
#2568=DIRECTION('',(-0.936598741291693,0.350403763979237,0.));
#2569=DIRECTION('',(-0.982181148685842,0.187936667965994,0.));
#2570=DIRECTION('',(-0.999796797388962,0.0201584704473005,0.));
#2571=DIRECTION('',(-0.988952958247382,-0.148229708134884,0.));
#2572=DIRECTION('',(-0.949961375290487,-0.312367388592673,0.));
#2573=DIRECTION('',(-0.883926497269108,-0.467625862656852,0.));
#2574=DIRECTION('',(-0.792726119258765,-0.609577968634807,0.));
#2575=DIRECTION('',(-0.67895830021251,-0.734176836036482,0.));
#2576=DIRECTION('',(-0.545867560835421,-0.837871473453768,0.));
#2577=DIRECTION('',(-0.479857989070133,-0.877346174736955,0.));
#2578=DIRECTION('center_axis',(-0.877346174736956,0.479857989070133,0.));
#2579=DIRECTION('ref_axis',(0.,0.,1.));
#2580=DIRECTION('',(-0.197281802479741,-0.360699287483396,0.91157880318671));
#2581=DIRECTION('',(0.,0.,1.));
#2582=DIRECTION('center_axis',(-0.877344725752051,0.479860638303669,1.36185154629689E-6));
#2583=DIRECTION('ref_axis',(1.55224224449276E-6,0.,0.999999999998795));
#2584=DIRECTION('',(-0.322085073451334,-0.588880661131569,0.741269702878173));
#2585=DIRECTION('center_axis',(-0.877345447464792,0.479859318772496,0.));
#2586=DIRECTION('ref_axis',(0.,0.,1.));
#2587=DIRECTION('',(0.,0.,1.));
#2588=DIRECTION('center_axis',(-0.837871473453768,0.545867560835421,0.));
#2589=DIRECTION('ref_axis',(0.,0.,1.));
#2590=DIRECTION('',(0.,0.,1.));
#2591=DIRECTION('center_axis',(-0.734176836036482,0.67895830021251,0.));
#2592=DIRECTION('ref_axis',(0.,0.,1.));
#2593=DIRECTION('',(0.,0.,1.));
#2594=DIRECTION('center_axis',(-0.609577968634807,0.792726119258765,0.));
#2595=DIRECTION('ref_axis',(0.,0.,1.));
#2596=DIRECTION('',(0.,0.,1.));
#2597=DIRECTION('center_axis',(-0.467625862656852,0.883926497269108,0.));
#2598=DIRECTION('ref_axis',(0.,0.,1.));
#2599=DIRECTION('',(0.,0.,1.));
#2600=DIRECTION('center_axis',(-0.312367388592673,0.949961375290487,0.));
#2601=DIRECTION('ref_axis',(0.,0.,1.));
#2602=DIRECTION('',(0.,0.,1.));
#2603=DIRECTION('center_axis',(-0.148229708134884,0.988952958247382,0.));
#2604=DIRECTION('ref_axis',(0.,0.,1.));
#2605=DIRECTION('',(0.,0.,1.));
#2606=DIRECTION('center_axis',(0.0201584704473005,0.999796797388962,0.));
#2607=DIRECTION('ref_axis',(0.,0.,1.));
#2608=DIRECTION('',(0.,0.,1.));
#2609=DIRECTION('center_axis',(0.187936667965994,0.982181148685842,0.));
#2610=DIRECTION('ref_axis',(0.,0.,1.));
#2611=DIRECTION('',(0.,0.,1.));
#2612=DIRECTION('center_axis',(0.350403763979237,0.936598741291693,0.));
#2613=DIRECTION('ref_axis',(0.,0.,1.));
#2614=DIRECTION('',(0.,0.,1.));
#2615=DIRECTION('center_axis',(0.502867258868684,0.864363650298817,0.));
#2616=DIRECTION('ref_axis',(0.,0.,-1.));
#2617=DIRECTION('',(0.,0.,1.));
#2618=DIRECTION('center_axis',(0.64102283722822,0.767521805652375,0.));
#2619=DIRECTION('ref_axis',(0.,0.,-1.));
#2620=DIRECTION('',(0.,0.,1.));
#2621=DIRECTION('center_axis',(0.760932921579549,0.648830554811048,0.));
#2622=DIRECTION('ref_axis',(0.,0.,-1.));
#2623=DIRECTION('',(0.,0.,1.));
#2624=DIRECTION('center_axis',(0.859190869356752,0.511655206182824,0.));
#2625=DIRECTION('ref_axis',(0.,0.,-1.));
#2626=DIRECTION('',(0.,0.,1.));
#2627=DIRECTION('center_axis',(0.932976973256401,0.359936060118079,0.));
#2628=DIRECTION('ref_axis',(0.,0.,-1.));
#2629=DIRECTION('',(0.,0.,1.));
#2630=DIRECTION('center_axis',(0.980208102520715,0.19796988597446,0.));
#2631=DIRECTION('ref_axis',(0.,0.,-1.));
#2632=DIRECTION('',(0.,0.,1.));
#2633=DIRECTION('center_axis',(0.999539361340659,0.0303490548569239,0.));
#2634=DIRECTION('ref_axis',(0.,0.,-1.));
#2635=DIRECTION('',(0.,0.,1.));
#2636=DIRECTION('center_axis',(0.990417791587929,-0.138103577455799,0.));
#2637=DIRECTION('ref_axis',(0.,0.,-1.));
#2638=DIRECTION('',(0.,0.,1.));
#2639=DIRECTION('center_axis',(0.953097532203142,-0.302663334595192,0.));
#2640=DIRECTION('ref_axis',(0.,0.,-1.));
#2641=DIRECTION('',(0.,0.,1.));
#2642=DIRECTION('center_axis',(0.904436669407093,-0.42660791252836,0.));
#2643=DIRECTION('ref_axis',(0.,0.,-1.));
#2644=DIRECTION('',(-0.0174372105580621,-0.0369680265595998,0.999164305157186));
#2645=DIRECTION('center_axis',(0.888651127759468,-0.458581558695853,-0.00145847725613112));
#2646=DIRECTION('ref_axis',(-0.00164122369992231,0.,-0.999998653191477));
#2647=DIRECTION('',(0.0149919758472965,0.0258728484986157,0.9995528181996));
#2648=DIRECTION('center_axis',(0.865238319494971,-0.501360798704404,0.));
#2649=DIRECTION('ref_axis',(0.,0.,-1.));
#2650=DIRECTION('',(0.,0.,1.));
#2651=DIRECTION('center_axis',(0.798900272128185,-0.601463511107292,0.));
#2652=DIRECTION('ref_axis',(0.,0.,-1.));
#2653=DIRECTION('',(0.,0.,1.));
#2654=DIRECTION('center_axis',(0.686425348714887,-0.727200275468626,0.));
#2655=DIRECTION('ref_axis',(0.,0.,-1.));
#2656=DIRECTION('',(0.,0.,1.));
#2657=DIRECTION('center_axis',(0.518759764467462,-0.8549200587012,0.));
#2658=DIRECTION('ref_axis',(0.,0.,-1.));
#2659=DIRECTION('',(-0.110379458575869,-0.0669775160262983,0.991630166680827));
#2660=DIRECTION('center_axis',(0.437288829169395,-0.899240226464292,-0.0120621304962386));
#2661=DIRECTION('ref_axis',(0.,0.0134124843791345,-0.999910048585761));
#2662=DIRECTION('',(0.0822634056894255,0.026640174493086,0.996254502216856));
#2663=DIRECTION('center_axis',(0.369593325582178,-0.929176304057705,-0.00567183063660848));
#2664=DIRECTION('ref_axis',(0.,0.00610403531255184,-0.999981370202917));
#2665=DIRECTION('',(0.042758473633543,0.0109095990430827,0.999025872328264));
#2666=DIRECTION('center_axis',(0.247206026092746,-0.96896294080977,8.45646869268551E-7));
#2667=DIRECTION('ref_axis',(0.,-8.72733964997171E-7,-0.999999999999619));
#2668=DIRECTION('',(-0.0437126177411773,-0.0111512806949596,0.99898190974065));
#2669=DIRECTION('center_axis',(0.0813869315360469,-0.996653878130298,-0.00756403219088339));
#2670=DIRECTION('ref_axis',(0.,0.00758920877586661,-0.999971201540403));
#2671=DIRECTION('',(-0.133530622509604,-0.0184242959555731,0.990873411779093));
#2672=DIRECTION('center_axis',(0.136683109346598,-0.990614823036353,0.));
#2673=DIRECTION('ref_axis',(0.,0.,-1.));
#2674=DIRECTION('',(0.,0.,1.));
#2675=DIRECTION('center_axis',(0.,-1.,0.));
#2676=DIRECTION('ref_axis',(0.,0.,-1.));
#2677=DIRECTION('center_axis',(0.,0.,1.));
#2678=DIRECTION('ref_axis',(1.,0.,0.));
#2679=DIRECTION('',(-0.479857315026413,-0.877346543399837,0.));
#2680=DIRECTION('',(0.549778684081696,0.835310360602213,0.));
#2681=DIRECTION('',(0.685942922498981,0.727655349099803,0.));
#2682=DIRECTION('',(0.801434599398588,0.598082421482879,0.));
#2683=DIRECTION('',(0.892783958102799,0.450485076505649,0.));
#2684=DIRECTION('',(0.957231675738147,0.28932251720794,0.));
#2685=DIRECTION('',(-0.992842437035498,-0.119431550360086,0.));
#2686=DIRECTION('',(-1.,0.,0.));
#2687=DIRECTION('',(0.,-1.,0.));
#2688=DIRECTION('center_axis',(0.877346543399837,-0.479857315026413,0.));
#2689=DIRECTION('ref_axis',(0.,0.,-1.));
#2690=DIRECTION('',(-0.232638467036391,-0.425344260730879,0.874620834143722));
#2691=DIRECTION('',(0.,0.,1.));
#2692=DIRECTION('center_axis',(0.877344130424197,-0.479861726753072,-2.78732620218577E-6));
#2693=DIRECTION('ref_axis',(-3.17700444502208E-6,0.,-0.999999999994953));
#2694=DIRECTION('',(-0.304534825055963,-0.556793718809899,0.77281258725643));
#2695=DIRECTION('center_axis',(0.877345759173009,-0.479858748863805,0.));
#2696=DIRECTION('ref_axis',(0.,0.,-1.));
#2697=DIRECTION('',(0.,0.,1.));
#2698=DIRECTION('center_axis',(0.,-1.,0.));
#2699=DIRECTION('ref_axis',(0.,0.,-1.));
#2700=DIRECTION('',(0.,0.,1.));
#2701=DIRECTION('center_axis',(0.119431550360086,-0.992842437035498,0.));
#2702=DIRECTION('ref_axis',(0.,0.,-1.));
#2703=DIRECTION('',(0.,0.,1.));
#2704=DIRECTION('',(0.,0.,1.));
#2705=DIRECTION('center_axis',(0.28932251720794,-0.957231675738147,0.));
#2706=DIRECTION('ref_axis',(0.,0.,-1.));
#2707=DIRECTION('',(0.,0.,1.));
#2708=DIRECTION('center_axis',(0.450485076505649,-0.892783958102799,0.));
#2709=DIRECTION('ref_axis',(0.,0.,-1.));
#2710=DIRECTION('',(0.,0.,1.));
#2711=DIRECTION('center_axis',(0.598082421482879,-0.801434599398588,0.));
#2712=DIRECTION('ref_axis',(0.,0.,-1.));
#2713=DIRECTION('',(0.,0.,1.));
#2714=DIRECTION('center_axis',(0.727655349099803,-0.685942922498981,0.));
#2715=DIRECTION('ref_axis',(0.,0.,-1.));
#2716=DIRECTION('',(0.,0.,1.));
#2717=DIRECTION('center_axis',(0.835310360602213,-0.549778684081696,0.));
#2718=DIRECTION('ref_axis',(0.,0.,-1.));
#2719=DIRECTION('center_axis',(-1.,0.,0.));
#2720=DIRECTION('ref_axis',(0.,0.,1.));
#2721=DIRECTION('',(0.,0.,-1.));
#2722=DIRECTION('',(0.,-1.,0.));
#2723=DIRECTION('',(0.,0.,-1.));
#2724=DIRECTION('center_axis',(-0.707106781186546,-0.707106781186546,-7.20375815558813E-8));
#2725=DIRECTION('ref_axis',(-1.01876524836885E-7,0.,0.999999999999995));
#2726=DIRECTION('',(-0.443093928253143,0.443094007647282,-0.779317310940973));
#2727=DIRECTION('',(0.707106781186548,-0.707106781186548,0.));
#2728=DIRECTION('',(0.173717835153736,-0.173717736399472,-0.96935249615903));
#2729=DIRECTION('center_axis',(-0.707106609926336,-0.707106952446717,-1.06544599375952E-8));
#2730=DIRECTION('ref_axis',(-1.50676853928789E-8,0.,1.));
#2731=DIRECTION('',(0.0781504472544937,-0.0781503944232934,-0.993873746230076));
#2732=DIRECTION('center_axis',(-0.707106542177558,-0.707107020195456,0.));
#2733=DIRECTION('ref_axis',(0.,0.,1.));
#2734=DIRECTION('center_axis',(-0.707106542177558,-0.707107020195456,0.));
#2735=DIRECTION('ref_axis',(0.,0.,1.));
#2736=DIRECTION('',(-0.0781504554614704,0.0781504026302647,-0.993873744939412));
#2737=DIRECTION('center_axis',(-0.707106781186546,-0.707106781186546,7.20375888948205E-8));
#2738=DIRECTION('ref_axis',(1.01876535215712E-7,0.,0.999999999999995));
#2739=DIRECTION('',(-0.173717851783345,0.173717753029072,-0.969352490198643));
#2740=DIRECTION('center_axis',(-0.707106609926337,-0.707106952446717,1.06544611072707E-8));
#2741=DIRECTION('ref_axis',(1.50676870470503E-8,0.,1.));
#2742=DIRECTION('center_axis',(-0.707107679801534,-0.707105882569999,7.70860810478842E-7));
#2743=DIRECTION('ref_axis',(1.09016042746805E-6,0.,0.999999999999406));
#2744=DIRECTION('',(-0.411757849486863,0.411758009776773,-0.812964214938532));
#2745=DIRECTION('center_axis',(-0.707106238469219,-0.707107323903124,-6.8917928893178E-7));
#2746=DIRECTION('ref_axis',(-9.74647445373165E-7,0.,0.999999999999525));
#2747=DIRECTION('center_axis',(-1.,0.,0.));
#2748=DIRECTION('ref_axis',(0.,0.,1.));
#2749=DIRECTION('',(0.,1.,0.));
#2750=DIRECTION('center_axis',(0.,1.,0.));
#2751=DIRECTION('ref_axis',(0.,0.,1.));
#2752=DIRECTION('',(0.,0.,-1.));
#2753=DIRECTION('',(-1.,0.,0.));
#2754=DIRECTION('center_axis',(1.,0.,0.));
#2755=DIRECTION('ref_axis',(0.,0.,-1.));
#2756=DIRECTION('',(0.,1.,0.));
#2757=DIRECTION('center_axis',(1.,0.,0.));
#2758=DIRECTION('ref_axis',(0.,0.,-1.));
#2759=DIRECTION('',(0.,1.,0.));
#2760=DIRECTION('center_axis',(0.,-1.,0.));
#2761=DIRECTION('ref_axis',(0.,0.,-1.));
#2762=DIRECTION('',(-1.,0.,0.));
#2763=DIRECTION('',(0.,0.,-1.));
#2764=DIRECTION('center_axis',(0.,-2.95523412873872E-16,-1.));
#2765=DIRECTION('ref_axis',(-1.,0.,0.));
#2766=DIRECTION('',(0.,1.,-2.95523412873873E-16));
#2767=DIRECTION('',(-1.,0.,0.));
#2768=DIRECTION('center_axis',(1.,0.,0.));
#2769=DIRECTION('ref_axis',(0.,0.,-1.));
#2770=DIRECTION('',(0.,1.,0.));
#2771=DIRECTION('',(0.,-2.73071554889504E-16,-1.));
#2772=DIRECTION('center_axis',(0.,-1.,2.73071554889504E-16));
#2773=DIRECTION('ref_axis',(0.,-2.73071554889504E-16,-1.));
#2774=DIRECTION('',(1.,0.,0.));
#2775=DIRECTION('center_axis',(0.,2.95523412873872E-16,1.));
#2776=DIRECTION('ref_axis',(1.,0.,0.));
#2777=CARTESIAN_POINT('',(0.,0.,0.));
#2778=CARTESIAN_POINT('Ctrl Pts',(-34.2424264365396,195.999998474121,8.5090297660827));
#2779=CARTESIAN_POINT('Ctrl Pts',(-31.7414923706055,195.999998474121,8.5090297660827));
#2780=CARTESIAN_POINT('Ctrl Pts',(-31.7414923706055,195.999998474121,6.0005297660827));
#2781=CARTESIAN_POINT('Ctrl Pts',(-31.7414923706055,195.999998474121,3.4920297660827));
#2782=CARTESIAN_POINT('Ctrl Pts',(-34.2424264365396,195.999998474121,3.4920297660827));
#2783=CARTESIAN_POINT('Ctrl Pts',(-36.7433605024736,195.999998474121,3.4920297660827));
#2784=CARTESIAN_POINT('Ctrl Pts',(-36.7433605024736,195.999998474121,6.0005297660827));
#2785=CARTESIAN_POINT('Ctrl Pts',(-36.7433605024736,195.999998474121,8.5090297660827));
#2786=CARTESIAN_POINT('Ctrl Pts',(-34.2424264365396,195.999998474121,8.5090297660827));
#2787=CARTESIAN_POINT('Ctrl Pts',(-34.2424264365396,208.191493896484,8.5090297660827));
#2788=CARTESIAN_POINT('Ctrl Pts',(-31.7414923706055,208.191493896484,8.5090297660827));
#2789=CARTESIAN_POINT('Ctrl Pts',(-31.7414923706055,208.191493896484,6.0005297660827));
#2790=CARTESIAN_POINT('Ctrl Pts',(-31.7414923706055,208.191493896484,3.4920297660827));
#2791=CARTESIAN_POINT('Ctrl Pts',(-34.2424264365396,208.191493896484,3.4920297660827));
#2792=CARTESIAN_POINT('Ctrl Pts',(-36.7433605024736,208.191493896484,3.4920297660827));
#2793=CARTESIAN_POINT('Ctrl Pts',(-36.7433605024736,208.191493896484,6.0005297660827));
#2794=CARTESIAN_POINT('Ctrl Pts',(-36.7433605024736,208.191493896484,8.5090297660827));
#2795=CARTESIAN_POINT('Ctrl Pts',(-34.2424264365396,208.191493896484,8.5090297660827));
#2796=CARTESIAN_POINT('',(-34.2424264365396,195.999998474121,8.5090297660827));
#2797=CARTESIAN_POINT('Origin',(-34.2424264365396,195.999998474121,6.0005297660827));
#2798=CARTESIAN_POINT('',(-34.2424264365396,208.191493896484,8.5090297660827));
#2799=CARTESIAN_POINT('',(-34.2424264365396,211.408498474121,8.5090297660827));
#2800=CARTESIAN_POINT('Origin',(-34.2424264365396,208.191493896484,6.0005297660827));
#2801=CARTESIAN_POINT('Ctrl Pts',(-74.7575583046714,195.999998474121,8.5090297660827));
#2802=CARTESIAN_POINT('Ctrl Pts',(-72.2566242387374,195.999998474121,8.5090297660827));
#2803=CARTESIAN_POINT('Ctrl Pts',(-72.2566242387374,195.999998474121,6.0005297660827));
#2804=CARTESIAN_POINT('Ctrl Pts',(-72.2566242387374,195.999998474121,3.4920297660827));
#2805=CARTESIAN_POINT('Ctrl Pts',(-74.7575583046714,195.999998474121,3.4920297660827));
#2806=CARTESIAN_POINT('Ctrl Pts',(-77.2584923706055,195.999998474121,3.4920297660827));
#2807=CARTESIAN_POINT('Ctrl Pts',(-77.2584923706055,195.999998474121,6.0005297660827));
#2808=CARTESIAN_POINT('Ctrl Pts',(-77.2584923706055,195.999998474121,8.5090297660827));
#2809=CARTESIAN_POINT('Ctrl Pts',(-74.7575583046714,195.999998474121,8.5090297660827));
#2810=CARTESIAN_POINT('Ctrl Pts',(-74.7575583046714,207.541493896484,8.5090297660827));
#2811=CARTESIAN_POINT('Ctrl Pts',(-72.2566242387374,207.541493896484,8.5090297660827));
#2812=CARTESIAN_POINT('Ctrl Pts',(-72.2566242387374,207.541493896484,6.0005297660827));
#2813=CARTESIAN_POINT('Ctrl Pts',(-72.2566242387374,207.541493896484,3.4920297660827));
#2814=CARTESIAN_POINT('Ctrl Pts',(-74.7575583046714,207.541493896484,3.4920297660827));
#2815=CARTESIAN_POINT('Ctrl Pts',(-77.2584923706055,207.541493896484,3.4920297660827));
#2816=CARTESIAN_POINT('Ctrl Pts',(-77.2584923706055,207.541493896484,6.0005297660827));
#2817=CARTESIAN_POINT('Ctrl Pts',(-77.2584923706055,207.541493896484,8.5090297660827));
#2818=CARTESIAN_POINT('Ctrl Pts',(-74.7575583046714,207.541493896484,8.5090297660827));
#2819=CARTESIAN_POINT('',(-74.7575583046714,195.999998474121,8.5090297660827));
#2820=CARTESIAN_POINT('Origin',(-74.7575583046714,195.999998474121,6.0005297660827));
#2821=CARTESIAN_POINT('',(-74.7575583046714,207.541493896484,8.5090297660827));
#2822=CARTESIAN_POINT('',(-74.7575583046714,211.408498474121,8.5090297660827));
#2823=CARTESIAN_POINT('Origin',(-74.7575583046714,207.541493896484,6.0005297660827));
#2824=CARTESIAN_POINT('Origin',(-71.0914938964843,210.299993896484,9.99999999999995));
#2825=CARTESIAN_POINT('',(-71.0914938964843,207.541493896484,-4.61852778244065E-14));
#2826=CARTESIAN_POINT('',(-71.0914938964843,208.699998474121,-4.8499812632251E-14));
#2827=CARTESIAN_POINT('',(-71.0914938964843,205.649996185303,-4.70734562441066E-14));
#2828=CARTESIAN_POINT('',(-71.0914938964843,207.541493896484,12.0010595321655));
#2829=CARTESIAN_POINT('',(-71.0914938964843,207.541493896484,9.99999999999995));
#2830=CARTESIAN_POINT('',(-71.0914938964843,208.699998474121,12.0010595321655));
#2831=CARTESIAN_POINT('',(-71.0914938964843,209.499996185303,12.0010595321655));
#2832=CARTESIAN_POINT('',(-71.0914938964843,208.699998474121,4.99999999999995));
#2833=CARTESIAN_POINT('Origin',(-84.3999938964843,207.541493896484,9.99999999999995));
#2834=CARTESIAN_POINT('',(-79.9999908447266,207.541493896484,-4.8499812632251E-14));
#2835=CARTESIAN_POINT('',(-69.4499923706055,207.541493896484,-4.70734562441066E-14));
#2836=CARTESIAN_POINT('',(-79.9999908447266,207.541493896484,12.0010595321655));
#2837=CARTESIAN_POINT('',(-79.9999908447266,207.541493896484,7.99999999999995));
#2838=CARTESIAN_POINT('',(-61.1999923706055,207.541493896484,12.0010595321655));
#2839=CARTESIAN_POINT('Origin',(-79.9999908447266,208.699998474121,-4.8499812632251E-14));
#2840=CARTESIAN_POINT('',(-70.9999908447266,208.699998474121,12.0010595321655));
#2841=CARTESIAN_POINT('',(-79.9999908447266,208.699998474121,12.0010595321655));
#2842=CARTESIAN_POINT('',(-70.9999908447266,208.699998474121,-4.8499812632251E-14));
#2843=CARTESIAN_POINT('',(-70.9999908447266,208.699998474121,12.0010595321655));
#2844=CARTESIAN_POINT('',(-79.9999908447266,208.699998474121,-4.8499812632251E-14));
#2845=CARTESIAN_POINT('Origin',(-37.9999908447266,208.699998474121,12.0010595321655));
#2846=CARTESIAN_POINT('',(-79.9999908447266,204.199998474121,12.0010595321655));
#2847=CARTESIAN_POINT('',(-79.9999908447266,204.199998474121,12.0010595321655));
#2848=CARTESIAN_POINT('',(-28.9999908447266,204.199998474121,12.0010595321655));
#2849=CARTESIAN_POINT('',(-28.9999908447266,204.199998474121,12.0010595321655));
#2850=CARTESIAN_POINT('',(-28.9999908447266,208.191493896484,12.0010595321655));
#2851=CARTESIAN_POINT('',(-28.9999908447266,204.199998474121,12.0010595321655));
#2852=CARTESIAN_POINT('',(-54.5084938964844,208.191493896484,12.0010595321655));
#2853=CARTESIAN_POINT('',(-39.5999923706055,208.191493896484,12.0010595321655));
#2854=CARTESIAN_POINT('',(-54.5084938964844,213.708493896484,12.0010595321655));
#2855=CARTESIAN_POINT('',(-54.5084938964844,209.824996185303,12.0010595321655));
#2856=CARTESIAN_POINT('',(-39.4999908447266,213.708493896484,12.0010595321655));
#2857=CARTESIAN_POINT('',(-39.5999923706055,213.708493896484,12.0010595321655));
#2858=CARTESIAN_POINT('',(-39.4999908447266,219.641493896484,12.0010595321655));
#2859=CARTESIAN_POINT('',(-39.4999908447266,213.699997997284,12.0010595321655));
#2860=CARTESIAN_POINT('',(-54.5084938964844,219.641493896484,12.0010595321655));
#2861=CARTESIAN_POINT('',(-39.5999923706055,219.641493896484,12.0010595321655));
#2862=CARTESIAN_POINT('',(-54.5084938964844,224.030288791371,12.0010595321655));
#2863=CARTESIAN_POINT('',(-54.5084938964844,215.549996185303,12.0010595321655));
#2864=CARTESIAN_POINT('',(-54.5825108453632,224.246957874298,12.0010595321655));
#2865=CARTESIAN_POINT('',(-54.4999908447266,224.005397891998,12.0010595321655));
#2866=CARTESIAN_POINT('',(-54.7036508411169,224.376498317719,12.0010595321655));
#2867=CARTESIAN_POINT('',(-54.5825108453632,224.246957874298,12.0010595321655));
#2868=CARTESIAN_POINT('',(-55.0034908294678,224.464367961884,12.0010595321655));
#2869=CARTESIAN_POINT('',(-55.0034908294678,224.464367961884,12.0010595321655));
#2870=CARTESIAN_POINT('',(-55.2938808441163,224.349078273773,12.0010595321655));
#2871=CARTESIAN_POINT('',(-55.2938808441163,224.349078273773,12.0010595321655));
#2872=CARTESIAN_POINT('',(-55.930250787735,223.524848079681,12.0010595321655));
#2873=CARTESIAN_POINT('',(-55.2938808441163,224.349078273773,12.0010595321655));
#2874=CARTESIAN_POINT('',(-56.6011408805848,222.891468143463,12.0010595321655));
#2875=CARTESIAN_POINT('',(-55.930250787735,223.524848079681,12.0010595321655));
#2876=CARTESIAN_POINT('',(-57.3688608646393,222.37972817421,12.0010595321655));
#2877=CARTESIAN_POINT('',(-56.6011408805848,222.891468143463,12.0010595321655));
#2878=CARTESIAN_POINT('',(-58.2116009235382,222.004148101807,12.0010595321655));
#2879=CARTESIAN_POINT('',(-57.3688608646393,222.37972817421,12.0010595321655));
#2880=CARTESIAN_POINT('',(-59.1054409980774,221.775408124924,12.0010595321655));
#2881=CARTESIAN_POINT('',(-58.2116009235382,222.004148101807,12.0010595321655));
#2882=CARTESIAN_POINT('',(-60.024990940094,221.699997997284,12.0010595321655));
#2883=CARTESIAN_POINT('',(-59.1054409980774,221.775408124924,12.0010595321655));
#2884=CARTESIAN_POINT('',(-74.4999908447266,221.699997997284,12.0010595321655));
#2885=CARTESIAN_POINT('',(-74.4999908447266,221.699997997284,12.0010595321655));
#2886=CARTESIAN_POINT('',(-74.4999908447266,220.173868155479,12.0010595321655));
#2887=CARTESIAN_POINT('',(-74.4999908447266,220.173868155479,12.0010595321655));
#2888=CARTESIAN_POINT('',(-70.9999908447266,216.673868155479,12.0010595321655));
#2889=CARTESIAN_POINT('',(-70.9999908447266,216.673868155479,12.0010595321655));
#2890=CARTESIAN_POINT('',(-70.9999908447266,208.699998474121,12.0010595321655));
#2891=CARTESIAN_POINT('',(-57.2914908447266,212.691498474121,12.0010595321655));
#2892=CARTESIAN_POINT('',(-61.3084908447266,212.691498474121,12.0010595321655));
#2893=CARTESIAN_POINT('',(-48.6499908447266,212.691498474121,12.0010595321655));
#2894=CARTESIAN_POINT('',(-61.3084908447266,220.708498474121,12.0010595321655));
#2895=CARTESIAN_POINT('',(-61.3084908447266,212.699998474121,12.0010595321655));
#2896=CARTESIAN_POINT('',(-57.2914908447266,220.708498474121,12.0010595321655));
#2897=CARTESIAN_POINT('',(-48.6499908447266,220.708498474121,12.0010595321655));
#2898=CARTESIAN_POINT('',(-57.2914908447266,212.699998474121,12.0010595321655));
#2899=CARTESIAN_POINT('Origin',(-54.5084938964844,222.399993896484,9.99999999999995));
#2900=CARTESIAN_POINT('',(-54.5084938964844,219.641493896484,-4.9737991503207E-14));
#2901=CARTESIAN_POINT('',(-54.5084938964844,219.641493896484,9.99999999999995));
#2902=CARTESIAN_POINT('',(-54.5084938964844,225.158493896484,-5.15143483426073E-14));
#2903=CARTESIAN_POINT('',(-54.5084938964844,211.699996185303,-4.88498130835069E-14));
#2904=CARTESIAN_POINT('',(-54.5084938964844,225.158493896484,3.0002698898315));
#2905=CARTESIAN_POINT('',(-54.5084938964844,225.158493896484,9.99999999999995));
#2906=CARTESIAN_POINT('',(-54.5084938964844,224.030288791371,3.0002698898315));
#2907=CARTESIAN_POINT('',(-54.5084938964844,226.671080875397,3.0002698898315));
#2908=CARTESIAN_POINT('',(-54.5084938964844,224.030288791371,6.50013494491572));
#2909=CARTESIAN_POINT('Origin',(-41.1999938964844,219.641493896484,9.99999999999995));
#2910=CARTESIAN_POINT('',(-39.4999908447266,219.641493896484,-4.8499812632251E-14));
#2911=CARTESIAN_POINT('',(-39.4999908447266,219.641493896484,11.0005297660827));
#2912=CARTESIAN_POINT('',(-47.8499923706055,219.641493896484,-5.06261699229071E-14));
#2913=CARTESIAN_POINT('Origin',(-41.1999938964844,225.158493896484,9.99999999999995));
#2914=CARTESIAN_POINT('',(-54.4999908447266,225.158493896484,-4.8499812632251E-14));
#2915=CARTESIAN_POINT('',(-47.8499923706055,225.158493896484,-5.24025267623074E-14));
#2916=CARTESIAN_POINT('',(-54.4999908447266,225.158493896484,3.0002698898315));
#2917=CARTESIAN_POINT('',(-54.4999908447266,225.158493896484,6.50013494491572));
#2918=CARTESIAN_POINT('',(-50.727022266388,225.158493896484,3.0002698898315));
#2919=CARTESIAN_POINT('Origin',(-54.5825108453632,224.246957874298,3.0002698898315));
#2920=CARTESIAN_POINT('',(-54.5825108453632,224.246957874298,3.0002698898315));
#2921=CARTESIAN_POINT('',(-54.4999908447266,224.005397891998,3.0002698898315));
#2922=CARTESIAN_POINT('',(-54.5825108453632,224.246957874298,12.0010595321655));
#2923=CARTESIAN_POINT('Origin',(-60.2540506362915,230.942167854309,3.0002698898315));
#2924=CARTESIAN_POINT('',(-54.4999908447266,232.647477722168,3.0002698898315));
#2925=CARTESIAN_POINT('',(-54.4999908447266,224.005397891998,3.0002698898315));
#2926=CARTESIAN_POINT('',(-60.1908506393433,232.647477722168,3.0002698898315));
#2927=CARTESIAN_POINT('',(-54.4999908447266,232.647477722168,3.0002698898315));
#2928=CARTESIAN_POINT('',(-61.1343807220459,232.53397808075,3.0002698898315));
#2929=CARTESIAN_POINT('',(-60.1908506393433,232.647477722168,3.0002698898315));
#2930=CARTESIAN_POINT('',(-62.0440606117249,232.259028053284,3.0002698898315));
#2931=CARTESIAN_POINT('',(-61.1343807220459,232.53397808075,3.0002698898315));
#2932=CARTESIAN_POINT('',(-62.8925012588501,231.830917930603,3.0002698898315));
#2933=CARTESIAN_POINT('',(-62.0440606117249,232.259028053284,3.0002698898315));
#2934=CARTESIAN_POINT('',(-63.6541208267212,231.262548065186,3.0002698898315));
#2935=CARTESIAN_POINT('',(-62.8925012588501,231.830917930603,3.0002698898315));
#2936=CARTESIAN_POINT('',(-64.305990600586,230.571037864685,3.0002698898315));
#2937=CARTESIAN_POINT('',(-63.6541208267212,231.262548065186,3.0002698898315));
#2938=CARTESIAN_POINT('',(-64.8284610748291,229.777218437195,3.0002698898315));
#2939=CARTESIAN_POINT('',(-64.305990600586,230.571037864685,3.0002698898315));
#2940=CARTESIAN_POINT('',(-67.8925603866577,224.174997901917,3.0002698898315));
#2941=CARTESIAN_POINT('',(-64.8284610748291,229.777218437195,3.0002698898315));
#2942=CARTESIAN_POINT('',(-74.4999908447266,224.174997901917,3.0002698898315));
#2943=CARTESIAN_POINT('',(-67.8925603866577,224.174997901917,3.0002698898315));
#2944=CARTESIAN_POINT('',(-74.4999908447266,221.699997997284,3.0002698898315));
#2945=CARTESIAN_POINT('',(-74.4999908447266,221.699997997284,3.0002698898315));
#2946=CARTESIAN_POINT('',(-60.024990940094,221.699997997284,3.0002698898315));
#2947=CARTESIAN_POINT('',(-74.4999908447266,221.699997997284,3.0002698898315));
#2948=CARTESIAN_POINT('',(-59.1054409980774,221.775408124924,3.0002698898315));
#2949=CARTESIAN_POINT('',(-60.024990940094,221.699997997284,3.0002698898315));
#2950=CARTESIAN_POINT('',(-58.2116009235382,222.004148101807,3.0002698898315));
#2951=CARTESIAN_POINT('',(-59.1054409980774,221.775408124924,3.0002698898315));
#2952=CARTESIAN_POINT('',(-57.3688608646393,222.37972817421,3.0002698898315));
#2953=CARTESIAN_POINT('',(-58.2116009235382,222.004148101807,3.0002698898315));
#2954=CARTESIAN_POINT('',(-56.6011408805848,222.891468143463,3.0002698898315));
#2955=CARTESIAN_POINT('',(-57.3688608646393,222.37972817421,3.0002698898315));
#2956=CARTESIAN_POINT('',(-55.930250787735,223.524848079681,3.0002698898315));
#2957=CARTESIAN_POINT('',(-56.6011408805848,222.891468143463,3.0002698898315));
#2958=CARTESIAN_POINT('',(-55.2109808564186,224.40302810669,3.0002698898315));
#2959=CARTESIAN_POINT('',(-55.2109808564186,224.40302810669,3.0002698898315));
#2960=CARTESIAN_POINT('',(-55.0034908294678,224.464367961884,3.0002698898315));
#2961=CARTESIAN_POINT('',(-55.0034908294678,224.464367961884,3.0002698898315));
#2962=CARTESIAN_POINT('',(-54.7036508411169,224.376498317719,3.0002698898315));
#2963=CARTESIAN_POINT('',(-55.0034908294678,224.464367961884,3.0002698898315));
#2964=CARTESIAN_POINT('',(-54.7036508411169,224.376498317719,3.0002698898315));
#2965=CARTESIAN_POINT('',(-66.37878074646,223.399998283386,3.0002698898315));
#2966=CARTESIAN_POINT('',(-63.3369707107544,228.961457824707,3.0002698898315));
#2967=CARTESIAN_POINT('',(-66.37878074646,223.399998283386,3.0002698898315));
#2968=CARTESIAN_POINT('',(-62.989301109314,229.495108222961,3.0002698898315));
#2969=CARTESIAN_POINT('',(-62.989301109314,229.495108222961,3.0002698898315));
#2970=CARTESIAN_POINT('',(-62.5568613052369,229.962717628479,3.0002698898315));
#2971=CARTESIAN_POINT('',(-62.5568613052369,229.962717628479,3.0002698898315));
#2972=CARTESIAN_POINT('',(-62.051960849762,230.350967979431,3.0002698898315));
#2973=CARTESIAN_POINT('',(-62.051960849762,230.350967979431,3.0002698898315));
#2974=CARTESIAN_POINT('',(-61.4889706611634,230.648808097839,3.0002698898315));
#2975=CARTESIAN_POINT('',(-61.4889706611634,230.648808097839,3.0002698898315));
#2976=CARTESIAN_POINT('',(-60.8839310646058,230.847757911682,3.0002698898315));
#2977=CARTESIAN_POINT('',(-60.8839310646058,230.847757911682,3.0002698898315));
#2978=CARTESIAN_POINT('',(-60.2540506362915,230.942167854309,3.0002698898315));
#2979=CARTESIAN_POINT('',(-60.2540506362915,230.942167854309,3.0002698898315));
#2980=CARTESIAN_POINT('',(-59.617260837555,230.929328536987,3.0002698898315));
#2981=CARTESIAN_POINT('',(-60.2540506362915,230.942167854309,3.0002698898315));
#2982=CARTESIAN_POINT('',(-58.9916910171509,230.809628105164,3.0002698898315));
#2983=CARTESIAN_POINT('',(-59.617260837555,230.929328536987,3.0002698898315));
#2984=CARTESIAN_POINT('',(-58.3951508045197,230.586448287964,3.0002698898315));
#2985=CARTESIAN_POINT('',(-58.9916910171509,230.809628105164,3.0002698898315));
#2986=CARTESIAN_POINT('',(-57.8446308612824,230.266168212891,3.0002698898315));
#2987=CARTESIAN_POINT('',(-58.3951508045197,230.586448287964,3.0002698898315));
#2988=CARTESIAN_POINT('',(-57.3557807445527,229.857887840271,3.0002698898315));
#2989=CARTESIAN_POINT('',(-57.8446308612824,230.266168212891,3.0002698898315));
#2990=CARTESIAN_POINT('',(-56.9425307750702,229.373238182068,3.0002698898315));
#2991=CARTESIAN_POINT('',(-57.3557807445527,229.857887840271,3.0002698898315));
#2992=CARTESIAN_POINT('',(-56.6166509628296,228.826008415222,3.0002698898315));
#2993=CARTESIAN_POINT('',(-56.9425307750702,229.373238182068,3.0002698898315));
#2994=CARTESIAN_POINT('',(-56.3874008893967,228.231777763367,3.0002698898315));
#2995=CARTESIAN_POINT('',(-56.6166509628296,228.826008415222,3.0002698898315));
#2996=CARTESIAN_POINT('',(-56.261310839653,227.607468223572,3.0002698898315));
#2997=CARTESIAN_POINT('',(-56.3874008893967,228.231777763367,3.0002698898315));
#2998=CARTESIAN_POINT('',(-56.2419808149338,226.970838165283,3.0002698898315));
#2999=CARTESIAN_POINT('',(-56.261310839653,227.607468223572,3.0002698898315));
#3000=CARTESIAN_POINT('',(-56.3299408197403,226.340027904511,3.0002698898315));
#3001=CARTESIAN_POINT('',(-56.2419808149338,226.970838165283,3.0002698898315));
#3002=CARTESIAN_POINT('',(-56.5227109432221,225.732987976074,3.0002698898315));
#3003=CARTESIAN_POINT('',(-56.5227109432221,225.732987976074,3.0002698898315));
#3004=CARTESIAN_POINT('',(-56.8147908687592,225.166987991333,3.0002698898315));
#3005=CARTESIAN_POINT('',(-56.5227109432221,225.732987976074,3.0002698898315));
#3006=CARTESIAN_POINT('',(-57.1978708744049,224.658157920837,3.0002698898315));
#3007=CARTESIAN_POINT('',(-57.1978708744049,224.658157920837,3.0002698898315));
#3008=CARTESIAN_POINT('',(-57.6610409259796,224.220958328247,3.0002698898315));
#3009=CARTESIAN_POINT('',(-57.6610409259796,224.220958328247,3.0002698898315));
#3010=CARTESIAN_POINT('',(-59.0815810203553,223.530168151856,3.0002698898315));
#3011=CARTESIAN_POINT('',(-59.0815810203553,223.530168151856,3.0002698898315));
#3012=CARTESIAN_POINT('',(-60.024990940094,223.399998283386,3.0002698898315));
#3013=CARTESIAN_POINT('',(-60.024990940094,223.399998283386,3.0002698898315));
#3014=CARTESIAN_POINT('',(-66.37878074646,223.399998283386,3.0002698898315));
#3015=CARTESIAN_POINT('Origin',(-41.1999938964844,208.191493896484,9.99999999999996));
#3016=CARTESIAN_POINT('',(-54.5084938964844,208.191493896484,-4.61852778244065E-14));
#3017=CARTESIAN_POINT('',(-28.9999908447266,208.191493896484,-4.8499812632251E-14));
#3018=CARTESIAN_POINT('',(-47.8499923706055,208.191493896484,-4.70734562441066E-14));
#3019=CARTESIAN_POINT('',(-54.5084938964844,208.191493896484,9.99999999999996));
#3020=CARTESIAN_POINT('',(-28.9999908447266,208.191493896484,7.99999999999995));
#3021=CARTESIAN_POINT('Origin',(-41.1999938964844,213.708493896484,9.99999999999995));
#3022=CARTESIAN_POINT('',(-39.4999908447266,213.708493896484,-4.8499812632251E-14));
#3023=CARTESIAN_POINT('',(-54.5084938964844,213.708493896484,-4.79616346638068E-14));
#3024=CARTESIAN_POINT('',(-47.8499923706055,213.708493896484,-4.88498130835069E-14));
#3025=CARTESIAN_POINT('',(-39.4999908447266,213.708493896484,11.0005297660827));
#3026=CARTESIAN_POINT('',(-54.5084938964844,213.708493896484,9.99999999999995));
#3027=CARTESIAN_POINT('Origin',(-54.5084938964844,210.949993896484,9.99999999999995));
#3028=CARTESIAN_POINT('',(-54.5084938964844,205.974996185303,-4.70734562441066E-14));
#3029=CARTESIAN_POINT('Origin',(-28.9999908447266,200.999998474121,5.99999999999996));
#3030=CARTESIAN_POINT('',(-28.9999908447266,204.199998474121,12.));
#3031=CARTESIAN_POINT('',(-28.9999908447266,204.199998474121,12.0010595321655));
#3032=CARTESIAN_POINT('',(-28.9999908447266,195.999998474121,12.));
#3033=CARTESIAN_POINT('',(-28.9999908447266,200.999998474121,12.));
#3034=CARTESIAN_POINT('',(-28.9999908447266,195.999998474121,-4.33982775465782E-14));
#3035=CARTESIAN_POINT('',(-28.9999908447266,195.999998474121,5.99999999999996));
#3036=CARTESIAN_POINT('',(-28.9999908447266,204.199998474121,-4.8499812632251E-14));
#3037=CARTESIAN_POINT('Origin',(-18.3914908447266,216.699998474121,5.99999999999995));
#3038=CARTESIAN_POINT('',(-72.0652439951058,217.739120869598,7.71880682370625));
#3039=CARTESIAN_POINT('',(-71.7389283548983,217.412805245584,7.87775897190166));
#3040=CARTESIAN_POINT('Origin',(-71.0261217747354,216.699998474121,5.99999999999995));
#3041=CARTESIAN_POINT('',(-72.2623014330312,217.936177872692,7.58301381691664));
#3042=CARTESIAN_POINT('Origin',(-71.0261216797714,216.699998474121,5.99999999999995));
#3043=CARTESIAN_POINT('',(-72.476512204783,218.150389299081,7.389402283312));
#3044=CARTESIAN_POINT('Origin',(-71.0261233103412,216.699998474121,5.99999999999995));
#3045=CARTESIAN_POINT('',(-72.648208602385,218.322085886367,7.1844427706873));
#3046=CARTESIAN_POINT('Origin',(-71.026122085513,216.699998474121,5.99999999999995));
#3047=CARTESIAN_POINT('',(-72.7707956759385,218.444672579158,6.99508015617529));
#3048=CARTESIAN_POINT('Origin',(-71.0261189293663,216.699998474121,5.99999999999995));
#3049=CARTESIAN_POINT('',(-72.8351289657199,218.508998048479,6.87269283827384));
#3050=CARTESIAN_POINT('Origin',(-71.0260190067868,216.699998474121,5.99999999999995));
#3051=CARTESIAN_POINT('',(-72.8567995411478,218.530668731006,5.17373208911484));
#3052=CARTESIAN_POINT('Origin',(-71.0261383316624,216.699998474121,5.99999999999995));
#3053=CARTESIAN_POINT('',(-72.750947310224,218.424824845441,4.97090027752404));
#3054=CARTESIAN_POINT('Origin',(-71.0260566474145,216.699998474121,5.99999999999995));
#3055=CARTESIAN_POINT('',(-72.6174146063878,218.291282606886,4.77448498221708));
#3056=CARTESIAN_POINT('Origin',(-71.0261849488267,216.699998474121,5.99999999999995));
#3057=CARTESIAN_POINT('',(-72.5152281819082,218.189105519674,4.65217491606522));
#3058=CARTESIAN_POINT('Origin',(-71.0260658306755,216.699998474121,5.99999999999995));
#3059=CARTESIAN_POINT('',(-72.262682791117,217.936559230926,4.41728406063185));
#3060=CARTESIAN_POINT('Origin',(-71.0261234518221,216.699998474121,5.99999999999995));
#3061=CARTESIAN_POINT('',(-72.0656924602484,217.739569334821,4.28146438047249));
#3062=CARTESIAN_POINT('Origin',(-71.0261216787361,216.699998474121,5.99999999999995));
#3063=CARTESIAN_POINT('',(-71.7387245374271,217.412601428228,4.12216367065764));
#3064=CARTESIAN_POINT('Origin',(-71.0261217746274,216.699998474121,5.99999999999995));
#3065=CARTESIAN_POINT('',(-71.3154989242053,216.989376021669,4.0124555640249));
#3066=CARTESIAN_POINT('Origin',(-71.0261212664318,216.699998474121,5.99999999999995));
#3067=CARTESIAN_POINT('',(-71.0261211810329,216.699998474121,3.99149999999995));
#3068=CARTESIAN_POINT('Origin',(-71.0261211810329,216.699998474121,5.99999999999995));
#3069=CARTESIAN_POINT('',(-61.3084908447266,216.699998474121,3.99149999999995));
#3070=CARTESIAN_POINT('',(-18.3914908447266,216.699998474121,3.99149999999995));
#3071=CARTESIAN_POINT('Origin',(-61.3084908447266,216.699998474121,5.99999999999995));
#3072=CARTESIAN_POINT('',(-70.9999908447266,216.673868155479,3.99166998318307));
#3073=CARTESIAN_POINT('Origin',(-71.0261211810329,216.699998474121,5.99999999999995));
#3074=CARTESIAN_POINT('',(-70.9999908447266,216.673868155479,8.00833001681683));
#3075=CARTESIAN_POINT('Origin',(-70.9999908447266,216.699998474121,5.99999999999995));
#3076=CARTESIAN_POINT('',(-71.3155832364592,216.989460333866,7.98753215867143));
#3077=CARTESIAN_POINT('Origin',(-71.0261211810329,216.699998474121,5.99999999999995));
#3078=CARTESIAN_POINT('Origin',(-71.0261212664478,216.699998474121,5.99999999999995));
#3079=CARTESIAN_POINT('Origin',(-18.3914908447266,216.699998474121,5.99999999999995));
#3080=CARTESIAN_POINT('',(-57.2914908447266,216.699998474121,3.99149999999995));
#3081=CARTESIAN_POINT('Origin',(-57.2914908447266,216.699998474121,5.99999999999995));
#3082=CARTESIAN_POINT('',(-39.4999908447266,216.699998474121,3.99149999999995));
#3083=CARTESIAN_POINT('',(-18.3914908447266,216.699998474121,3.99149999999995));
#3084=CARTESIAN_POINT('Origin',(-39.4999908447266,216.699998474121,5.99999999999995));
#3085=CARTESIAN_POINT('Origin',(-72.4089111328125,218.08277810216,5.30327987670894));
#3086=CARTESIAN_POINT('',(-74.4999908447266,220.173868155479,-4.8499812632251E-14));
#3087=CARTESIAN_POINT('',(-72.4089111328125,218.08277810216,5.30327987670894));
#3088=CARTESIAN_POINT('',(-72.3103107452393,217.984188085794,5.13249015808101));
#3089=CARTESIAN_POINT('Origin',(-74.4999908447266,220.173868155479,-4.8499812632251E-14));
#3090=CARTESIAN_POINT('',(-72.5261005401612,218.199978104234,5.6099300384521));
#3091=CARTESIAN_POINT('Origin',(-74.4999908447266,220.173868155479,-4.8499812632251E-14));
#3092=CARTESIAN_POINT('',(-72.5733303070069,218.247198095918,6.06625986099238));
#3093=CARTESIAN_POINT('Origin',(-72.5733303070069,218.247198095918,6.06625986099238));
#3094=CARTESIAN_POINT('',(-74.4999908447266,220.173868155479,12.0010595321655));
#3095=CARTESIAN_POINT('',(-74.4999908447266,220.173868155479,12.0010595321655));
#3096=CARTESIAN_POINT('Origin',(-72.5399612426758,218.213838091493,6.32681989669795));
#3097=CARTESIAN_POINT('',(-74.4999908447266,220.173868155479,12.0010595321655));
#3098=CARTESIAN_POINT('Origin',(-74.4999908447266,220.173868155479,12.0010595321655));
#3099=CARTESIAN_POINT('',(-74.4999908447266,220.173868155479,12.0010595321655));
#3100=CARTESIAN_POINT('Origin',(-74.4999908447266,220.173868155479,12.0010595321655));
#3101=CARTESIAN_POINT('',(-74.4999908447266,220.173868155479,12.0010595321655));
#3102=CARTESIAN_POINT('Origin',(-72.0501617431641,217.724038100243,7.16416978836055));
#3103=CARTESIAN_POINT('',(-74.4999908447266,220.173868155479,12.0010595321655));
#3104=CARTESIAN_POINT('Origin',(-74.4999908447266,220.173868155479,12.0010595321655));
#3105=CARTESIAN_POINT('',(-74.4999908447266,220.173868155479,12.0010595321655));
#3106=CARTESIAN_POINT('Origin',(-59.2999908447266,220.708498474121,6.99999999999995));
#3107=CARTESIAN_POINT('',(-61.3084908447266,220.708498474121,1.99149999999995));
#3108=CARTESIAN_POINT('',(-61.3084908447266,220.708498474121,6.99999999999995));
#3109=CARTESIAN_POINT('',(-57.2914908447266,220.708498474121,1.99149999999995));
#3110=CARTESIAN_POINT('',(-59.2999908447266,220.708498474121,1.99149999999995));
#3111=CARTESIAN_POINT('',(-57.2914908447266,220.708498474121,6.99999999999995));
#3112=CARTESIAN_POINT('Origin',(-57.2914908447266,216.699998474121,6.99999999999995));
#3113=CARTESIAN_POINT('',(-57.2914908447266,212.691498474121,1.99149999999995));
#3114=CARTESIAN_POINT('',(-57.2914908447266,216.699998474121,1.99149999999995));
#3115=CARTESIAN_POINT('',(-57.2914908447266,212.691498474121,6.99999999999995));
#3116=CARTESIAN_POINT('Origin',(-59.2999908447266,212.691498474121,6.99999999999995));
#3117=CARTESIAN_POINT('',(-61.3084908447266,212.691498474121,1.99149999999995));
#3118=CARTESIAN_POINT('',(-59.2999908447266,212.691498474121,1.99149999999995));
#3119=CARTESIAN_POINT('',(-61.3084908447266,212.691498474121,6.99999999999995));
#3120=CARTESIAN_POINT('Origin',(-59.2999908447266,216.699998474121,1.99149999999995));
#3121=CARTESIAN_POINT('',(-61.3084908447266,216.699998474121,1.99149999999995));
#3122=CARTESIAN_POINT('Origin',(-61.3084908447266,216.699998474121,6.99999999999995));
#3123=CARTESIAN_POINT('Origin',(-69.4999908447266,232.647477722168,12.0010595321655));
#3124=CARTESIAN_POINT('',(-69.4999908447266,232.647477722168,-4.8499812632251E-14));
#3125=CARTESIAN_POINT('',(-74.4999908447266,227.647477722168,-4.8499812632251E-14));
#3126=CARTESIAN_POINT('',(-69.4999908447266,232.647477722168,-4.8499812632251E-14));
#3127=CARTESIAN_POINT('',(-74.4999908447266,227.647477722168,12.0010595321655));
#3128=CARTESIAN_POINT('',(-74.4999908447266,227.647477722168,-4.8499812632251E-14));
#3129=CARTESIAN_POINT('',(-69.4999908447266,232.647477722168,12.0010595321655));
#3130=CARTESIAN_POINT('',(-69.4999908447266,232.647477722168,12.0010595321655));
#3131=CARTESIAN_POINT('',(-69.4999908447266,232.647477722168,-4.8499812632251E-14));
#3132=CARTESIAN_POINT('Origin',(-67.8925603866577,224.174997901917,10.7759799957275));
#3133=CARTESIAN_POINT('',(-74.4999908447266,225.399968242645,12.0010595321655));
#3134=CARTESIAN_POINT('',(-67.2225612640381,225.399968242645,12.0010595321655));
#3135=CARTESIAN_POINT('',(-74.4999908447266,225.399968242645,12.0010595321655));
#3136=CARTESIAN_POINT('',(-74.4999908447266,224.174997901917,10.7759799957275));
#3137=CARTESIAN_POINT('',(-74.4999908447266,224.174997901917,10.7759799957275));
#3138=CARTESIAN_POINT('',(-67.8925603866577,224.174997901917,10.7759799957275));
#3139=CARTESIAN_POINT('',(-74.4999908447266,224.174997901917,10.7759799957275));
#3140=CARTESIAN_POINT('',(-67.8925603866577,224.174997901917,10.7759799957275));
#3141=CARTESIAN_POINT('Origin',(-59.3901609420777,223.451448059082,10.0523700714111));
#3142=CARTESIAN_POINT('',(-58.773010635376,223.608898258209,10.2098302841186));
#3143=CARTESIAN_POINT('',(-65.284901046753,225.399968242645,12.0010595321655));
#3144=CARTESIAN_POINT('',(-58.773010635376,223.608898258209,10.2098302841186));
#3145=CARTESIAN_POINT('',(-59.3901609420777,223.451448059082,10.0523700714111));
#3146=CARTESIAN_POINT('',(-59.3901609420777,223.451448059082,10.0523700714111));
#3147=CARTESIAN_POINT('',(-59.3901609420777,223.451448059082,10.0523700714111));
#3148=CARTESIAN_POINT('Origin',(-56.8147908687592,225.166987991333,11.7680597305297));
#3149=CARTESIAN_POINT('',(-56.6797908782959,225.399968242645,12.0010595321655));
#3150=CARTESIAN_POINT('',(-56.6797908782959,225.399968242645,12.0010595321655));
#3151=CARTESIAN_POINT('',(-56.8147908687592,225.166987991333,11.7680597305297));
#3152=CARTESIAN_POINT('',(-56.8147908687592,225.166987991333,11.7680597305297));
#3153=CARTESIAN_POINT('',(-56.8147908687592,225.166987991333,11.7680597305297));
#3154=CARTESIAN_POINT('Origin',(-57.1978708744049,224.658157920837,11.2591800689697));
#3155=CARTESIAN_POINT('',(-57.1978708744049,224.658157920837,11.2591800689697));
#3156=CARTESIAN_POINT('',(-57.1978708744049,224.658157920837,11.2591800689697));
#3157=CARTESIAN_POINT('',(-57.1978708744049,224.658157920837,11.2591800689697));
#3158=CARTESIAN_POINT('Origin',(-57.6610409259796,224.220958328247,10.8219499588012));
#3159=CARTESIAN_POINT('',(-57.6610409259796,224.220958328247,10.8219499588012));
#3160=CARTESIAN_POINT('',(-57.6610409259796,224.220958328247,10.8219499588012));
#3161=CARTESIAN_POINT('',(-57.6610409259796,224.220958328247,10.8219499588012));
#3162=CARTESIAN_POINT('Origin',(-58.4765907764435,223.726088142395,10.3270301818847));
#3163=CARTESIAN_POINT('',(-58.4765907764435,223.726088142395,10.3270301818847));
#3164=CARTESIAN_POINT('',(-58.4765907764435,223.726088142395,10.3270301818847));
#3165=CARTESIAN_POINT('',(-58.4765907764435,223.726088142395,10.3270301818847));
#3166=CARTESIAN_POINT('Origin',(-58.773010635376,223.608898258209,10.2098302841186));
#3167=CARTESIAN_POINT('',(-58.773010635376,223.608898258209,10.2098302841186));
#3168=CARTESIAN_POINT('Origin',(-65.284901046753,225.399968242645,12.0010595321655));
#3169=CARTESIAN_POINT('',(-60.024990940094,223.399998283386,10.0009098052978));
#3170=CARTESIAN_POINT('',(-60.024990940094,223.399998283386,10.0009098052978));
#3171=CARTESIAN_POINT('',(-60.024990940094,223.399998283386,10.0009098052978));
#3172=CARTESIAN_POINT('Origin',(-65.284901046753,225.399968242645,12.0010595321655));
#3173=CARTESIAN_POINT('',(-66.37878074646,223.399998283386,10.0009098052978));
#3174=CARTESIAN_POINT('',(-66.37878074646,223.399998283386,10.0009098052978));
#3175=CARTESIAN_POINT('',(-66.37878074646,223.399998283386,10.0009098052978));
#3176=CARTESIAN_POINT('Origin',(-55.930250787735,223.524848079681,3.0002698898315));
#3177=CARTESIAN_POINT('',(-55.2938808441163,224.349078273773,12.0010595321655));
#3178=CARTESIAN_POINT('',(-55.2938808441163,224.349078273773,12.0010595321655));
#3179=CARTESIAN_POINT('Origin',(-55.2938808441163,224.349078273773,12.0010595321655));
#3180=CARTESIAN_POINT('',(-55.0034908294678,224.464367961884,12.0010595321655));
#3181=CARTESIAN_POINT('Origin',(-55.2109808564186,224.40302810669,3.0002698898315));
#3182=CARTESIAN_POINT('',(-55.0034908294678,224.464367961884,12.0010595321655));
#3183=CARTESIAN_POINT('Origin',(-55.0034908294678,224.464367961884,3.0002698898315));
#3184=CARTESIAN_POINT('',(-54.7036508411169,224.376498317719,12.0010595321655));
#3185=CARTESIAN_POINT('Origin',(-54.7036508411169,224.376498317719,3.0002698898315));
#3186=CARTESIAN_POINT('Origin',(-74.4999908447266,221.699997997284,3.0002698898315));
#3187=CARTESIAN_POINT('',(-60.024990940094,221.699997997284,12.0010595321655));
#3188=CARTESIAN_POINT('',(-74.4999908447266,221.699997997284,12.0010595321655));
#3189=CARTESIAN_POINT('Origin',(-60.024990940094,221.699997997284,3.0002698898315));
#3190=CARTESIAN_POINT('',(-59.1054409980774,221.775408124924,12.0010595321655));
#3191=CARTESIAN_POINT('Origin',(-59.1054409980774,221.775408124924,3.0002698898315));
#3192=CARTESIAN_POINT('',(-58.2116009235382,222.004148101807,12.0010595321655));
#3193=CARTESIAN_POINT('Origin',(-58.2116009235382,222.004148101807,3.0002698898315));
#3194=CARTESIAN_POINT('',(-57.3688608646393,222.37972817421,12.0010595321655));
#3195=CARTESIAN_POINT('Origin',(-57.3688608646393,222.37972817421,3.0002698898315));
#3196=CARTESIAN_POINT('',(-56.6011408805848,222.891468143463,12.0010595321655));
#3197=CARTESIAN_POINT('Origin',(-56.6011408805848,222.891468143463,3.0002698898315));
#3198=CARTESIAN_POINT('',(-55.930250787735,223.524848079681,12.0010595321655));
#3199=CARTESIAN_POINT('Origin',(-55.930250787735,223.524848079681,12.0010595321655));
#3200=CARTESIAN_POINT('Origin',(-63.3369707107544,228.961457824707,12.0010595321655));
#3201=CARTESIAN_POINT('',(-56.5227109432221,225.732987976074,12.0010595321655));
#3202=CARTESIAN_POINT('',(-56.6797908782959,225.399968242645,12.0010595321655));
#3203=CARTESIAN_POINT('',(-56.3299408197403,226.340027904511,12.0010595321655));
#3204=CARTESIAN_POINT('',(-56.5227109432221,225.732987976074,12.0010595321655));
#3205=CARTESIAN_POINT('',(-56.2419808149338,226.970838165283,12.0010595321655));
#3206=CARTESIAN_POINT('',(-56.3299408197403,226.340027904511,12.0010595321655));
#3207=CARTESIAN_POINT('',(-56.261310839653,227.607468223572,12.0010595321655));
#3208=CARTESIAN_POINT('',(-56.2419808149338,226.970838165283,12.0010595321655));
#3209=CARTESIAN_POINT('',(-56.3874008893967,228.231777763367,12.0010595321655));
#3210=CARTESIAN_POINT('',(-56.261310839653,227.607468223572,12.0010595321655));
#3211=CARTESIAN_POINT('',(-56.6166509628296,228.826008415222,12.0010595321655));
#3212=CARTESIAN_POINT('',(-56.3874008893967,228.231777763367,12.0010595321655));
#3213=CARTESIAN_POINT('',(-56.9425307750702,229.373238182068,12.0010595321655));
#3214=CARTESIAN_POINT('',(-56.6166509628296,228.826008415222,12.0010595321655));
#3215=CARTESIAN_POINT('',(-57.3557807445527,229.857887840271,12.0010595321655));
#3216=CARTESIAN_POINT('',(-56.9425307750702,229.373238182068,12.0010595321655));
#3217=CARTESIAN_POINT('',(-57.8446308612824,230.266168212891,12.0010595321655));
#3218=CARTESIAN_POINT('',(-57.3557807445527,229.857887840271,12.0010595321655));
#3219=CARTESIAN_POINT('',(-58.3951508045197,230.586448287964,12.0010595321655));
#3220=CARTESIAN_POINT('',(-57.8446308612824,230.266168212891,12.0010595321655));
#3221=CARTESIAN_POINT('',(-58.9916910171509,230.809628105164,12.0010595321655));
#3222=CARTESIAN_POINT('',(-58.3951508045197,230.586448287964,12.0010595321655));
#3223=CARTESIAN_POINT('',(-59.617260837555,230.929328536987,12.0010595321655));
#3224=CARTESIAN_POINT('',(-58.9916910171509,230.809628105164,12.0010595321655));
#3225=CARTESIAN_POINT('',(-60.2540506362915,230.942167854309,12.0010595321655));
#3226=CARTESIAN_POINT('',(-59.617260837555,230.929328536987,12.0010595321655));
#3227=CARTESIAN_POINT('',(-60.8839310646058,230.847757911682,12.0010595321655));
#3228=CARTESIAN_POINT('',(-60.2540506362915,230.942167854309,12.0010595321655));
#3229=CARTESIAN_POINT('',(-61.4889706611634,230.648808097839,12.0010595321655));
#3230=CARTESIAN_POINT('',(-60.8839310646058,230.847757911682,12.0010595321655));
#3231=CARTESIAN_POINT('',(-62.051960849762,230.350967979431,12.0010595321655));
#3232=CARTESIAN_POINT('',(-61.4889706611634,230.648808097839,12.0010595321655));
#3233=CARTESIAN_POINT('',(-62.5568613052369,229.962717628479,12.0010595321655));
#3234=CARTESIAN_POINT('',(-62.051960849762,230.350967979431,12.0010595321655));
#3235=CARTESIAN_POINT('',(-62.989301109314,229.495108222961,12.0010595321655));
#3236=CARTESIAN_POINT('',(-62.5568613052369,229.962717628479,12.0010595321655));
#3237=CARTESIAN_POINT('',(-63.3369707107544,228.961457824707,12.0010595321655));
#3238=CARTESIAN_POINT('',(-62.989301109314,229.495108222961,12.0010595321655));
#3239=CARTESIAN_POINT('',(-63.3369707107544,228.961457824707,12.0010595321655));
#3240=CARTESIAN_POINT('Origin',(-63.3369707107544,228.961457824707,12.0010595321655));
#3241=CARTESIAN_POINT('',(-63.3369707107544,228.961457824707,3.0002698898315));
#3242=CARTESIAN_POINT('',(-63.3369707107544,228.961457824707,3.0002698898315));
#3243=CARTESIAN_POINT('Origin',(-65.284901046753,225.399968242645,12.0010595321655));
#3244=CARTESIAN_POINT('',(-63.3369707107544,228.961457824707,3.0002698898315));
#3245=CARTESIAN_POINT('Origin',(-63.3369707107544,228.961457824707,3.0002698898315));
#3246=CARTESIAN_POINT('',(-66.37878074646,223.399998283386,3.0002698898315));
#3247=CARTESIAN_POINT('Origin',(-63.3369707107544,228.961457824707,3.0002698898315));
#3248=CARTESIAN_POINT('',(-62.989301109314,229.495108222961,3.0002698898315));
#3249=CARTESIAN_POINT('Origin',(-62.989301109314,229.495108222961,3.0002698898315));
#3250=CARTESIAN_POINT('',(-62.5568613052369,229.962717628479,3.0002698898315));
#3251=CARTESIAN_POINT('Origin',(-62.5568613052369,229.962717628479,3.0002698898315));
#3252=CARTESIAN_POINT('',(-62.051960849762,230.350967979431,3.0002698898315));
#3253=CARTESIAN_POINT('Origin',(-62.051960849762,230.350967979431,3.0002698898315));
#3254=CARTESIAN_POINT('',(-61.4889706611634,230.648808097839,3.0002698898315));
#3255=CARTESIAN_POINT('Origin',(-61.4889706611634,230.648808097839,3.0002698898315));
#3256=CARTESIAN_POINT('',(-60.8839310646058,230.847757911682,3.0002698898315));
#3257=CARTESIAN_POINT('Origin',(-60.8839310646058,230.847757911682,3.0002698898315));
#3258=CARTESIAN_POINT('',(-60.2540506362915,230.942167854309,3.0002698898315));
#3259=CARTESIAN_POINT('Origin',(-60.2540506362915,230.942167854309,3.0002698898315));
#3260=CARTESIAN_POINT('',(-59.617260837555,230.929328536987,3.0002698898315));
#3261=CARTESIAN_POINT('Origin',(-59.617260837555,230.929328536987,3.0002698898315));
#3262=CARTESIAN_POINT('',(-58.9916910171509,230.809628105164,3.0002698898315));
#3263=CARTESIAN_POINT('Origin',(-58.9916910171509,230.809628105164,3.0002698898315));
#3264=CARTESIAN_POINT('',(-58.3951508045197,230.586448287964,3.0002698898315));
#3265=CARTESIAN_POINT('Origin',(-58.3951508045197,230.586448287964,3.0002698898315));
#3266=CARTESIAN_POINT('',(-57.8446308612824,230.266168212891,3.0002698898315));
#3267=CARTESIAN_POINT('Origin',(-57.8446308612824,230.266168212891,3.0002698898315));
#3268=CARTESIAN_POINT('',(-57.3557807445527,229.857887840271,3.0002698898315));
#3269=CARTESIAN_POINT('Origin',(-57.3557807445527,229.857887840271,3.0002698898315));
#3270=CARTESIAN_POINT('',(-56.9425307750702,229.373238182068,3.0002698898315));
#3271=CARTESIAN_POINT('Origin',(-56.9425307750702,229.373238182068,3.0002698898315));
#3272=CARTESIAN_POINT('',(-56.6166509628296,228.826008415222,3.0002698898315));
#3273=CARTESIAN_POINT('Origin',(-56.6166509628296,228.826008415222,3.0002698898315));
#3274=CARTESIAN_POINT('',(-56.3874008893967,228.231777763367,3.0002698898315));
#3275=CARTESIAN_POINT('Origin',(-56.3874008893967,228.231777763367,3.0002698898315));
#3276=CARTESIAN_POINT('',(-56.261310839653,227.607468223572,3.0002698898315));
#3277=CARTESIAN_POINT('Origin',(-56.261310839653,227.607468223572,3.0002698898315));
#3278=CARTESIAN_POINT('',(-56.2419808149338,226.970838165283,3.0002698898315));
#3279=CARTESIAN_POINT('Origin',(-56.2419808149338,226.970838165283,3.0002698898315));
#3280=CARTESIAN_POINT('',(-56.3299408197403,226.340027904511,3.0002698898315));
#3281=CARTESIAN_POINT('Origin',(-56.3299408197403,226.340027904511,3.0002698898315));
#3282=CARTESIAN_POINT('',(-56.5227109432221,225.732987976074,3.0002698898315));
#3283=CARTESIAN_POINT('Origin',(-56.5227109432221,225.732987976074,12.0010595321655));
#3284=CARTESIAN_POINT('',(-56.5227109432221,225.732987976074,3.0002698898315));
#3285=CARTESIAN_POINT('Origin',(-56.5227109432221,225.732987976074,3.0002698898315));
#3286=CARTESIAN_POINT('',(-56.8147908687592,225.166987991333,3.0002698898315));
#3287=CARTESIAN_POINT('Origin',(-56.6797908782959,225.399968242645,12.0010595321655));
#3288=CARTESIAN_POINT('',(-56.8147908687592,225.166987991333,3.0002698898315));
#3289=CARTESIAN_POINT('Origin',(-56.8147908687592,225.166987991333,3.0002698898315));
#3290=CARTESIAN_POINT('',(-57.1978708744049,224.658157920837,3.0002698898315));
#3291=CARTESIAN_POINT('Origin',(-57.1978708744049,224.658157920837,3.0002698898315));
#3292=CARTESIAN_POINT('',(-57.6610409259796,224.220958328247,3.0002698898315));
#3293=CARTESIAN_POINT('Origin',(-57.6610409259796,224.220958328247,10.8219499588012));
#3294=CARTESIAN_POINT('',(-57.6610409259796,224.220958328247,3.0002698898315));
#3295=CARTESIAN_POINT('Origin',(-57.6610409259796,224.220958328247,3.0002698898315));
#3296=CARTESIAN_POINT('',(-59.0815810203553,223.530168151856,3.0002698898315));
#3297=CARTESIAN_POINT('Origin',(-58.4765907764435,223.726088142395,10.3270301818847));
#3298=CARTESIAN_POINT('',(-59.0815810203553,223.530168151856,3.0002698898315));
#3299=CARTESIAN_POINT('Origin',(-58.773010635376,223.608898258209,10.2098302841186));
#3300=CARTESIAN_POINT('',(-59.0815810203553,223.530168151856,3.0002698898315));
#3301=CARTESIAN_POINT('Origin',(-59.3901609420777,223.451448059082,10.0523700714111));
#3302=CARTESIAN_POINT('',(-59.0815810203553,223.530168151856,3.0002698898315));
#3303=CARTESIAN_POINT('Origin',(-59.0815810203553,223.530168151856,3.0002698898315));
#3304=CARTESIAN_POINT('',(-60.024990940094,223.399998283386,3.0002698898315));
#3305=CARTESIAN_POINT('Origin',(-60.024990940094,223.399998283386,10.0009098052978));
#3306=CARTESIAN_POINT('Origin',(-67.2225612640381,225.399968242645,12.0010595321655));
#3307=CARTESIAN_POINT('',(-64.8284610748291,229.777218437195,12.0010595321655));
#3308=CARTESIAN_POINT('',(-64.8284610748291,229.777218437195,12.0010595321655));
#3309=CARTESIAN_POINT('',(-64.305990600586,230.571037864685,12.0010595321655));
#3310=CARTESIAN_POINT('',(-64.8284610748291,229.777218437195,12.0010595321655));
#3311=CARTESIAN_POINT('',(-63.6541208267212,231.262548065186,12.0010595321655));
#3312=CARTESIAN_POINT('',(-64.305990600586,230.571037864685,12.0010595321655));
#3313=CARTESIAN_POINT('',(-62.8925012588501,231.830917930603,12.0010595321655));
#3314=CARTESIAN_POINT('',(-63.6541208267212,231.262548065186,12.0010595321655));
#3315=CARTESIAN_POINT('',(-62.0440606117249,232.259028053284,12.0010595321655));
#3316=CARTESIAN_POINT('',(-62.8925012588501,231.830917930603,12.0010595321655));
#3317=CARTESIAN_POINT('',(-61.1343807220459,232.53397808075,12.0010595321655));
#3318=CARTESIAN_POINT('',(-62.0440606117249,232.259028053284,12.0010595321655));
#3319=CARTESIAN_POINT('',(-60.1908506393433,232.647477722168,12.0010595321655));
#3320=CARTESIAN_POINT('',(-60.1908506393433,232.647477722168,12.0010595321655));
#3321=CARTESIAN_POINT('',(-60.1908506393433,232.647477722168,12.0010595321655));
#3322=CARTESIAN_POINT('',(-74.4999908447266,227.647477722168,12.0010595321655));
#3323=CARTESIAN_POINT('Origin',(-64.8284610748291,229.777218437195,12.0010595321655));
#3324=CARTESIAN_POINT('',(-64.8284610748291,229.777218437195,3.0002698898315));
#3325=CARTESIAN_POINT('',(-64.8284610748291,229.777218437195,3.0002698898315));
#3326=CARTESIAN_POINT('Origin',(-64.8284610748291,229.777218437195,3.0002698898315));
#3327=CARTESIAN_POINT('',(-64.8284610748291,229.777218437195,3.0002698898315));
#3328=CARTESIAN_POINT('Origin',(-67.8925603866577,224.174997901917,10.7759799957275));
#3329=CARTESIAN_POINT('',(-67.8925603866577,224.174997901917,3.0002698898315));
#3330=CARTESIAN_POINT('Origin',(-74.4999908447266,224.174997901917,10.7759799957275));
#3331=CARTESIAN_POINT('',(-74.4999908447266,224.174997901917,3.0002698898315));
#3332=CARTESIAN_POINT('Origin',(-60.1908506393433,232.647477722168,3.0002698898315));
#3333=CARTESIAN_POINT('',(-61.1343807220459,232.53397808075,3.0002698898315));
#3334=CARTESIAN_POINT('',(-60.1908506393433,232.647477722168,3.0002698898315));
#3335=CARTESIAN_POINT('Origin',(-61.1343807220459,232.53397808075,3.0002698898315));
#3336=CARTESIAN_POINT('',(-62.0440606117249,232.259028053284,3.0002698898315));
#3337=CARTESIAN_POINT('Origin',(-62.0440606117249,232.259028053284,3.0002698898315));
#3338=CARTESIAN_POINT('',(-62.8925012588501,231.830917930603,3.0002698898315));
#3339=CARTESIAN_POINT('Origin',(-62.8925012588501,231.830917930603,3.0002698898315));
#3340=CARTESIAN_POINT('',(-63.6541208267212,231.262548065186,3.0002698898315));
#3341=CARTESIAN_POINT('Origin',(-63.6541208267212,231.262548065186,3.0002698898315));
#3342=CARTESIAN_POINT('',(-64.305990600586,230.571037864685,3.0002698898315));
#3343=CARTESIAN_POINT('Origin',(-64.305990600586,230.571037864685,3.0002698898315));
#3344=CARTESIAN_POINT('Origin',(-70.9999908447266,216.246118164063,7.48271989822383));
#3345=CARTESIAN_POINT('',(-70.9999908447266,216.673868155479,-4.8499812632251E-14));
#3346=CARTESIAN_POINT('',(-70.9999908447266,216.673868155479,4.45061016082759));
#3347=CARTESIAN_POINT('',(-70.9999908447266,216.673868155479,-4.8499812632251E-14));
#3348=CARTESIAN_POINT('',(-70.9999908447266,216.673868155479,12.0010595321655));
#3349=CARTESIAN_POINT('Origin',(-71.8387912750244,217.51266810894,4.68054008483882));
#3350=CARTESIAN_POINT('',(-71.8387912750244,217.51266810894,4.68054008483882));
#3351=CARTESIAN_POINT('',(-74.4999908447266,220.173868155479,-4.8499812632251E-14));
#3352=CARTESIAN_POINT('',(-71.8387912750244,217.51266810894,4.68054008483882));
#3353=CARTESIAN_POINT('Origin',(-70.9999908447266,216.673868155479,-4.8499812632251E-14));
#3354=CARTESIAN_POINT('',(-71.3526710510254,217.02654812336,4.48518991470332));
#3355=CARTESIAN_POINT('Origin',(-71.3526710510254,217.02654812336,4.48518991470332));
#3356=CARTESIAN_POINT('Origin',(-70.9999908447266,216.673868155479,7.550449848175));
#3357=CARTESIAN_POINT('',(-70.9999908447266,216.673868155479,12.0010595321655));
#3358=CARTESIAN_POINT('Origin',(-70.9999908447266,216.673868155479,12.0010595321655));
#3359=CARTESIAN_POINT('',(-70.9999908447266,216.673868155479,12.0010595321655));
#3360=CARTESIAN_POINT('Origin',(-71.8387912750244,217.51266810894,7.32051992416377));
#3361=CARTESIAN_POINT('Origin',(-72.3103107452393,217.984188085794,5.13249015808101));
#3362=CARTESIAN_POINT('',(-72.0501617431641,217.724038100243,4.83688020706172));
#3363=CARTESIAN_POINT('Origin',(-74.4999908447266,220.173868155479,-4.8499812632251E-14));
#3364=CARTESIAN_POINT('Origin',(-74.4999908447266,220.173868155479,12.0010595321655));
#3365=CARTESIAN_POINT('',(-74.4999908447266,220.173868155479,-4.8499812632251E-14));
#3366=CARTESIAN_POINT('Origin',(-60.1908506393433,232.647477722168,3.0002698898315));
#3367=CARTESIAN_POINT('',(-54.4999908447266,232.647477722168,-4.8499812632251E-14));
#3368=CARTESIAN_POINT('',(-54.4999908447266,232.647477722168,3.0002698898315));
#3369=CARTESIAN_POINT('',(-54.4999908447266,232.647477722168,-4.8499812632251E-14));
#3370=CARTESIAN_POINT('Origin',(-54.4999908447266,224.005397891998,3.0002698898315));
#3371=CARTESIAN_POINT('',(-54.4999908447266,219.699998116493,-4.8499812632251E-14));
#3372=CARTESIAN_POINT('Origin',(-39.4999908447266,219.699998116493,12.0010595321655));
#3373=CARTESIAN_POINT('',(-39.4999908447266,213.699997997284,-4.8499812632251E-14));
#3374=CARTESIAN_POINT('Origin',(-28.9999908447266,204.199998474121,12.0010595321655));
#3375=CARTESIAN_POINT('',(-79.9999908447266,204.199998474121,12.));
#3376=CARTESIAN_POINT('',(-41.7499908447266,204.199998474121,12.));
#3377=CARTESIAN_POINT('',(-79.9999908447266,204.199998474121,12.0010595321655));
#3378=CARTESIAN_POINT('Origin',(-54.4999908447266,200.999998474121,12.));
#3379=CARTESIAN_POINT('',(-79.9999908447266,195.999998474121,12.));
#3380=CARTESIAN_POINT('',(-79.9999908447266,200.999998474121,12.));
#3381=CARTESIAN_POINT('',(-54.4999908447266,195.999998474121,12.));
#3382=CARTESIAN_POINT('Origin',(-79.9999908447266,200.999998474121,5.99999999999996));
#3383=CARTESIAN_POINT('',(-79.9999908447266,195.999998474121,-4.33982775465782E-14));
#3384=CARTESIAN_POINT('',(-79.9999908447266,204.199998474121,-4.8499812632251E-14));
#3385=CARTESIAN_POINT('',(-79.9999908447266,195.999998474121,5.99999999999996));
#3386=CARTESIAN_POINT('Origin',(-54.4999908447266,195.999998474121,5.99999999999996));
#3387=CARTESIAN_POINT('',(-54.4999908447266,195.999998474121,-4.33982775465782E-14));
#3388=CARTESIAN_POINT('Origin',(-54.4999908447266,200.999998474121,-4.48758946109476E-14));
#3389=UNCERTAINTY_MEASURE_WITH_UNIT(LENGTH_MEASURE(0.01),#3393,
'DISTANCE_ACCURACY_VALUE',
'Maximum model space distance between geometric entities at asserted c
onnectivities');
#3390=UNCERTAINTY_MEASURE_WITH_UNIT(LENGTH_MEASURE(0.01),#3393,
'DISTANCE_ACCURACY_VALUE',
'Maximum model space distance between geometric entities at asserted c
onnectivities');
#3391=(
GEOMETRIC_REPRESENTATION_CONTEXT(3)
GLOBAL_UNCERTAINTY_ASSIGNED_CONTEXT((#3389))
GLOBAL_UNIT_ASSIGNED_CONTEXT((#3393,#3395,#3396))
REPRESENTATION_CONTEXT('','3D')
);
#3392=(
GEOMETRIC_REPRESENTATION_CONTEXT(3)
GLOBAL_UNCERTAINTY_ASSIGNED_CONTEXT((#3390))
GLOBAL_UNIT_ASSIGNED_CONTEXT((#3393,#3395,#3396))
REPRESENTATION_CONTEXT('','3D')
);
#3393=(
LENGTH_UNIT()
NAMED_UNIT(*)
SI_UNIT(.MILLI.,.METRE.)
);
#3394=(
LENGTH_UNIT()
NAMED_UNIT(*)
SI_UNIT($,.METRE.)
);
#3395=(
NAMED_UNIT(*)
PLANE_ANGLE_UNIT()
SI_UNIT($,.RADIAN.)
);
#3396=(
NAMED_UNIT(*)
SI_UNIT($,.STERADIAN.)
SOLID_ANGLE_UNIT()
);
#3397=SHAPE_DEFINITION_REPRESENTATION(#3398,#3399);
#3398=PRODUCT_DEFINITION_SHAPE('',$,#3401);
#3399=SHAPE_REPRESENTATION('',(#2093),#3391);
#3400=PRODUCT_DEFINITION_CONTEXT('part definition',#3405,'design');
#3401=PRODUCT_DEFINITION('Suporte_y2','Suporte_y2 v5',#3402,#3400);
#3402=PRODUCT_DEFINITION_FORMATION('',$,#3407);
#3403=PRODUCT_RELATED_PRODUCT_CATEGORY('Suporte_y2 v5','Suporte_y2 v5',
(#3407));
#3404=APPLICATION_PROTOCOL_DEFINITION('international standard',
'automotive_design',2009,#3405);
#3405=APPLICATION_CONTEXT(
'Core Data for Automotive Mechanical Design Process');
#3406=PRODUCT_CONTEXT('part definition',#3405,'mechanical');
#3407=PRODUCT('Suporte_y2','Suporte_y2 v5',$,(#3406));
#3408=PRESENTATION_STYLE_ASSIGNMENT((#3409));
#3409=SURFACE_STYLE_USAGE(.BOTH.,#3410);
#3410=SURFACE_SIDE_STYLE('',(#3411));
#3411=SURFACE_STYLE_FILL_AREA(#3412);
#3412=FILL_AREA_STYLE('Pintura - Esmalte com brilho (Amarelo)',(#3413));
#3413=FILL_AREA_STYLE_COLOUR('Pintura - Esmalte com brilho (Amarelo)',#3414);
#3414=COLOUR_RGB('Pintura - Esmalte com brilho (Amarelo)',0.909803921568627,
0.67843137254902,0.137254901960784);
ENDSEC;
END-ISO-10303-21;
