ISO-10303-21;
HEADER;
/* Generated by software containing ST-Developer
 * from STEP Tools, Inc. (www.steptools.com) 
 */

FILE_DESCRIPTION(
/* description */ (''),
/* implementation_level */ '2;1');

FILE_NAME(
/* name */ 'EmendaCorreia1EixoY.step',
/* time_stamp */ '2026-04-01T20:49:27-03:00',
/* author */ (''),
/* organization */ (''),
/* preprocessor_version */ 'ST-DEVELOPER v20.1',
/* originating_system */ 'Autodesk Translation Framework v14.24.0.0',
/* authorisation */ '');

FILE_SCHEMA (('AUTOMOTIVE_DESIGN { 1 0 10303 214 3 1 1 }'));
ENDSEC;

DATA;
#10=MECHANICAL_DESIGN_GEOMETRIC_PRESENTATION_REPRESENTATION('',(#13),#4717);
#11=SHAPE_REPRESENTATION_RELATIONSHIP('SRR','None',#4724,#12);
#12=ADVANCED_BREP_SHAPE_REPRESENTATION('',(#14),#4716);
#13=STYLED_ITEM('',(#4733),#14);
#14=MANIFOLD_SOLID_BREP('Corpo1',#2970);
#15=FACE_BOUND('',#192,.T.);
#16=FACE_BOUND('',#242,.T.);
#17=FACE_BOUND('',#310,.T.);
#18=FACE_BOUND('',#314,.T.);
#19=FACE_BOUND('',#317,.T.);
#20=FACE_OUTER_BOUND('',#188,.T.);
#21=FACE_OUTER_BOUND('',#189,.T.);
#22=FACE_OUTER_BOUND('',#190,.T.);
#23=FACE_OUTER_BOUND('',#191,.T.);
#24=FACE_OUTER_BOUND('',#193,.T.);
#25=FACE_OUTER_BOUND('',#194,.T.);
#26=FACE_OUTER_BOUND('',#195,.T.);
#27=FACE_OUTER_BOUND('',#196,.T.);
#28=FACE_OUTER_BOUND('',#197,.T.);
#29=FACE_OUTER_BOUND('',#198,.T.);
#30=FACE_OUTER_BOUND('',#199,.T.);
#31=FACE_OUTER_BOUND('',#200,.T.);
#32=FACE_OUTER_BOUND('',#201,.T.);
#33=FACE_OUTER_BOUND('',#202,.T.);
#34=FACE_OUTER_BOUND('',#203,.T.);
#35=FACE_OUTER_BOUND('',#204,.T.);
#36=FACE_OUTER_BOUND('',#205,.T.);
#37=FACE_OUTER_BOUND('',#206,.T.);
#38=FACE_OUTER_BOUND('',#207,.T.);
#39=FACE_OUTER_BOUND('',#208,.T.);
#40=FACE_OUTER_BOUND('',#209,.T.);
#41=FACE_OUTER_BOUND('',#210,.T.);
#42=FACE_OUTER_BOUND('',#211,.T.);
#43=FACE_OUTER_BOUND('',#212,.T.);
#44=FACE_OUTER_BOUND('',#213,.T.);
#45=FACE_OUTER_BOUND('',#214,.T.);
#46=FACE_OUTER_BOUND('',#215,.T.);
#47=FACE_OUTER_BOUND('',#216,.T.);
#48=FACE_OUTER_BOUND('',#217,.T.);
#49=FACE_OUTER_BOUND('',#218,.T.);
#50=FACE_OUTER_BOUND('',#219,.T.);
#51=FACE_OUTER_BOUND('',#220,.T.);
#52=FACE_OUTER_BOUND('',#221,.T.);
#53=FACE_OUTER_BOUND('',#222,.T.);
#54=FACE_OUTER_BOUND('',#223,.T.);
#55=FACE_OUTER_BOUND('',#224,.T.);
#56=FACE_OUTER_BOUND('',#225,.T.);
#57=FACE_OUTER_BOUND('',#226,.T.);
#58=FACE_OUTER_BOUND('',#227,.T.);
#59=FACE_OUTER_BOUND('',#228,.T.);
#60=FACE_OUTER_BOUND('',#229,.T.);
#61=FACE_OUTER_BOUND('',#230,.T.);
#62=FACE_OUTER_BOUND('',#231,.T.);
#63=FACE_OUTER_BOUND('',#232,.T.);
#64=FACE_OUTER_BOUND('',#233,.T.);
#65=FACE_OUTER_BOUND('',#234,.T.);
#66=FACE_OUTER_BOUND('',#235,.T.);
#67=FACE_OUTER_BOUND('',#236,.T.);
#68=FACE_OUTER_BOUND('',#237,.T.);
#69=FACE_OUTER_BOUND('',#238,.T.);
#70=FACE_OUTER_BOUND('',#239,.T.);
#71=FACE_OUTER_BOUND('',#240,.T.);
#72=FACE_OUTER_BOUND('',#241,.T.);
#73=FACE_OUTER_BOUND('',#243,.T.);
#74=FACE_OUTER_BOUND('',#244,.T.);
#75=FACE_OUTER_BOUND('',#245,.T.);
#76=FACE_OUTER_BOUND('',#246,.T.);
#77=FACE_OUTER_BOUND('',#247,.T.);
#78=FACE_OUTER_BOUND('',#248,.T.);
#79=FACE_OUTER_BOUND('',#249,.T.);
#80=FACE_OUTER_BOUND('',#250,.T.);
#81=FACE_OUTER_BOUND('',#251,.T.);
#82=FACE_OUTER_BOUND('',#252,.T.);
#83=FACE_OUTER_BOUND('',#253,.T.);
#84=FACE_OUTER_BOUND('',#254,.T.);
#85=FACE_OUTER_BOUND('',#255,.T.);
#86=FACE_OUTER_BOUND('',#256,.T.);
#87=FACE_OUTER_BOUND('',#257,.T.);
#88=FACE_OUTER_BOUND('',#258,.T.);
#89=FACE_OUTER_BOUND('',#259,.T.);
#90=FACE_OUTER_BOUND('',#260,.T.);
#91=FACE_OUTER_BOUND('',#261,.T.);
#92=FACE_OUTER_BOUND('',#262,.T.);
#93=FACE_OUTER_BOUND('',#263,.T.);
#94=FACE_OUTER_BOUND('',#264,.T.);
#95=FACE_OUTER_BOUND('',#265,.T.);
#96=FACE_OUTER_BOUND('',#266,.T.);
#97=FACE_OUTER_BOUND('',#267,.T.);
#98=FACE_OUTER_BOUND('',#268,.T.);
#99=FACE_OUTER_BOUND('',#269,.T.);
#100=FACE_OUTER_BOUND('',#270,.T.);
#101=FACE_OUTER_BOUND('',#271,.T.);
#102=FACE_OUTER_BOUND('',#272,.T.);
#103=FACE_OUTER_BOUND('',#273,.T.);
#104=FACE_OUTER_BOUND('',#274,.T.);
#105=FACE_OUTER_BOUND('',#275,.T.);
#106=FACE_OUTER_BOUND('',#276,.T.);
#107=FACE_OUTER_BOUND('',#277,.T.);
#108=FACE_OUTER_BOUND('',#278,.T.);
#109=FACE_OUTER_BOUND('',#279,.T.);
#110=FACE_OUTER_BOUND('',#280,.T.);
#111=FACE_OUTER_BOUND('',#281,.T.);
#112=FACE_OUTER_BOUND('',#282,.T.);
#113=FACE_OUTER_BOUND('',#283,.T.);
#114=FACE_OUTER_BOUND('',#284,.T.);
#115=FACE_OUTER_BOUND('',#285,.T.);
#116=FACE_OUTER_BOUND('',#286,.T.);
#117=FACE_OUTER_BOUND('',#287,.T.);
#118=FACE_OUTER_BOUND('',#288,.T.);
#119=FACE_OUTER_BOUND('',#289,.T.);
#120=FACE_OUTER_BOUND('',#290,.T.);
#121=FACE_OUTER_BOUND('',#291,.T.);
#122=FACE_OUTER_BOUND('',#292,.T.);
#123=FACE_OUTER_BOUND('',#293,.T.);
#124=FACE_OUTER_BOUND('',#294,.T.);
#125=FACE_OUTER_BOUND('',#295,.T.);
#126=FACE_OUTER_BOUND('',#296,.T.);
#127=FACE_OUTER_BOUND('',#297,.T.);
#128=FACE_OUTER_BOUND('',#298,.T.);
#129=FACE_OUTER_BOUND('',#299,.T.);
#130=FACE_OUTER_BOUND('',#300,.T.);
#131=FACE_OUTER_BOUND('',#301,.T.);
#132=FACE_OUTER_BOUND('',#302,.T.);
#133=FACE_OUTER_BOUND('',#303,.T.);
#134=FACE_OUTER_BOUND('',#304,.T.);
#135=FACE_OUTER_BOUND('',#305,.T.);
#136=FACE_OUTER_BOUND('',#306,.T.);
#137=FACE_OUTER_BOUND('',#307,.T.);
#138=FACE_OUTER_BOUND('',#308,.T.);
#139=FACE_OUTER_BOUND('',#309,.T.);
#140=FACE_OUTER_BOUND('',#311,.T.);
#141=FACE_OUTER_BOUND('',#312,.T.);
#142=FACE_OUTER_BOUND('',#313,.T.);
#143=FACE_OUTER_BOUND('',#315,.T.);
#144=FACE_OUTER_BOUND('',#316,.T.);
#145=FACE_OUTER_BOUND('',#318,.T.);
#146=FACE_OUTER_BOUND('',#319,.T.);
#147=FACE_OUTER_BOUND('',#320,.T.);
#148=FACE_OUTER_BOUND('',#321,.T.);
#149=FACE_OUTER_BOUND('',#322,.T.);
#150=FACE_OUTER_BOUND('',#323,.T.);
#151=FACE_OUTER_BOUND('',#324,.T.);
#152=FACE_OUTER_BOUND('',#325,.T.);
#153=FACE_OUTER_BOUND('',#326,.T.);
#154=FACE_OUTER_BOUND('',#327,.T.);
#155=FACE_OUTER_BOUND('',#328,.T.);
#156=FACE_OUTER_BOUND('',#329,.T.);
#157=FACE_OUTER_BOUND('',#330,.T.);
#158=FACE_OUTER_BOUND('',#331,.T.);
#159=FACE_OUTER_BOUND('',#332,.T.);
#160=FACE_OUTER_BOUND('',#333,.T.);
#161=FACE_OUTER_BOUND('',#334,.T.);
#162=FACE_OUTER_BOUND('',#335,.T.);
#163=FACE_OUTER_BOUND('',#336,.T.);
#164=FACE_OUTER_BOUND('',#337,.T.);
#165=FACE_OUTER_BOUND('',#338,.T.);
#166=FACE_OUTER_BOUND('',#339,.T.);
#167=FACE_OUTER_BOUND('',#340,.T.);
#168=FACE_OUTER_BOUND('',#341,.T.);
#169=FACE_OUTER_BOUND('',#342,.T.);
#170=FACE_OUTER_BOUND('',#343,.T.);
#171=FACE_OUTER_BOUND('',#344,.T.);
#172=FACE_OUTER_BOUND('',#345,.T.);
#173=FACE_OUTER_BOUND('',#346,.T.);
#174=FACE_OUTER_BOUND('',#347,.T.);
#175=FACE_OUTER_BOUND('',#348,.T.);
#176=FACE_OUTER_BOUND('',#349,.T.);
#177=FACE_OUTER_BOUND('',#350,.T.);
#178=FACE_OUTER_BOUND('',#351,.T.);
#179=FACE_OUTER_BOUND('',#352,.T.);
#180=FACE_OUTER_BOUND('',#353,.T.);
#181=FACE_OUTER_BOUND('',#354,.T.);
#182=FACE_OUTER_BOUND('',#355,.T.);
#183=FACE_OUTER_BOUND('',#356,.T.);
#184=FACE_OUTER_BOUND('',#357,.T.);
#185=FACE_OUTER_BOUND('',#358,.T.);
#186=FACE_OUTER_BOUND('',#359,.T.);
#187=FACE_OUTER_BOUND('',#360,.T.);
#188=EDGE_LOOP('',(#1822,#1823,#1824));
#189=EDGE_LOOP('',(#1825,#1826,#1827,#1828,#1829,#1830,#1831,#1832));
#190=EDGE_LOOP('',(#1833,#1834,#1835,#1836));
#191=EDGE_LOOP('',(#1837,#1838,#1839,#1840,#1841,#1842));
#192=EDGE_LOOP('',(#1843,#1844,#1845,#1846));
#193=EDGE_LOOP('',(#1847,#1848,#1849,#1850));
#194=EDGE_LOOP('',(#1851,#1852,#1853,#1854));
#195=EDGE_LOOP('',(#1855,#1856,#1857));
#196=EDGE_LOOP('',(#1858,#1859,#1860));
#197=EDGE_LOOP('',(#1861,#1862,#1863));
#198=EDGE_LOOP('',(#1864,#1865,#1866));
#199=EDGE_LOOP('',(#1867,#1868,#1869));
#200=EDGE_LOOP('',(#1870,#1871,#1872));
#201=EDGE_LOOP('',(#1873,#1874,#1875));
#202=EDGE_LOOP('',(#1876,#1877,#1878));
#203=EDGE_LOOP('',(#1879,#1880,#1881));
#204=EDGE_LOOP('',(#1882,#1883,#1884,#1885));
#205=EDGE_LOOP('',(#1886,#1887,#1888,#1889));
#206=EDGE_LOOP('',(#1890,#1891,#1892,#1893));
#207=EDGE_LOOP('',(#1894,#1895,#1896,#1897));
#208=EDGE_LOOP('',(#1898,#1899,#1900,#1901));
#209=EDGE_LOOP('',(#1902,#1903,#1904,#1905));
#210=EDGE_LOOP('',(#1906,#1907,#1908,#1909));
#211=EDGE_LOOP('',(#1910,#1911,#1912,#1913));
#212=EDGE_LOOP('',(#1914,#1915,#1916,#1917));
#213=EDGE_LOOP('',(#1918,#1919,#1920,#1921));
#214=EDGE_LOOP('',(#1922,#1923,#1924,#1925));
#215=EDGE_LOOP('',(#1926,#1927,#1928,#1929));
#216=EDGE_LOOP('',(#1930,#1931,#1932,#1933));
#217=EDGE_LOOP('',(#1934,#1935,#1936,#1937));
#218=EDGE_LOOP('',(#1938,#1939,#1940,#1941));
#219=EDGE_LOOP('',(#1942,#1943,#1944,#1945));
#220=EDGE_LOOP('',(#1946,#1947,#1948,#1949));
#221=EDGE_LOOP('',(#1950,#1951,#1952,#1953));
#222=EDGE_LOOP('',(#1954,#1955,#1956,#1957));
#223=EDGE_LOOP('',(#1958,#1959,#1960,#1961));
#224=EDGE_LOOP('',(#1962,#1963,#1964,#1965));
#225=EDGE_LOOP('',(#1966,#1967,#1968,#1969));
#226=EDGE_LOOP('',(#1970,#1971,#1972,#1973));
#227=EDGE_LOOP('',(#1974,#1975,#1976,#1977));
#228=EDGE_LOOP('',(#1978,#1979,#1980,#1981));
#229=EDGE_LOOP('',(#1982,#1983,#1984,#1985));
#230=EDGE_LOOP('',(#1986,#1987,#1988,#1989));
#231=EDGE_LOOP('',(#1990,#1991,#1992,#1993));
#232=EDGE_LOOP('',(#1994,#1995,#1996,#1997));
#233=EDGE_LOOP('',(#1998,#1999,#2000,#2001));
#234=EDGE_LOOP('',(#2002,#2003,#2004,#2005));
#235=EDGE_LOOP('',(#2006,#2007,#2008,#2009));
#236=EDGE_LOOP('',(#2010,#2011,#2012,#2013));
#237=EDGE_LOOP('',(#2014,#2015,#2016,#2017));
#238=EDGE_LOOP('',(#2018,#2019,#2020,#2021));
#239=EDGE_LOOP('',(#2022,#2023,#2024,#2025));
#240=EDGE_LOOP('',(#2026,#2027,#2028,#2029));
#241=EDGE_LOOP('',(#2030,#2031,#2032,#2033,#2034,#2035,#2036,#2037,#2038,
#2039,#2040,#2041,#2042,#2043,#2044,#2045,#2046,#2047,#2048,#2049,#2050,
#2051,#2052,#2053,#2054,#2055,#2056,#2057,#2058,#2059,#2060,#2061,#2062,
#2063,#2064,#2065,#2066));
#242=EDGE_LOOP('',(#2067,#2068,#2069,#2070,#2071,#2072,#2073,#2074,#2075,
#2076,#2077,#2078,#2079,#2080,#2081,#2082,#2083,#2084,#2085,#2086));
#243=EDGE_LOOP('',(#2087,#2088,#2089,#2090,#2091,#2092,#2093,#2094,#2095,
#2096,#2097,#2098,#2099,#2100,#2101));
#244=EDGE_LOOP('',(#2102,#2103,#2104,#2105));
#245=EDGE_LOOP('',(#2106,#2107,#2108,#2109,#2110,#2111,#2112,#2113,#2114,
#2115,#2116,#2117,#2118,#2119,#2120,#2121,#2122,#2123,#2124,#2125,#2126,
#2127));
#246=EDGE_LOOP('',(#2128,#2129,#2130));
#247=EDGE_LOOP('',(#2131,#2132,#2133));
#248=EDGE_LOOP('',(#2134,#2135,#2136));
#249=EDGE_LOOP('',(#2137,#2138,#2139,#2140));
#250=EDGE_LOOP('',(#2141,#2142,#2143,#2144));
#251=EDGE_LOOP('',(#2145,#2146,#2147,#2148));
#252=EDGE_LOOP('',(#2149,#2150,#2151,#2152));
#253=EDGE_LOOP('',(#2153,#2154,#2155,#2156));
#254=EDGE_LOOP('',(#2157,#2158,#2159,#2160));
#255=EDGE_LOOP('',(#2161,#2162,#2163,#2164));
#256=EDGE_LOOP('',(#2165,#2166,#2167,#2168));
#257=EDGE_LOOP('',(#2169,#2170,#2171,#2172));
#258=EDGE_LOOP('',(#2173,#2174,#2175,#2176));
#259=EDGE_LOOP('',(#2177,#2178,#2179,#2180));
#260=EDGE_LOOP('',(#2181,#2182,#2183,#2184));
#261=EDGE_LOOP('',(#2185,#2186,#2187,#2188));
#262=EDGE_LOOP('',(#2189,#2190,#2191,#2192));
#263=EDGE_LOOP('',(#2193,#2194,#2195,#2196));
#264=EDGE_LOOP('',(#2197,#2198,#2199,#2200));
#265=EDGE_LOOP('',(#2201,#2202,#2203,#2204));
#266=EDGE_LOOP('',(#2205,#2206,#2207,#2208));
#267=EDGE_LOOP('',(#2209,#2210,#2211,#2212));
#268=EDGE_LOOP('',(#2213,#2214,#2215,#2216));
#269=EDGE_LOOP('',(#2217,#2218,#2219,#2220));
#270=EDGE_LOOP('',(#2221,#2222,#2223,#2224));
#271=EDGE_LOOP('',(#2225,#2226,#2227,#2228));
#272=EDGE_LOOP('',(#2229,#2230,#2231,#2232));
#273=EDGE_LOOP('',(#2233,#2234,#2235));
#274=EDGE_LOOP('',(#2236,#2237,#2238));
#275=EDGE_LOOP('',(#2239,#2240,#2241,#2242));
#276=EDGE_LOOP('',(#2243,#2244,#2245));
#277=EDGE_LOOP('',(#2246,#2247,#2248,#2249,#2250,#2251,#2252,#2253,#2254,
#2255,#2256,#2257));
#278=EDGE_LOOP('',(#2258,#2259,#2260,#2261));
#279=EDGE_LOOP('',(#2262,#2263,#2264));
#280=EDGE_LOOP('',(#2265,#2266,#2267));
#281=EDGE_LOOP('',(#2268,#2269,#2270));
#282=EDGE_LOOP('',(#2271,#2272,#2273,#2274));
#283=EDGE_LOOP('',(#2275,#2276,#2277,#2278));
#284=EDGE_LOOP('',(#2279,#2280,#2281,#2282));
#285=EDGE_LOOP('',(#2283,#2284,#2285,#2286));
#286=EDGE_LOOP('',(#2287,#2288,#2289,#2290));
#287=EDGE_LOOP('',(#2291,#2292,#2293,#2294));
#288=EDGE_LOOP('',(#2295,#2296,#2297,#2298));
#289=EDGE_LOOP('',(#2299,#2300,#2301));
#290=EDGE_LOOP('',(#2302,#2303,#2304));
#291=EDGE_LOOP('',(#2305,#2306,#2307));
#292=EDGE_LOOP('',(#2308,#2309,#2310));
#293=EDGE_LOOP('',(#2311,#2312,#2313));
#294=EDGE_LOOP('',(#2314,#2315,#2316));
#295=EDGE_LOOP('',(#2317,#2318,#2319));
#296=EDGE_LOOP('',(#2320,#2321,#2322));
#297=EDGE_LOOP('',(#2323,#2324,#2325));
#298=EDGE_LOOP('',(#2326,#2327,#2328));
#299=EDGE_LOOP('',(#2329,#2330,#2331));
#300=EDGE_LOOP('',(#2332,#2333,#2334,#2335));
#301=EDGE_LOOP('',(#2336,#2337,#2338,#2339));
#302=EDGE_LOOP('',(#2340,#2341,#2342,#2343));
#303=EDGE_LOOP('',(#2344,#2345,#2346,#2347));
#304=EDGE_LOOP('',(#2348,#2349,#2350,#2351));
#305=EDGE_LOOP('',(#2352,#2353,#2354));
#306=EDGE_LOOP('',(#2355,#2356,#2357));
#307=EDGE_LOOP('',(#2358,#2359,#2360,#2361));
#308=EDGE_LOOP('',(#2362,#2363,#2364,#2365));
#309=EDGE_LOOP('',(#2366,#2367,#2368,#2369));
#310=EDGE_LOOP('',(#2370,#2371,#2372,#2373,#2374,#2375,#2376,#2377,#2378,
#2379,#2380,#2381,#2382,#2383,#2384,#2385,#2386,#2387,#2388,#2389,#2390,
#2391,#2392));
#311=EDGE_LOOP('',(#2393,#2394,#2395,#2396));
#312=EDGE_LOOP('',(#2397,#2398,#2399,#2400));
#313=EDGE_LOOP('',(#2401,#2402,#2403,#2404,#2405,#2406,#2407,#2408,#2409,
#2410,#2411));
#314=EDGE_LOOP('',(#2412,#2413,#2414,#2415,#2416,#2417,#2418,#2419,#2420,
#2421,#2422,#2423,#2424,#2425,#2426,#2427,#2428,#2429,#2430,#2431,#2432,
#2433,#2434,#2435,#2436,#2437,#2438,#2439,#2440,#2441,#2442,#2443,#2444,
#2445,#2446,#2447,#2448));
#315=EDGE_LOOP('',(#2449,#2450,#2451,#2452));
#316=EDGE_LOOP('',(#2453,#2454,#2455,#2456,#2457,#2458,#2459,#2460,#2461,
#2462,#2463,#2464,#2465,#2466,#2467,#2468,#2469,#2470,#2471,#2472,#2473,
#2474,#2475,#2476,#2477));
#317=EDGE_LOOP('',(#2478,#2479,#2480,#2481,#2482,#2483,#2484,#2485,#2486,
#2487,#2488,#2489,#2490,#2491,#2492,#2493,#2494,#2495,#2496,#2497,#2498,
#2499,#2500,#2501,#2502,#2503,#2504));
#318=EDGE_LOOP('',(#2505,#2506,#2507));
#319=EDGE_LOOP('',(#2508,#2509,#2510));
#320=EDGE_LOOP('',(#2511,#2512,#2513));
#321=EDGE_LOOP('',(#2514,#2515,#2516));
#322=EDGE_LOOP('',(#2517,#2518,#2519));
#323=EDGE_LOOP('',(#2520,#2521,#2522));
#324=EDGE_LOOP('',(#2523,#2524,#2525));
#325=EDGE_LOOP('',(#2526,#2527,#2528));
#326=EDGE_LOOP('',(#2529,#2530,#2531));
#327=EDGE_LOOP('',(#2532,#2533,#2534));
#328=EDGE_LOOP('',(#2535,#2536,#2537));
#329=EDGE_LOOP('',(#2538,#2539,#2540));
#330=EDGE_LOOP('',(#2541,#2542,#2543));
#331=EDGE_LOOP('',(#2544,#2545,#2546));
#332=EDGE_LOOP('',(#2547,#2548,#2549));
#333=EDGE_LOOP('',(#2550,#2551,#2552));
#334=EDGE_LOOP('',(#2553,#2554,#2555));
#335=EDGE_LOOP('',(#2556,#2557,#2558));
#336=EDGE_LOOP('',(#2559,#2560,#2561));
#337=EDGE_LOOP('',(#2562,#2563,#2564));
#338=EDGE_LOOP('',(#2565,#2566,#2567));
#339=EDGE_LOOP('',(#2568,#2569,#2570));
#340=EDGE_LOOP('',(#2571,#2572,#2573));
#341=EDGE_LOOP('',(#2574,#2575,#2576));
#342=EDGE_LOOP('',(#2577,#2578,#2579));
#343=EDGE_LOOP('',(#2580,#2581,#2582));
#344=EDGE_LOOP('',(#2583,#2584,#2585));
#345=EDGE_LOOP('',(#2586,#2587,#2588));
#346=EDGE_LOOP('',(#2589,#2590,#2591));
#347=EDGE_LOOP('',(#2592,#2593,#2594));
#348=EDGE_LOOP('',(#2595,#2596,#2597));
#349=EDGE_LOOP('',(#2598,#2599,#2600));
#350=EDGE_LOOP('',(#2601,#2602,#2603));
#351=EDGE_LOOP('',(#2604,#2605,#2606));
#352=EDGE_LOOP('',(#2607,#2608,#2609));
#353=EDGE_LOOP('',(#2610,#2611,#2612));
#354=EDGE_LOOP('',(#2613,#2614,#2615));
#355=EDGE_LOOP('',(#2616,#2617,#2618));
#356=EDGE_LOOP('',(#2619,#2620,#2621));
#357=EDGE_LOOP('',(#2622,#2623,#2624));
#358=EDGE_LOOP('',(#2625,#2626,#2627));
#359=EDGE_LOOP('',(#2628,#2629,#2630));
#360=EDGE_LOOP('',(#2631,#2632,#2633));
#361=LINE('',#3900,#767);
#362=LINE('',#3902,#768);
#363=LINE('',#3903,#769);
#364=LINE('',#3906,#770);
#365=LINE('',#3908,#771);
#366=LINE('',#3910,#772);
#367=LINE('',#3912,#773);
#368=LINE('',#3914,#774);
#369=LINE('',#3916,#775);
#370=LINE('',#3917,#776);
#371=LINE('',#3920,#777);
#372=LINE('',#3922,#778);
#373=LINE('',#3923,#779);
#374=LINE('',#3926,#780);
#375=LINE('',#3928,#781);
#376=LINE('',#3930,#782);
#377=LINE('',#3931,#783);
#378=LINE('',#3934,#784);
#379=LINE('',#3936,#785);
#380=LINE('',#3938,#786);
#381=LINE('',#3939,#787);
#382=LINE('',#3942,#788);
#383=LINE('',#3943,#789);
#384=LINE('',#3947,#790);
#385=LINE('',#3949,#791);
#386=LINE('',#3951,#792);
#387=LINE('',#3952,#793);
#388=LINE('',#3956,#794);
#389=LINE('',#3958,#795);
#390=LINE('',#3959,#796);
#391=LINE('',#3962,#797);
#392=LINE('',#3963,#798);
#393=LINE('',#3966,#799);
#394=LINE('',#3967,#800);
#395=LINE('',#3970,#801);
#396=LINE('',#3971,#802);
#397=LINE('',#3974,#803);
#398=LINE('',#3975,#804);
#399=LINE('',#3978,#805);
#400=LINE('',#3979,#806);
#401=LINE('',#3982,#807);
#402=LINE('',#3983,#808);
#403=LINE('',#3986,#809);
#404=LINE('',#3987,#810);
#405=LINE('',#3990,#811);
#406=LINE('',#3991,#812);
#407=LINE('',#3995,#813);
#408=LINE('',#3997,#814);
#409=LINE('',#3999,#815);
#410=LINE('',#4000,#816);
#411=LINE('',#4004,#817);
#412=LINE('',#4005,#818);
#413=LINE('',#4006,#819);
#414=LINE('',#4010,#820);
#415=LINE('',#4011,#821);
#416=LINE('',#4012,#822);
#417=LINE('',#4016,#823);
#418=LINE('',#4017,#824);
#419=LINE('',#4018,#825);
#420=LINE('',#4022,#826);
#421=LINE('',#4023,#827);
#422=LINE('',#4024,#828);
#423=LINE('',#4028,#829);
#424=LINE('',#4029,#830);
#425=LINE('',#4030,#831);
#426=LINE('',#4034,#832);
#427=LINE('',#4035,#833);
#428=LINE('',#4036,#834);
#429=LINE('',#4040,#835);
#430=LINE('',#4041,#836);
#431=LINE('',#4042,#837);
#432=LINE('',#4046,#838);
#433=LINE('',#4047,#839);
#434=LINE('',#4048,#840);
#435=LINE('',#4052,#841);
#436=LINE('',#4053,#842);
#437=LINE('',#4054,#843);
#438=LINE('',#4058,#844);
#439=LINE('',#4059,#845);
#440=LINE('',#4060,#846);
#441=LINE('',#4064,#847);
#442=LINE('',#4065,#848);
#443=LINE('',#4066,#849);
#444=LINE('',#4070,#850);
#445=LINE('',#4071,#851);
#446=LINE('',#4072,#852);
#447=LINE('',#4076,#853);
#448=LINE('',#4077,#854);
#449=LINE('',#4078,#855);
#450=LINE('',#4082,#856);
#451=LINE('',#4083,#857);
#452=LINE('',#4084,#858);
#453=LINE('',#4088,#859);
#454=LINE('',#4089,#860);
#455=LINE('',#4090,#861);
#456=LINE('',#4094,#862);
#457=LINE('',#4095,#863);
#458=LINE('',#4096,#864);
#459=LINE('',#4100,#865);
#460=LINE('',#4101,#866);
#461=LINE('',#4102,#867);
#462=LINE('',#4106,#868);
#463=LINE('',#4107,#869);
#464=LINE('',#4108,#870);
#465=LINE('',#4112,#871);
#466=LINE('',#4113,#872);
#467=LINE('',#4114,#873);
#468=LINE('',#4118,#874);
#469=LINE('',#4119,#875);
#470=LINE('',#4120,#876);
#471=LINE('',#4124,#877);
#472=LINE('',#4125,#878);
#473=LINE('',#4126,#879);
#474=LINE('',#4130,#880);
#475=LINE('',#4131,#881);
#476=LINE('',#4132,#882);
#477=LINE('',#4136,#883);
#478=LINE('',#4137,#884);
#479=LINE('',#4138,#885);
#480=LINE('',#4142,#886);
#481=LINE('',#4143,#887);
#482=LINE('',#4144,#888);
#483=LINE('',#4148,#889);
#484=LINE('',#4149,#890);
#485=LINE('',#4150,#891);
#486=LINE('',#4154,#892);
#487=LINE('',#4155,#893);
#488=LINE('',#4156,#894);
#489=LINE('',#4160,#895);
#490=LINE('',#4161,#896);
#491=LINE('',#4162,#897);
#492=LINE('',#4166,#898);
#493=LINE('',#4167,#899);
#494=LINE('',#4168,#900);
#495=LINE('',#4172,#901);
#496=LINE('',#4173,#902);
#497=LINE('',#4174,#903);
#498=LINE('',#4178,#904);
#499=LINE('',#4179,#905);
#500=LINE('',#4180,#906);
#501=LINE('',#4184,#907);
#502=LINE('',#4185,#908);
#503=LINE('',#4186,#909);
#504=LINE('',#4190,#910);
#505=LINE('',#4191,#911);
#506=LINE('',#4192,#912);
#507=LINE('',#4196,#913);
#508=LINE('',#4197,#914);
#509=LINE('',#4198,#915);
#510=LINE('',#4202,#916);
#511=LINE('',#4203,#917);
#512=LINE('',#4204,#918);
#513=LINE('',#4208,#919);
#514=LINE('',#4209,#920);
#515=LINE('',#4210,#921);
#516=LINE('',#4212,#922);
#517=LINE('',#4213,#923);
#518=LINE('',#4217,#924);
#519=LINE('',#4219,#925);
#520=LINE('',#4221,#926);
#521=LINE('',#4223,#927);
#522=LINE('',#4225,#928);
#523=LINE('',#4227,#929);
#524=LINE('',#4229,#930);
#525=LINE('',#4231,#931);
#526=LINE('',#4233,#932);
#527=LINE('',#4235,#933);
#528=LINE('',#4237,#934);
#529=LINE('',#4239,#935);
#530=LINE('',#4241,#936);
#531=LINE('',#4243,#937);
#532=LINE('',#4245,#938);
#533=LINE('',#4247,#939);
#534=LINE('',#4249,#940);
#535=LINE('',#4251,#941);
#536=LINE('',#4253,#942);
#537=LINE('',#4254,#943);
#538=LINE('',#4258,#944);
#539=LINE('',#4260,#945);
#540=LINE('',#4262,#946);
#541=LINE('',#4264,#947);
#542=LINE('',#4266,#948);
#543=LINE('',#4268,#949);
#544=LINE('',#4270,#950);
#545=LINE('',#4272,#951);
#546=LINE('',#4274,#952);
#547=LINE('',#4276,#953);
#548=LINE('',#4278,#954);
#549=LINE('',#4279,#955);
#550=LINE('',#4281,#956);
#551=LINE('',#4282,#957);
#552=LINE('',#4286,#958);
#553=LINE('',#4287,#959);
#554=LINE('',#4288,#960);
#555=LINE('',#4292,#961);
#556=LINE('',#4294,#962);
#557=LINE('',#4296,#963);
#558=LINE('',#4298,#964);
#559=LINE('',#4300,#965);
#560=LINE('',#4302,#966);
#561=LINE('',#4304,#967);
#562=LINE('',#4306,#968);
#563=LINE('',#4308,#969);
#564=LINE('',#4310,#970);
#565=LINE('',#4312,#971);
#566=LINE('',#4314,#972);
#567=LINE('',#4316,#973);
#568=LINE('',#4318,#974);
#569=LINE('',#4320,#975);
#570=LINE('',#4321,#976);
#571=LINE('',#4323,#977);
#572=LINE('',#4325,#978);
#573=LINE('',#4327,#979);
#574=LINE('',#4328,#980);
#575=LINE('',#4331,#981);
#576=LINE('',#4332,#982);
#577=LINE('',#4334,#983);
#578=LINE('',#4337,#984);
#579=LINE('',#4338,#985);
#580=LINE('',#4341,#986);
#581=LINE('',#4342,#987);
#582=LINE('',#4345,#988);
#583=LINE('',#4346,#989);
#584=LINE('',#4349,#990);
#585=LINE('',#4350,#991);
#586=LINE('',#4353,#992);
#587=LINE('',#4354,#993);
#588=LINE('',#4357,#994);
#589=LINE('',#4358,#995);
#590=LINE('',#4361,#996);
#591=LINE('',#4362,#997);
#592=LINE('',#4365,#998);
#593=LINE('',#4366,#999);
#594=LINE('',#4369,#1000);
#595=LINE('',#4370,#1001);
#596=LINE('',#4373,#1002);
#597=LINE('',#4374,#1003);
#598=LINE('',#4377,#1004);
#599=LINE('',#4378,#1005);
#600=LINE('',#4381,#1006);
#601=LINE('',#4382,#1007);
#602=LINE('',#4385,#1008);
#603=LINE('',#4386,#1009);
#604=LINE('',#4389,#1010);
#605=LINE('',#4390,#1011);
#606=LINE('',#4393,#1012);
#607=LINE('',#4394,#1013);
#608=LINE('',#4397,#1014);
#609=LINE('',#4398,#1015);
#610=LINE('',#4401,#1016);
#611=LINE('',#4402,#1017);
#612=LINE('',#4405,#1018);
#613=LINE('',#4406,#1019);
#614=LINE('',#4409,#1020);
#615=LINE('',#4410,#1021);
#616=LINE('',#4413,#1022);
#617=LINE('',#4414,#1023);
#618=LINE('',#4416,#1024);
#619=LINE('',#4419,#1025);
#620=LINE('',#4421,#1026);
#621=LINE('',#4422,#1027);
#622=LINE('',#4424,#1028);
#623=LINE('',#4427,#1029);
#624=LINE('',#4429,#1030);
#625=LINE('',#4430,#1031);
#626=LINE('',#4432,#1032);
#627=LINE('',#4435,#1033);
#628=LINE('',#4436,#1034);
#629=LINE('',#4439,#1035);
#630=LINE('',#4440,#1036);
#631=LINE('',#4442,#1037);
#632=LINE('',#4444,#1038);
#633=LINE('',#4447,#1039);
#634=LINE('',#4449,#1040);
#635=LINE('',#4451,#1041);
#636=LINE('',#4453,#1042);
#637=LINE('',#4455,#1043);
#638=LINE('',#4457,#1044);
#639=LINE('',#4459,#1045);
#640=LINE('',#4460,#1046);
#641=LINE('',#4461,#1047);
#642=LINE('',#4464,#1048);
#643=LINE('',#4466,#1049);
#644=LINE('',#4467,#1050);
#645=LINE('',#4470,#1051);
#646=LINE('',#4471,#1052);
#647=LINE('',#4473,#1053);
#648=LINE('',#4475,#1054);
#649=LINE('',#4478,#1055);
#650=LINE('',#4479,#1056);
#651=LINE('',#4482,#1057);
#652=LINE('',#4483,#1058);
#653=LINE('',#4486,#1059);
#654=LINE('',#4487,#1060);
#655=LINE('',#4490,#1061);
#656=LINE('',#4491,#1062);
#657=LINE('',#4494,#1063);
#658=LINE('',#4495,#1064);
#659=LINE('',#4498,#1065);
#660=LINE('',#4499,#1066);
#661=LINE('',#4501,#1067);
#662=LINE('',#4504,#1068);
#663=LINE('',#4505,#1069);
#664=LINE('',#4507,#1070);
#665=LINE('',#4509,#1071);
#666=LINE('',#4512,#1072);
#667=LINE('',#4513,#1073);
#668=LINE('',#4516,#1074);
#669=LINE('',#4517,#1075);
#670=LINE('',#4519,#1076);
#671=LINE('',#4522,#1077);
#672=LINE('',#4523,#1078);
#673=LINE('',#4525,#1079);
#674=LINE('',#4528,#1080);
#675=LINE('',#4529,#1081);
#676=LINE('',#4532,#1082);
#677=LINE('',#4533,#1083);
#678=LINE('',#4535,#1084);
#679=LINE('',#4538,#1085);
#680=LINE('',#4539,#1086);
#681=LINE('',#4542,#1087);
#682=LINE('',#4543,#1088);
#683=LINE('',#4546,#1089);
#684=LINE('',#4547,#1090);
#685=LINE('',#4550,#1091);
#686=LINE('',#4551,#1092);
#687=LINE('',#4554,#1093);
#688=LINE('',#4555,#1094);
#689=LINE('',#4557,#1095);
#690=LINE('',#4560,#1096);
#691=LINE('',#4561,#1097);
#692=LINE('',#4564,#1098);
#693=LINE('',#4565,#1099);
#694=LINE('',#4568,#1100);
#695=LINE('',#4569,#1101);
#696=LINE('',#4572,#1102);
#697=LINE('',#4573,#1103);
#698=LINE('',#4576,#1104);
#699=LINE('',#4578,#1105);
#700=LINE('',#4580,#1106);
#701=LINE('',#4582,#1107);
#702=LINE('',#4584,#1108);
#703=LINE('',#4586,#1109);
#704=LINE('',#4588,#1110);
#705=LINE('',#4590,#1111);
#706=LINE('',#4592,#1112);
#707=LINE('',#4594,#1113);
#708=LINE('',#4596,#1114);
#709=LINE('',#4598,#1115);
#710=LINE('',#4600,#1116);
#711=LINE('',#4602,#1117);
#712=LINE('',#4604,#1118);
#713=LINE('',#4606,#1119);
#714=LINE('',#4608,#1120);
#715=LINE('',#4610,#1121);
#716=LINE('',#4612,#1122);
#717=LINE('',#4614,#1123);
#718=LINE('',#4616,#1124);
#719=LINE('',#4618,#1125);
#720=LINE('',#4619,#1126);
#721=LINE('',#4621,#1127);
#722=LINE('',#4623,#1128);
#723=LINE('',#4625,#1129);
#724=LINE('',#4629,#1130);
#725=LINE('',#4630,#1131);
#726=LINE('',#4632,#1132);
#727=LINE('',#4634,#1133);
#728=LINE('',#4636,#1134);
#729=LINE('',#4638,#1135);
#730=LINE('',#4640,#1136);
#731=LINE('',#4642,#1137);
#732=LINE('',#4644,#1138);
#733=LINE('',#4646,#1139);
#734=LINE('',#4648,#1140);
#735=LINE('',#4650,#1141);
#736=LINE('',#4652,#1142);
#737=LINE('',#4654,#1143);
#738=LINE('',#4656,#1144);
#739=LINE('',#4658,#1145);
#740=LINE('',#4660,#1146);
#741=LINE('',#4662,#1147);
#742=LINE('',#4664,#1148);
#743=LINE('',#4666,#1149);
#744=LINE('',#4668,#1150);
#745=LINE('',#4670,#1151);
#746=LINE('',#4672,#1152);
#747=LINE('',#4674,#1153);
#748=LINE('',#4676,#1154);
#749=LINE('',#4678,#1155);
#750=LINE('',#4680,#1156);
#751=LINE('',#4682,#1157);
#752=LINE('',#4684,#1158);
#753=LINE('',#4686,#1159);
#754=LINE('',#4688,#1160);
#755=LINE('',#4690,#1161);
#756=LINE('',#4692,#1162);
#757=LINE('',#4694,#1163);
#758=LINE('',#4696,#1164);
#759=LINE('',#4698,#1165);
#760=LINE('',#4700,#1166);
#761=LINE('',#4702,#1167);
#762=LINE('',#4704,#1168);
#763=LINE('',#4706,#1169);
#764=LINE('',#4708,#1170);
#765=LINE('',#4710,#1171);
#766=LINE('',#4712,#1172);
#767=VECTOR('',#3156,10.);
#768=VECTOR('',#3157,10.);
#769=VECTOR('',#3158,1.);
#770=VECTOR('',#3161,10.);
#771=VECTOR('',#3162,10.);
#772=VECTOR('',#3163,10.);
#773=VECTOR('',#3164,1.);
#774=VECTOR('',#3165,1.);
#775=VECTOR('',#3166,1.);
#776=VECTOR('',#3167,1.);
#777=VECTOR('',#3170,10.);
#778=VECTOR('',#3171,10.);
#779=VECTOR('',#3172,10.);
#780=VECTOR('',#3175,1.);
#781=VECTOR('',#3176,1.);
#782=VECTOR('',#3177,1.);
#783=VECTOR('',#3178,1.);
#784=VECTOR('',#3179,1.);
#785=VECTOR('',#3180,1.);
#786=VECTOR('',#3181,1.);
#787=VECTOR('',#3182,1.);
#788=VECTOR('',#3185,1.);
#789=VECTOR('',#3186,1.);
#790=VECTOR('',#3189,1.);
#791=VECTOR('',#3190,1.);
#792=VECTOR('',#3191,1.);
#793=VECTOR('',#3192,1.);
#794=VECTOR('',#3195,1.);
#795=VECTOR('',#3196,1.);
#796=VECTOR('',#3197,1.);
#797=VECTOR('',#3200,1.);
#798=VECTOR('',#3201,1.);
#799=VECTOR('',#3204,1.);
#800=VECTOR('',#3205,1.);
#801=VECTOR('',#3208,1.);
#802=VECTOR('',#3209,1.);
#803=VECTOR('',#3212,1.);
#804=VECTOR('',#3213,1.);
#805=VECTOR('',#3216,1.);
#806=VECTOR('',#3217,1.);
#807=VECTOR('',#3220,1.);
#808=VECTOR('',#3221,1.);
#809=VECTOR('',#3224,1.);
#810=VECTOR('',#3225,1.);
#811=VECTOR('',#3228,1.);
#812=VECTOR('',#3229,1.);
#813=VECTOR('',#3232,1.);
#814=VECTOR('',#3233,1.);
#815=VECTOR('',#3234,1.);
#816=VECTOR('',#3235,1.);
#817=VECTOR('',#3238,1.);
#818=VECTOR('',#3239,1.);
#819=VECTOR('',#3240,1.);
#820=VECTOR('',#3243,1.);
#821=VECTOR('',#3244,1.);
#822=VECTOR('',#3245,1.);
#823=VECTOR('',#3248,1.);
#824=VECTOR('',#3249,1.);
#825=VECTOR('',#3250,1.);
#826=VECTOR('',#3253,1.);
#827=VECTOR('',#3254,1.);
#828=VECTOR('',#3255,1.);
#829=VECTOR('',#3258,1.);
#830=VECTOR('',#3259,1.);
#831=VECTOR('',#3260,1.);
#832=VECTOR('',#3263,1.);
#833=VECTOR('',#3264,1.);
#834=VECTOR('',#3265,1.);
#835=VECTOR('',#3268,1.);
#836=VECTOR('',#3269,1.);
#837=VECTOR('',#3270,1.);
#838=VECTOR('',#3273,1.);
#839=VECTOR('',#3274,1.);
#840=VECTOR('',#3275,1.);
#841=VECTOR('',#3278,1.);
#842=VECTOR('',#3279,1.);
#843=VECTOR('',#3280,1.);
#844=VECTOR('',#3283,1.);
#845=VECTOR('',#3284,1.);
#846=VECTOR('',#3285,1.);
#847=VECTOR('',#3288,1.);
#848=VECTOR('',#3289,1.);
#849=VECTOR('',#3290,1.);
#850=VECTOR('',#3293,1.);
#851=VECTOR('',#3294,1.);
#852=VECTOR('',#3295,1.);
#853=VECTOR('',#3298,1.);
#854=VECTOR('',#3299,1.);
#855=VECTOR('',#3300,1.);
#856=VECTOR('',#3303,1.);
#857=VECTOR('',#3304,1.);
#858=VECTOR('',#3305,1.);
#859=VECTOR('',#3308,1.);
#860=VECTOR('',#3309,1.);
#861=VECTOR('',#3310,1.);
#862=VECTOR('',#3313,1.);
#863=VECTOR('',#3314,1.);
#864=VECTOR('',#3315,1.);
#865=VECTOR('',#3318,1.);
#866=VECTOR('',#3319,1.);
#867=VECTOR('',#3320,1.);
#868=VECTOR('',#3323,1.);
#869=VECTOR('',#3324,1.);
#870=VECTOR('',#3325,1.);
#871=VECTOR('',#3328,1.);
#872=VECTOR('',#3329,1.);
#873=VECTOR('',#3330,1.);
#874=VECTOR('',#3333,1.);
#875=VECTOR('',#3334,1.);
#876=VECTOR('',#3335,1.);
#877=VECTOR('',#3338,1.);
#878=VECTOR('',#3339,1.);
#879=VECTOR('',#3340,1.);
#880=VECTOR('',#3343,1.);
#881=VECTOR('',#3344,1.);
#882=VECTOR('',#3345,1.);
#883=VECTOR('',#3348,1.);
#884=VECTOR('',#3349,1.);
#885=VECTOR('',#3350,1.);
#886=VECTOR('',#3353,1.);
#887=VECTOR('',#3354,1.);
#888=VECTOR('',#3355,1.);
#889=VECTOR('',#3358,1.);
#890=VECTOR('',#3359,1.);
#891=VECTOR('',#3360,1.);
#892=VECTOR('',#3363,1.);
#893=VECTOR('',#3364,1.);
#894=VECTOR('',#3365,1.);
#895=VECTOR('',#3368,1.);
#896=VECTOR('',#3369,1.);
#897=VECTOR('',#3370,1.);
#898=VECTOR('',#3373,1.);
#899=VECTOR('',#3374,1.);
#900=VECTOR('',#3375,1.);
#901=VECTOR('',#3378,1.);
#902=VECTOR('',#3379,1.);
#903=VECTOR('',#3380,1.);
#904=VECTOR('',#3383,1.);
#905=VECTOR('',#3384,1.);
#906=VECTOR('',#3385,1.);
#907=VECTOR('',#3388,1.);
#908=VECTOR('',#3389,1.);
#909=VECTOR('',#3390,1.);
#910=VECTOR('',#3393,1.);
#911=VECTOR('',#3394,1.);
#912=VECTOR('',#3395,1.);
#913=VECTOR('',#3398,1.);
#914=VECTOR('',#3399,1.);
#915=VECTOR('',#3400,1.);
#916=VECTOR('',#3403,1.);
#917=VECTOR('',#3404,1.);
#918=VECTOR('',#3405,1.);
#919=VECTOR('',#3408,1.);
#920=VECTOR('',#3409,1.);
#921=VECTOR('',#3410,1.);
#922=VECTOR('',#3413,1.);
#923=VECTOR('',#3414,1.);
#924=VECTOR('',#3417,1.);
#925=VECTOR('',#3418,1.);
#926=VECTOR('',#3419,1.);
#927=VECTOR('',#3420,1.);
#928=VECTOR('',#3421,1.);
#929=VECTOR('',#3422,1.);
#930=VECTOR('',#3423,1.);
#931=VECTOR('',#3424,1.);
#932=VECTOR('',#3425,1.);
#933=VECTOR('',#3426,1.);
#934=VECTOR('',#3427,1.);
#935=VECTOR('',#3428,1.);
#936=VECTOR('',#3429,1.);
#937=VECTOR('',#3430,1.);
#938=VECTOR('',#3431,1.);
#939=VECTOR('',#3432,1.);
#940=VECTOR('',#3433,1.);
#941=VECTOR('',#3434,1.);
#942=VECTOR('',#3435,1.);
#943=VECTOR('',#3436,1.);
#944=VECTOR('',#3439,1.);
#945=VECTOR('',#3440,1.);
#946=VECTOR('',#3441,1.);
#947=VECTOR('',#3442,1.);
#948=VECTOR('',#3443,1.);
#949=VECTOR('',#3444,1.);
#950=VECTOR('',#3445,1.);
#951=VECTOR('',#3446,1.);
#952=VECTOR('',#3447,1.);
#953=VECTOR('',#3448,1.);
#954=VECTOR('',#3449,1.);
#955=VECTOR('',#3450,1.);
#956=VECTOR('',#3451,1.);
#957=VECTOR('',#3452,1.);
#958=VECTOR('',#3455,1.);
#959=VECTOR('',#3456,1.);
#960=VECTOR('',#3457,1.);
#961=VECTOR('',#3460,1.);
#962=VECTOR('',#3461,1.);
#963=VECTOR('',#3462,1.);
#964=VECTOR('',#3463,1.);
#965=VECTOR('',#3464,1.);
#966=VECTOR('',#3465,1.);
#967=VECTOR('',#3466,1.);
#968=VECTOR('',#3467,1.);
#969=VECTOR('',#3468,1.);
#970=VECTOR('',#3469,1.);
#971=VECTOR('',#3470,1.);
#972=VECTOR('',#3471,1.);
#973=VECTOR('',#3472,1.);
#974=VECTOR('',#3473,1.);
#975=VECTOR('',#3474,1.);
#976=VECTOR('',#3475,1.);
#977=VECTOR('',#3476,1.);
#978=VECTOR('',#3477,1.);
#979=VECTOR('',#3478,1.);
#980=VECTOR('',#3479,1.);
#981=VECTOR('',#3482,1.);
#982=VECTOR('',#3483,1.);
#983=VECTOR('',#3486,1.);
#984=VECTOR('',#3489,1.);
#985=VECTOR('',#3490,1.);
#986=VECTOR('',#3493,1.);
#987=VECTOR('',#3494,1.);
#988=VECTOR('',#3497,1.);
#989=VECTOR('',#3498,1.);
#990=VECTOR('',#3501,1.);
#991=VECTOR('',#3502,1.);
#992=VECTOR('',#3505,1.);
#993=VECTOR('',#3506,1.);
#994=VECTOR('',#3509,1.);
#995=VECTOR('',#3510,1.);
#996=VECTOR('',#3513,1.);
#997=VECTOR('',#3514,1.);
#998=VECTOR('',#3517,1.);
#999=VECTOR('',#3518,1.);
#1000=VECTOR('',#3521,1.);
#1001=VECTOR('',#3522,1.);
#1002=VECTOR('',#3525,1.);
#1003=VECTOR('',#3526,1.);
#1004=VECTOR('',#3529,1.);
#1005=VECTOR('',#3530,1.);
#1006=VECTOR('',#3533,1.);
#1007=VECTOR('',#3534,1.);
#1008=VECTOR('',#3537,1.);
#1009=VECTOR('',#3538,1.);
#1010=VECTOR('',#3541,1.);
#1011=VECTOR('',#3542,1.);
#1012=VECTOR('',#3545,1.);
#1013=VECTOR('',#3546,1.);
#1014=VECTOR('',#3549,1.);
#1015=VECTOR('',#3550,1.);
#1016=VECTOR('',#3553,1.);
#1017=VECTOR('',#3554,1.);
#1018=VECTOR('',#3557,1.);
#1019=VECTOR('',#3558,1.);
#1020=VECTOR('',#3561,1.);
#1021=VECTOR('',#3562,1.);
#1022=VECTOR('',#3565,1.);
#1023=VECTOR('',#3566,1.);
#1024=VECTOR('',#3569,1.);
#1025=VECTOR('',#3572,1.);
#1026=VECTOR('',#3573,1.);
#1027=VECTOR('',#3574,1.);
#1028=VECTOR('',#3577,1.);
#1029=VECTOR('',#3580,1.);
#1030=VECTOR('',#3581,1.);
#1031=VECTOR('',#3582,1.);
#1032=VECTOR('',#3585,1.);
#1033=VECTOR('',#3588,1.);
#1034=VECTOR('',#3589,1.);
#1035=VECTOR('',#3592,1.);
#1036=VECTOR('',#3593,1.);
#1037=VECTOR('',#3596,1.);
#1038=VECTOR('',#3599,1.);
#1039=VECTOR('',#3602,1.);
#1040=VECTOR('',#3603,1.);
#1041=VECTOR('',#3604,1.);
#1042=VECTOR('',#3605,1.);
#1043=VECTOR('',#3606,1.);
#1044=VECTOR('',#3607,1.);
#1045=VECTOR('',#3608,1.);
#1046=VECTOR('',#3609,1.);
#1047=VECTOR('',#3610,1.);
#1048=VECTOR('',#3613,1.);
#1049=VECTOR('',#3614,1.);
#1050=VECTOR('',#3615,1.);
#1051=VECTOR('',#3618,1.);
#1052=VECTOR('',#3619,1.);
#1053=VECTOR('',#3622,1.);
#1054=VECTOR('',#3625,1.);
#1055=VECTOR('',#3628,1.);
#1056=VECTOR('',#3629,1.);
#1057=VECTOR('',#3632,1.);
#1058=VECTOR('',#3633,1.);
#1059=VECTOR('',#3636,1.);
#1060=VECTOR('',#3637,1.);
#1061=VECTOR('',#3640,1.);
#1062=VECTOR('',#3641,1.);
#1063=VECTOR('',#3644,1.);
#1064=VECTOR('',#3645,1.);
#1065=VECTOR('',#3648,1.);
#1066=VECTOR('',#3649,1.);
#1067=VECTOR('',#3652,1.);
#1068=VECTOR('',#3655,1.);
#1069=VECTOR('',#3656,1.);
#1070=VECTOR('',#3659,1.);
#1071=VECTOR('',#3662,1.);
#1072=VECTOR('',#3665,1.);
#1073=VECTOR('',#3666,1.);
#1074=VECTOR('',#3669,1.);
#1075=VECTOR('',#3670,1.);
#1076=VECTOR('',#3673,1.);
#1077=VECTOR('',#3676,1.);
#1078=VECTOR('',#3677,1.);
#1079=VECTOR('',#3680,1.);
#1080=VECTOR('',#3683,1.);
#1081=VECTOR('',#3684,1.);
#1082=VECTOR('',#3687,1.);
#1083=VECTOR('',#3688,1.);
#1084=VECTOR('',#3691,1.);
#1085=VECTOR('',#3694,1.);
#1086=VECTOR('',#3695,1.);
#1087=VECTOR('',#3698,1.);
#1088=VECTOR('',#3699,1.);
#1089=VECTOR('',#3702,1.);
#1090=VECTOR('',#3703,1.);
#1091=VECTOR('',#3706,1.);
#1092=VECTOR('',#3707,1.);
#1093=VECTOR('',#3710,1.);
#1094=VECTOR('',#3711,1.);
#1095=VECTOR('',#3714,1.);
#1096=VECTOR('',#3717,1.);
#1097=VECTOR('',#3718,1.);
#1098=VECTOR('',#3721,1.);
#1099=VECTOR('',#3722,1.);
#1100=VECTOR('',#3725,1.);
#1101=VECTOR('',#3726,1.);
#1102=VECTOR('',#3729,1.);
#1103=VECTOR('',#3730,1.);
#1104=VECTOR('',#3731,1.);
#1105=VECTOR('',#3732,1.);
#1106=VECTOR('',#3733,1.);
#1107=VECTOR('',#3734,1.);
#1108=VECTOR('',#3735,1.);
#1109=VECTOR('',#3736,1.);
#1110=VECTOR('',#3737,1.);
#1111=VECTOR('',#3738,1.);
#1112=VECTOR('',#3739,1.);
#1113=VECTOR('',#3740,1.);
#1114=VECTOR('',#3741,1.);
#1115=VECTOR('',#3742,1.);
#1116=VECTOR('',#3743,1.);
#1117=VECTOR('',#3744,1.);
#1118=VECTOR('',#3745,1.);
#1119=VECTOR('',#3746,1.);
#1120=VECTOR('',#3747,1.);
#1121=VECTOR('',#3748,1.);
#1122=VECTOR('',#3749,1.);
#1123=VECTOR('',#3750,1.);
#1124=VECTOR('',#3751,1.);
#1125=VECTOR('',#3752,1.);
#1126=VECTOR('',#3753,1.);
#1127=VECTOR('',#3756,1.);
#1128=VECTOR('',#3759,1.);
#1129=VECTOR('',#3762,1.);
#1130=VECTOR('',#3769,1.);
#1131=VECTOR('',#3770,1.);
#1132=VECTOR('',#3773,1.);
#1133=VECTOR('',#3776,1.);
#1134=VECTOR('',#3779,1.);
#1135=VECTOR('',#3782,1.);
#1136=VECTOR('',#3785,1.);
#1137=VECTOR('',#3788,1.);
#1138=VECTOR('',#3791,1.);
#1139=VECTOR('',#3794,1.);
#1140=VECTOR('',#3797,1.);
#1141=VECTOR('',#3800,1.);
#1142=VECTOR('',#3803,1.);
#1143=VECTOR('',#3806,1.);
#1144=VECTOR('',#3809,1.);
#1145=VECTOR('',#3812,1.);
#1146=VECTOR('',#3815,1.);
#1147=VECTOR('',#3818,1.);
#1148=VECTOR('',#3821,1.);
#1149=VECTOR('',#3824,1.);
#1150=VECTOR('',#3827,1.);
#1151=VECTOR('',#3830,1.);
#1152=VECTOR('',#3833,1.);
#1153=VECTOR('',#3836,1.);
#1154=VECTOR('',#3839,1.);
#1155=VECTOR('',#3842,1.);
#1156=VECTOR('',#3845,1.);
#1157=VECTOR('',#3848,1.);
#1158=VECTOR('',#3851,1.);
#1159=VECTOR('',#3854,1.);
#1160=VECTOR('',#3857,1.);
#1161=VECTOR('',#3860,1.);
#1162=VECTOR('',#3863,1.);
#1163=VECTOR('',#3866,1.);
#1164=VECTOR('',#3869,1.);
#1165=VECTOR('',#3872,1.);
#1166=VECTOR('',#3875,1.);
#1167=VECTOR('',#3878,1.);
#1168=VECTOR('',#3881,1.);
#1169=VECTOR('',#3884,1.);
#1170=VECTOR('',#3887,1.);
#1171=VECTOR('',#3890,1.);
#1172=VECTOR('',#3893,1.);
#1173=VERTEX_POINT('',#3898);
#1174=VERTEX_POINT('',#3899);
#1175=VERTEX_POINT('',#3901);
#1176=VERTEX_POINT('',#3905);
#1177=VERTEX_POINT('',#3907);
#1178=VERTEX_POINT('',#3909);
#1179=VERTEX_POINT('',#3911);
#1180=VERTEX_POINT('',#3913);
#1181=VERTEX_POINT('',#3915);
#1182=VERTEX_POINT('',#3919);
#1183=VERTEX_POINT('',#3921);
#1184=VERTEX_POINT('',#3925);
#1185=VERTEX_POINT('',#3927);
#1186=VERTEX_POINT('',#3929);
#1187=VERTEX_POINT('',#3932);
#1188=VERTEX_POINT('',#3933);
#1189=VERTEX_POINT('',#3935);
#1190=VERTEX_POINT('',#3937);
#1191=VERTEX_POINT('',#3941);
#1192=VERTEX_POINT('',#3945);
#1193=VERTEX_POINT('',#3946);
#1194=VERTEX_POINT('',#3948);
#1195=VERTEX_POINT('',#3950);
#1196=VERTEX_POINT('',#3954);
#1197=VERTEX_POINT('',#3955);
#1198=VERTEX_POINT('',#3957);
#1199=VERTEX_POINT('',#3961);
#1200=VERTEX_POINT('',#3965);
#1201=VERTEX_POINT('',#3969);
#1202=VERTEX_POINT('',#3973);
#1203=VERTEX_POINT('',#3977);
#1204=VERTEX_POINT('',#3981);
#1205=VERTEX_POINT('',#3985);
#1206=VERTEX_POINT('',#3989);
#1207=VERTEX_POINT('',#3993);
#1208=VERTEX_POINT('',#3994);
#1209=VERTEX_POINT('',#3996);
#1210=VERTEX_POINT('',#3998);
#1211=VERTEX_POINT('',#4002);
#1212=VERTEX_POINT('',#4003);
#1213=VERTEX_POINT('',#4008);
#1214=VERTEX_POINT('',#4009);
#1215=VERTEX_POINT('',#4014);
#1216=VERTEX_POINT('',#4015);
#1217=VERTEX_POINT('',#4020);
#1218=VERTEX_POINT('',#4021);
#1219=VERTEX_POINT('',#4026);
#1220=VERTEX_POINT('',#4027);
#1221=VERTEX_POINT('',#4032);
#1222=VERTEX_POINT('',#4033);
#1223=VERTEX_POINT('',#4038);
#1224=VERTEX_POINT('',#4039);
#1225=VERTEX_POINT('',#4044);
#1226=VERTEX_POINT('',#4045);
#1227=VERTEX_POINT('',#4050);
#1228=VERTEX_POINT('',#4051);
#1229=VERTEX_POINT('',#4056);
#1230=VERTEX_POINT('',#4057);
#1231=VERTEX_POINT('',#4062);
#1232=VERTEX_POINT('',#4063);
#1233=VERTEX_POINT('',#4068);
#1234=VERTEX_POINT('',#4069);
#1235=VERTEX_POINT('',#4074);
#1236=VERTEX_POINT('',#4075);
#1237=VERTEX_POINT('',#4080);
#1238=VERTEX_POINT('',#4081);
#1239=VERTEX_POINT('',#4086);
#1240=VERTEX_POINT('',#4087);
#1241=VERTEX_POINT('',#4092);
#1242=VERTEX_POINT('',#4093);
#1243=VERTEX_POINT('',#4098);
#1244=VERTEX_POINT('',#4099);
#1245=VERTEX_POINT('',#4104);
#1246=VERTEX_POINT('',#4105);
#1247=VERTEX_POINT('',#4110);
#1248=VERTEX_POINT('',#4111);
#1249=VERTEX_POINT('',#4116);
#1250=VERTEX_POINT('',#4117);
#1251=VERTEX_POINT('',#4122);
#1252=VERTEX_POINT('',#4123);
#1253=VERTEX_POINT('',#4128);
#1254=VERTEX_POINT('',#4129);
#1255=VERTEX_POINT('',#4134);
#1256=VERTEX_POINT('',#4135);
#1257=VERTEX_POINT('',#4140);
#1258=VERTEX_POINT('',#4141);
#1259=VERTEX_POINT('',#4146);
#1260=VERTEX_POINT('',#4147);
#1261=VERTEX_POINT('',#4152);
#1262=VERTEX_POINT('',#4153);
#1263=VERTEX_POINT('',#4158);
#1264=VERTEX_POINT('',#4159);
#1265=VERTEX_POINT('',#4164);
#1266=VERTEX_POINT('',#4165);
#1267=VERTEX_POINT('',#4170);
#1268=VERTEX_POINT('',#4171);
#1269=VERTEX_POINT('',#4176);
#1270=VERTEX_POINT('',#4177);
#1271=VERTEX_POINT('',#4182);
#1272=VERTEX_POINT('',#4183);
#1273=VERTEX_POINT('',#4188);
#1274=VERTEX_POINT('',#4189);
#1275=VERTEX_POINT('',#4194);
#1276=VERTEX_POINT('',#4195);
#1277=VERTEX_POINT('',#4200);
#1278=VERTEX_POINT('',#4201);
#1279=VERTEX_POINT('',#4206);
#1280=VERTEX_POINT('',#4207);
#1281=VERTEX_POINT('',#4215);
#1282=VERTEX_POINT('',#4216);
#1283=VERTEX_POINT('',#4218);
#1284=VERTEX_POINT('',#4220);
#1285=VERTEX_POINT('',#4222);
#1286=VERTEX_POINT('',#4224);
#1287=VERTEX_POINT('',#4226);
#1288=VERTEX_POINT('',#4228);
#1289=VERTEX_POINT('',#4230);
#1290=VERTEX_POINT('',#4232);
#1291=VERTEX_POINT('',#4234);
#1292=VERTEX_POINT('',#4236);
#1293=VERTEX_POINT('',#4238);
#1294=VERTEX_POINT('',#4240);
#1295=VERTEX_POINT('',#4242);
#1296=VERTEX_POINT('',#4244);
#1297=VERTEX_POINT('',#4246);
#1298=VERTEX_POINT('',#4248);
#1299=VERTEX_POINT('',#4250);
#1300=VERTEX_POINT('',#4252);
#1301=VERTEX_POINT('',#4256);
#1302=VERTEX_POINT('',#4257);
#1303=VERTEX_POINT('',#4259);
#1304=VERTEX_POINT('',#4261);
#1305=VERTEX_POINT('',#4263);
#1306=VERTEX_POINT('',#4265);
#1307=VERTEX_POINT('',#4267);
#1308=VERTEX_POINT('',#4269);
#1309=VERTEX_POINT('',#4271);
#1310=VERTEX_POINT('',#4273);
#1311=VERTEX_POINT('',#4275);
#1312=VERTEX_POINT('',#4277);
#1313=VERTEX_POINT('',#4280);
#1314=VERTEX_POINT('',#4284);
#1315=VERTEX_POINT('',#4285);
#1316=VERTEX_POINT('',#4290);
#1317=VERTEX_POINT('',#4291);
#1318=VERTEX_POINT('',#4293);
#1319=VERTEX_POINT('',#4295);
#1320=VERTEX_POINT('',#4297);
#1321=VERTEX_POINT('',#4299);
#1322=VERTEX_POINT('',#4301);
#1323=VERTEX_POINT('',#4303);
#1324=VERTEX_POINT('',#4305);
#1325=VERTEX_POINT('',#4307);
#1326=VERTEX_POINT('',#4309);
#1327=VERTEX_POINT('',#4311);
#1328=VERTEX_POINT('',#4313);
#1329=VERTEX_POINT('',#4315);
#1330=VERTEX_POINT('',#4317);
#1331=VERTEX_POINT('',#4319);
#1332=VERTEX_POINT('',#4322);
#1333=VERTEX_POINT('',#4324);
#1334=VERTEX_POINT('',#4326);
#1335=VERTEX_POINT('',#4330);
#1336=VERTEX_POINT('',#4336);
#1337=VERTEX_POINT('',#4340);
#1338=VERTEX_POINT('',#4344);
#1339=VERTEX_POINT('',#4348);
#1340=VERTEX_POINT('',#4352);
#1341=VERTEX_POINT('',#4356);
#1342=VERTEX_POINT('',#4360);
#1343=VERTEX_POINT('',#4364);
#1344=VERTEX_POINT('',#4368);
#1345=VERTEX_POINT('',#4372);
#1346=VERTEX_POINT('',#4376);
#1347=VERTEX_POINT('',#4380);
#1348=VERTEX_POINT('',#4384);
#1349=VERTEX_POINT('',#4388);
#1350=VERTEX_POINT('',#4392);
#1351=VERTEX_POINT('',#4396);
#1352=VERTEX_POINT('',#4400);
#1353=VERTEX_POINT('',#4404);
#1354=VERTEX_POINT('',#4408);
#1355=VERTEX_POINT('',#4412);
#1356=VERTEX_POINT('',#4418);
#1357=VERTEX_POINT('',#4420);
#1358=VERTEX_POINT('',#4426);
#1359=VERTEX_POINT('',#4428);
#1360=VERTEX_POINT('',#4434);
#1361=VERTEX_POINT('',#4438);
#1362=VERTEX_POINT('',#4446);
#1363=VERTEX_POINT('',#4448);
#1364=VERTEX_POINT('',#4450);
#1365=VERTEX_POINT('',#4452);
#1366=VERTEX_POINT('',#4454);
#1367=VERTEX_POINT('',#4456);
#1368=VERTEX_POINT('',#4458);
#1369=VERTEX_POINT('',#4463);
#1370=VERTEX_POINT('',#4465);
#1371=VERTEX_POINT('',#4469);
#1372=VERTEX_POINT('',#4477);
#1373=VERTEX_POINT('',#4481);
#1374=VERTEX_POINT('',#4485);
#1375=VERTEX_POINT('',#4489);
#1376=VERTEX_POINT('',#4493);
#1377=VERTEX_POINT('',#4497);
#1378=VERTEX_POINT('',#4503);
#1379=VERTEX_POINT('',#4511);
#1380=VERTEX_POINT('',#4515);
#1381=VERTEX_POINT('',#4521);
#1382=VERTEX_POINT('',#4527);
#1383=VERTEX_POINT('',#4531);
#1384=VERTEX_POINT('',#4537);
#1385=VERTEX_POINT('',#4541);
#1386=VERTEX_POINT('',#4545);
#1387=VERTEX_POINT('',#4549);
#1388=VERTEX_POINT('',#4553);
#1389=VERTEX_POINT('',#4559);
#1390=VERTEX_POINT('',#4563);
#1391=VERTEX_POINT('',#4567);
#1392=VERTEX_POINT('',#4571);
#1393=VERTEX_POINT('',#4574);
#1394=VERTEX_POINT('',#4575);
#1395=VERTEX_POINT('',#4577);
#1396=VERTEX_POINT('',#4579);
#1397=VERTEX_POINT('',#4581);
#1398=VERTEX_POINT('',#4583);
#1399=VERTEX_POINT('',#4585);
#1400=VERTEX_POINT('',#4587);
#1401=VERTEX_POINT('',#4589);
#1402=VERTEX_POINT('',#4591);
#1403=VERTEX_POINT('',#4593);
#1404=VERTEX_POINT('',#4595);
#1405=VERTEX_POINT('',#4597);
#1406=VERTEX_POINT('',#4599);
#1407=VERTEX_POINT('',#4601);
#1408=VERTEX_POINT('',#4603);
#1409=VERTEX_POINT('',#4605);
#1410=VERTEX_POINT('',#4607);
#1411=VERTEX_POINT('',#4609);
#1412=VERTEX_POINT('',#4611);
#1413=VERTEX_POINT('',#4613);
#1414=VERTEX_POINT('',#4615);
#1415=VERTEX_POINT('',#4617);
#1416=EDGE_CURVE('',#1173,#1174,#361,.T.);
#1417=EDGE_CURVE('',#1175,#1174,#362,.T.);
#1418=EDGE_CURVE('',#1175,#1173,#363,.T.);
#1419=EDGE_CURVE('',#1174,#1176,#364,.T.);
#1420=EDGE_CURVE('',#1176,#1177,#365,.T.);
#1421=EDGE_CURVE('',#1178,#1177,#366,.T.);
#1422=EDGE_CURVE('',#1178,#1179,#367,.T.);
#1423=EDGE_CURVE('',#1179,#1180,#368,.T.);
#1424=EDGE_CURVE('',#1180,#1181,#369,.T.);
#1425=EDGE_CURVE('',#1181,#1175,#370,.T.);
#1426=EDGE_CURVE('',#1176,#1182,#371,.T.);
#1427=EDGE_CURVE('',#1183,#1182,#372,.T.);
#1428=EDGE_CURVE('',#1183,#1177,#373,.T.);
#1429=EDGE_CURVE('',#1184,#1183,#374,.T.);
#1430=EDGE_CURVE('',#1184,#1185,#375,.T.);
#1431=EDGE_CURVE('',#1186,#1185,#376,.T.);
#1432=EDGE_CURVE('',#1178,#1186,#377,.T.);
#1433=EDGE_CURVE('',#1187,#1188,#378,.T.);
#1434=EDGE_CURVE('',#1189,#1187,#379,.T.);
#1435=EDGE_CURVE('',#1189,#1190,#380,.T.);
#1436=EDGE_CURVE('',#1190,#1188,#381,.T.);
#1437=EDGE_CURVE('',#1181,#1191,#382,.T.);
#1438=EDGE_CURVE('',#1191,#1173,#383,.T.);
#1439=EDGE_CURVE('',#1192,#1193,#384,.T.);
#1440=EDGE_CURVE('',#1194,#1192,#385,.T.);
#1441=EDGE_CURVE('',#1195,#1194,#386,.T.);
#1442=EDGE_CURVE('',#1195,#1193,#387,.T.);
#1443=EDGE_CURVE('',#1196,#1197,#388,.T.);
#1444=EDGE_CURVE('',#1198,#1197,#389,.T.);
#1445=EDGE_CURVE('',#1196,#1198,#390,.T.);
#1446=EDGE_CURVE('',#1199,#1198,#391,.T.);
#1447=EDGE_CURVE('',#1199,#1197,#392,.T.);
#1448=EDGE_CURVE('',#1199,#1200,#393,.T.);
#1449=EDGE_CURVE('',#1200,#1197,#394,.T.);
#1450=EDGE_CURVE('',#1201,#1200,#395,.T.);
#1451=EDGE_CURVE('',#1201,#1197,#396,.T.);
#1452=EDGE_CURVE('',#1201,#1202,#397,.T.);
#1453=EDGE_CURVE('',#1202,#1197,#398,.T.);
#1454=EDGE_CURVE('',#1203,#1202,#399,.T.);
#1455=EDGE_CURVE('',#1203,#1197,#400,.T.);
#1456=EDGE_CURVE('',#1203,#1204,#401,.T.);
#1457=EDGE_CURVE('',#1197,#1204,#402,.T.);
#1458=EDGE_CURVE('',#1196,#1205,#403,.T.);
#1459=EDGE_CURVE('',#1205,#1197,#404,.T.);
#1460=EDGE_CURVE('',#1206,#1204,#405,.T.);
#1461=EDGE_CURVE('',#1203,#1206,#406,.T.);
#1462=EDGE_CURVE('',#1207,#1208,#407,.T.);
#1463=EDGE_CURVE('',#1209,#1207,#408,.T.);
#1464=EDGE_CURVE('',#1209,#1210,#409,.T.);
#1465=EDGE_CURVE('',#1208,#1210,#410,.T.);
#1466=EDGE_CURVE('',#1211,#1212,#411,.T.);
#1467=EDGE_CURVE('',#1207,#1211,#412,.T.);
#1468=EDGE_CURVE('',#1212,#1208,#413,.T.);
#1469=EDGE_CURVE('',#1213,#1214,#414,.T.);
#1470=EDGE_CURVE('',#1211,#1213,#415,.T.);
#1471=EDGE_CURVE('',#1214,#1212,#416,.T.);
#1472=EDGE_CURVE('',#1215,#1216,#417,.T.);
#1473=EDGE_CURVE('',#1213,#1215,#418,.T.);
#1474=EDGE_CURVE('',#1216,#1214,#419,.T.);
#1475=EDGE_CURVE('',#1217,#1218,#420,.T.);
#1476=EDGE_CURVE('',#1215,#1217,#421,.T.);
#1477=EDGE_CURVE('',#1218,#1216,#422,.T.);
#1478=EDGE_CURVE('',#1219,#1220,#423,.T.);
#1479=EDGE_CURVE('',#1217,#1219,#424,.T.);
#1480=EDGE_CURVE('',#1220,#1218,#425,.T.);
#1481=EDGE_CURVE('',#1221,#1222,#426,.T.);
#1482=EDGE_CURVE('',#1219,#1221,#427,.T.);
#1483=EDGE_CURVE('',#1222,#1220,#428,.T.);
#1484=EDGE_CURVE('',#1223,#1224,#429,.T.);
#1485=EDGE_CURVE('',#1223,#1221,#430,.T.);
#1486=EDGE_CURVE('',#1224,#1222,#431,.T.);
#1487=EDGE_CURVE('',#1225,#1226,#432,.T.);
#1488=EDGE_CURVE('',#1225,#1223,#433,.T.);
#1489=EDGE_CURVE('',#1226,#1224,#434,.T.);
#1490=EDGE_CURVE('',#1227,#1228,#435,.T.);
#1491=EDGE_CURVE('',#1227,#1225,#436,.T.);
#1492=EDGE_CURVE('',#1228,#1226,#437,.T.);
#1493=EDGE_CURVE('',#1229,#1230,#438,.T.);
#1494=EDGE_CURVE('',#1227,#1229,#439,.T.);
#1495=EDGE_CURVE('',#1230,#1228,#440,.T.);
#1496=EDGE_CURVE('',#1231,#1232,#441,.T.);
#1497=EDGE_CURVE('',#1229,#1231,#442,.T.);
#1498=EDGE_CURVE('',#1232,#1230,#443,.T.);
#1499=EDGE_CURVE('',#1233,#1234,#444,.T.);
#1500=EDGE_CURVE('',#1233,#1231,#445,.T.);
#1501=EDGE_CURVE('',#1234,#1232,#446,.T.);
#1502=EDGE_CURVE('',#1235,#1236,#447,.T.);
#1503=EDGE_CURVE('',#1235,#1233,#448,.T.);
#1504=EDGE_CURVE('',#1236,#1234,#449,.T.);
#1505=EDGE_CURVE('',#1237,#1238,#450,.T.);
#1506=EDGE_CURVE('',#1237,#1235,#451,.T.);
#1507=EDGE_CURVE('',#1238,#1236,#452,.T.);
#1508=EDGE_CURVE('',#1239,#1240,#453,.T.);
#1509=EDGE_CURVE('',#1237,#1239,#454,.T.);
#1510=EDGE_CURVE('',#1240,#1238,#455,.T.);
#1511=EDGE_CURVE('',#1241,#1242,#456,.T.);
#1512=EDGE_CURVE('',#1239,#1241,#457,.T.);
#1513=EDGE_CURVE('',#1242,#1240,#458,.T.);
#1514=EDGE_CURVE('',#1243,#1244,#459,.T.);
#1515=EDGE_CURVE('',#1241,#1243,#460,.T.);
#1516=EDGE_CURVE('',#1244,#1242,#461,.T.);
#1517=EDGE_CURVE('',#1245,#1246,#462,.T.);
#1518=EDGE_CURVE('',#1245,#1243,#463,.T.);
#1519=EDGE_CURVE('',#1246,#1244,#464,.T.);
#1520=EDGE_CURVE('',#1247,#1248,#465,.T.);
#1521=EDGE_CURVE('',#1245,#1247,#466,.T.);
#1522=EDGE_CURVE('',#1248,#1246,#467,.T.);
#1523=EDGE_CURVE('',#1249,#1250,#468,.T.);
#1524=EDGE_CURVE('',#1247,#1249,#469,.T.);
#1525=EDGE_CURVE('',#1250,#1248,#470,.T.);
#1526=EDGE_CURVE('',#1251,#1252,#471,.T.);
#1527=EDGE_CURVE('',#1249,#1251,#472,.T.);
#1528=EDGE_CURVE('',#1252,#1250,#473,.T.);
#1529=EDGE_CURVE('',#1253,#1254,#474,.T.);
#1530=EDGE_CURVE('',#1251,#1253,#475,.T.);
#1531=EDGE_CURVE('',#1254,#1252,#476,.T.);
#1532=EDGE_CURVE('',#1255,#1256,#477,.T.);
#1533=EDGE_CURVE('',#1253,#1255,#478,.T.);
#1534=EDGE_CURVE('',#1256,#1254,#479,.T.);
#1535=EDGE_CURVE('',#1257,#1258,#480,.T.);
#1536=EDGE_CURVE('',#1255,#1257,#481,.T.);
#1537=EDGE_CURVE('',#1258,#1256,#482,.T.);
#1538=EDGE_CURVE('',#1259,#1260,#483,.T.);
#1539=EDGE_CURVE('',#1259,#1257,#484,.T.);
#1540=EDGE_CURVE('',#1260,#1258,#485,.T.);
#1541=EDGE_CURVE('',#1261,#1262,#486,.T.);
#1542=EDGE_CURVE('',#1259,#1261,#487,.T.);
#1543=EDGE_CURVE('',#1260,#1262,#488,.T.);
#1544=EDGE_CURVE('',#1263,#1264,#489,.T.);
#1545=EDGE_CURVE('',#1263,#1261,#490,.T.);
#1546=EDGE_CURVE('',#1264,#1262,#491,.T.);
#1547=EDGE_CURVE('',#1265,#1266,#492,.T.);
#1548=EDGE_CURVE('',#1263,#1265,#493,.T.);
#1549=EDGE_CURVE('',#1266,#1264,#494,.T.);
#1550=EDGE_CURVE('',#1267,#1268,#495,.T.);
#1551=EDGE_CURVE('',#1265,#1267,#496,.T.);
#1552=EDGE_CURVE('',#1268,#1266,#497,.T.);
#1553=EDGE_CURVE('',#1269,#1270,#498,.T.);
#1554=EDGE_CURVE('',#1267,#1269,#499,.T.);
#1555=EDGE_CURVE('',#1270,#1268,#500,.T.);
#1556=EDGE_CURVE('',#1271,#1272,#501,.T.);
#1557=EDGE_CURVE('',#1269,#1271,#502,.T.);
#1558=EDGE_CURVE('',#1272,#1270,#503,.T.);
#1559=EDGE_CURVE('',#1273,#1274,#504,.T.);
#1560=EDGE_CURVE('',#1271,#1273,#505,.T.);
#1561=EDGE_CURVE('',#1274,#1272,#506,.T.);
#1562=EDGE_CURVE('',#1275,#1276,#507,.T.);
#1563=EDGE_CURVE('',#1273,#1275,#508,.T.);
#1564=EDGE_CURVE('',#1276,#1274,#509,.T.);
#1565=EDGE_CURVE('',#1277,#1278,#510,.T.);
#1566=EDGE_CURVE('',#1275,#1277,#511,.T.);
#1567=EDGE_CURVE('',#1278,#1276,#512,.T.);
#1568=EDGE_CURVE('',#1279,#1280,#513,.T.);
#1569=EDGE_CURVE('',#1277,#1279,#514,.T.);
#1570=EDGE_CURVE('',#1280,#1278,#515,.T.);
#1571=EDGE_CURVE('',#1210,#1280,#516,.T.);
#1572=EDGE_CURVE('',#1209,#1279,#517,.T.);
#1573=EDGE_CURVE('',#1281,#1282,#518,.T.);
#1574=EDGE_CURVE('',#1282,#1283,#519,.T.);
#1575=EDGE_CURVE('',#1283,#1284,#520,.T.);
#1576=EDGE_CURVE('',#1284,#1285,#521,.T.);
#1577=EDGE_CURVE('',#1285,#1286,#522,.T.);
#1578=EDGE_CURVE('',#1286,#1287,#523,.T.);
#1579=EDGE_CURVE('',#1287,#1288,#524,.T.);
#1580=EDGE_CURVE('',#1288,#1289,#525,.T.);
#1581=EDGE_CURVE('',#1289,#1290,#526,.T.);
#1582=EDGE_CURVE('',#1290,#1291,#527,.T.);
#1583=EDGE_CURVE('',#1292,#1291,#528,.T.);
#1584=EDGE_CURVE('',#1292,#1293,#529,.T.);
#1585=EDGE_CURVE('',#1293,#1294,#530,.T.);
#1586=EDGE_CURVE('',#1294,#1295,#531,.T.);
#1587=EDGE_CURVE('',#1295,#1296,#532,.T.);
#1588=EDGE_CURVE('',#1296,#1297,#533,.T.);
#1589=EDGE_CURVE('',#1297,#1298,#534,.T.);
#1590=EDGE_CURVE('',#1298,#1299,#535,.T.);
#1591=EDGE_CURVE('',#1299,#1300,#536,.T.);
#1592=EDGE_CURVE('',#1300,#1281,#537,.T.);
#1593=EDGE_CURVE('',#1301,#1302,#538,.T.);
#1594=EDGE_CURVE('',#1302,#1303,#539,.T.);
#1595=EDGE_CURVE('',#1303,#1304,#540,.T.);
#1596=EDGE_CURVE('',#1304,#1305,#541,.T.);
#1597=EDGE_CURVE('',#1305,#1306,#542,.T.);
#1598=EDGE_CURVE('',#1306,#1307,#543,.T.);
#1599=EDGE_CURVE('',#1307,#1308,#544,.T.);
#1600=EDGE_CURVE('',#1308,#1309,#545,.T.);
#1601=EDGE_CURVE('',#1309,#1310,#546,.T.);
#1602=EDGE_CURVE('',#1310,#1311,#547,.T.);
#1603=EDGE_CURVE('',#1311,#1312,#548,.T.);
#1604=EDGE_CURVE('',#1185,#1312,#549,.T.);
#1605=EDGE_CURVE('',#1184,#1313,#550,.T.);
#1606=EDGE_CURVE('',#1313,#1301,#551,.T.);
#1607=EDGE_CURVE('',#1314,#1315,#552,.T.);
#1608=EDGE_CURVE('',#1188,#1315,#553,.T.);
#1609=EDGE_CURVE('',#1190,#1314,#554,.T.);
#1610=EDGE_CURVE('',#1316,#1317,#555,.T.);
#1611=EDGE_CURVE('',#1317,#1318,#556,.T.);
#1612=EDGE_CURVE('',#1318,#1319,#557,.T.);
#1613=EDGE_CURVE('',#1319,#1320,#558,.T.);
#1614=EDGE_CURVE('',#1320,#1321,#559,.T.);
#1615=EDGE_CURVE('',#1321,#1322,#560,.T.);
#1616=EDGE_CURVE('',#1322,#1323,#561,.T.);
#1617=EDGE_CURVE('',#1323,#1324,#562,.T.);
#1618=EDGE_CURVE('',#1324,#1325,#563,.T.);
#1619=EDGE_CURVE('',#1325,#1326,#564,.T.);
#1620=EDGE_CURVE('',#1326,#1327,#565,.T.);
#1621=EDGE_CURVE('',#1327,#1328,#566,.T.);
#1622=EDGE_CURVE('',#1328,#1329,#567,.T.);
#1623=EDGE_CURVE('',#1329,#1330,#568,.T.);
#1624=EDGE_CURVE('',#1330,#1331,#569,.T.);
#1625=EDGE_CURVE('',#1331,#1206,#570,.T.);
#1626=EDGE_CURVE('',#1332,#1197,#571,.T.);
#1627=EDGE_CURVE('',#1332,#1333,#572,.T.);
#1628=EDGE_CURVE('',#1333,#1334,#573,.T.);
#1629=EDGE_CURVE('',#1334,#1316,#574,.T.);
#1630=EDGE_CURVE('',#1335,#1197,#575,.T.);
#1631=EDGE_CURVE('',#1335,#1332,#576,.T.);
#1632=EDGE_CURVE('',#1335,#1205,#577,.T.);
#1633=EDGE_CURVE('',#1335,#1336,#578,.T.);
#1634=EDGE_CURVE('',#1336,#1205,#579,.T.);
#1635=EDGE_CURVE('',#1337,#1196,#580,.T.);
#1636=EDGE_CURVE('',#1336,#1337,#581,.T.);
#1637=EDGE_CURVE('',#1338,#1331,#582,.T.);
#1638=EDGE_CURVE('',#1338,#1203,#583,.T.);
#1639=EDGE_CURVE('',#1339,#1330,#584,.T.);
#1640=EDGE_CURVE('',#1339,#1338,#585,.T.);
#1641=EDGE_CURVE('',#1340,#1329,#586,.T.);
#1642=EDGE_CURVE('',#1339,#1340,#587,.T.);
#1643=EDGE_CURVE('',#1341,#1328,#588,.T.);
#1644=EDGE_CURVE('',#1340,#1341,#589,.T.);
#1645=EDGE_CURVE('',#1342,#1327,#590,.T.);
#1646=EDGE_CURVE('',#1341,#1342,#591,.T.);
#1647=EDGE_CURVE('',#1343,#1326,#592,.T.);
#1648=EDGE_CURVE('',#1342,#1343,#593,.T.);
#1649=EDGE_CURVE('',#1344,#1325,#594,.T.);
#1650=EDGE_CURVE('',#1343,#1344,#595,.T.);
#1651=EDGE_CURVE('',#1345,#1324,#596,.T.);
#1652=EDGE_CURVE('',#1344,#1345,#597,.T.);
#1653=EDGE_CURVE('',#1346,#1323,#598,.T.);
#1654=EDGE_CURVE('',#1345,#1346,#599,.T.);
#1655=EDGE_CURVE('',#1347,#1322,#600,.T.);
#1656=EDGE_CURVE('',#1346,#1347,#601,.T.);
#1657=EDGE_CURVE('',#1348,#1321,#602,.T.);
#1658=EDGE_CURVE('',#1347,#1348,#603,.T.);
#1659=EDGE_CURVE('',#1349,#1320,#604,.T.);
#1660=EDGE_CURVE('',#1349,#1348,#605,.T.);
#1661=EDGE_CURVE('',#1350,#1319,#606,.T.);
#1662=EDGE_CURVE('',#1350,#1349,#607,.T.);
#1663=EDGE_CURVE('',#1351,#1318,#608,.T.);
#1664=EDGE_CURVE('',#1351,#1350,#609,.T.);
#1665=EDGE_CURVE('',#1352,#1317,#610,.T.);
#1666=EDGE_CURVE('',#1352,#1351,#611,.T.);
#1667=EDGE_CURVE('',#1353,#1316,#612,.T.);
#1668=EDGE_CURVE('',#1353,#1352,#613,.T.);
#1669=EDGE_CURVE('',#1354,#1334,#614,.T.);
#1670=EDGE_CURVE('',#1354,#1353,#615,.T.);
#1671=EDGE_CURVE('',#1355,#1333,#616,.T.);
#1672=EDGE_CURVE('',#1355,#1354,#617,.T.);
#1673=EDGE_CURVE('',#1355,#1335,#618,.T.);
#1674=EDGE_CURVE('',#1356,#1198,#619,.T.);
#1675=EDGE_CURVE('',#1357,#1199,#620,.T.);
#1676=EDGE_CURVE('',#1357,#1356,#621,.T.);
#1677=EDGE_CURVE('',#1356,#1337,#622,.T.);
#1678=EDGE_CURVE('',#1358,#1200,#623,.T.);
#1679=EDGE_CURVE('',#1359,#1201,#624,.T.);
#1680=EDGE_CURVE('',#1359,#1358,#625,.T.);
#1681=EDGE_CURVE('',#1358,#1357,#626,.T.);
#1682=EDGE_CURVE('',#1360,#1202,#627,.T.);
#1683=EDGE_CURVE('',#1360,#1203,#628,.T.);
#1684=EDGE_CURVE('',#1361,#1202,#629,.T.);
#1685=EDGE_CURVE('',#1360,#1361,#630,.T.);
#1686=EDGE_CURVE('',#1361,#1359,#631,.T.);
#1687=EDGE_CURVE('',#1338,#1360,#632,.T.);
#1688=EDGE_CURVE('',#1180,#1362,#633,.T.);
#1689=EDGE_CURVE('',#1362,#1363,#634,.T.);
#1690=EDGE_CURVE('',#1363,#1364,#635,.T.);
#1691=EDGE_CURVE('',#1364,#1365,#636,.T.);
#1692=EDGE_CURVE('',#1365,#1366,#637,.T.);
#1693=EDGE_CURVE('',#1366,#1367,#638,.T.);
#1694=EDGE_CURVE('',#1367,#1368,#639,.T.);
#1695=EDGE_CURVE('',#1368,#1193,#640,.T.);
#1696=EDGE_CURVE('',#1195,#1191,#641,.T.);
#1697=EDGE_CURVE('',#1369,#1192,#642,.T.);
#1698=EDGE_CURVE('',#1369,#1370,#643,.T.);
#1699=EDGE_CURVE('',#1370,#1194,#644,.T.);
#1700=EDGE_CURVE('',#1371,#1193,#645,.T.);
#1701=EDGE_CURVE('',#1371,#1368,#646,.T.);
#1702=EDGE_CURVE('',#1371,#1192,#647,.T.);
#1703=EDGE_CURVE('',#1369,#1371,#648,.T.);
#1704=EDGE_CURVE('',#1372,#1367,#649,.T.);
#1705=EDGE_CURVE('',#1371,#1372,#650,.T.);
#1706=EDGE_CURVE('',#1373,#1366,#651,.T.);
#1707=EDGE_CURVE('',#1372,#1373,#652,.T.);
#1708=EDGE_CURVE('',#1374,#1365,#653,.T.);
#1709=EDGE_CURVE('',#1373,#1374,#654,.T.);
#1710=EDGE_CURVE('',#1375,#1364,#655,.T.);
#1711=EDGE_CURVE('',#1374,#1375,#656,.T.);
#1712=EDGE_CURVE('',#1376,#1363,#657,.T.);
#1713=EDGE_CURVE('',#1375,#1376,#658,.T.);
#1714=EDGE_CURVE('',#1377,#1362,#659,.T.);
#1715=EDGE_CURVE('',#1376,#1377,#660,.T.);
#1716=EDGE_CURVE('',#1377,#1179,#661,.T.);
#1717=EDGE_CURVE('',#1378,#1185,#662,.T.);
#1718=EDGE_CURVE('',#1378,#1186,#663,.T.);
#1719=EDGE_CURVE('',#1378,#1312,#664,.T.);
#1720=EDGE_CURVE('',#1378,#1311,#665,.T.);
#1721=EDGE_CURVE('',#1379,#1311,#666,.T.);
#1722=EDGE_CURVE('',#1378,#1379,#667,.T.);
#1723=EDGE_CURVE('',#1380,#1311,#668,.T.);
#1724=EDGE_CURVE('',#1379,#1380,#669,.T.);
#1725=EDGE_CURVE('',#1380,#1310,#670,.T.);
#1726=EDGE_CURVE('',#1381,#1310,#671,.T.);
#1727=EDGE_CURVE('',#1381,#1380,#672,.T.);
#1728=EDGE_CURVE('',#1381,#1309,#673,.T.);
#1729=EDGE_CURVE('',#1382,#1309,#674,.T.);
#1730=EDGE_CURVE('',#1381,#1382,#675,.T.);
#1731=EDGE_CURVE('',#1382,#1383,#676,.T.);
#1732=EDGE_CURVE('',#1383,#1309,#677,.T.);
#1733=EDGE_CURVE('',#1383,#1308,#678,.T.);
#1734=EDGE_CURVE('',#1384,#1307,#679,.T.);
#1735=EDGE_CURVE('',#1383,#1384,#680,.T.);
#1736=EDGE_CURVE('',#1385,#1306,#681,.T.);
#1737=EDGE_CURVE('',#1384,#1385,#682,.T.);
#1738=EDGE_CURVE('',#1386,#1305,#683,.T.);
#1739=EDGE_CURVE('',#1385,#1386,#684,.T.);
#1740=EDGE_CURVE('',#1387,#1304,#685,.T.);
#1741=EDGE_CURVE('',#1386,#1387,#686,.T.);
#1742=EDGE_CURVE('',#1388,#1303,#687,.T.);
#1743=EDGE_CURVE('',#1387,#1388,#688,.T.);
#1744=EDGE_CURVE('',#1388,#1302,#689,.T.);
#1745=EDGE_CURVE('',#1389,#1302,#690,.T.);
#1746=EDGE_CURVE('',#1388,#1389,#691,.T.);
#1747=EDGE_CURVE('',#1390,#1301,#692,.T.);
#1748=EDGE_CURVE('',#1389,#1390,#693,.T.);
#1749=EDGE_CURVE('',#1391,#1315,#694,.T.);
#1750=EDGE_CURVE('',#1391,#1187,#695,.T.);
#1751=EDGE_CURVE('',#1392,#1314,#696,.T.);
#1752=EDGE_CURVE('',#1392,#1391,#697,.T.);
#1753=EDGE_CURVE('',#1393,#1394,#698,.T.);
#1754=EDGE_CURVE('',#1395,#1393,#699,.T.);
#1755=EDGE_CURVE('',#1396,#1395,#700,.T.);
#1756=EDGE_CURVE('',#1397,#1396,#701,.T.);
#1757=EDGE_CURVE('',#1398,#1397,#702,.T.);
#1758=EDGE_CURVE('',#1399,#1398,#703,.T.);
#1759=EDGE_CURVE('',#1400,#1399,#704,.T.);
#1760=EDGE_CURVE('',#1401,#1400,#705,.T.);
#1761=EDGE_CURVE('',#1402,#1401,#706,.T.);
#1762=EDGE_CURVE('',#1403,#1402,#707,.T.);
#1763=EDGE_CURVE('',#1404,#1403,#708,.T.);
#1764=EDGE_CURVE('',#1404,#1405,#709,.T.);
#1765=EDGE_CURVE('',#1406,#1405,#710,.T.);
#1766=EDGE_CURVE('',#1407,#1406,#711,.T.);
#1767=EDGE_CURVE('',#1408,#1407,#712,.T.);
#1768=EDGE_CURVE('',#1409,#1408,#713,.T.);
#1769=EDGE_CURVE('',#1410,#1409,#714,.T.);
#1770=EDGE_CURVE('',#1411,#1410,#715,.T.);
#1771=EDGE_CURVE('',#1412,#1411,#716,.T.);
#1772=EDGE_CURVE('',#1413,#1412,#717,.T.);
#1773=EDGE_CURVE('',#1414,#1413,#718,.T.);
#1774=EDGE_CURVE('',#1415,#1414,#719,.T.);
#1775=EDGE_CURVE('',#1394,#1415,#720,.T.);
#1776=EDGE_CURVE('',#1392,#1189,#721,.T.);
#1777=EDGE_CURVE('',#1182,#1313,#722,.T.);
#1778=EDGE_CURVE('',#1370,#1390,#723,.T.);
#1779=EDGE_CURVE('',#1405,#1290,#724,.T.);
#1780=EDGE_CURVE('',#1405,#1291,#725,.T.);
#1781=EDGE_CURVE('',#1404,#1291,#726,.T.);
#1782=EDGE_CURVE('',#1289,#1405,#727,.T.);
#1783=EDGE_CURVE('',#1406,#1289,#728,.T.);
#1784=EDGE_CURVE('',#1288,#1406,#729,.T.);
#1785=EDGE_CURVE('',#1407,#1288,#730,.T.);
#1786=EDGE_CURVE('',#1287,#1407,#731,.T.);
#1787=EDGE_CURVE('',#1408,#1287,#732,.T.);
#1788=EDGE_CURVE('',#1286,#1408,#733,.T.);
#1789=EDGE_CURVE('',#1286,#1409,#734,.T.);
#1790=EDGE_CURVE('',#1410,#1286,#735,.T.);
#1791=EDGE_CURVE('',#1285,#1410,#736,.T.);
#1792=EDGE_CURVE('',#1284,#1410,#737,.T.);
#1793=EDGE_CURVE('',#1284,#1411,#738,.T.);
#1794=EDGE_CURVE('',#1412,#1284,#739,.T.);
#1795=EDGE_CURVE('',#1283,#1412,#740,.T.);
#1796=EDGE_CURVE('',#1413,#1283,#741,.T.);
#1797=EDGE_CURVE('',#1282,#1413,#742,.T.);
#1798=EDGE_CURVE('',#1414,#1282,#743,.T.);
#1799=EDGE_CURVE('',#1281,#1414,#744,.T.);
#1800=EDGE_CURVE('',#1281,#1415,#745,.T.);
#1801=EDGE_CURVE('',#1394,#1281,#746,.T.);
#1802=EDGE_CURVE('',#1300,#1394,#747,.T.);
#1803=EDGE_CURVE('',#1393,#1300,#748,.T.);
#1804=EDGE_CURVE('',#1299,#1393,#749,.T.);
#1805=EDGE_CURVE('',#1395,#1299,#750,.T.);
#1806=EDGE_CURVE('',#1298,#1395,#751,.T.);
#1807=EDGE_CURVE('',#1396,#1298,#752,.T.);
#1808=EDGE_CURVE('',#1297,#1396,#753,.T.);
#1809=EDGE_CURVE('',#1297,#1397,#754,.T.);
#1810=EDGE_CURVE('',#1398,#1297,#755,.T.);
#1811=EDGE_CURVE('',#1296,#1398,#756,.T.);
#1812=EDGE_CURVE('',#1295,#1398,#757,.T.);
#1813=EDGE_CURVE('',#1399,#1295,#758,.T.);
#1814=EDGE_CURVE('',#1294,#1399,#759,.T.);
#1815=EDGE_CURVE('',#1293,#1399,#760,.T.);
#1816=EDGE_CURVE('',#1293,#1400,#761,.T.);
#1817=EDGE_CURVE('',#1401,#1293,#762,.T.);
#1818=EDGE_CURVE('',#1292,#1401,#763,.T.);
#1819=EDGE_CURVE('',#1402,#1292,#764,.T.);
#1820=EDGE_CURVE('',#1402,#1291,#765,.T.);
#1821=EDGE_CURVE('',#1403,#1291,#766,.T.);
#1822=ORIENTED_EDGE('',*,*,#1416,.T.);
#1823=ORIENTED_EDGE('',*,*,#1417,.F.);
#1824=ORIENTED_EDGE('',*,*,#1418,.T.);
#1825=ORIENTED_EDGE('',*,*,#1419,.T.);
#1826=ORIENTED_EDGE('',*,*,#1420,.T.);
#1827=ORIENTED_EDGE('',*,*,#1421,.F.);
#1828=ORIENTED_EDGE('',*,*,#1422,.T.);
#1829=ORIENTED_EDGE('',*,*,#1423,.T.);
#1830=ORIENTED_EDGE('',*,*,#1424,.T.);
#1831=ORIENTED_EDGE('',*,*,#1425,.T.);
#1832=ORIENTED_EDGE('',*,*,#1417,.T.);
#1833=ORIENTED_EDGE('',*,*,#1426,.T.);
#1834=ORIENTED_EDGE('',*,*,#1427,.F.);
#1835=ORIENTED_EDGE('',*,*,#1428,.T.);
#1836=ORIENTED_EDGE('',*,*,#1420,.F.);
#1837=ORIENTED_EDGE('',*,*,#1421,.T.);
#1838=ORIENTED_EDGE('',*,*,#1428,.F.);
#1839=ORIENTED_EDGE('',*,*,#1429,.F.);
#1840=ORIENTED_EDGE('',*,*,#1430,.T.);
#1841=ORIENTED_EDGE('',*,*,#1431,.F.);
#1842=ORIENTED_EDGE('',*,*,#1432,.F.);
#1843=ORIENTED_EDGE('',*,*,#1433,.F.);
#1844=ORIENTED_EDGE('',*,*,#1434,.F.);
#1845=ORIENTED_EDGE('',*,*,#1435,.T.);
#1846=ORIENTED_EDGE('',*,*,#1436,.T.);
#1847=ORIENTED_EDGE('',*,*,#1437,.T.);
#1848=ORIENTED_EDGE('',*,*,#1438,.T.);
#1849=ORIENTED_EDGE('',*,*,#1418,.F.);
#1850=ORIENTED_EDGE('',*,*,#1425,.F.);
#1851=ORIENTED_EDGE('',*,*,#1439,.F.);
#1852=ORIENTED_EDGE('',*,*,#1440,.F.);
#1853=ORIENTED_EDGE('',*,*,#1441,.F.);
#1854=ORIENTED_EDGE('',*,*,#1442,.T.);
#1855=ORIENTED_EDGE('',*,*,#1443,.T.);
#1856=ORIENTED_EDGE('',*,*,#1444,.F.);
#1857=ORIENTED_EDGE('',*,*,#1445,.F.);
#1858=ORIENTED_EDGE('',*,*,#1446,.T.);
#1859=ORIENTED_EDGE('',*,*,#1444,.T.);
#1860=ORIENTED_EDGE('',*,*,#1447,.F.);
#1861=ORIENTED_EDGE('',*,*,#1448,.F.);
#1862=ORIENTED_EDGE('',*,*,#1447,.T.);
#1863=ORIENTED_EDGE('',*,*,#1449,.F.);
#1864=ORIENTED_EDGE('',*,*,#1450,.T.);
#1865=ORIENTED_EDGE('',*,*,#1449,.T.);
#1866=ORIENTED_EDGE('',*,*,#1451,.F.);
#1867=ORIENTED_EDGE('',*,*,#1452,.F.);
#1868=ORIENTED_EDGE('',*,*,#1451,.T.);
#1869=ORIENTED_EDGE('',*,*,#1453,.F.);
#1870=ORIENTED_EDGE('',*,*,#1454,.T.);
#1871=ORIENTED_EDGE('',*,*,#1453,.T.);
#1872=ORIENTED_EDGE('',*,*,#1455,.F.);
#1873=ORIENTED_EDGE('',*,*,#1456,.F.);
#1874=ORIENTED_EDGE('',*,*,#1455,.T.);
#1875=ORIENTED_EDGE('',*,*,#1457,.T.);
#1876=ORIENTED_EDGE('',*,*,#1458,.T.);
#1877=ORIENTED_EDGE('',*,*,#1459,.T.);
#1878=ORIENTED_EDGE('',*,*,#1443,.F.);
#1879=ORIENTED_EDGE('',*,*,#1460,.F.);
#1880=ORIENTED_EDGE('',*,*,#1461,.F.);
#1881=ORIENTED_EDGE('',*,*,#1456,.T.);
#1882=ORIENTED_EDGE('',*,*,#1462,.F.);
#1883=ORIENTED_EDGE('',*,*,#1463,.F.);
#1884=ORIENTED_EDGE('',*,*,#1464,.T.);
#1885=ORIENTED_EDGE('',*,*,#1465,.F.);
#1886=ORIENTED_EDGE('',*,*,#1466,.F.);
#1887=ORIENTED_EDGE('',*,*,#1467,.F.);
#1888=ORIENTED_EDGE('',*,*,#1462,.T.);
#1889=ORIENTED_EDGE('',*,*,#1468,.F.);
#1890=ORIENTED_EDGE('',*,*,#1469,.F.);
#1891=ORIENTED_EDGE('',*,*,#1470,.F.);
#1892=ORIENTED_EDGE('',*,*,#1466,.T.);
#1893=ORIENTED_EDGE('',*,*,#1471,.F.);
#1894=ORIENTED_EDGE('',*,*,#1472,.F.);
#1895=ORIENTED_EDGE('',*,*,#1473,.F.);
#1896=ORIENTED_EDGE('',*,*,#1469,.T.);
#1897=ORIENTED_EDGE('',*,*,#1474,.F.);
#1898=ORIENTED_EDGE('',*,*,#1475,.F.);
#1899=ORIENTED_EDGE('',*,*,#1476,.F.);
#1900=ORIENTED_EDGE('',*,*,#1472,.T.);
#1901=ORIENTED_EDGE('',*,*,#1477,.F.);
#1902=ORIENTED_EDGE('',*,*,#1478,.F.);
#1903=ORIENTED_EDGE('',*,*,#1479,.F.);
#1904=ORIENTED_EDGE('',*,*,#1475,.T.);
#1905=ORIENTED_EDGE('',*,*,#1480,.F.);
#1906=ORIENTED_EDGE('',*,*,#1481,.F.);
#1907=ORIENTED_EDGE('',*,*,#1482,.F.);
#1908=ORIENTED_EDGE('',*,*,#1478,.T.);
#1909=ORIENTED_EDGE('',*,*,#1483,.F.);
#1910=ORIENTED_EDGE('',*,*,#1484,.F.);
#1911=ORIENTED_EDGE('',*,*,#1485,.T.);
#1912=ORIENTED_EDGE('',*,*,#1481,.T.);
#1913=ORIENTED_EDGE('',*,*,#1486,.F.);
#1914=ORIENTED_EDGE('',*,*,#1487,.F.);
#1915=ORIENTED_EDGE('',*,*,#1488,.T.);
#1916=ORIENTED_EDGE('',*,*,#1484,.T.);
#1917=ORIENTED_EDGE('',*,*,#1489,.F.);
#1918=ORIENTED_EDGE('',*,*,#1490,.F.);
#1919=ORIENTED_EDGE('',*,*,#1491,.T.);
#1920=ORIENTED_EDGE('',*,*,#1487,.T.);
#1921=ORIENTED_EDGE('',*,*,#1492,.F.);
#1922=ORIENTED_EDGE('',*,*,#1493,.F.);
#1923=ORIENTED_EDGE('',*,*,#1494,.F.);
#1924=ORIENTED_EDGE('',*,*,#1490,.T.);
#1925=ORIENTED_EDGE('',*,*,#1495,.F.);
#1926=ORIENTED_EDGE('',*,*,#1496,.F.);
#1927=ORIENTED_EDGE('',*,*,#1497,.F.);
#1928=ORIENTED_EDGE('',*,*,#1493,.T.);
#1929=ORIENTED_EDGE('',*,*,#1498,.F.);
#1930=ORIENTED_EDGE('',*,*,#1499,.F.);
#1931=ORIENTED_EDGE('',*,*,#1500,.T.);
#1932=ORIENTED_EDGE('',*,*,#1496,.T.);
#1933=ORIENTED_EDGE('',*,*,#1501,.F.);
#1934=ORIENTED_EDGE('',*,*,#1502,.F.);
#1935=ORIENTED_EDGE('',*,*,#1503,.T.);
#1936=ORIENTED_EDGE('',*,*,#1499,.T.);
#1937=ORIENTED_EDGE('',*,*,#1504,.F.);
#1938=ORIENTED_EDGE('',*,*,#1505,.F.);
#1939=ORIENTED_EDGE('',*,*,#1506,.T.);
#1940=ORIENTED_EDGE('',*,*,#1502,.T.);
#1941=ORIENTED_EDGE('',*,*,#1507,.F.);
#1942=ORIENTED_EDGE('',*,*,#1508,.F.);
#1943=ORIENTED_EDGE('',*,*,#1509,.F.);
#1944=ORIENTED_EDGE('',*,*,#1505,.T.);
#1945=ORIENTED_EDGE('',*,*,#1510,.F.);
#1946=ORIENTED_EDGE('',*,*,#1511,.F.);
#1947=ORIENTED_EDGE('',*,*,#1512,.F.);
#1948=ORIENTED_EDGE('',*,*,#1508,.T.);
#1949=ORIENTED_EDGE('',*,*,#1513,.F.);
#1950=ORIENTED_EDGE('',*,*,#1514,.F.);
#1951=ORIENTED_EDGE('',*,*,#1515,.F.);
#1952=ORIENTED_EDGE('',*,*,#1511,.T.);
#1953=ORIENTED_EDGE('',*,*,#1516,.F.);
#1954=ORIENTED_EDGE('',*,*,#1517,.F.);
#1955=ORIENTED_EDGE('',*,*,#1518,.T.);
#1956=ORIENTED_EDGE('',*,*,#1514,.T.);
#1957=ORIENTED_EDGE('',*,*,#1519,.F.);
#1958=ORIENTED_EDGE('',*,*,#1520,.F.);
#1959=ORIENTED_EDGE('',*,*,#1521,.F.);
#1960=ORIENTED_EDGE('',*,*,#1517,.T.);
#1961=ORIENTED_EDGE('',*,*,#1522,.F.);
#1962=ORIENTED_EDGE('',*,*,#1523,.F.);
#1963=ORIENTED_EDGE('',*,*,#1524,.F.);
#1964=ORIENTED_EDGE('',*,*,#1520,.T.);
#1965=ORIENTED_EDGE('',*,*,#1525,.F.);
#1966=ORIENTED_EDGE('',*,*,#1526,.F.);
#1967=ORIENTED_EDGE('',*,*,#1527,.F.);
#1968=ORIENTED_EDGE('',*,*,#1523,.T.);
#1969=ORIENTED_EDGE('',*,*,#1528,.F.);
#1970=ORIENTED_EDGE('',*,*,#1529,.F.);
#1971=ORIENTED_EDGE('',*,*,#1530,.F.);
#1972=ORIENTED_EDGE('',*,*,#1526,.T.);
#1973=ORIENTED_EDGE('',*,*,#1531,.F.);
#1974=ORIENTED_EDGE('',*,*,#1532,.F.);
#1975=ORIENTED_EDGE('',*,*,#1533,.F.);
#1976=ORIENTED_EDGE('',*,*,#1529,.T.);
#1977=ORIENTED_EDGE('',*,*,#1534,.F.);
#1978=ORIENTED_EDGE('',*,*,#1535,.F.);
#1979=ORIENTED_EDGE('',*,*,#1536,.F.);
#1980=ORIENTED_EDGE('',*,*,#1532,.T.);
#1981=ORIENTED_EDGE('',*,*,#1537,.F.);
#1982=ORIENTED_EDGE('',*,*,#1538,.F.);
#1983=ORIENTED_EDGE('',*,*,#1539,.T.);
#1984=ORIENTED_EDGE('',*,*,#1535,.T.);
#1985=ORIENTED_EDGE('',*,*,#1540,.F.);
#1986=ORIENTED_EDGE('',*,*,#1541,.F.);
#1987=ORIENTED_EDGE('',*,*,#1542,.F.);
#1988=ORIENTED_EDGE('',*,*,#1538,.T.);
#1989=ORIENTED_EDGE('',*,*,#1543,.T.);
#1990=ORIENTED_EDGE('',*,*,#1544,.F.);
#1991=ORIENTED_EDGE('',*,*,#1545,.T.);
#1992=ORIENTED_EDGE('',*,*,#1541,.T.);
#1993=ORIENTED_EDGE('',*,*,#1546,.F.);
#1994=ORIENTED_EDGE('',*,*,#1547,.F.);
#1995=ORIENTED_EDGE('',*,*,#1548,.F.);
#1996=ORIENTED_EDGE('',*,*,#1544,.T.);
#1997=ORIENTED_EDGE('',*,*,#1549,.F.);
#1998=ORIENTED_EDGE('',*,*,#1550,.F.);
#1999=ORIENTED_EDGE('',*,*,#1551,.F.);
#2000=ORIENTED_EDGE('',*,*,#1547,.T.);
#2001=ORIENTED_EDGE('',*,*,#1552,.F.);
#2002=ORIENTED_EDGE('',*,*,#1553,.F.);
#2003=ORIENTED_EDGE('',*,*,#1554,.F.);
#2004=ORIENTED_EDGE('',*,*,#1550,.T.);
#2005=ORIENTED_EDGE('',*,*,#1555,.F.);
#2006=ORIENTED_EDGE('',*,*,#1556,.F.);
#2007=ORIENTED_EDGE('',*,*,#1557,.F.);
#2008=ORIENTED_EDGE('',*,*,#1553,.T.);
#2009=ORIENTED_EDGE('',*,*,#1558,.F.);
#2010=ORIENTED_EDGE('',*,*,#1559,.F.);
#2011=ORIENTED_EDGE('',*,*,#1560,.F.);
#2012=ORIENTED_EDGE('',*,*,#1556,.T.);
#2013=ORIENTED_EDGE('',*,*,#1561,.F.);
#2014=ORIENTED_EDGE('',*,*,#1562,.F.);
#2015=ORIENTED_EDGE('',*,*,#1563,.F.);
#2016=ORIENTED_EDGE('',*,*,#1559,.T.);
#2017=ORIENTED_EDGE('',*,*,#1564,.F.);
#2018=ORIENTED_EDGE('',*,*,#1565,.F.);
#2019=ORIENTED_EDGE('',*,*,#1566,.F.);
#2020=ORIENTED_EDGE('',*,*,#1562,.T.);
#2021=ORIENTED_EDGE('',*,*,#1567,.F.);
#2022=ORIENTED_EDGE('',*,*,#1568,.F.);
#2023=ORIENTED_EDGE('',*,*,#1569,.F.);
#2024=ORIENTED_EDGE('',*,*,#1565,.T.);
#2025=ORIENTED_EDGE('',*,*,#1570,.F.);
#2026=ORIENTED_EDGE('',*,*,#1568,.T.);
#2027=ORIENTED_EDGE('',*,*,#1571,.F.);
#2028=ORIENTED_EDGE('',*,*,#1464,.F.);
#2029=ORIENTED_EDGE('',*,*,#1572,.T.);
#2030=ORIENTED_EDGE('',*,*,#1537,.T.);
#2031=ORIENTED_EDGE('',*,*,#1534,.T.);
#2032=ORIENTED_EDGE('',*,*,#1531,.T.);
#2033=ORIENTED_EDGE('',*,*,#1528,.T.);
#2034=ORIENTED_EDGE('',*,*,#1525,.T.);
#2035=ORIENTED_EDGE('',*,*,#1522,.T.);
#2036=ORIENTED_EDGE('',*,*,#1519,.T.);
#2037=ORIENTED_EDGE('',*,*,#1516,.T.);
#2038=ORIENTED_EDGE('',*,*,#1513,.T.);
#2039=ORIENTED_EDGE('',*,*,#1510,.T.);
#2040=ORIENTED_EDGE('',*,*,#1507,.T.);
#2041=ORIENTED_EDGE('',*,*,#1504,.T.);
#2042=ORIENTED_EDGE('',*,*,#1501,.T.);
#2043=ORIENTED_EDGE('',*,*,#1498,.T.);
#2044=ORIENTED_EDGE('',*,*,#1495,.T.);
#2045=ORIENTED_EDGE('',*,*,#1492,.T.);
#2046=ORIENTED_EDGE('',*,*,#1489,.T.);
#2047=ORIENTED_EDGE('',*,*,#1486,.T.);
#2048=ORIENTED_EDGE('',*,*,#1483,.T.);
#2049=ORIENTED_EDGE('',*,*,#1480,.T.);
#2050=ORIENTED_EDGE('',*,*,#1477,.T.);
#2051=ORIENTED_EDGE('',*,*,#1474,.T.);
#2052=ORIENTED_EDGE('',*,*,#1471,.T.);
#2053=ORIENTED_EDGE('',*,*,#1468,.T.);
#2054=ORIENTED_EDGE('',*,*,#1465,.T.);
#2055=ORIENTED_EDGE('',*,*,#1571,.T.);
#2056=ORIENTED_EDGE('',*,*,#1570,.T.);
#2057=ORIENTED_EDGE('',*,*,#1567,.T.);
#2058=ORIENTED_EDGE('',*,*,#1564,.T.);
#2059=ORIENTED_EDGE('',*,*,#1561,.T.);
#2060=ORIENTED_EDGE('',*,*,#1558,.T.);
#2061=ORIENTED_EDGE('',*,*,#1555,.T.);
#2062=ORIENTED_EDGE('',*,*,#1552,.T.);
#2063=ORIENTED_EDGE('',*,*,#1549,.T.);
#2064=ORIENTED_EDGE('',*,*,#1546,.T.);
#2065=ORIENTED_EDGE('',*,*,#1543,.F.);
#2066=ORIENTED_EDGE('',*,*,#1540,.T.);
#2067=ORIENTED_EDGE('',*,*,#1573,.T.);
#2068=ORIENTED_EDGE('',*,*,#1574,.T.);
#2069=ORIENTED_EDGE('',*,*,#1575,.T.);
#2070=ORIENTED_EDGE('',*,*,#1576,.T.);
#2071=ORIENTED_EDGE('',*,*,#1577,.T.);
#2072=ORIENTED_EDGE('',*,*,#1578,.T.);
#2073=ORIENTED_EDGE('',*,*,#1579,.T.);
#2074=ORIENTED_EDGE('',*,*,#1580,.T.);
#2075=ORIENTED_EDGE('',*,*,#1581,.T.);
#2076=ORIENTED_EDGE('',*,*,#1582,.T.);
#2077=ORIENTED_EDGE('',*,*,#1583,.F.);
#2078=ORIENTED_EDGE('',*,*,#1584,.T.);
#2079=ORIENTED_EDGE('',*,*,#1585,.T.);
#2080=ORIENTED_EDGE('',*,*,#1586,.T.);
#2081=ORIENTED_EDGE('',*,*,#1587,.T.);
#2082=ORIENTED_EDGE('',*,*,#1588,.T.);
#2083=ORIENTED_EDGE('',*,*,#1589,.T.);
#2084=ORIENTED_EDGE('',*,*,#1590,.T.);
#2085=ORIENTED_EDGE('',*,*,#1591,.T.);
#2086=ORIENTED_EDGE('',*,*,#1592,.T.);
#2087=ORIENTED_EDGE('',*,*,#1593,.T.);
#2088=ORIENTED_EDGE('',*,*,#1594,.T.);
#2089=ORIENTED_EDGE('',*,*,#1595,.T.);
#2090=ORIENTED_EDGE('',*,*,#1596,.T.);
#2091=ORIENTED_EDGE('',*,*,#1597,.T.);
#2092=ORIENTED_EDGE('',*,*,#1598,.T.);
#2093=ORIENTED_EDGE('',*,*,#1599,.T.);
#2094=ORIENTED_EDGE('',*,*,#1600,.T.);
#2095=ORIENTED_EDGE('',*,*,#1601,.T.);
#2096=ORIENTED_EDGE('',*,*,#1602,.T.);
#2097=ORIENTED_EDGE('',*,*,#1603,.T.);
#2098=ORIENTED_EDGE('',*,*,#1604,.F.);
#2099=ORIENTED_EDGE('',*,*,#1430,.F.);
#2100=ORIENTED_EDGE('',*,*,#1605,.T.);
#2101=ORIENTED_EDGE('',*,*,#1606,.T.);
#2102=ORIENTED_EDGE('',*,*,#1607,.T.);
#2103=ORIENTED_EDGE('',*,*,#1608,.F.);
#2104=ORIENTED_EDGE('',*,*,#1436,.F.);
#2105=ORIENTED_EDGE('',*,*,#1609,.T.);
#2106=ORIENTED_EDGE('',*,*,#1610,.T.);
#2107=ORIENTED_EDGE('',*,*,#1611,.T.);
#2108=ORIENTED_EDGE('',*,*,#1612,.T.);
#2109=ORIENTED_EDGE('',*,*,#1613,.T.);
#2110=ORIENTED_EDGE('',*,*,#1614,.T.);
#2111=ORIENTED_EDGE('',*,*,#1615,.T.);
#2112=ORIENTED_EDGE('',*,*,#1616,.T.);
#2113=ORIENTED_EDGE('',*,*,#1617,.T.);
#2114=ORIENTED_EDGE('',*,*,#1618,.T.);
#2115=ORIENTED_EDGE('',*,*,#1619,.T.);
#2116=ORIENTED_EDGE('',*,*,#1620,.T.);
#2117=ORIENTED_EDGE('',*,*,#1621,.T.);
#2118=ORIENTED_EDGE('',*,*,#1622,.T.);
#2119=ORIENTED_EDGE('',*,*,#1623,.T.);
#2120=ORIENTED_EDGE('',*,*,#1624,.T.);
#2121=ORIENTED_EDGE('',*,*,#1625,.T.);
#2122=ORIENTED_EDGE('',*,*,#1460,.T.);
#2123=ORIENTED_EDGE('',*,*,#1457,.F.);
#2124=ORIENTED_EDGE('',*,*,#1626,.F.);
#2125=ORIENTED_EDGE('',*,*,#1627,.T.);
#2126=ORIENTED_EDGE('',*,*,#1628,.T.);
#2127=ORIENTED_EDGE('',*,*,#1629,.T.);
#2128=ORIENTED_EDGE('',*,*,#1630,.F.);
#2129=ORIENTED_EDGE('',*,*,#1631,.T.);
#2130=ORIENTED_EDGE('',*,*,#1626,.T.);
#2131=ORIENTED_EDGE('',*,*,#1459,.F.);
#2132=ORIENTED_EDGE('',*,*,#1632,.F.);
#2133=ORIENTED_EDGE('',*,*,#1630,.T.);
#2134=ORIENTED_EDGE('',*,*,#1633,.F.);
#2135=ORIENTED_EDGE('',*,*,#1632,.T.);
#2136=ORIENTED_EDGE('',*,*,#1634,.F.);
#2137=ORIENTED_EDGE('',*,*,#1635,.F.);
#2138=ORIENTED_EDGE('',*,*,#1636,.F.);
#2139=ORIENTED_EDGE('',*,*,#1634,.T.);
#2140=ORIENTED_EDGE('',*,*,#1458,.F.);
#2141=ORIENTED_EDGE('',*,*,#1637,.F.);
#2142=ORIENTED_EDGE('',*,*,#1638,.T.);
#2143=ORIENTED_EDGE('',*,*,#1461,.T.);
#2144=ORIENTED_EDGE('',*,*,#1625,.F.);
#2145=ORIENTED_EDGE('',*,*,#1639,.F.);
#2146=ORIENTED_EDGE('',*,*,#1640,.T.);
#2147=ORIENTED_EDGE('',*,*,#1637,.T.);
#2148=ORIENTED_EDGE('',*,*,#1624,.F.);
#2149=ORIENTED_EDGE('',*,*,#1641,.F.);
#2150=ORIENTED_EDGE('',*,*,#1642,.F.);
#2151=ORIENTED_EDGE('',*,*,#1639,.T.);
#2152=ORIENTED_EDGE('',*,*,#1623,.F.);
#2153=ORIENTED_EDGE('',*,*,#1643,.F.);
#2154=ORIENTED_EDGE('',*,*,#1644,.F.);
#2155=ORIENTED_EDGE('',*,*,#1641,.T.);
#2156=ORIENTED_EDGE('',*,*,#1622,.F.);
#2157=ORIENTED_EDGE('',*,*,#1645,.F.);
#2158=ORIENTED_EDGE('',*,*,#1646,.F.);
#2159=ORIENTED_EDGE('',*,*,#1643,.T.);
#2160=ORIENTED_EDGE('',*,*,#1621,.F.);
#2161=ORIENTED_EDGE('',*,*,#1647,.F.);
#2162=ORIENTED_EDGE('',*,*,#1648,.F.);
#2163=ORIENTED_EDGE('',*,*,#1645,.T.);
#2164=ORIENTED_EDGE('',*,*,#1620,.F.);
#2165=ORIENTED_EDGE('',*,*,#1649,.F.);
#2166=ORIENTED_EDGE('',*,*,#1650,.F.);
#2167=ORIENTED_EDGE('',*,*,#1647,.T.);
#2168=ORIENTED_EDGE('',*,*,#1619,.F.);
#2169=ORIENTED_EDGE('',*,*,#1651,.F.);
#2170=ORIENTED_EDGE('',*,*,#1652,.F.);
#2171=ORIENTED_EDGE('',*,*,#1649,.T.);
#2172=ORIENTED_EDGE('',*,*,#1618,.F.);
#2173=ORIENTED_EDGE('',*,*,#1653,.F.);
#2174=ORIENTED_EDGE('',*,*,#1654,.F.);
#2175=ORIENTED_EDGE('',*,*,#1651,.T.);
#2176=ORIENTED_EDGE('',*,*,#1617,.F.);
#2177=ORIENTED_EDGE('',*,*,#1655,.F.);
#2178=ORIENTED_EDGE('',*,*,#1656,.F.);
#2179=ORIENTED_EDGE('',*,*,#1653,.T.);
#2180=ORIENTED_EDGE('',*,*,#1616,.F.);
#2181=ORIENTED_EDGE('',*,*,#1657,.F.);
#2182=ORIENTED_EDGE('',*,*,#1658,.F.);
#2183=ORIENTED_EDGE('',*,*,#1655,.T.);
#2184=ORIENTED_EDGE('',*,*,#1615,.F.);
#2185=ORIENTED_EDGE('',*,*,#1659,.F.);
#2186=ORIENTED_EDGE('',*,*,#1660,.T.);
#2187=ORIENTED_EDGE('',*,*,#1657,.T.);
#2188=ORIENTED_EDGE('',*,*,#1614,.F.);
#2189=ORIENTED_EDGE('',*,*,#1661,.F.);
#2190=ORIENTED_EDGE('',*,*,#1662,.T.);
#2191=ORIENTED_EDGE('',*,*,#1659,.T.);
#2192=ORIENTED_EDGE('',*,*,#1613,.F.);
#2193=ORIENTED_EDGE('',*,*,#1663,.F.);
#2194=ORIENTED_EDGE('',*,*,#1664,.T.);
#2195=ORIENTED_EDGE('',*,*,#1661,.T.);
#2196=ORIENTED_EDGE('',*,*,#1612,.F.);
#2197=ORIENTED_EDGE('',*,*,#1665,.F.);
#2198=ORIENTED_EDGE('',*,*,#1666,.T.);
#2199=ORIENTED_EDGE('',*,*,#1663,.T.);
#2200=ORIENTED_EDGE('',*,*,#1611,.F.);
#2201=ORIENTED_EDGE('',*,*,#1667,.F.);
#2202=ORIENTED_EDGE('',*,*,#1668,.T.);
#2203=ORIENTED_EDGE('',*,*,#1665,.T.);
#2204=ORIENTED_EDGE('',*,*,#1610,.F.);
#2205=ORIENTED_EDGE('',*,*,#1669,.F.);
#2206=ORIENTED_EDGE('',*,*,#1670,.T.);
#2207=ORIENTED_EDGE('',*,*,#1667,.T.);
#2208=ORIENTED_EDGE('',*,*,#1629,.F.);
#2209=ORIENTED_EDGE('',*,*,#1671,.F.);
#2210=ORIENTED_EDGE('',*,*,#1672,.T.);
#2211=ORIENTED_EDGE('',*,*,#1669,.T.);
#2212=ORIENTED_EDGE('',*,*,#1628,.F.);
#2213=ORIENTED_EDGE('',*,*,#1631,.F.);
#2214=ORIENTED_EDGE('',*,*,#1673,.F.);
#2215=ORIENTED_EDGE('',*,*,#1671,.T.);
#2216=ORIENTED_EDGE('',*,*,#1627,.F.);
#2217=ORIENTED_EDGE('',*,*,#1674,.T.);
#2218=ORIENTED_EDGE('',*,*,#1446,.F.);
#2219=ORIENTED_EDGE('',*,*,#1675,.F.);
#2220=ORIENTED_EDGE('',*,*,#1676,.T.);
#2221=ORIENTED_EDGE('',*,*,#1677,.T.);
#2222=ORIENTED_EDGE('',*,*,#1635,.T.);
#2223=ORIENTED_EDGE('',*,*,#1445,.T.);
#2224=ORIENTED_EDGE('',*,*,#1674,.F.);
#2225=ORIENTED_EDGE('',*,*,#1678,.T.);
#2226=ORIENTED_EDGE('',*,*,#1450,.F.);
#2227=ORIENTED_EDGE('',*,*,#1679,.F.);
#2228=ORIENTED_EDGE('',*,*,#1680,.T.);
#2229=ORIENTED_EDGE('',*,*,#1681,.T.);
#2230=ORIENTED_EDGE('',*,*,#1675,.T.);
#2231=ORIENTED_EDGE('',*,*,#1448,.T.);
#2232=ORIENTED_EDGE('',*,*,#1678,.F.);
#2233=ORIENTED_EDGE('',*,*,#1682,.T.);
#2234=ORIENTED_EDGE('',*,*,#1454,.F.);
#2235=ORIENTED_EDGE('',*,*,#1683,.F.);
#2236=ORIENTED_EDGE('',*,*,#1684,.T.);
#2237=ORIENTED_EDGE('',*,*,#1682,.F.);
#2238=ORIENTED_EDGE('',*,*,#1685,.T.);
#2239=ORIENTED_EDGE('',*,*,#1686,.T.);
#2240=ORIENTED_EDGE('',*,*,#1679,.T.);
#2241=ORIENTED_EDGE('',*,*,#1452,.T.);
#2242=ORIENTED_EDGE('',*,*,#1684,.F.);
#2243=ORIENTED_EDGE('',*,*,#1683,.T.);
#2244=ORIENTED_EDGE('',*,*,#1638,.F.);
#2245=ORIENTED_EDGE('',*,*,#1687,.T.);
#2246=ORIENTED_EDGE('',*,*,#1424,.F.);
#2247=ORIENTED_EDGE('',*,*,#1688,.T.);
#2248=ORIENTED_EDGE('',*,*,#1689,.T.);
#2249=ORIENTED_EDGE('',*,*,#1690,.T.);
#2250=ORIENTED_EDGE('',*,*,#1691,.T.);
#2251=ORIENTED_EDGE('',*,*,#1692,.T.);
#2252=ORIENTED_EDGE('',*,*,#1693,.T.);
#2253=ORIENTED_EDGE('',*,*,#1694,.T.);
#2254=ORIENTED_EDGE('',*,*,#1695,.T.);
#2255=ORIENTED_EDGE('',*,*,#1442,.F.);
#2256=ORIENTED_EDGE('',*,*,#1696,.T.);
#2257=ORIENTED_EDGE('',*,*,#1437,.F.);
#2258=ORIENTED_EDGE('',*,*,#1697,.F.);
#2259=ORIENTED_EDGE('',*,*,#1698,.T.);
#2260=ORIENTED_EDGE('',*,*,#1699,.T.);
#2261=ORIENTED_EDGE('',*,*,#1440,.T.);
#2262=ORIENTED_EDGE('',*,*,#1700,.T.);
#2263=ORIENTED_EDGE('',*,*,#1695,.F.);
#2264=ORIENTED_EDGE('',*,*,#1701,.F.);
#2265=ORIENTED_EDGE('',*,*,#1702,.T.);
#2266=ORIENTED_EDGE('',*,*,#1439,.T.);
#2267=ORIENTED_EDGE('',*,*,#1700,.F.);
#2268=ORIENTED_EDGE('',*,*,#1697,.T.);
#2269=ORIENTED_EDGE('',*,*,#1702,.F.);
#2270=ORIENTED_EDGE('',*,*,#1703,.F.);
#2271=ORIENTED_EDGE('',*,*,#1704,.F.);
#2272=ORIENTED_EDGE('',*,*,#1705,.F.);
#2273=ORIENTED_EDGE('',*,*,#1701,.T.);
#2274=ORIENTED_EDGE('',*,*,#1694,.F.);
#2275=ORIENTED_EDGE('',*,*,#1706,.F.);
#2276=ORIENTED_EDGE('',*,*,#1707,.F.);
#2277=ORIENTED_EDGE('',*,*,#1704,.T.);
#2278=ORIENTED_EDGE('',*,*,#1693,.F.);
#2279=ORIENTED_EDGE('',*,*,#1708,.F.);
#2280=ORIENTED_EDGE('',*,*,#1709,.F.);
#2281=ORIENTED_EDGE('',*,*,#1706,.T.);
#2282=ORIENTED_EDGE('',*,*,#1692,.F.);
#2283=ORIENTED_EDGE('',*,*,#1710,.F.);
#2284=ORIENTED_EDGE('',*,*,#1711,.F.);
#2285=ORIENTED_EDGE('',*,*,#1708,.T.);
#2286=ORIENTED_EDGE('',*,*,#1691,.F.);
#2287=ORIENTED_EDGE('',*,*,#1712,.F.);
#2288=ORIENTED_EDGE('',*,*,#1713,.F.);
#2289=ORIENTED_EDGE('',*,*,#1710,.T.);
#2290=ORIENTED_EDGE('',*,*,#1690,.F.);
#2291=ORIENTED_EDGE('',*,*,#1714,.F.);
#2292=ORIENTED_EDGE('',*,*,#1715,.F.);
#2293=ORIENTED_EDGE('',*,*,#1712,.T.);
#2294=ORIENTED_EDGE('',*,*,#1689,.F.);
#2295=ORIENTED_EDGE('',*,*,#1423,.F.);
#2296=ORIENTED_EDGE('',*,*,#1716,.F.);
#2297=ORIENTED_EDGE('',*,*,#1714,.T.);
#2298=ORIENTED_EDGE('',*,*,#1688,.F.);
#2299=ORIENTED_EDGE('',*,*,#1717,.F.);
#2300=ORIENTED_EDGE('',*,*,#1718,.T.);
#2301=ORIENTED_EDGE('',*,*,#1431,.T.);
#2302=ORIENTED_EDGE('',*,*,#1719,.F.);
#2303=ORIENTED_EDGE('',*,*,#1717,.T.);
#2304=ORIENTED_EDGE('',*,*,#1604,.T.);
#2305=ORIENTED_EDGE('',*,*,#1720,.F.);
#2306=ORIENTED_EDGE('',*,*,#1719,.T.);
#2307=ORIENTED_EDGE('',*,*,#1603,.F.);
#2308=ORIENTED_EDGE('',*,*,#1721,.F.);
#2309=ORIENTED_EDGE('',*,*,#1722,.F.);
#2310=ORIENTED_EDGE('',*,*,#1720,.T.);
#2311=ORIENTED_EDGE('',*,*,#1723,.F.);
#2312=ORIENTED_EDGE('',*,*,#1724,.F.);
#2313=ORIENTED_EDGE('',*,*,#1721,.T.);
#2314=ORIENTED_EDGE('',*,*,#1725,.F.);
#2315=ORIENTED_EDGE('',*,*,#1723,.T.);
#2316=ORIENTED_EDGE('',*,*,#1602,.F.);
#2317=ORIENTED_EDGE('',*,*,#1726,.F.);
#2318=ORIENTED_EDGE('',*,*,#1727,.T.);
#2319=ORIENTED_EDGE('',*,*,#1725,.T.);
#2320=ORIENTED_EDGE('',*,*,#1728,.F.);
#2321=ORIENTED_EDGE('',*,*,#1726,.T.);
#2322=ORIENTED_EDGE('',*,*,#1601,.F.);
#2323=ORIENTED_EDGE('',*,*,#1729,.F.);
#2324=ORIENTED_EDGE('',*,*,#1730,.F.);
#2325=ORIENTED_EDGE('',*,*,#1728,.T.);
#2326=ORIENTED_EDGE('',*,*,#1731,.F.);
#2327=ORIENTED_EDGE('',*,*,#1729,.T.);
#2328=ORIENTED_EDGE('',*,*,#1732,.F.);
#2329=ORIENTED_EDGE('',*,*,#1733,.F.);
#2330=ORIENTED_EDGE('',*,*,#1732,.T.);
#2331=ORIENTED_EDGE('',*,*,#1600,.F.);
#2332=ORIENTED_EDGE('',*,*,#1734,.F.);
#2333=ORIENTED_EDGE('',*,*,#1735,.F.);
#2334=ORIENTED_EDGE('',*,*,#1733,.T.);
#2335=ORIENTED_EDGE('',*,*,#1599,.F.);
#2336=ORIENTED_EDGE('',*,*,#1736,.F.);
#2337=ORIENTED_EDGE('',*,*,#1737,.F.);
#2338=ORIENTED_EDGE('',*,*,#1734,.T.);
#2339=ORIENTED_EDGE('',*,*,#1598,.F.);
#2340=ORIENTED_EDGE('',*,*,#1738,.F.);
#2341=ORIENTED_EDGE('',*,*,#1739,.F.);
#2342=ORIENTED_EDGE('',*,*,#1736,.T.);
#2343=ORIENTED_EDGE('',*,*,#1597,.F.);
#2344=ORIENTED_EDGE('',*,*,#1740,.F.);
#2345=ORIENTED_EDGE('',*,*,#1741,.F.);
#2346=ORIENTED_EDGE('',*,*,#1738,.T.);
#2347=ORIENTED_EDGE('',*,*,#1596,.F.);
#2348=ORIENTED_EDGE('',*,*,#1742,.F.);
#2349=ORIENTED_EDGE('',*,*,#1743,.F.);
#2350=ORIENTED_EDGE('',*,*,#1740,.T.);
#2351=ORIENTED_EDGE('',*,*,#1595,.F.);
#2352=ORIENTED_EDGE('',*,*,#1744,.F.);
#2353=ORIENTED_EDGE('',*,*,#1742,.T.);
#2354=ORIENTED_EDGE('',*,*,#1594,.F.);
#2355=ORIENTED_EDGE('',*,*,#1745,.F.);
#2356=ORIENTED_EDGE('',*,*,#1746,.F.);
#2357=ORIENTED_EDGE('',*,*,#1744,.T.);
#2358=ORIENTED_EDGE('',*,*,#1593,.F.);
#2359=ORIENTED_EDGE('',*,*,#1747,.F.);
#2360=ORIENTED_EDGE('',*,*,#1748,.F.);
#2361=ORIENTED_EDGE('',*,*,#1745,.T.);
#2362=ORIENTED_EDGE('',*,*,#1749,.F.);
#2363=ORIENTED_EDGE('',*,*,#1750,.T.);
#2364=ORIENTED_EDGE('',*,*,#1433,.T.);
#2365=ORIENTED_EDGE('',*,*,#1608,.T.);
#2366=ORIENTED_EDGE('',*,*,#1751,.F.);
#2367=ORIENTED_EDGE('',*,*,#1752,.T.);
#2368=ORIENTED_EDGE('',*,*,#1749,.T.);
#2369=ORIENTED_EDGE('',*,*,#1607,.F.);
#2370=ORIENTED_EDGE('',*,*,#1753,.F.);
#2371=ORIENTED_EDGE('',*,*,#1754,.F.);
#2372=ORIENTED_EDGE('',*,*,#1755,.F.);
#2373=ORIENTED_EDGE('',*,*,#1756,.F.);
#2374=ORIENTED_EDGE('',*,*,#1757,.F.);
#2375=ORIENTED_EDGE('',*,*,#1758,.F.);
#2376=ORIENTED_EDGE('',*,*,#1759,.F.);
#2377=ORIENTED_EDGE('',*,*,#1760,.F.);
#2378=ORIENTED_EDGE('',*,*,#1761,.F.);
#2379=ORIENTED_EDGE('',*,*,#1762,.F.);
#2380=ORIENTED_EDGE('',*,*,#1763,.F.);
#2381=ORIENTED_EDGE('',*,*,#1764,.T.);
#2382=ORIENTED_EDGE('',*,*,#1765,.F.);
#2383=ORIENTED_EDGE('',*,*,#1766,.F.);
#2384=ORIENTED_EDGE('',*,*,#1767,.F.);
#2385=ORIENTED_EDGE('',*,*,#1768,.F.);
#2386=ORIENTED_EDGE('',*,*,#1769,.F.);
#2387=ORIENTED_EDGE('',*,*,#1770,.F.);
#2388=ORIENTED_EDGE('',*,*,#1771,.F.);
#2389=ORIENTED_EDGE('',*,*,#1772,.F.);
#2390=ORIENTED_EDGE('',*,*,#1773,.F.);
#2391=ORIENTED_EDGE('',*,*,#1774,.F.);
#2392=ORIENTED_EDGE('',*,*,#1775,.F.);
#2393=ORIENTED_EDGE('',*,*,#1435,.F.);
#2394=ORIENTED_EDGE('',*,*,#1776,.F.);
#2395=ORIENTED_EDGE('',*,*,#1751,.T.);
#2396=ORIENTED_EDGE('',*,*,#1609,.F.);
#2397=ORIENTED_EDGE('',*,*,#1777,.T.);
#2398=ORIENTED_EDGE('',*,*,#1605,.F.);
#2399=ORIENTED_EDGE('',*,*,#1429,.T.);
#2400=ORIENTED_EDGE('',*,*,#1427,.T.);
#2401=ORIENTED_EDGE('',*,*,#1438,.F.);
#2402=ORIENTED_EDGE('',*,*,#1696,.F.);
#2403=ORIENTED_EDGE('',*,*,#1441,.T.);
#2404=ORIENTED_EDGE('',*,*,#1699,.F.);
#2405=ORIENTED_EDGE('',*,*,#1778,.T.);
#2406=ORIENTED_EDGE('',*,*,#1747,.T.);
#2407=ORIENTED_EDGE('',*,*,#1606,.F.);
#2408=ORIENTED_EDGE('',*,*,#1777,.F.);
#2409=ORIENTED_EDGE('',*,*,#1426,.F.);
#2410=ORIENTED_EDGE('',*,*,#1419,.F.);
#2411=ORIENTED_EDGE('',*,*,#1416,.F.);
#2412=ORIENTED_EDGE('',*,*,#1506,.F.);
#2413=ORIENTED_EDGE('',*,*,#1509,.T.);
#2414=ORIENTED_EDGE('',*,*,#1512,.T.);
#2415=ORIENTED_EDGE('',*,*,#1515,.T.);
#2416=ORIENTED_EDGE('',*,*,#1518,.F.);
#2417=ORIENTED_EDGE('',*,*,#1521,.T.);
#2418=ORIENTED_EDGE('',*,*,#1524,.T.);
#2419=ORIENTED_EDGE('',*,*,#1527,.T.);
#2420=ORIENTED_EDGE('',*,*,#1530,.T.);
#2421=ORIENTED_EDGE('',*,*,#1533,.T.);
#2422=ORIENTED_EDGE('',*,*,#1536,.T.);
#2423=ORIENTED_EDGE('',*,*,#1539,.F.);
#2424=ORIENTED_EDGE('',*,*,#1542,.T.);
#2425=ORIENTED_EDGE('',*,*,#1545,.F.);
#2426=ORIENTED_EDGE('',*,*,#1548,.T.);
#2427=ORIENTED_EDGE('',*,*,#1551,.T.);
#2428=ORIENTED_EDGE('',*,*,#1554,.T.);
#2429=ORIENTED_EDGE('',*,*,#1557,.T.);
#2430=ORIENTED_EDGE('',*,*,#1560,.T.);
#2431=ORIENTED_EDGE('',*,*,#1563,.T.);
#2432=ORIENTED_EDGE('',*,*,#1566,.T.);
#2433=ORIENTED_EDGE('',*,*,#1569,.T.);
#2434=ORIENTED_EDGE('',*,*,#1572,.F.);
#2435=ORIENTED_EDGE('',*,*,#1463,.T.);
#2436=ORIENTED_EDGE('',*,*,#1467,.T.);
#2437=ORIENTED_EDGE('',*,*,#1470,.T.);
#2438=ORIENTED_EDGE('',*,*,#1473,.T.);
#2439=ORIENTED_EDGE('',*,*,#1476,.T.);
#2440=ORIENTED_EDGE('',*,*,#1479,.T.);
#2441=ORIENTED_EDGE('',*,*,#1482,.T.);
#2442=ORIENTED_EDGE('',*,*,#1485,.F.);
#2443=ORIENTED_EDGE('',*,*,#1488,.F.);
#2444=ORIENTED_EDGE('',*,*,#1491,.F.);
#2445=ORIENTED_EDGE('',*,*,#1494,.T.);
#2446=ORIENTED_EDGE('',*,*,#1497,.T.);
#2447=ORIENTED_EDGE('',*,*,#1500,.F.);
#2448=ORIENTED_EDGE('',*,*,#1503,.F.);
#2449=ORIENTED_EDGE('',*,*,#1776,.T.);
#2450=ORIENTED_EDGE('',*,*,#1434,.T.);
#2451=ORIENTED_EDGE('',*,*,#1750,.F.);
#2452=ORIENTED_EDGE('',*,*,#1752,.F.);
#2453=ORIENTED_EDGE('',*,*,#1705,.T.);
#2454=ORIENTED_EDGE('',*,*,#1707,.T.);
#2455=ORIENTED_EDGE('',*,*,#1709,.T.);
#2456=ORIENTED_EDGE('',*,*,#1711,.T.);
#2457=ORIENTED_EDGE('',*,*,#1713,.T.);
#2458=ORIENTED_EDGE('',*,*,#1715,.T.);
#2459=ORIENTED_EDGE('',*,*,#1716,.T.);
#2460=ORIENTED_EDGE('',*,*,#1422,.F.);
#2461=ORIENTED_EDGE('',*,*,#1432,.T.);
#2462=ORIENTED_EDGE('',*,*,#1718,.F.);
#2463=ORIENTED_EDGE('',*,*,#1722,.T.);
#2464=ORIENTED_EDGE('',*,*,#1724,.T.);
#2465=ORIENTED_EDGE('',*,*,#1727,.F.);
#2466=ORIENTED_EDGE('',*,*,#1730,.T.);
#2467=ORIENTED_EDGE('',*,*,#1731,.T.);
#2468=ORIENTED_EDGE('',*,*,#1735,.T.);
#2469=ORIENTED_EDGE('',*,*,#1737,.T.);
#2470=ORIENTED_EDGE('',*,*,#1739,.T.);
#2471=ORIENTED_EDGE('',*,*,#1741,.T.);
#2472=ORIENTED_EDGE('',*,*,#1743,.T.);
#2473=ORIENTED_EDGE('',*,*,#1746,.T.);
#2474=ORIENTED_EDGE('',*,*,#1748,.T.);
#2475=ORIENTED_EDGE('',*,*,#1778,.F.);
#2476=ORIENTED_EDGE('',*,*,#1698,.F.);
#2477=ORIENTED_EDGE('',*,*,#1703,.T.);
#2478=ORIENTED_EDGE('',*,*,#1636,.T.);
#2479=ORIENTED_EDGE('',*,*,#1677,.F.);
#2480=ORIENTED_EDGE('',*,*,#1676,.F.);
#2481=ORIENTED_EDGE('',*,*,#1681,.F.);
#2482=ORIENTED_EDGE('',*,*,#1680,.F.);
#2483=ORIENTED_EDGE('',*,*,#1686,.F.);
#2484=ORIENTED_EDGE('',*,*,#1685,.F.);
#2485=ORIENTED_EDGE('',*,*,#1687,.F.);
#2486=ORIENTED_EDGE('',*,*,#1640,.F.);
#2487=ORIENTED_EDGE('',*,*,#1642,.T.);
#2488=ORIENTED_EDGE('',*,*,#1644,.T.);
#2489=ORIENTED_EDGE('',*,*,#1646,.T.);
#2490=ORIENTED_EDGE('',*,*,#1648,.T.);
#2491=ORIENTED_EDGE('',*,*,#1650,.T.);
#2492=ORIENTED_EDGE('',*,*,#1652,.T.);
#2493=ORIENTED_EDGE('',*,*,#1654,.T.);
#2494=ORIENTED_EDGE('',*,*,#1656,.T.);
#2495=ORIENTED_EDGE('',*,*,#1658,.T.);
#2496=ORIENTED_EDGE('',*,*,#1660,.F.);
#2497=ORIENTED_EDGE('',*,*,#1662,.F.);
#2498=ORIENTED_EDGE('',*,*,#1664,.F.);
#2499=ORIENTED_EDGE('',*,*,#1666,.F.);
#2500=ORIENTED_EDGE('',*,*,#1668,.F.);
#2501=ORIENTED_EDGE('',*,*,#1670,.F.);
#2502=ORIENTED_EDGE('',*,*,#1672,.F.);
#2503=ORIENTED_EDGE('',*,*,#1673,.T.);
#2504=ORIENTED_EDGE('',*,*,#1633,.T.);
#2505=ORIENTED_EDGE('',*,*,#1779,.F.);
#2506=ORIENTED_EDGE('',*,*,#1780,.T.);
#2507=ORIENTED_EDGE('',*,*,#1582,.F.);
#2508=ORIENTED_EDGE('',*,*,#1781,.T.);
#2509=ORIENTED_EDGE('',*,*,#1780,.F.);
#2510=ORIENTED_EDGE('',*,*,#1764,.F.);
#2511=ORIENTED_EDGE('',*,*,#1782,.T.);
#2512=ORIENTED_EDGE('',*,*,#1779,.T.);
#2513=ORIENTED_EDGE('',*,*,#1581,.F.);
#2514=ORIENTED_EDGE('',*,*,#1783,.F.);
#2515=ORIENTED_EDGE('',*,*,#1765,.T.);
#2516=ORIENTED_EDGE('',*,*,#1782,.F.);
#2517=ORIENTED_EDGE('',*,*,#1784,.T.);
#2518=ORIENTED_EDGE('',*,*,#1783,.T.);
#2519=ORIENTED_EDGE('',*,*,#1580,.F.);
#2520=ORIENTED_EDGE('',*,*,#1785,.F.);
#2521=ORIENTED_EDGE('',*,*,#1766,.T.);
#2522=ORIENTED_EDGE('',*,*,#1784,.F.);
#2523=ORIENTED_EDGE('',*,*,#1786,.T.);
#2524=ORIENTED_EDGE('',*,*,#1785,.T.);
#2525=ORIENTED_EDGE('',*,*,#1579,.F.);
#2526=ORIENTED_EDGE('',*,*,#1787,.F.);
#2527=ORIENTED_EDGE('',*,*,#1767,.T.);
#2528=ORIENTED_EDGE('',*,*,#1786,.F.);
#2529=ORIENTED_EDGE('',*,*,#1788,.T.);
#2530=ORIENTED_EDGE('',*,*,#1787,.T.);
#2531=ORIENTED_EDGE('',*,*,#1578,.F.);
#2532=ORIENTED_EDGE('',*,*,#1789,.T.);
#2533=ORIENTED_EDGE('',*,*,#1768,.T.);
#2534=ORIENTED_EDGE('',*,*,#1788,.F.);
#2535=ORIENTED_EDGE('',*,*,#1790,.F.);
#2536=ORIENTED_EDGE('',*,*,#1769,.T.);
#2537=ORIENTED_EDGE('',*,*,#1789,.F.);
#2538=ORIENTED_EDGE('',*,*,#1791,.T.);
#2539=ORIENTED_EDGE('',*,*,#1790,.T.);
#2540=ORIENTED_EDGE('',*,*,#1577,.F.);
#2541=ORIENTED_EDGE('',*,*,#1792,.T.);
#2542=ORIENTED_EDGE('',*,*,#1791,.F.);
#2543=ORIENTED_EDGE('',*,*,#1576,.F.);
#2544=ORIENTED_EDGE('',*,*,#1793,.T.);
#2545=ORIENTED_EDGE('',*,*,#1770,.T.);
#2546=ORIENTED_EDGE('',*,*,#1792,.F.);
#2547=ORIENTED_EDGE('',*,*,#1794,.F.);
#2548=ORIENTED_EDGE('',*,*,#1771,.T.);
#2549=ORIENTED_EDGE('',*,*,#1793,.F.);
#2550=ORIENTED_EDGE('',*,*,#1795,.T.);
#2551=ORIENTED_EDGE('',*,*,#1794,.T.);
#2552=ORIENTED_EDGE('',*,*,#1575,.F.);
#2553=ORIENTED_EDGE('',*,*,#1796,.F.);
#2554=ORIENTED_EDGE('',*,*,#1772,.T.);
#2555=ORIENTED_EDGE('',*,*,#1795,.F.);
#2556=ORIENTED_EDGE('',*,*,#1797,.T.);
#2557=ORIENTED_EDGE('',*,*,#1796,.T.);
#2558=ORIENTED_EDGE('',*,*,#1574,.F.);
#2559=ORIENTED_EDGE('',*,*,#1798,.F.);
#2560=ORIENTED_EDGE('',*,*,#1773,.T.);
#2561=ORIENTED_EDGE('',*,*,#1797,.F.);
#2562=ORIENTED_EDGE('',*,*,#1799,.T.);
#2563=ORIENTED_EDGE('',*,*,#1798,.T.);
#2564=ORIENTED_EDGE('',*,*,#1573,.F.);
#2565=ORIENTED_EDGE('',*,*,#1800,.T.);
#2566=ORIENTED_EDGE('',*,*,#1774,.T.);
#2567=ORIENTED_EDGE('',*,*,#1799,.F.);
#2568=ORIENTED_EDGE('',*,*,#1801,.F.);
#2569=ORIENTED_EDGE('',*,*,#1775,.T.);
#2570=ORIENTED_EDGE('',*,*,#1800,.F.);
#2571=ORIENTED_EDGE('',*,*,#1802,.T.);
#2572=ORIENTED_EDGE('',*,*,#1801,.T.);
#2573=ORIENTED_EDGE('',*,*,#1592,.F.);
#2574=ORIENTED_EDGE('',*,*,#1803,.F.);
#2575=ORIENTED_EDGE('',*,*,#1753,.T.);
#2576=ORIENTED_EDGE('',*,*,#1802,.F.);
#2577=ORIENTED_EDGE('',*,*,#1804,.T.);
#2578=ORIENTED_EDGE('',*,*,#1803,.T.);
#2579=ORIENTED_EDGE('',*,*,#1591,.F.);
#2580=ORIENTED_EDGE('',*,*,#1805,.F.);
#2581=ORIENTED_EDGE('',*,*,#1754,.T.);
#2582=ORIENTED_EDGE('',*,*,#1804,.F.);
#2583=ORIENTED_EDGE('',*,*,#1806,.T.);
#2584=ORIENTED_EDGE('',*,*,#1805,.T.);
#2585=ORIENTED_EDGE('',*,*,#1590,.F.);
#2586=ORIENTED_EDGE('',*,*,#1807,.F.);
#2587=ORIENTED_EDGE('',*,*,#1755,.T.);
#2588=ORIENTED_EDGE('',*,*,#1806,.F.);
#2589=ORIENTED_EDGE('',*,*,#1808,.T.);
#2590=ORIENTED_EDGE('',*,*,#1807,.T.);
#2591=ORIENTED_EDGE('',*,*,#1589,.F.);
#2592=ORIENTED_EDGE('',*,*,#1809,.T.);
#2593=ORIENTED_EDGE('',*,*,#1756,.T.);
#2594=ORIENTED_EDGE('',*,*,#1808,.F.);
#2595=ORIENTED_EDGE('',*,*,#1810,.F.);
#2596=ORIENTED_EDGE('',*,*,#1757,.T.);
#2597=ORIENTED_EDGE('',*,*,#1809,.F.);
#2598=ORIENTED_EDGE('',*,*,#1811,.T.);
#2599=ORIENTED_EDGE('',*,*,#1810,.T.);
#2600=ORIENTED_EDGE('',*,*,#1588,.F.);
#2601=ORIENTED_EDGE('',*,*,#1812,.T.);
#2602=ORIENTED_EDGE('',*,*,#1811,.F.);
#2603=ORIENTED_EDGE('',*,*,#1587,.F.);
#2604=ORIENTED_EDGE('',*,*,#1813,.F.);
#2605=ORIENTED_EDGE('',*,*,#1758,.T.);
#2606=ORIENTED_EDGE('',*,*,#1812,.F.);
#2607=ORIENTED_EDGE('',*,*,#1814,.T.);
#2608=ORIENTED_EDGE('',*,*,#1813,.T.);
#2609=ORIENTED_EDGE('',*,*,#1586,.F.);
#2610=ORIENTED_EDGE('',*,*,#1815,.T.);
#2611=ORIENTED_EDGE('',*,*,#1814,.F.);
#2612=ORIENTED_EDGE('',*,*,#1585,.F.);
#2613=ORIENTED_EDGE('',*,*,#1816,.T.);
#2614=ORIENTED_EDGE('',*,*,#1759,.T.);
#2615=ORIENTED_EDGE('',*,*,#1815,.F.);
#2616=ORIENTED_EDGE('',*,*,#1817,.F.);
#2617=ORIENTED_EDGE('',*,*,#1760,.T.);
#2618=ORIENTED_EDGE('',*,*,#1816,.F.);
#2619=ORIENTED_EDGE('',*,*,#1818,.T.);
#2620=ORIENTED_EDGE('',*,*,#1817,.T.);
#2621=ORIENTED_EDGE('',*,*,#1584,.F.);
#2622=ORIENTED_EDGE('',*,*,#1819,.F.);
#2623=ORIENTED_EDGE('',*,*,#1761,.T.);
#2624=ORIENTED_EDGE('',*,*,#1818,.F.);
#2625=ORIENTED_EDGE('',*,*,#1820,.F.);
#2626=ORIENTED_EDGE('',*,*,#1819,.T.);
#2627=ORIENTED_EDGE('',*,*,#1583,.T.);
#2628=ORIENTED_EDGE('',*,*,#1821,.F.);
#2629=ORIENTED_EDGE('',*,*,#1762,.T.);
#2630=ORIENTED_EDGE('',*,*,#1820,.T.);
#2631=ORIENTED_EDGE('',*,*,#1781,.F.);
#2632=ORIENTED_EDGE('',*,*,#1763,.T.);
#2633=ORIENTED_EDGE('',*,*,#1821,.T.);
#2634=PLANE('',#2984);
#2635=PLANE('',#2985);
#2636=PLANE('',#2986);
#2637=PLANE('',#2987);
#2638=PLANE('',#2988);
#2639=PLANE('',#2989);
#2640=PLANE('',#2990);
#2641=PLANE('',#2991);
#2642=PLANE('',#2992);
#2643=PLANE('',#2993);
#2644=PLANE('',#2994);
#2645=PLANE('',#2995);
#2646=PLANE('',#2996);
#2647=PLANE('',#2997);
#2648=PLANE('',#2998);
#2649=PLANE('',#2999);
#2650=PLANE('',#3000);
#2651=PLANE('',#3001);
#2652=PLANE('',#3002);
#2653=PLANE('',#3003);
#2654=PLANE('',#3004);
#2655=PLANE('',#3005);
#2656=PLANE('',#3006);
#2657=PLANE('',#3007);
#2658=PLANE('',#3008);
#2659=PLANE('',#3009);
#2660=PLANE('',#3010);
#2661=PLANE('',#3011);
#2662=PLANE('',#3012);
#2663=PLANE('',#3013);
#2664=PLANE('',#3014);
#2665=PLANE('',#3015);
#2666=PLANE('',#3016);
#2667=PLANE('',#3017);
#2668=PLANE('',#3018);
#2669=PLANE('',#3019);
#2670=PLANE('',#3020);
#2671=PLANE('',#3021);
#2672=PLANE('',#3022);
#2673=PLANE('',#3023);
#2674=PLANE('',#3024);
#2675=PLANE('',#3025);
#2676=PLANE('',#3026);
#2677=PLANE('',#3027);
#2678=PLANE('',#3028);
#2679=PLANE('',#3029);
#2680=PLANE('',#3030);
#2681=PLANE('',#3031);
#2682=PLANE('',#3032);
#2683=PLANE('',#3033);
#2684=PLANE('',#3034);
#2685=PLANE('',#3035);
#2686=PLANE('',#3036);
#2687=PLANE('',#3037);
#2688=PLANE('',#3038);
#2689=PLANE('',#3039);
#2690=PLANE('',#3040);
#2691=PLANE('',#3041);
#2692=PLANE('',#3042);
#2693=PLANE('',#3043);
#2694=PLANE('',#3044);
#2695=PLANE('',#3045);
#2696=PLANE('',#3046);
#2697=PLANE('',#3047);
#2698=PLANE('',#3048);
#2699=PLANE('',#3049);
#2700=PLANE('',#3050);
#2701=PLANE('',#3051);
#2702=PLANE('',#3052);
#2703=PLANE('',#3053);
#2704=PLANE('',#3054);
#2705=PLANE('',#3055);
#2706=PLANE('',#3056);
#2707=PLANE('',#3057);
#2708=PLANE('',#3058);
#2709=PLANE('',#3059);
#2710=PLANE('',#3060);
#2711=PLANE('',#3061);
#2712=PLANE('',#3062);
#2713=PLANE('',#3063);
#2714=PLANE('',#3064);
#2715=PLANE('',#3065);
#2716=PLANE('',#3066);
#2717=PLANE('',#3067);
#2718=PLANE('',#3068);
#2719=PLANE('',#3069);
#2720=PLANE('',#3070);
#2721=PLANE('',#3071);
#2722=PLANE('',#3072);
#2723=PLANE('',#3073);
#2724=PLANE('',#3074);
#2725=PLANE('',#3075);
#2726=PLANE('',#3076);
#2727=PLANE('',#3077);
#2728=PLANE('',#3078);
#2729=PLANE('',#3079);
#2730=PLANE('',#3080);
#2731=PLANE('',#3081);
#2732=PLANE('',#3082);
#2733=PLANE('',#3083);
#2734=PLANE('',#3084);
#2735=PLANE('',#3085);
#2736=PLANE('',#3086);
#2737=PLANE('',#3087);
#2738=PLANE('',#3088);
#2739=PLANE('',#3089);
#2740=PLANE('',#3090);
#2741=PLANE('',#3091);
#2742=PLANE('',#3092);
#2743=PLANE('',#3093);
#2744=PLANE('',#3094);
#2745=PLANE('',#3095);
#2746=PLANE('',#3096);
#2747=PLANE('',#3097);
#2748=PLANE('',#3098);
#2749=PLANE('',#3099);
#2750=PLANE('',#3100);
#2751=PLANE('',#3101);
#2752=PLANE('',#3102);
#2753=PLANE('',#3103);
#2754=PLANE('',#3104);
#2755=PLANE('',#3105);
#2756=PLANE('',#3106);
#2757=PLANE('',#3107);
#2758=PLANE('',#3108);
#2759=PLANE('',#3109);
#2760=PLANE('',#3110);
#2761=PLANE('',#3111);
#2762=PLANE('',#3112);
#2763=PLANE('',#3113);
#2764=PLANE('',#3114);
#2765=PLANE('',#3115);
#2766=PLANE('',#3116);
#2767=PLANE('',#3117);
#2768=PLANE('',#3118);
#2769=PLANE('',#3119);
#2770=PLANE('',#3120);
#2771=PLANE('',#3121);
#2772=PLANE('',#3122);
#2773=PLANE('',#3123);
#2774=PLANE('',#3124);
#2775=PLANE('',#3125);
#2776=PLANE('',#3126);
#2777=PLANE('',#3127);
#2778=PLANE('',#3128);
#2779=PLANE('',#3129);
#2780=PLANE('',#3130);
#2781=PLANE('',#3131);
#2782=PLANE('',#3132);
#2783=PLANE('',#3133);
#2784=PLANE('',#3134);
#2785=PLANE('',#3135);
#2786=PLANE('',#3136);
#2787=PLANE('',#3137);
#2788=PLANE('',#3138);
#2789=PLANE('',#3139);
#2790=PLANE('',#3140);
#2791=PLANE('',#3141);
#2792=PLANE('',#3142);
#2793=PLANE('',#3143);
#2794=PLANE('',#3144);
#2795=PLANE('',#3145);
#2796=PLANE('',#3146);
#2797=PLANE('',#3147);
#2798=PLANE('',#3148);
#2799=PLANE('',#3149);
#2800=PLANE('',#3150);
#2801=PLANE('',#3151);
#2802=ADVANCED_FACE('',(#20),#2634,.F.);
#2803=ADVANCED_FACE('',(#21),#2635,.T.);
#2804=ADVANCED_FACE('',(#22),#2636,.T.);
#2805=ADVANCED_FACE('',(#23,#15),#2637,.T.);
#2806=ADVANCED_FACE('',(#24),#2638,.T.);
#2807=ADVANCED_FACE('',(#25),#2639,.T.);
#2808=ADVANCED_FACE('',(#26),#2640,.T.);
#2809=ADVANCED_FACE('',(#27),#2641,.T.);
#2810=ADVANCED_FACE('',(#28),#2642,.T.);
#2811=ADVANCED_FACE('',(#29),#2643,.T.);
#2812=ADVANCED_FACE('',(#30),#2644,.T.);
#2813=ADVANCED_FACE('',(#31),#2645,.T.);
#2814=ADVANCED_FACE('',(#32),#2646,.T.);
#2815=ADVANCED_FACE('',(#33),#2647,.T.);
#2816=ADVANCED_FACE('',(#34),#2648,.T.);
#2817=ADVANCED_FACE('',(#35),#2649,.T.);
#2818=ADVANCED_FACE('',(#36),#2650,.T.);
#2819=ADVANCED_FACE('',(#37),#2651,.T.);
#2820=ADVANCED_FACE('',(#38),#2652,.T.);
#2821=ADVANCED_FACE('',(#39),#2653,.T.);
#2822=ADVANCED_FACE('',(#40),#2654,.T.);
#2823=ADVANCED_FACE('',(#41),#2655,.T.);
#2824=ADVANCED_FACE('',(#42),#2656,.T.);
#2825=ADVANCED_FACE('',(#43),#2657,.T.);
#2826=ADVANCED_FACE('',(#44),#2658,.T.);
#2827=ADVANCED_FACE('',(#45),#2659,.T.);
#2828=ADVANCED_FACE('',(#46),#2660,.T.);
#2829=ADVANCED_FACE('',(#47),#2661,.T.);
#2830=ADVANCED_FACE('',(#48),#2662,.T.);
#2831=ADVANCED_FACE('',(#49),#2663,.T.);
#2832=ADVANCED_FACE('',(#50),#2664,.T.);
#2833=ADVANCED_FACE('',(#51),#2665,.T.);
#2834=ADVANCED_FACE('',(#52),#2666,.T.);
#2835=ADVANCED_FACE('',(#53),#2667,.T.);
#2836=ADVANCED_FACE('',(#54),#2668,.T.);
#2837=ADVANCED_FACE('',(#55),#2669,.T.);
#2838=ADVANCED_FACE('',(#56),#2670,.T.);
#2839=ADVANCED_FACE('',(#57),#2671,.T.);
#2840=ADVANCED_FACE('',(#58),#2672,.T.);
#2841=ADVANCED_FACE('',(#59),#2673,.T.);
#2842=ADVANCED_FACE('',(#60),#2674,.T.);
#2843=ADVANCED_FACE('',(#61),#2675,.T.);
#2844=ADVANCED_FACE('',(#62),#2676,.T.);
#2845=ADVANCED_FACE('',(#63),#2677,.T.);
#2846=ADVANCED_FACE('',(#64),#2678,.T.);
#2847=ADVANCED_FACE('',(#65),#2679,.T.);
#2848=ADVANCED_FACE('',(#66),#2680,.T.);
#2849=ADVANCED_FACE('',(#67),#2681,.T.);
#2850=ADVANCED_FACE('',(#68),#2682,.T.);
#2851=ADVANCED_FACE('',(#69),#2683,.T.);
#2852=ADVANCED_FACE('',(#70),#2684,.T.);
#2853=ADVANCED_FACE('',(#71),#2685,.T.);
#2854=ADVANCED_FACE('',(#72,#16),#2686,.T.);
#2855=ADVANCED_FACE('',(#73),#2687,.T.);
#2856=ADVANCED_FACE('',(#74),#2688,.T.);
#2857=ADVANCED_FACE('',(#75),#2689,.T.);
#2858=ADVANCED_FACE('',(#76),#2690,.T.);
#2859=ADVANCED_FACE('',(#77),#2691,.T.);
#2860=ADVANCED_FACE('',(#78),#2692,.T.);
#2861=ADVANCED_FACE('',(#79),#2693,.T.);
#2862=ADVANCED_FACE('',(#80),#2694,.T.);
#2863=ADVANCED_FACE('',(#81),#2695,.T.);
#2864=ADVANCED_FACE('',(#82),#2696,.T.);
#2865=ADVANCED_FACE('',(#83),#2697,.T.);
#2866=ADVANCED_FACE('',(#84),#2698,.T.);
#2867=ADVANCED_FACE('',(#85),#2699,.T.);
#2868=ADVANCED_FACE('',(#86),#2700,.T.);
#2869=ADVANCED_FACE('',(#87),#2701,.T.);
#2870=ADVANCED_FACE('',(#88),#2702,.T.);
#2871=ADVANCED_FACE('',(#89),#2703,.T.);
#2872=ADVANCED_FACE('',(#90),#2704,.T.);
#2873=ADVANCED_FACE('',(#91),#2705,.T.);
#2874=ADVANCED_FACE('',(#92),#2706,.T.);
#2875=ADVANCED_FACE('',(#93),#2707,.T.);
#2876=ADVANCED_FACE('',(#94),#2708,.T.);
#2877=ADVANCED_FACE('',(#95),#2709,.T.);
#2878=ADVANCED_FACE('',(#96),#2710,.T.);
#2879=ADVANCED_FACE('',(#97),#2711,.T.);
#2880=ADVANCED_FACE('',(#98),#2712,.T.);
#2881=ADVANCED_FACE('',(#99),#2713,.T.);
#2882=ADVANCED_FACE('',(#100),#2714,.T.);
#2883=ADVANCED_FACE('',(#101),#2715,.T.);
#2884=ADVANCED_FACE('',(#102),#2716,.T.);
#2885=ADVANCED_FACE('',(#103),#2717,.T.);
#2886=ADVANCED_FACE('',(#104),#2718,.T.);
#2887=ADVANCED_FACE('',(#105),#2719,.T.);
#2888=ADVANCED_FACE('',(#106),#2720,.T.);
#2889=ADVANCED_FACE('',(#107),#2721,.T.);
#2890=ADVANCED_FACE('',(#108),#2722,.T.);
#2891=ADVANCED_FACE('',(#109),#2723,.T.);
#2892=ADVANCED_FACE('',(#110),#2724,.T.);
#2893=ADVANCED_FACE('',(#111),#2725,.T.);
#2894=ADVANCED_FACE('',(#112),#2726,.T.);
#2895=ADVANCED_FACE('',(#113),#2727,.T.);
#2896=ADVANCED_FACE('',(#114),#2728,.T.);
#2897=ADVANCED_FACE('',(#115),#2729,.T.);
#2898=ADVANCED_FACE('',(#116),#2730,.T.);
#2899=ADVANCED_FACE('',(#117),#2731,.T.);
#2900=ADVANCED_FACE('',(#118),#2732,.T.);
#2901=ADVANCED_FACE('',(#119),#2733,.T.);
#2902=ADVANCED_FACE('',(#120),#2734,.T.);
#2903=ADVANCED_FACE('',(#121),#2735,.T.);
#2904=ADVANCED_FACE('',(#122),#2736,.T.);
#2905=ADVANCED_FACE('',(#123),#2737,.T.);
#2906=ADVANCED_FACE('',(#124),#2738,.T.);
#2907=ADVANCED_FACE('',(#125),#2739,.T.);
#2908=ADVANCED_FACE('',(#126),#2740,.T.);
#2909=ADVANCED_FACE('',(#127),#2741,.T.);
#2910=ADVANCED_FACE('',(#128),#2742,.T.);
#2911=ADVANCED_FACE('',(#129),#2743,.T.);
#2912=ADVANCED_FACE('',(#130),#2744,.T.);
#2913=ADVANCED_FACE('',(#131),#2745,.T.);
#2914=ADVANCED_FACE('',(#132),#2746,.T.);
#2915=ADVANCED_FACE('',(#133),#2747,.T.);
#2916=ADVANCED_FACE('',(#134),#2748,.T.);
#2917=ADVANCED_FACE('',(#135),#2749,.T.);
#2918=ADVANCED_FACE('',(#136),#2750,.T.);
#2919=ADVANCED_FACE('',(#137),#2751,.T.);
#2920=ADVANCED_FACE('',(#138),#2752,.T.);
#2921=ADVANCED_FACE('',(#139,#17),#2753,.T.);
#2922=ADVANCED_FACE('',(#140),#2754,.T.);
#2923=ADVANCED_FACE('',(#141),#2755,.T.);
#2924=ADVANCED_FACE('',(#142,#18),#2756,.T.);
#2925=ADVANCED_FACE('',(#143),#2757,.T.);
#2926=ADVANCED_FACE('',(#144,#19),#2758,.T.);
#2927=ADVANCED_FACE('',(#145),#2759,.T.);
#2928=ADVANCED_FACE('',(#146),#2760,.T.);
#2929=ADVANCED_FACE('',(#147),#2761,.T.);
#2930=ADVANCED_FACE('',(#148),#2762,.T.);
#2931=ADVANCED_FACE('',(#149),#2763,.T.);
#2932=ADVANCED_FACE('',(#150),#2764,.T.);
#2933=ADVANCED_FACE('',(#151),#2765,.T.);
#2934=ADVANCED_FACE('',(#152),#2766,.T.);
#2935=ADVANCED_FACE('',(#153),#2767,.T.);
#2936=ADVANCED_FACE('',(#154),#2768,.T.);
#2937=ADVANCED_FACE('',(#155),#2769,.T.);
#2938=ADVANCED_FACE('',(#156),#2770,.T.);
#2939=ADVANCED_FACE('',(#157),#2771,.T.);
#2940=ADVANCED_FACE('',(#158),#2772,.T.);
#2941=ADVANCED_FACE('',(#159),#2773,.T.);
#2942=ADVANCED_FACE('',(#160),#2774,.T.);
#2943=ADVANCED_FACE('',(#161),#2775,.T.);
#2944=ADVANCED_FACE('',(#162),#2776,.T.);
#2945=ADVANCED_FACE('',(#163),#2777,.T.);
#2946=ADVANCED_FACE('',(#164),#2778,.T.);
#2947=ADVANCED_FACE('',(#165),#2779,.T.);
#2948=ADVANCED_FACE('',(#166),#2780,.T.);
#2949=ADVANCED_FACE('',(#167),#2781,.T.);
#2950=ADVANCED_FACE('',(#168),#2782,.T.);
#2951=ADVANCED_FACE('',(#169),#2783,.T.);
#2952=ADVANCED_FACE('',(#170),#2784,.T.);
#2953=ADVANCED_FACE('',(#171),#2785,.T.);
#2954=ADVANCED_FACE('',(#172),#2786,.T.);
#2955=ADVANCED_FACE('',(#173),#2787,.T.);
#2956=ADVANCED_FACE('',(#174),#2788,.T.);
#2957=ADVANCED_FACE('',(#175),#2789,.T.);
#2958=ADVANCED_FACE('',(#176),#2790,.T.);
#2959=ADVANCED_FACE('',(#177),#2791,.T.);
#2960=ADVANCED_FACE('',(#178),#2792,.T.);
#2961=ADVANCED_FACE('',(#179),#2793,.T.);
#2962=ADVANCED_FACE('',(#180),#2794,.T.);
#2963=ADVANCED_FACE('',(#181),#2795,.T.);
#2964=ADVANCED_FACE('',(#182),#2796,.T.);
#2965=ADVANCED_FACE('',(#183),#2797,.T.);
#2966=ADVANCED_FACE('',(#184),#2798,.T.);
#2967=ADVANCED_FACE('',(#185),#2799,.T.);
#2968=ADVANCED_FACE('',(#186),#2800,.T.);
#2969=ADVANCED_FACE('',(#187),#2801,.T.);
#2970=CLOSED_SHELL('',(#2802,#2803,#2804,#2805,#2806,#2807,#2808,#2809,
#2810,#2811,#2812,#2813,#2814,#2815,#2816,#2817,#2818,#2819,#2820,#2821,
#2822,#2823,#2824,#2825,#2826,#2827,#2828,#2829,#2830,#2831,#2832,#2833,
#2834,#2835,#2836,#2837,#2838,#2839,#2840,#2841,#2842,#2843,#2844,#2845,
#2846,#2847,#2848,#2849,#2850,#2851,#2852,#2853,#2854,#2855,#2856,#2857,
#2858,#2859,#2860,#2861,#2862,#2863,#2864,#2865,#2866,#2867,#2868,#2869,
#2870,#2871,#2872,#2873,#2874,#2875,#2876,#2877,#2878,#2879,#2880,#2881,
#2882,#2883,#2884,#2885,#2886,#2887,#2888,#2889,#2890,#2891,#2892,#2893,
#2894,#2895,#2896,#2897,#2898,#2899,#2900,#2901,#2902,#2903,#2904,#2905,
#2906,#2907,#2908,#2909,#2910,#2911,#2912,#2913,#2914,#2915,#2916,#2917,
#2918,#2919,#2920,#2921,#2922,#2923,#2924,#2925,#2926,#2927,#2928,#2929,
#2930,#2931,#2932,#2933,#2934,#2935,#2936,#2937,#2938,#2939,#2940,#2941,
#2942,#2943,#2944,#2945,#2946,#2947,#2948,#2949,#2950,#2951,#2952,#2953,
#2954,#2955,#2956,#2957,#2958,#2959,#2960,#2961,#2962,#2963,#2964,#2965,
#2966,#2967,#2968,#2969));
#2971=DERIVED_UNIT_ELEMENT(#2973,1.);
#2972=DERIVED_UNIT_ELEMENT(#4719,-3.);
#2973=(
MASS_UNIT()
NAMED_UNIT(*)
SI_UNIT(.KILO.,.GRAM.)
);
#2974=DERIVED_UNIT((#2971,#2972));
#2975=MEASURE_REPRESENTATION_ITEM('density measure',
POSITIVE_RATIO_MEASURE(7850.),#2974);
#2976=PROPERTY_DEFINITION_REPRESENTATION(#2981,#2978);
#2977=PROPERTY_DEFINITION_REPRESENTATION(#2982,#2979);
#2978=REPRESENTATION('material name',(#2980),#4716);
#2979=REPRESENTATION('density',(#2975),#4716);
#2980=DESCRIPTIVE_REPRESENTATION_ITEM('A\X\E7o','A\X\E7o');
#2981=PROPERTY_DEFINITION('material property','material name',#4726);
#2982=PROPERTY_DEFINITION('material property','density of part',#4726);
#2983=AXIS2_PLACEMENT_3D('',#3896,#3152,#3153);
#2984=AXIS2_PLACEMENT_3D('',#3897,#3154,#3155);
#2985=AXIS2_PLACEMENT_3D('',#3904,#3159,#3160);
#2986=AXIS2_PLACEMENT_3D('',#3918,#3168,#3169);
#2987=AXIS2_PLACEMENT_3D('',#3924,#3173,#3174);
#2988=AXIS2_PLACEMENT_3D('',#3940,#3183,#3184);
#2989=AXIS2_PLACEMENT_3D('',#3944,#3187,#3188);
#2990=AXIS2_PLACEMENT_3D('',#3953,#3193,#3194);
#2991=AXIS2_PLACEMENT_3D('',#3960,#3198,#3199);
#2992=AXIS2_PLACEMENT_3D('',#3964,#3202,#3203);
#2993=AXIS2_PLACEMENT_3D('',#3968,#3206,#3207);
#2994=AXIS2_PLACEMENT_3D('',#3972,#3210,#3211);
#2995=AXIS2_PLACEMENT_3D('',#3976,#3214,#3215);
#2996=AXIS2_PLACEMENT_3D('',#3980,#3218,#3219);
#2997=AXIS2_PLACEMENT_3D('',#3984,#3222,#3223);
#2998=AXIS2_PLACEMENT_3D('',#3988,#3226,#3227);
#2999=AXIS2_PLACEMENT_3D('',#3992,#3230,#3231);
#3000=AXIS2_PLACEMENT_3D('',#4001,#3236,#3237);
#3001=AXIS2_PLACEMENT_3D('',#4007,#3241,#3242);
#3002=AXIS2_PLACEMENT_3D('',#4013,#3246,#3247);
#3003=AXIS2_PLACEMENT_3D('',#4019,#3251,#3252);
#3004=AXIS2_PLACEMENT_3D('',#4025,#3256,#3257);
#3005=AXIS2_PLACEMENT_3D('',#4031,#3261,#3262);
#3006=AXIS2_PLACEMENT_3D('',#4037,#3266,#3267);
#3007=AXIS2_PLACEMENT_3D('',#4043,#3271,#3272);
#3008=AXIS2_PLACEMENT_3D('',#4049,#3276,#3277);
#3009=AXIS2_PLACEMENT_3D('',#4055,#3281,#3282);
#3010=AXIS2_PLACEMENT_3D('',#4061,#3286,#3287);
#3011=AXIS2_PLACEMENT_3D('',#4067,#3291,#3292);
#3012=AXIS2_PLACEMENT_3D('',#4073,#3296,#3297);
#3013=AXIS2_PLACEMENT_3D('',#4079,#3301,#3302);
#3014=AXIS2_PLACEMENT_3D('',#4085,#3306,#3307);
#3015=AXIS2_PLACEMENT_3D('',#4091,#3311,#3312);
#3016=AXIS2_PLACEMENT_3D('',#4097,#3316,#3317);
#3017=AXIS2_PLACEMENT_3D('',#4103,#3321,#3322);
#3018=AXIS2_PLACEMENT_3D('',#4109,#3326,#3327);
#3019=AXIS2_PLACEMENT_3D('',#4115,#3331,#3332);
#3020=AXIS2_PLACEMENT_3D('',#4121,#3336,#3337);
#3021=AXIS2_PLACEMENT_3D('',#4127,#3341,#3342);
#3022=AXIS2_PLACEMENT_3D('',#4133,#3346,#3347);
#3023=AXIS2_PLACEMENT_3D('',#4139,#3351,#3352);
#3024=AXIS2_PLACEMENT_3D('',#4145,#3356,#3357);
#3025=AXIS2_PLACEMENT_3D('',#4151,#3361,#3362);
#3026=AXIS2_PLACEMENT_3D('',#4157,#3366,#3367);
#3027=AXIS2_PLACEMENT_3D('',#4163,#3371,#3372);
#3028=AXIS2_PLACEMENT_3D('',#4169,#3376,#3377);
#3029=AXIS2_PLACEMENT_3D('',#4175,#3381,#3382);
#3030=AXIS2_PLACEMENT_3D('',#4181,#3386,#3387);
#3031=AXIS2_PLACEMENT_3D('',#4187,#3391,#3392);
#3032=AXIS2_PLACEMENT_3D('',#4193,#3396,#3397);
#3033=AXIS2_PLACEMENT_3D('',#4199,#3401,#3402);
#3034=AXIS2_PLACEMENT_3D('',#4205,#3406,#3407);
#3035=AXIS2_PLACEMENT_3D('',#4211,#3411,#3412);
#3036=AXIS2_PLACEMENT_3D('',#4214,#3415,#3416);
#3037=AXIS2_PLACEMENT_3D('',#4255,#3437,#3438);
#3038=AXIS2_PLACEMENT_3D('',#4283,#3453,#3454);
#3039=AXIS2_PLACEMENT_3D('',#4289,#3458,#3459);
#3040=AXIS2_PLACEMENT_3D('',#4329,#3480,#3481);
#3041=AXIS2_PLACEMENT_3D('',#4333,#3484,#3485);
#3042=AXIS2_PLACEMENT_3D('',#4335,#3487,#3488);
#3043=AXIS2_PLACEMENT_3D('',#4339,#3491,#3492);
#3044=AXIS2_PLACEMENT_3D('',#4343,#3495,#3496);
#3045=AXIS2_PLACEMENT_3D('',#4347,#3499,#3500);
#3046=AXIS2_PLACEMENT_3D('',#4351,#3503,#3504);
#3047=AXIS2_PLACEMENT_3D('',#4355,#3507,#3508);
#3048=AXIS2_PLACEMENT_3D('',#4359,#3511,#3512);
#3049=AXIS2_PLACEMENT_3D('',#4363,#3515,#3516);
#3050=AXIS2_PLACEMENT_3D('',#4367,#3519,#3520);
#3051=AXIS2_PLACEMENT_3D('',#4371,#3523,#3524);
#3052=AXIS2_PLACEMENT_3D('',#4375,#3527,#3528);
#3053=AXIS2_PLACEMENT_3D('',#4379,#3531,#3532);
#3054=AXIS2_PLACEMENT_3D('',#4383,#3535,#3536);
#3055=AXIS2_PLACEMENT_3D('',#4387,#3539,#3540);
#3056=AXIS2_PLACEMENT_3D('',#4391,#3543,#3544);
#3057=AXIS2_PLACEMENT_3D('',#4395,#3547,#3548);
#3058=AXIS2_PLACEMENT_3D('',#4399,#3551,#3552);
#3059=AXIS2_PLACEMENT_3D('',#4403,#3555,#3556);
#3060=AXIS2_PLACEMENT_3D('',#4407,#3559,#3560);
#3061=AXIS2_PLACEMENT_3D('',#4411,#3563,#3564);
#3062=AXIS2_PLACEMENT_3D('',#4415,#3567,#3568);
#3063=AXIS2_PLACEMENT_3D('',#4417,#3570,#3571);
#3064=AXIS2_PLACEMENT_3D('',#4423,#3575,#3576);
#3065=AXIS2_PLACEMENT_3D('',#4425,#3578,#3579);
#3066=AXIS2_PLACEMENT_3D('',#4431,#3583,#3584);
#3067=AXIS2_PLACEMENT_3D('',#4433,#3586,#3587);
#3068=AXIS2_PLACEMENT_3D('',#4437,#3590,#3591);
#3069=AXIS2_PLACEMENT_3D('',#4441,#3594,#3595);
#3070=AXIS2_PLACEMENT_3D('',#4443,#3597,#3598);
#3071=AXIS2_PLACEMENT_3D('',#4445,#3600,#3601);
#3072=AXIS2_PLACEMENT_3D('',#4462,#3611,#3612);
#3073=AXIS2_PLACEMENT_3D('',#4468,#3616,#3617);
#3074=AXIS2_PLACEMENT_3D('',#4472,#3620,#3621);
#3075=AXIS2_PLACEMENT_3D('',#4474,#3623,#3624);
#3076=AXIS2_PLACEMENT_3D('',#4476,#3626,#3627);
#3077=AXIS2_PLACEMENT_3D('',#4480,#3630,#3631);
#3078=AXIS2_PLACEMENT_3D('',#4484,#3634,#3635);
#3079=AXIS2_PLACEMENT_3D('',#4488,#3638,#3639);
#3080=AXIS2_PLACEMENT_3D('',#4492,#3642,#3643);
#3081=AXIS2_PLACEMENT_3D('',#4496,#3646,#3647);
#3082=AXIS2_PLACEMENT_3D('',#4500,#3650,#3651);
#3083=AXIS2_PLACEMENT_3D('',#4502,#3653,#3654);
#3084=AXIS2_PLACEMENT_3D('',#4506,#3657,#3658);
#3085=AXIS2_PLACEMENT_3D('',#4508,#3660,#3661);
#3086=AXIS2_PLACEMENT_3D('',#4510,#3663,#3664);
#3087=AXIS2_PLACEMENT_3D('',#4514,#3667,#3668);
#3088=AXIS2_PLACEMENT_3D('',#4518,#3671,#3672);
#3089=AXIS2_PLACEMENT_3D('',#4520,#3674,#3675);
#3090=AXIS2_PLACEMENT_3D('',#4524,#3678,#3679);
#3091=AXIS2_PLACEMENT_3D('',#4526,#3681,#3682);
#3092=AXIS2_PLACEMENT_3D('',#4530,#3685,#3686);
#3093=AXIS2_PLACEMENT_3D('',#4534,#3689,#3690);
#3094=AXIS2_PLACEMENT_3D('',#4536,#3692,#3693);
#3095=AXIS2_PLACEMENT_3D('',#4540,#3696,#3697);
#3096=AXIS2_PLACEMENT_3D('',#4544,#3700,#3701);
#3097=AXIS2_PLACEMENT_3D('',#4548,#3704,#3705);
#3098=AXIS2_PLACEMENT_3D('',#4552,#3708,#3709);
#3099=AXIS2_PLACEMENT_3D('',#4556,#3712,#3713);
#3100=AXIS2_PLACEMENT_3D('',#4558,#3715,#3716);
#3101=AXIS2_PLACEMENT_3D('',#4562,#3719,#3720);
#3102=AXIS2_PLACEMENT_3D('',#4566,#3723,#3724);
#3103=AXIS2_PLACEMENT_3D('',#4570,#3727,#3728);
#3104=AXIS2_PLACEMENT_3D('',#4620,#3754,#3755);
#3105=AXIS2_PLACEMENT_3D('',#4622,#3757,#3758);
#3106=AXIS2_PLACEMENT_3D('',#4624,#3760,#3761);
#3107=AXIS2_PLACEMENT_3D('',#4626,#3763,#3764);
#3108=AXIS2_PLACEMENT_3D('',#4627,#3765,#3766);
#3109=AXIS2_PLACEMENT_3D('',#4628,#3767,#3768);
#3110=AXIS2_PLACEMENT_3D('',#4631,#3771,#3772);
#3111=AXIS2_PLACEMENT_3D('',#4633,#3774,#3775);
#3112=AXIS2_PLACEMENT_3D('',#4635,#3777,#3778);
#3113=AXIS2_PLACEMENT_3D('',#4637,#3780,#3781);
#3114=AXIS2_PLACEMENT_3D('',#4639,#3783,#3784);
#3115=AXIS2_PLACEMENT_3D('',#4641,#3786,#3787);
#3116=AXIS2_PLACEMENT_3D('',#4643,#3789,#3790);
#3117=AXIS2_PLACEMENT_3D('',#4645,#3792,#3793);
#3118=AXIS2_PLACEMENT_3D('',#4647,#3795,#3796);
#3119=AXIS2_PLACEMENT_3D('',#4649,#3798,#3799);
#3120=AXIS2_PLACEMENT_3D('',#4651,#3801,#3802);
#3121=AXIS2_PLACEMENT_3D('',#4653,#3804,#3805);
#3122=AXIS2_PLACEMENT_3D('',#4655,#3807,#3808);
#3123=AXIS2_PLACEMENT_3D('',#4657,#3810,#3811);
#3124=AXIS2_PLACEMENT_3D('',#4659,#3813,#3814);
#3125=AXIS2_PLACEMENT_3D('',#4661,#3816,#3817);
#3126=AXIS2_PLACEMENT_3D('',#4663,#3819,#3820);
#3127=AXIS2_PLACEMENT_3D('',#4665,#3822,#3823);
#3128=AXIS2_PLACEMENT_3D('',#4667,#3825,#3826);
#3129=AXIS2_PLACEMENT_3D('',#4669,#3828,#3829);
#3130=AXIS2_PLACEMENT_3D('',#4671,#3831,#3832);
#3131=AXIS2_PLACEMENT_3D('',#4673,#3834,#3835);
#3132=AXIS2_PLACEMENT_3D('',#4675,#3837,#3838);
#3133=AXIS2_PLACEMENT_3D('',#4677,#3840,#3841);
#3134=AXIS2_PLACEMENT_3D('',#4679,#3843,#3844);
#3135=AXIS2_PLACEMENT_3D('',#4681,#3846,#3847);
#3136=AXIS2_PLACEMENT_3D('',#4683,#3849,#3850);
#3137=AXIS2_PLACEMENT_3D('',#4685,#3852,#3853);
#3138=AXIS2_PLACEMENT_3D('',#4687,#3855,#3856);
#3139=AXIS2_PLACEMENT_3D('',#4689,#3858,#3859);
#3140=AXIS2_PLACEMENT_3D('',#4691,#3861,#3862);
#3141=AXIS2_PLACEMENT_3D('',#4693,#3864,#3865);
#3142=AXIS2_PLACEMENT_3D('',#4695,#3867,#3868);
#3143=AXIS2_PLACEMENT_3D('',#4697,#3870,#3871);
#3144=AXIS2_PLACEMENT_3D('',#4699,#3873,#3874);
#3145=AXIS2_PLACEMENT_3D('',#4701,#3876,#3877);
#3146=AXIS2_PLACEMENT_3D('',#4703,#3879,#3880);
#3147=AXIS2_PLACEMENT_3D('',#4705,#3882,#3883);
#3148=AXIS2_PLACEMENT_3D('',#4707,#3885,#3886);
#3149=AXIS2_PLACEMENT_3D('',#4709,#3888,#3889);
#3150=AXIS2_PLACEMENT_3D('',#4711,#3891,#3892);
#3151=AXIS2_PLACEMENT_3D('',#4713,#3894,#3895);
#3152=DIRECTION('axis',(0.,0.,1.));
#3153=DIRECTION('refdir',(1.,0.,0.));
#3154=DIRECTION('center_axis',(0.,0.,-1.));
#3155=DIRECTION('ref_axis',(1.,0.,0.));
#3156=DIRECTION('',(0.,1.,0.));
#3157=DIRECTION('',(1.,0.,0.));
#3158=DIRECTION('',(0.707106814904027,-0.707106747469066,0.));
#3159=DIRECTION('center_axis',(0.,1.,0.));
#3160=DIRECTION('ref_axis',(0.,0.,1.));
#3161=DIRECTION('',(0.,0.,-1.));
#3162=DIRECTION('',(-1.,0.,0.));
#3163=DIRECTION('',(0.,0.,-1.));
#3164=DIRECTION('',(1.,0.,0.));
#3165=DIRECTION('',(0.,0.,1.));
#3166=DIRECTION('',(1.,0.,0.));
#3167=DIRECTION('',(0.,0.,-1.));
#3168=DIRECTION('center_axis',(0.,0.,-1.));
#3169=DIRECTION('ref_axis',(-1.,0.,0.));
#3170=DIRECTION('',(0.,-1.,0.));
#3171=DIRECTION('',(1.,0.,0.));
#3172=DIRECTION('',(0.,1.,0.));
#3173=DIRECTION('center_axis',(-1.,0.,0.));
#3174=DIRECTION('ref_axis',(0.,0.,1.));
#3175=DIRECTION('',(0.,0.,-1.));
#3176=DIRECTION('',(0.,1.,0.));
#3177=DIRECTION('',(0.,2.7812127226336E-6,0.999999999996132));
#3178=DIRECTION('',(0.,-1.,0.));
#3179=DIRECTION('',(0.,0.,1.));
#3180=DIRECTION('',(0.,-1.,0.));
#3181=DIRECTION('',(0.,0.,1.));
#3182=DIRECTION('',(0.,-1.,0.));
#3183=DIRECTION('center_axis',(0.707106747469066,0.707106814904027,0.));
#3184=DIRECTION('ref_axis',(0.,0.,-1.));
#3185=DIRECTION('',(0.707106814904027,-0.707106747469066,0.));
#3186=DIRECTION('',(0.,0.,-1.));
#3187=DIRECTION('center_axis',(0.,-0.707149853053436,0.70706370669587));
#3188=DIRECTION('ref_axis',(1.,0.,0.));
#3189=DIRECTION('',(-0.360693668155393,0.659467246493026,0.65954759385166));
#3190=DIRECTION('',(-1.,0.,0.));
#3191=DIRECTION('',(0.,-0.70706370669587,-0.707149853053436));
#3192=DIRECTION('',(-1.,0.,0.));
#3193=DIRECTION('center_axis',(-6.17135138143182E-6,-0.707140957474525,
0.707072603219731));
#3194=DIRECTION('ref_axis',(0.999999999961911,0.,8.72803069033483E-6));
#3195=DIRECTION('',(0.88123851177351,0.334209475367122,0.334249475604739));
#3196=DIRECTION('',(0.906382248499683,0.298704905470711,0.298741692859219));
#3197=DIRECTION('',(-0.99294521157503,0.0838447997287913,0.0838442387326537));
#3198=DIRECTION('center_axis',(6.84676059674051E-7,-0.707151358142051,0.707062201420345));
#3199=DIRECTION('ref_axis',(0.999999999999531,0.,-9.68339218668958E-7));
#3200=DIRECTION('',(0.939315643766954,-0.242560138390279,-0.242591633488793));
#3201=DIRECTION('',(0.932381672460877,0.255585996621452,0.255617321772364));
#3202=DIRECTION('center_axis',(-1.10520009615251E-6,-0.707148093792161,
0.707065466166247));
#3203=DIRECTION('ref_axis',(0.999999999998779,0.,1.56308029317798E-6));
#3204=DIRECTION('',(-0.844715016946623,0.378433657423046,0.378476560799059));
#3205=DIRECTION('',(0.956682551611722,0.205849429806045,0.205874980729111));
#3206=DIRECTION('center_axis',(-1.08055466361997E-6,-0.707148151054942,
0.707065408896808));
#3207=DIRECTION('ref_axis',(0.999999999998832,0.,1.52822447544794E-6));
#3208=DIRECTION('',(0.726346024823519,-0.485987268710721,-0.48604302985864));
#3209=DIRECTION('',(0.97709906979664,0.150452085965233,0.15047118538528));
#3210=DIRECTION('center_axis',(8.65934051952252E-7,-0.707154470913707,0.707059088242281));
#3211=DIRECTION('ref_axis',(0.99999999999925,0.,-1.22469828385104E-6));
#3212=DIRECTION('',(-0.598308185802429,0.566542090462276,0.566619250058132));
#3213=DIRECTION('',(0.991781308142115,0.0904650441628227,0.0904760333156464));
#3214=DIRECTION('center_axis',(1.46391828998555E-7,-0.707150527186021,0.707063032480493));
#3215=DIRECTION('ref_axis',(0.999999999999979,0.,-2.07042119689082E-7));
#3216=DIRECTION('',(0.44367359944879,-0.633661676901137,-0.63374018049907));
#3217=DIRECTION('',(0.999997900221596,0.001449074317675,0.00144904659003263));
#3218=DIRECTION('center_axis',(0.,-0.707100015941633,0.707113546366737));
#3219=DIRECTION('ref_axis',(1.,0.,0.));
#3220=DIRECTION('',(0.,0.707113546366737,0.707100015941633));
#3221=DIRECTION('',(-1.,0.,0.));
#3222=DIRECTION('center_axis',(0.,-0.707149092824252,0.707064467016861));
#3223=DIRECTION('ref_axis',(1.,0.,0.));
#3224=DIRECTION('',(1.,0.,0.));
#3225=DIRECTION('',(-0.360692830064958,0.659468184800072,0.659547113992798));
#3226=DIRECTION('center_axis',(1.,0.,0.));
#3227=DIRECTION('ref_axis',(0.,0.,-1.));
#3228=DIRECTION('',(0.,1.,0.));
#3229=DIRECTION('',(0.,0.,1.));
#3230=DIRECTION('center_axis',(0.,-0.967741080651508,0.251946821411687));
#3231=DIRECTION('ref_axis',(0.,-0.251946821411687,-0.967741080651508));
#3232=DIRECTION('',(-1.,0.,0.));
#3233=DIRECTION('',(0.,-0.251946821411687,-0.967741080651508));
#3234=DIRECTION('',(-1.,0.,0.));
#3235=DIRECTION('',(0.,0.251946821411687,0.967741080651508));
#3236=DIRECTION('center_axis',(0.,-0.91124493433356,0.411864868192742));
#3237=DIRECTION('ref_axis',(0.,-0.411864868192743,-0.91124493433356));
#3238=DIRECTION('',(-1.,0.,0.));
#3239=DIRECTION('',(0.,-0.411864868192743,-0.91124493433356));
#3240=DIRECTION('',(0.,0.411864868192743,0.91124493433356));
#3241=DIRECTION('center_axis',(0.,-0.828544594633375,0.559923079274123));
#3242=DIRECTION('ref_axis',(1.,0.,0.));
#3243=DIRECTION('',(-1.,0.,0.));
#3244=DIRECTION('',(0.,-0.559923079274123,-0.828544594633375));
#3245=DIRECTION('',(0.,0.559923079274123,0.828544594633375));
#3246=DIRECTION('center_axis',(0.,-0.722008231375576,0.691884465663099));
#3247=DIRECTION('ref_axis',(1.,0.,0.));
#3248=DIRECTION('',(-1.,0.,0.));
#3249=DIRECTION('',(0.,-0.691884465663099,-0.722008231375576));
#3250=DIRECTION('',(0.,0.691884465663099,0.722008231375576));
#3251=DIRECTION('center_axis',(0.,-0.594664795610733,0.803973743887974));
#3252=DIRECTION('ref_axis',(1.,0.,0.));
#3253=DIRECTION('',(-1.,0.,0.));
#3254=DIRECTION('',(0.,-0.803973743887974,-0.594664795610733));
#3255=DIRECTION('',(0.,0.803973743887974,0.594664795610733));
#3256=DIRECTION('center_axis',(0.,-0.45026181991071,0.892896574935023));
#3257=DIRECTION('ref_axis',(1.,0.,0.));
#3258=DIRECTION('',(-1.,0.,0.));
#3259=DIRECTION('',(0.,-0.892896574935024,-0.45026181991071));
#3260=DIRECTION('',(0.,0.892896574935024,0.45026181991071));
#3261=DIRECTION('center_axis',(0.,-0.292841190657825,0.956161093673084));
#3262=DIRECTION('ref_axis',(1.,0.,0.));
#3263=DIRECTION('',(-1.,0.,0.));
#3264=DIRECTION('',(0.,-0.956161093673084,-0.292841190657825));
#3265=DIRECTION('',(0.,0.956161093673084,0.292841190657825));
#3266=DIRECTION('center_axis',(0.,-0.127042257743186,0.991897305545042));
#3267=DIRECTION('ref_axis',(1.,0.,0.));
#3268=DIRECTION('',(-1.,0.,0.));
#3269=DIRECTION('',(0.,0.991897305545042,0.127042257743186));
#3270=DIRECTION('',(0.,0.991897305545042,0.127042257743186));
#3271=DIRECTION('center_axis',(0.,0.0424493191997763,0.999098621408055));
#3272=DIRECTION('ref_axis',(1.,0.,0.));
#3273=DIRECTION('',(-1.,0.,0.));
#3274=DIRECTION('',(0.,0.999098621408055,-0.0424493191997763));
#3275=DIRECTION('',(0.,0.999098621408055,-0.0424493191997763));
#3276=DIRECTION('center_axis',(0.,0.210709273691342,0.977548772174804));
#3277=DIRECTION('ref_axis',(1.,0.,0.));
#3278=DIRECTION('',(-1.,0.,0.));
#3279=DIRECTION('',(0.,0.977548772174804,-0.210709273691342));
#3280=DIRECTION('',(0.,0.977548772174804,-0.210709273691342));
#3281=DIRECTION('center_axis',(0.,0.372896064277127,0.927873119152952));
#3282=DIRECTION('ref_axis',(1.,0.,0.));
#3283=DIRECTION('',(-1.,0.,0.));
#3284=DIRECTION('',(0.,-0.927873119152952,0.372896064277127));
#3285=DIRECTION('',(0.,0.927873119152952,-0.372896064277127));
#3286=DIRECTION('center_axis',(0.,0.524356330537883,0.851498936361547));
#3287=DIRECTION('ref_axis',(1.,0.,0.));
#3288=DIRECTION('',(-1.,0.,0.));
#3289=DIRECTION('',(0.,-0.851498936361547,0.524356330537883));
#3290=DIRECTION('',(0.,0.851498936361547,-0.524356330537883));
#3291=DIRECTION('center_axis',(0.,0.660705569192825,0.750645156407197));
#3292=DIRECTION('ref_axis',(1.,0.,0.));
#3293=DIRECTION('',(-1.,0.,0.));
#3294=DIRECTION('',(0.,0.750645156407197,-0.660705569192825));
#3295=DIRECTION('',(0.,0.750645156407197,-0.660705569192825));
#3296=DIRECTION('center_axis',(0.,0.778080372159081,0.628164735129874));
#3297=DIRECTION('ref_axis',(1.,0.,0.));
#3298=DIRECTION('',(-1.,0.,0.));
#3299=DIRECTION('',(0.,0.628164735129875,-0.778080372159081));
#3300=DIRECTION('',(0.,0.628164735129875,-0.778080372159081));
#3301=DIRECTION('center_axis',(0.,0.873035081369447,0.487657407098717));
#3302=DIRECTION('ref_axis',(0.,-0.487657407098717,0.873035081369447));
#3303=DIRECTION('',(-1.,0.,0.));
#3304=DIRECTION('',(0.,0.487657407098717,-0.873035081369447));
#3305=DIRECTION('',(0.,0.487657407098717,-0.873035081369447));
#3306=DIRECTION('center_axis',(0.,0.942889385178791,0.333106000121826));
#3307=DIRECTION('ref_axis',(0.,-0.333106000121826,0.942889385178791));
#3308=DIRECTION('',(-1.,0.,0.));
#3309=DIRECTION('',(0.,-0.333106000121826,0.942889385178791));
#3310=DIRECTION('',(0.,0.333106000121826,-0.942889385178791));
#3311=DIRECTION('center_axis',(0.,0.985619342382597,0.168980803410613));
#3312=DIRECTION('ref_axis',(0.,-0.168980803410613,0.985619342382597));
#3313=DIRECTION('',(-1.,0.,0.));
#3314=DIRECTION('',(0.,-0.168980803410613,0.985619342382597));
#3315=DIRECTION('',(0.,0.168980803410613,-0.985619342382597));
#3316=DIRECTION('center_axis',(0.,1.,0.));
#3317=DIRECTION('ref_axis',(0.,0.,1.));
#3318=DIRECTION('',(-1.,0.,0.));
#3319=DIRECTION('',(0.,0.,1.));
#3320=DIRECTION('',(0.,0.,-1.));
#3321=DIRECTION('center_axis',(0.,0.985618756068298,-0.168984223187788));
#3322=DIRECTION('ref_axis',(0.,0.168984223187788,0.985618756068298));
#3323=DIRECTION('',(-1.,0.,0.));
#3324=DIRECTION('',(0.,-0.168984223187788,-0.985618756068298));
#3325=DIRECTION('',(0.,-0.168984223187788,-0.985618756068298));
#3326=DIRECTION('center_axis',(0.,0.942891771932723,-0.333099244102369));
#3327=DIRECTION('ref_axis',(0.,0.333099244102369,0.942891771932723));
#3328=DIRECTION('',(-1.,0.,0.));
#3329=DIRECTION('',(0.,0.333099244102369,0.942891771932723));
#3330=DIRECTION('',(0.,-0.333099244102369,-0.942891771932723));
#3331=DIRECTION('center_axis',(0.,0.873034848845681,-0.48765782337721));
#3332=DIRECTION('ref_axis',(0.,0.48765782337721,0.873034848845681));
#3333=DIRECTION('',(-1.,0.,0.));
#3334=DIRECTION('',(0.,0.48765782337721,0.873034848845681));
#3335=DIRECTION('',(0.,-0.48765782337721,-0.873034848845681));
#3336=DIRECTION('center_axis',(0.,0.778079986336871,-0.628165213030788));
#3337=DIRECTION('ref_axis',(-1.,0.,0.));
#3338=DIRECTION('',(-1.,0.,0.));
#3339=DIRECTION('',(0.,0.628165213030788,0.778079986336871));
#3340=DIRECTION('',(0.,-0.628165213030788,-0.778079986336871));
#3341=DIRECTION('center_axis',(0.,0.660706671115933,-0.750644186511095));
#3342=DIRECTION('ref_axis',(-1.,0.,0.));
#3343=DIRECTION('',(-1.,0.,0.));
#3344=DIRECTION('',(0.,0.750644186511095,0.660706671115933));
#3345=DIRECTION('',(0.,-0.750644186511095,-0.660706671115933));
#3346=DIRECTION('center_axis',(0.,0.524354912575947,-0.85149980954635));
#3347=DIRECTION('ref_axis',(-1.,0.,0.));
#3348=DIRECTION('',(-1.,0.,0.));
#3349=DIRECTION('',(0.,0.85149980954635,0.524354912575947));
#3350=DIRECTION('',(0.,-0.85149980954635,-0.524354912575947));
#3351=DIRECTION('center_axis',(0.,0.37289774801822,-0.927872442484925));
#3352=DIRECTION('ref_axis',(-1.,0.,0.));
#3353=DIRECTION('',(-1.,0.,0.));
#3354=DIRECTION('',(0.,0.927872442484925,0.37289774801822));
#3355=DIRECTION('',(0.,-0.927872442484925,-0.37289774801822));
#3356=DIRECTION('center_axis',(0.,0.210709273691342,-0.977548772174804));
#3357=DIRECTION('ref_axis',(-1.,0.,0.));
#3358=DIRECTION('',(-1.,0.,0.));
#3359=DIRECTION('',(0.,-0.977548772174804,-0.210709273691342));
#3360=DIRECTION('',(0.,-0.977548772174804,-0.210709273691342));
#3361=DIRECTION('center_axis',(0.,0.0424483431146709,-0.999098662879107));
#3362=DIRECTION('ref_axis',(-1.,0.,0.));
#3363=DIRECTION('',(-1.,0.,0.));
#3364=DIRECTION('',(0.,0.999098662879107,0.0424483431146709));
#3365=DIRECTION('',(0.,0.999098662879107,0.0424483431146709));
#3366=DIRECTION('center_axis',(0.,-0.127042257743186,-0.991897305545042));
#3367=DIRECTION('ref_axis',(-1.,0.,0.));
#3368=DIRECTION('',(-1.,0.,0.));
#3369=DIRECTION('',(0.,-0.991897305545042,0.127042257743186));
#3370=DIRECTION('',(0.,-0.991897305545042,0.127042257743186));
#3371=DIRECTION('center_axis',(0.,-0.292859070407811,-0.956155617501603));
#3372=DIRECTION('ref_axis',(-1.,0.,0.));
#3373=DIRECTION('',(-1.,0.,0.));
#3374=DIRECTION('',(0.,0.956155617501603,-0.292859070407811));
#3375=DIRECTION('',(0.,-0.956155617501603,0.292859070407811));
#3376=DIRECTION('center_axis',(0.,-0.450247007552607,-0.892904044223075));
#3377=DIRECTION('ref_axis',(-1.,0.,0.));
#3378=DIRECTION('',(-1.,0.,0.));
#3379=DIRECTION('',(0.,0.892904044223075,-0.450247007552607));
#3380=DIRECTION('',(0.,-0.892904044223075,0.450247007552607));
#3381=DIRECTION('center_axis',(0.,-0.594664163572303,-0.803974211379229));
#3382=DIRECTION('ref_axis',(-1.,0.,0.));
#3383=DIRECTION('',(-1.,0.,0.));
#3384=DIRECTION('',(0.,0.803974211379229,-0.594664163572303));
#3385=DIRECTION('',(0.,-0.803974211379229,0.594664163572303));
#3386=DIRECTION('center_axis',(0.,-0.722008231375576,-0.691884465663099));
#3387=DIRECTION('ref_axis',(-1.,0.,0.));
#3388=DIRECTION('',(-1.,0.,0.));
#3389=DIRECTION('',(0.,0.691884465663099,-0.722008231375576));
#3390=DIRECTION('',(0.,-0.691884465663099,0.722008231375576));
#3391=DIRECTION('center_axis',(0.,-0.828544288086067,-0.559923532886369));
#3392=DIRECTION('ref_axis',(-1.,0.,0.));
#3393=DIRECTION('',(-1.,0.,0.));
#3394=DIRECTION('',(0.,0.559923532886369,-0.828544288086067));
#3395=DIRECTION('',(0.,-0.559923532886369,0.828544288086067));
#3396=DIRECTION('center_axis',(0.,-0.911245266052037,-0.411864134269728));
#3397=DIRECTION('ref_axis',(0.,0.411864134269728,-0.911245266052037));
#3398=DIRECTION('',(-1.,0.,0.));
#3399=DIRECTION('',(0.,0.411864134269728,-0.911245266052037));
#3400=DIRECTION('',(0.,-0.411864134269728,0.911245266052037));
#3401=DIRECTION('center_axis',(0.,-0.967741018585814,-0.251947059809181));
#3402=DIRECTION('ref_axis',(0.,0.251947059809181,-0.967741018585814));
#3403=DIRECTION('',(-1.,0.,0.));
#3404=DIRECTION('',(0.,0.251947059809181,-0.967741018585814));
#3405=DIRECTION('',(0.,-0.251947059809181,0.967741018585814));
#3406=DIRECTION('center_axis',(0.,-0.996397434166059,-0.0848065633503376));
#3407=DIRECTION('ref_axis',(0.,0.0848065633503377,-0.996397434166059));
#3408=DIRECTION('',(-1.,0.,0.));
#3409=DIRECTION('',(0.,0.0848065633503377,-0.996397434166059));
#3410=DIRECTION('',(0.,-0.0848065633503377,0.996397434166059));
#3411=DIRECTION('center_axis',(0.,-0.996397434166059,0.0848065633503376));
#3412=DIRECTION('ref_axis',(0.,-0.0848065633503377,-0.996397434166059));
#3413=DIRECTION('',(0.,0.0848065633503377,0.996397434166059));
#3414=DIRECTION('',(0.,0.0848065633503377,0.996397434166059));
#3415=DIRECTION('center_axis',(1.,0.,0.));
#3416=DIRECTION('ref_axis',(0.,0.,-1.));
#3417=DIRECTION('',(0.,0.984600464034068,-0.174819696327094));
#3418=DIRECTION('',(0.,0.803959589020635,-0.594683932204135));
#3419=DIRECTION('',(0.,0.559917847636813,-0.828548130103351));
#3420=DIRECTION('',(0.,0.306236344843075,-0.951955514242737));
#3421=DIRECTION('',(0.,0.0283631618974025,-0.999597684594748));
#3422=DIRECTION('',(0.,-0.251957703459558,-0.967738247496391));
#3423=DIRECTION('',(0.,-0.559918271370888,-0.828547843751365));
#3424=DIRECTION('',(0.,-0.803959152318219,-0.594684522586363));
#3425=DIRECTION('',(0.,-0.938074945334377,-0.346432384363682));
#3426=DIRECTION('',(0.,-0.991901796078516,-0.127007192458596));
#3427=DIRECTION('',(0.,0.966225244019233,-0.257699006245606));
#3428=DIRECTION('',(0.,-0.750624813776508,0.660728680278814));
#3429=DIRECTION('',(0.,-0.536226254445152,0.8440742882257));
#3430=DIRECTION('',(0.,-0.333087327877055,0.942895981541826));
#3431=DIRECTION('',(0.,-0.168985460523662,0.985618543926405));
#3432=DIRECTION('',(0.,0.0565186727948834,0.99840154227921));
#3433=DIRECTION('',(0.,0.333100596796327,0.942891294059888));
#3434=DIRECTION('',(0.,0.628169942698871,0.778076167922973));
#3435=DIRECTION('',(0.,0.85149952198334,0.52435537954916));
#3436=DIRECTION('',(0.,0.96407950937955,0.265613816648318));
#3437=DIRECTION('center_axis',(0.,0.,1.));
#3438=DIRECTION('ref_axis',(1.,0.,0.));
#3439=DIRECTION('',(-1.,0.,0.));
#3440=DIRECTION('',(-0.997400924092762,0.0720513470998638,0.));
#3441=DIRECTION('',(-0.97668364437122,0.214683624940872,0.));
#3442=DIRECTION('',(-0.93568018199144,0.352849255388849,0.));
#3443=DIRECTION('',(-0.87524900967397,0.483672586637629,0.));
#3444=DIRECTION('',(-0.796625040229518,0.604473775510004,0.));
#3445=DIRECTION('',(-0.701463934268362,0.71270495222129,0.));
#3446=DIRECTION('',(-0.591976620351936,0.805955135821281,0.));
#3447=DIRECTION('',(-0.832203314539439,0.554470597299417,0.));
#3448=DIRECTION('',(-0.999911912300069,-0.0132728158436074,0.));
#3449=DIRECTION('',(-0.814446778245184,-0.580238266064932,0.));
#3450=DIRECTION('',(0.3039077719055,0.952701457002893,0.));
#3451=DIRECTION('',(1.,0.,0.));
#3452=DIRECTION('',(0.,1.,0.));
#3453=DIRECTION('center_axis',(0.,0.,-1.));
#3454=DIRECTION('ref_axis',(-1.,0.,0.));
#3455=DIRECTION('',(0.,-1.,0.));
#3456=DIRECTION('',(1.,0.,0.));
#3457=DIRECTION('',(1.,0.,0.));
#3458=DIRECTION('center_axis',(0.,0.,1.));
#3459=DIRECTION('ref_axis',(1.,0.,0.));
#3460=DIRECTION('',(-0.8866946790419,0.462355432712521,0.));
#3461=DIRECTION('',(-0.951674518692521,0.307108466948338,0.));
#3462=DIRECTION('',(-0.989695516338132,0.143187935735517,0.));
#3463=DIRECTION('',(-0.999692994131529,-0.0247773583002335,0.));
#3464=DIRECTION('',(-0.981381764844716,-0.192067258090156,0.));
#3465=DIRECTION('',(-0.935278870797117,-0.35391161868533,0.));
#3466=DIRECTION('',(-0.86270411326837,-0.505709020040018,0.));
#3467=DIRECTION('',(-0.765679562799846,-0.643222206636739,0.));
#3468=DIRECTION('',(-0.646987406675355,-0.76250068564133,0.));
#3469=DIRECTION('',(-0.509976985909427,-0.860188045628825,0.));
#3470=DIRECTION('',(-0.358505557502348,-0.933527592114947,0.));
#3471=DIRECTION('',(-0.19690338381577,-0.980422897244806,0.));
#3472=DIRECTION('',(-0.0297203721429843,-0.999558252169268,0.));
#3473=DIRECTION('',(0.138307503321879,-0.990389334819832,0.));
#3474=DIRECTION('',(0.302419420316663,-0.953174954672716,0.));
#3475=DIRECTION('',(0.428064278175075,-0.903748291146629,0.));
#3476=DIRECTION('',(0.479858429556497,-0.877345933816059,0.));
#3477=DIRECTION('',(-0.551972390633849,0.833862386714951,0.));
#3478=DIRECTION('',(-0.683977408471706,0.729503190329095,0.));
#3479=DIRECTION('',(-0.79662282308275,0.604476697436443,0.));
#3480=DIRECTION('center_axis',(0.877345933816059,0.479858429556497,0.));
#3481=DIRECTION('ref_axis',(0.,0.,-1.));
#3482=DIRECTION('',(0.19842389454725,-0.362786993684519,0.910501815092123));
#3483=DIRECTION('',(0.,0.,1.));
#3484=DIRECTION('center_axis',(0.877345468055099,0.479859281126232,4.40808047642278E-7));
#3485=DIRECTION('ref_axis',(5.02433834438566E-7,0.,-0.999999999999874));
#3486=DIRECTION('',(0.322872564316644,-0.590321201037514,0.739779823202297));
#3487=DIRECTION('center_axis',(0.877345700622176,0.479858855914719,0.));
#3488=DIRECTION('ref_axis',(0.,0.,-1.));
#3489=DIRECTION('',(0.479858855914719,-0.877345700622176,0.));
#3490=DIRECTION('',(0.,0.,1.));
#3491=DIRECTION('center_axis',(0.,-1.,0.));
#3492=DIRECTION('ref_axis',(0.,0.,-1.));
#3493=DIRECTION('',(0.,0.,1.));
#3494=DIRECTION('',(-1.,0.,0.));
#3495=DIRECTION('center_axis',(-0.903748291146629,-0.428064278175075,0.));
#3496=DIRECTION('ref_axis',(0.,0.,1.));
#3497=DIRECTION('',(0.,0.,1.));
#3498=DIRECTION('',(0.0182752815389329,-0.0385835849967353,0.999088244878035));
#3499=DIRECTION('center_axis',(-0.953174954672716,-0.302419420316663,0.));
#3500=DIRECTION('ref_axis',(0.,0.,1.));
#3501=DIRECTION('',(0.,0.,1.));
#3502=DIRECTION('',(0.302419420316663,-0.953174954672716,0.));
#3503=DIRECTION('center_axis',(-0.990389334819832,-0.138307503321879,0.));
#3504=DIRECTION('ref_axis',(0.,0.,1.));
#3505=DIRECTION('',(0.,0.,1.));
#3506=DIRECTION('',(-0.138307503321879,0.990389334819832,0.));
#3507=DIRECTION('center_axis',(-0.999558252169268,0.0297203721429843,0.));
#3508=DIRECTION('ref_axis',(0.,0.,1.));
#3509=DIRECTION('',(0.,0.,1.));
#3510=DIRECTION('',(0.0297203721429843,0.999558252169268,0.));
#3511=DIRECTION('center_axis',(-0.980422897244806,0.19690338381577,0.));
#3512=DIRECTION('ref_axis',(0.,0.,1.));
#3513=DIRECTION('',(0.,0.,1.));
#3514=DIRECTION('',(0.19690338381577,0.980422897244806,0.));
#3515=DIRECTION('center_axis',(-0.933527592114947,0.358505557502348,0.));
#3516=DIRECTION('ref_axis',(0.,0.,1.));
#3517=DIRECTION('',(0.,0.,1.));
#3518=DIRECTION('',(0.358505557502348,0.933527592114947,0.));
#3519=DIRECTION('center_axis',(-0.860188045628825,0.509976985909427,0.));
#3520=DIRECTION('ref_axis',(0.,0.,1.));
#3521=DIRECTION('',(0.,0.,1.));
#3522=DIRECTION('',(0.509976985909427,0.860188045628825,0.));
#3523=DIRECTION('center_axis',(-0.76250068564133,0.646987406675355,0.));
#3524=DIRECTION('ref_axis',(0.,0.,1.));
#3525=DIRECTION('',(0.,0.,1.));
#3526=DIRECTION('',(0.646987406675355,0.76250068564133,0.));
#3527=DIRECTION('center_axis',(-0.643222206636739,0.765679562799846,0.));
#3528=DIRECTION('ref_axis',(0.,0.,1.));
#3529=DIRECTION('',(0.,0.,1.));
#3530=DIRECTION('',(0.765679562799846,0.643222206636739,0.));
#3531=DIRECTION('center_axis',(-0.505709020040018,0.86270411326837,0.));
#3532=DIRECTION('ref_axis',(0.,0.,1.));
#3533=DIRECTION('',(0.,0.,1.));
#3534=DIRECTION('',(0.86270411326837,0.505709020040018,0.));
#3535=DIRECTION('center_axis',(-0.35391161868533,0.935278870797117,0.));
#3536=DIRECTION('ref_axis',(0.,0.,1.));
#3537=DIRECTION('',(0.,0.,1.));
#3538=DIRECTION('',(0.935278870797117,0.35391161868533,0.));
#3539=DIRECTION('center_axis',(-0.192067258090156,0.981381764844716,0.));
#3540=DIRECTION('ref_axis',(0.,0.,1.));
#3541=DIRECTION('',(0.,0.,1.));
#3542=DIRECTION('',(-0.981381764844716,-0.192067258090156,0.));
#3543=DIRECTION('center_axis',(-0.0247773583002335,0.999692994131529,0.));
#3544=DIRECTION('ref_axis',(0.,0.,1.));
#3545=DIRECTION('',(0.,0.,1.));
#3546=DIRECTION('',(-0.999692994131529,-0.0247773583002335,0.));
#3547=DIRECTION('center_axis',(0.143187935735517,0.989695516338132,0.));
#3548=DIRECTION('ref_axis',(0.,0.,1.));
#3549=DIRECTION('',(0.,0.,1.));
#3550=DIRECTION('',(-0.989695516338132,0.143187935735517,0.));
#3551=DIRECTION('center_axis',(0.307108466948338,0.951674518692521,0.));
#3552=DIRECTION('ref_axis',(0.,0.,1.));
#3553=DIRECTION('',(0.,0.,1.));
#3554=DIRECTION('',(-0.951674518692521,0.307108466948338,0.));
#3555=DIRECTION('center_axis',(0.462355432712521,0.8866946790419,0.));
#3556=DIRECTION('ref_axis',(0.,0.,1.));
#3557=DIRECTION('',(0.,0.,1.));
#3558=DIRECTION('',(-0.8866946790419,0.462355432712521,0.));
#3559=DIRECTION('center_axis',(0.604476697436443,0.79662282308275,0.));
#3560=DIRECTION('ref_axis',(0.,0.,-1.));
#3561=DIRECTION('',(0.,0.,1.));
#3562=DIRECTION('',(-0.79662282308275,0.604476697436443,0.));
#3563=DIRECTION('center_axis',(0.729503190329095,0.683977408471706,0.));
#3564=DIRECTION('ref_axis',(0.,0.,-1.));
#3565=DIRECTION('',(0.,0.,1.));
#3566=DIRECTION('',(-0.683977408471706,0.729503190329095,0.));
#3567=DIRECTION('center_axis',(0.833862386714951,0.551972390633849,0.));
#3568=DIRECTION('ref_axis',(0.,0.,-1.));
#3569=DIRECTION('',(0.551972390633849,-0.833862386714951,0.));
#3570=DIRECTION('center_axis',(-0.250028876908354,-0.968238380106855,0.));
#3571=DIRECTION('ref_axis',(0.,0.,-1.));
#3572=DIRECTION('',(0.,0.,1.));
#3573=DIRECTION('',(0.,0.,1.));
#3574=DIRECTION('',(0.968238380106855,-0.250028876908353,0.));
#3575=DIRECTION('center_axis',(-0.0841410711559702,-0.996453852491286,0.));
#3576=DIRECTION('ref_axis',(0.,0.,-1.));
#3577=DIRECTION('',(0.996453852491286,-0.0841410711559701,0.));
#3578=DIRECTION('center_axis',(-0.556090940256039,-0.83112145091145,0.));
#3579=DIRECTION('ref_axis',(0.,0.,1.));
#3580=DIRECTION('',(0.,0.,1.));
#3581=DIRECTION('',(0.,0.,1.));
#3582=DIRECTION('',(0.83112145091145,-0.556090940256039,0.));
#3583=DIRECTION('center_axis',(-0.408847462169832,-0.912602735409712,0.));
#3584=DIRECTION('ref_axis',(0.,0.,-1.));
#3585=DIRECTION('',(0.912602735409712,-0.408847462169832,0.));
#3586=DIRECTION('center_axis',(-0.818027828933311,-0.575173588527006,0.00241125519600593));
#3587=DIRECTION('ref_axis',(0.00294763165208326,0.,0.999995655724386));
#3588=DIRECTION('',(0.0460337517755339,-0.0612905908809754,0.997057850461511));
#3589=DIRECTION('',(-0.014066722724576,0.024196662554388,0.99960824768157));
#3590=DIRECTION('center_axis',(-0.799587717308086,-0.600549317150594,0.));
#3591=DIRECTION('ref_axis',(0.,0.,1.));
#3592=DIRECTION('',(0.,0.,1.));
#3593=DIRECTION('',(0.600549317150594,-0.799587717308086,0.));
#3594=DIRECTION('center_axis',(-0.68756797930001,-0.726120013387113,0.));
#3595=DIRECTION('ref_axis',(0.,0.,1.));
#3596=DIRECTION('',(0.726120013387113,-0.68756797930001,0.));
#3597=DIRECTION('center_axis',(-0.888974626753257,-0.457954237491276,-0.00142455350593174));
#3598=DIRECTION('ref_axis',(-0.00160246607046554,0.,0.999998716050422));
#3599=DIRECTION('',(0.457954702167315,-0.888975528776156,0.));
#3600=DIRECTION('center_axis',(0.,0.,1.));
#3601=DIRECTION('ref_axis',(1.,0.,0.));
#3602=DIRECTION('',(0.99452863332215,-0.104464336030894,0.));
#3603=DIRECTION('',(0.968110208600042,-0.250524697394055,0.));
#3604=DIRECTION('',(0.920362689774876,-0.391065875870492,0.));
#3605=DIRECTION('',(0.852346179306041,-0.522978002044439,0.));
#3606=DIRECTION('',(0.765549402519736,-0.643377115152284,0.));
#3607=DIRECTION('',(0.661887313092648,-0.749603351624707,0.));
#3608=DIRECTION('',(0.543644479453661,-0.839315602118511,0.));
#3609=DIRECTION('',(0.479857726863781,-0.877346318148725,0.));
#3610=DIRECTION('',(0.,1.,0.));
#3611=DIRECTION('center_axis',(0.,-1.,0.));
#3612=DIRECTION('ref_axis',(0.,0.,-1.));
#3613=DIRECTION('',(0.,0.,1.));
#3614=DIRECTION('',(1.,0.,0.));
#3615=DIRECTION('',(0.,0.,1.));
#3616=DIRECTION('center_axis',(-0.877346318148726,-0.479857726863781,0.));
#3617=DIRECTION('ref_axis',(0.,0.,1.));
#3618=DIRECTION('',(0.233645894063446,-0.427185712412883,0.873454041892068));
#3619=DIRECTION('',(0.,0.,1.));
#3620=DIRECTION('center_axis',(-0.877345114396365,-0.47985992773191,-1.39839208187478E-6));
#3621=DIRECTION('ref_axis',(-1.59389054424168E-6,0.,0.99999999999873));
#3622=DIRECTION('',(0.305338650006088,-0.558263851812,0.771433587920885));
#3623=DIRECTION('center_axis',(-0.877345927925528,-0.479858440326409,0.));
#3624=DIRECTION('ref_axis',(0.,0.,1.));
#3625=DIRECTION('',(-0.479858440326409,0.877345927925529,0.));
#3626=DIRECTION('center_axis',(-0.839315602118511,-0.543644479453661,0.));
#3627=DIRECTION('ref_axis',(0.,0.,1.));
#3628=DIRECTION('',(0.,0.,1.));
#3629=DIRECTION('',(-0.543644479453661,0.839315602118511,0.));
#3630=DIRECTION('center_axis',(-0.749603351624707,-0.661887313092648,0.));
#3631=DIRECTION('ref_axis',(0.,0.,1.));
#3632=DIRECTION('',(0.,0.,1.));
#3633=DIRECTION('',(-0.661887313092648,0.749603351624707,0.));
#3634=DIRECTION('center_axis',(-0.643377115152284,-0.765549402519736,0.));
#3635=DIRECTION('ref_axis',(0.,0.,1.));
#3636=DIRECTION('',(0.,0.,1.));
#3637=DIRECTION('',(-0.765549402519736,0.643377115152284,0.));
#3638=DIRECTION('center_axis',(-0.522978002044439,-0.852346179306041,0.));
#3639=DIRECTION('ref_axis',(0.,0.,1.));
#3640=DIRECTION('',(0.,0.,1.));
#3641=DIRECTION('',(-0.852346179306041,0.522978002044439,0.));
#3642=DIRECTION('center_axis',(-0.391065875870492,-0.920362689774876,0.));
#3643=DIRECTION('ref_axis',(0.,0.,-1.));
#3644=DIRECTION('',(0.,0.,1.));
#3645=DIRECTION('',(-0.920362689774876,0.391065875870492,0.));
#3646=DIRECTION('center_axis',(-0.250524697394055,-0.968110208600042,0.));
#3647=DIRECTION('ref_axis',(0.,0.,-1.));
#3648=DIRECTION('',(0.,0.,1.));
#3649=DIRECTION('',(-0.968110208600042,0.250524697394055,0.));
#3650=DIRECTION('center_axis',(-0.104464336030894,-0.99452863332215,0.));
#3651=DIRECTION('ref_axis',(0.,0.,-1.));
#3652=DIRECTION('',(-0.99452863332215,0.104464336030894,0.));
#3653=DIRECTION('center_axis',(-0.98507456645201,0.172128145662342,-4.78724988641286E-7));
#3654=DIRECTION('ref_axis',(-4.85978427364617E-7,0.,0.999999999999882));
#3655=DIRECTION('',(-0.0026429001160498,-0.0151223090645787,0.999882158480454));
#3656=DIRECTION('',(-0.172128145662361,-0.985074566452123,0.));
#3657=DIRECTION('center_axis',(-0.952699399815167,0.303907115671237,0.00207813286610781));
#3658=DIRECTION('ref_axis',(0.0021813049557207,0.,0.999997620951515));
#3659=DIRECTION('',(0.00542397594516625,0.0101656840326065,0.999933617473228));
#3660=DIRECTION('center_axis',(-0.580230623584692,0.814436050939225,-0.00513248332085128));
#3661=DIRECTION('ref_axis',(-0.00884524588971108,0.,0.99996088004739));
#3662=DIRECTION('',(0.0299510973617895,0.0276347830363755,0.999169280219001));
#3663=DIRECTION('center_axis',(-0.793092521347825,0.609061777710494,0.00692845684717191));
#3664=DIRECTION('ref_axis',(0.00873566739546799,0.,0.999961843329612));
#3665=DIRECTION('',(0.0138022937828139,0.00659842745157739,0.999882971872958));
#3666=DIRECTION('',(0.609076396789694,0.793111557647273,0.));
#3667=DIRECTION('center_axis',(-0.396539742253105,0.918017369831442,-0.000584381384040871));
#3668=DIRECTION('ref_axis',(0.,0.000636568854624911,0.999999797390026));
#3669=DIRECTION('',(-0.00191735566218464,-0.000191638444684646,0.999998143509262));
#3670=DIRECTION('',(0.918017526583683,0.396539809962601,0.));
#3671=DIRECTION('center_axis',(-0.0132728156603529,0.999911898494526,0.000166173161288587));
#3672=DIRECTION('ref_axis',(0.,-0.000166187800389275,0.999999986190807));
#3673=DIRECTION('',(0.0208845586848026,0.000111069766115021,0.999781887649525));
#3674=DIRECTION('center_axis',(0.107183377203095,0.994236492932622,-0.002349419583394));
#3675=DIRECTION('ref_axis',(0.,0.00236303237770633,0.999997208035093));
#3676=DIRECTION('',(-0.006986908226786,0.00311619144086651,0.999970735803971));
#3677=DIRECTION('',(-0.994239236923548,0.107183673018242,0.));
#3678=DIRECTION('center_axis',(0.554470142532566,0.832202631981188,0.00128076676213123));
#3679=DIRECTION('ref_axis',(0.00230988694803553,0.,-0.999997332207585));
#3680=DIRECTION('',(0.0178341661401619,-0.0134209625262447,0.999750879110868));
#3681=DIRECTION('center_axis',(0.601259584847628,0.799053760161125,1.10751794584354E-6));
#3682=DIRECTION('ref_axis',(1.84199632530154E-6,0.,-0.999999999998304));
#3683=DIRECTION('',(1.85414181508588E-6,-2.78121272262882E-6,0.999999999994413));
#3684=DIRECTION('',(0.799053760161615,-0.601259584847996,0.));
#3685=DIRECTION('center_axis',(0.805956311567215,0.59197501961227,1.52051157615783E-7));
#3686=DIRECTION('ref_axis',(1.88659305018793E-7,0.,-0.999999999999982));
#3687=DIRECTION('',(0.591975019612277,-0.805956311567224,0.));
#3688=DIRECTION('',(-0.0451872396930429,0.0615208213502483,0.997082394744444));
#3689=DIRECTION('center_axis',(0.805955135821281,0.591976620351936,0.));
#3690=DIRECTION('ref_axis',(0.,0.,-1.));
#3691=DIRECTION('',(0.,0.,1.));
#3692=DIRECTION('center_axis',(0.71270495222129,0.701463934268362,0.));
#3693=DIRECTION('ref_axis',(0.,0.,-1.));
#3694=DIRECTION('',(0.,0.,1.));
#3695=DIRECTION('',(0.701463934268362,-0.71270495222129,0.));
#3696=DIRECTION('center_axis',(0.604473775510004,0.796625040229518,0.));
#3697=DIRECTION('ref_axis',(0.,0.,-1.));
#3698=DIRECTION('',(0.,0.,1.));
#3699=DIRECTION('',(0.796625040229518,-0.604473775510004,0.));
#3700=DIRECTION('center_axis',(0.483672586637629,0.87524900967397,0.));
#3701=DIRECTION('ref_axis',(0.,0.,1.));
#3702=DIRECTION('',(0.,0.,1.));
#3703=DIRECTION('',(0.87524900967397,-0.483672586637629,0.));
#3704=DIRECTION('center_axis',(0.352849255388849,0.93568018199144,0.));
#3705=DIRECTION('ref_axis',(0.,0.,1.));
#3706=DIRECTION('',(0.,0.,1.));
#3707=DIRECTION('',(0.93568018199144,-0.352849255388849,0.));
#3708=DIRECTION('center_axis',(0.214683624940872,0.97668364437122,0.));
#3709=DIRECTION('ref_axis',(0.,0.,1.));
#3710=DIRECTION('',(0.,0.,1.));
#3711=DIRECTION('',(0.97668364437122,-0.214683624940872,0.));
#3712=DIRECTION('center_axis',(0.0720513470998638,0.997400924092762,0.));
#3713=DIRECTION('ref_axis',(0.,0.,1.));
#3714=DIRECTION('',(0.0726651511244514,-0.00524926526461186,0.997342579571454));
#3715=DIRECTION('center_axis',(0.0720467871994258,0.997401253485341,3.33962401974489E-7));
#3716=DIRECTION('ref_axis',(0.,-3.34832546888692E-7,0.999999999999944));
#3717=DIRECTION('',(-4.63535453769079E-6,0.,0.999999999989257));
#3718=DIRECTION('',(0.997401253485397,-0.0720467871994298,0.));
#3719=DIRECTION('center_axis',(0.,1.,0.));
#3720=DIRECTION('ref_axis',(0.,0.,1.));
#3721=DIRECTION('',(0.,0.,1.));
#3722=DIRECTION('',(1.,0.,0.));
#3723=DIRECTION('center_axis',(0.,1.,0.));
#3724=DIRECTION('ref_axis',(0.,0.,1.));
#3725=DIRECTION('',(0.,0.,1.));
#3726=DIRECTION('',(-1.,0.,0.));
#3727=DIRECTION('center_axis',(-1.,0.,0.));
#3728=DIRECTION('ref_axis',(0.,0.,1.));
#3729=DIRECTION('',(0.,0.,1.));
#3730=DIRECTION('',(0.,-1.,0.));
#3731=DIRECTION('',(0.,0.956156643543056,0.292855720463982));
#3732=DIRECTION('',(0.,0.803963132634473,0.594679141524709));
#3733=DIRECTION('',(0.,0.559926090286322,0.8285425598101));
#3734=DIRECTION('',(0.,0.333098719564641,0.942891957238154));
#3735=DIRECTION('',(0.,0.113015935337434,0.993593175479686));
#3736=DIRECTION('',(0.,-0.168978112830397,0.985619803668878));
#3737=DIRECTION('',(0.,-0.437542378970704,0.899197790591512));
#3738=DIRECTION('',(0.,-0.628153449484369,0.778089483222135));
#3739=DIRECTION('',(0.,-0.803972270304866,0.594666787857569));
#3740=DIRECTION('',(0.,-0.927866655300168,0.372912147807066));
#3741=DIRECTION('',(0.,-0.986676494799283,0.162694482422118));
#3742=DIRECTION('',(0.,0.997632967875484,0.0687638088528645));
#3743=DIRECTION('',(0.,-0.927868538184745,-0.372907462846889));
#3744=DIRECTION('',(0.,-0.750634450461836,-0.660717732303181));
#3745=DIRECTION('',(0.,-0.487657396353884,-0.873035087371264));
#3746=DIRECTION('',(0.,-0.251929076768018,-0.967745700212));
#3747=DIRECTION('',(0.,-0.0283631618974025,-0.999597684594748));
#3748=DIRECTION('',(0.,0.196855259189121,-0.980432561132883));
#3749=DIRECTION('',(0.,0.41186596159538,-0.911244440136187));
#3750=DIRECTION('',(0.,0.628181688546579,-0.778066684915097));
#3751=DIRECTION('',(0.,0.851500970429479,-0.524353027413456));
#3752=DIRECTION('',(0.,0.956157208071003,-0.292853877307206));
#3753=DIRECTION('',(0.,0.999098589238577,-0.0424500763425081));
#3754=DIRECTION('center_axis',(0.,-1.,0.));
#3755=DIRECTION('ref_axis',(0.,0.,-1.));
#3756=DIRECTION('',(-1.,0.,0.));
#3757=DIRECTION('center_axis',(0.,-1.,0.));
#3758=DIRECTION('ref_axis',(0.,0.,-1.));
#3759=DIRECTION('',(0.,0.,1.));
#3760=DIRECTION('center_axis',(1.,0.,0.));
#3761=DIRECTION('ref_axis',(0.,0.,-1.));
#3762=DIRECTION('',(0.,-1.,0.));
#3763=DIRECTION('center_axis',(0.,0.,1.));
#3764=DIRECTION('ref_axis',(1.,0.,0.));
#3765=DIRECTION('center_axis',(0.,0.,1.));
#3766=DIRECTION('ref_axis',(1.,0.,0.));
#3767=DIRECTION('center_axis',(0.,-0.127007192458596,0.991901796078516));
#3768=DIRECTION('ref_axis',(1.,0.,0.));
#3769=DIRECTION('',(1.,0.,0.));
#3770=DIRECTION('',(0.996841665056774,-0.0787715850060816,-0.010086238271459));
#3771=DIRECTION('center_axis',(0.00466039825441674,-0.0687630620975041,
0.997622133865867));
#3772=DIRECTION('ref_axis',(0.999989088692231,0.,-0.00467145549920573));
#3773=DIRECTION('',(0.998997548820778,0.0447369063179604,-0.00158324450899883));
#3774=DIRECTION('center_axis',(0.,-0.346432384363682,0.938074945334377));
#3775=DIRECTION('ref_axis',(1.,0.,0.));
#3776=DIRECTION('',(-0.992979964345744,-0.110958010723297,-0.0409769479616803));
#3777=DIRECTION('center_axis',(0.00337955488840855,-0.372905333279793,0.927863239394817));
#3778=DIRECTION('ref_axis',(0.999993366896803,0.,-0.0036422743438747));
#3779=DIRECTION('',(0.999207589628244,-0.0355385201654227,-0.0179222323878968));
#3780=DIRECTION('center_axis',(-0.00673064623477478,-0.594671052353997,
0.803940941794515));
#3781=DIRECTION('ref_axis',(0.999964956101706,0.,0.00837177212503869));
#3782=DIRECTION('',(-0.992979365399854,-0.0909719548968717,-0.0756047836604597));
#3783=DIRECTION('center_axis',(0.0033789315978037,-0.660713960526191,0.75063016538576));
#3784=DIRECTION('ref_axis',(0.999989868583303,0.,-0.00450141430527672));
#3785=DIRECTION('',(0.9992075619274,-0.0275387680915309,-0.0287378572461748));
#3786=DIRECTION('center_axis',(-0.00673151748231451,-0.828529071408759,
0.559905585347141));
#3787=DIRECTION('ref_axis',(0.999927736451586,0.,0.0120217251178193));
#3788=DIRECTION('',(-0.992978850206343,-0.0605896849468926,-0.101596718061782));
#3789=DIRECTION('center_axis',(0.00337621569189026,-0.873030111566765,0.487654616983499));
#3790=DIRECTION('ref_axis',(0.,-0.487657396353884,-0.873035087371264));
#3791=DIRECTION('',(0.999207467748086,-0.0163961168760955,-0.0362712523611008));
#3792=DIRECTION('center_axis',(-0.00673351195676751,-0.967716308532958,
0.251951991490586));
#3793=DIRECTION('ref_axis',(0.,-0.251957703459558,-0.967738247496391));
#3794=DIRECTION('',(-0.992978546826405,-0.0232869084468921,-0.115979849273517));
#3795=DIRECTION('center_axis',(-0.00672999382174979,-0.967723783999461,
0.251923371414649));
#3796=DIRECTION('ref_axis',(0.,-0.251929076768018,-0.967745700212));
#3797=DIRECTION('',(-0.999207430112822,-0.003376218795093,-0.0396624854740343));
#3798=DIRECTION('center_axis',(0.00225168590833109,-0.999595150566709,0.0283630899954277));
#3799=DIRECTION('ref_axis',(0.,-0.0283631618974025,-0.999597684594748));
#3800=DIRECTION('',(0.996863598816556,0.,-0.0791388991236603));
#3801=DIRECTION('center_axis',(-0.00225168590833109,-0.999595150566709,
-0.0283630899954277));
#3802=DIRECTION('ref_axis',(0.,0.0283631618974025,-0.999597684594748));
#3803=DIRECTION('',(-0.999207430112822,0.003376218795093,-0.0396624854740343));
#3804=DIRECTION('center_axis',(0.00893881225864054,-0.951917481734711,-0.306224110094635));
#3805=DIRECTION('ref_axis',(0.,0.306236344843075,-0.951955514242737));
#3806=DIRECTION('',(-0.987715875883241,0.0393710404847946,-0.151219276877479));
#3807=DIRECTION('center_axis',(-0.00894182954913292,-0.980393364461679,
-0.196847389121179));
#3808=DIRECTION('ref_axis',(0.,0.196855259189121,-0.980432561132883));
#3809=DIRECTION('',(-0.999207467748086,0.0163961168760955,-0.0362712523611008));
#3810=DIRECTION('center_axis',(-1.97767856573128E-6,-0.911244440134405,
-0.411865961594575));
#3811=DIRECTION('ref_axis',(0.,0.41186596159538,-0.911244440136187));
#3812=DIRECTION('',(0.999207412758168,0.0163930839606963,-0.0362741379964542));
#3813=DIRECTION('center_axis',(-0.00673326239088795,-0.828529348020746,
-0.559905155044935));
#3814=DIRECTION('ref_axis',(-0.999927698876121,0.,0.0120248501157475));
#3815=DIRECTION('',(-0.992979233387083,0.0716659159902149,-0.0941075902745628));
#3816=DIRECTION('center_axis',(0.00337951088145179,-0.778062241716116,-0.628178101275342));
#3817=DIRECTION('ref_axis',(-0.999985528861823,0.,-0.00537978316853419));
#3818=DIRECTION('',(0.999207482636986,0.0275417979195139,-0.0287377105841465));
#3819=DIRECTION('center_axis',(-0.00673047499492778,-0.594670462670554,
-0.803941379413656));
#3820=DIRECTION('ref_axis',(-0.999964957922898,0.,0.00837155459022733));
#3821=DIRECTION('',(-0.992979698027286,0.0989188624710069,-0.0648565952936311));
#3822=DIRECTION('center_axis',(0.00338076362298803,-0.524350030841998,-0.85149610427372));
#3823=DIRECTION('ref_axis',(-0.999992118132088,0.,-0.00397034931726352));
#3824=DIRECTION('',(0.999207536248564,0.0355415502803212,-0.0179191994170174));
#3825=DIRECTION('center_axis',(-0.0114382056722751,-0.174808259899775,-0.984536053033007));
#3826=DIRECTION('ref_axis',(-0.99993251945257,0.,0.0116170797206055));
#3827=DIRECTION('',(-0.973110088210319,0.228474388262837,-0.0292610685250456));
#3828=DIRECTION('center_axis',(-0.0399752405385652,-0.292619790595573,-0.955392923511414));
#3829=DIRECTION('ref_axis',(-0.999125784817876,0.,0.0418050967235368));
#3830=DIRECTION('',(-0.987631238735807,0.156653230793385,-0.00665594134363427));
#3831=DIRECTION('center_axis',(0.,-0.0424500763425081,-0.999098589238577));
#3832=DIRECTION('ref_axis',(-1.,0.,0.));
#3833=DIRECTION('',(1.,0.,0.));
#3834=DIRECTION('center_axis',(0.,0.265613816648318,-0.96407950937955));
#3835=DIRECTION('ref_axis',(-1.,0.,0.));
#3836=DIRECTION('',(-0.992980042966174,0.11403326372297,0.0314173365450065));
#3837=DIRECTION('center_axis',(0.00337910052847386,0.292854048498988,-0.956151184676027));
#3838=DIRECTION('ref_axis',(-0.999993755250444,0.,-0.00353404302686951));
#3839=DIRECTION('',(0.999207575233843,0.0369312245468659,0.014842717027968));
#3840=DIRECTION('center_axis',(-0.00673170176686776,0.52434349862053,-0.85148022857005));
#3841=DIRECTION('ref_axis',(-0.999968749983944,0.,0.00790563441782333));
#3842=DIRECTION('',(-0.992979720581096,0.097053315690829,0.067616036767218));
#3843=DIRECTION('center_axis',(0.00337848045222204,0.59467574764246,-0.803958544351458));
#3844=DIRECTION('ref_axis',(-0.999991170425752,0.,-0.00420226968842454));
#3845=DIRECTION('',(0.999207446777676,0.0298793347006951,0.0263002597303136));
#3846=DIRECTION('center_axis',(-0.00673254903157157,0.778058533709699,-0.628155705940056));
#3847=DIRECTION('ref_axis',(-0.999942567592613,0.,0.010717346513629));
#3848=DIRECTION('',(-0.992979226855876,0.0689849613397386,0.0960902187616464));
#3849=DIRECTION('center_axis',(0.00337724771587403,0.828537834700378,-0.559922897074119));
#3850=DIRECTION('ref_axis',(-0.999981810216385,0.,-0.00603152023629749));
#3851=DIRECTION('',(0.99920745361985,0.0194118147126914,0.0347512025704934));
#3852=DIRECTION('center_axis',(-0.00673276832703829,0.942869923106681,-0.333093046957536));
#3853=DIRECTION('ref_axis',(0.,0.333100596796327,0.942891294059889));
#3854=DIRECTION('',(-0.992978892473936,0.0330362027834351,0.113584895152866));
#3855=DIRECTION('center_axis',(-0.00673253154650819,0.942870587773071,-0.333091170299424));
#3856=DIRECTION('ref_axis',(0.,0.333098719564641,0.942891957238154));
#3857=DIRECTION('',(-0.999207477831418,0.00672500541173033,0.0392325190115218));
#3858=DIRECTION('center_axis',(0.00224979697512594,0.993590660897637,-0.11301564931711));
#3859=DIRECTION('ref_axis',(0.,0.113015935337434,0.993593175479685));
#3860=DIRECTION('',(0.996863512138514,0.00671211058497953,0.0788548396635305));
#3861=DIRECTION('center_axis',(-0.00225166731585872,0.998399011325246,-0.0565185295197051));
#3862=DIRECTION('ref_axis',(0.,0.0565186727948834,0.99840154227921));
#3863=DIRECTION('',(-0.999207352413762,0.,0.0398078746265217));
#3864=DIRECTION('center_axis',(0.00673213579740308,0.985596208742814,0.168981631130122));
#3865=DIRECTION('ref_axis',(0.,-0.168985460523662,0.985618543926405));
#3866=DIRECTION('',(-0.99297868898775,-0.0133690367290479,0.117535492822838));
#3867=DIRECTION('center_axis',(0.00673124917571107,0.985597474339511,0.168974284611927));
#3868=DIRECTION('ref_axis',(0.,-0.168978112830397,0.985619803668878));
#3869=DIRECTION('',(0.999207387963952,-0.0132591371771244,0.0375338663019883));
#3870=DIRECTION('center_axis',(-6.81223961110481E-8,0.942895981541824,0.333087327877054));
#3871=DIRECTION('ref_axis',(0.,-0.333087327877055,0.942895981541826));
#3872=DIRECTION('',(-0.999207386051084,-0.0132592815333119,0.037533866230134));
#3873=DIRECTION('center_axis',(0.00894155589959049,0.844040545081465,0.536204817990922));
#3874=DIRECTION('ref_axis',(0.999860990587309,0.,-0.0166733170594295));
#3875=DIRECTION('',(-0.987716257769361,-0.0762008186644269,0.1364185814798));
#3876=DIRECTION('center_axis',(-0.00894016285336711,0.899161855002016,0.437524893003231));
#3877=DIRECTION('ref_axis',(0.,-0.437542378970704,0.899197790591512));
#3878=DIRECTION('',(-0.999207530706411,-0.0250042927743566,0.0309692738444433));
#3879=DIRECTION('center_axis',(-2.1227319207948E-6,0.778089483220382,0.628153449482954));
#3880=DIRECTION('ref_axis',(0.99999999999429,0.,3.37932064614139E-6));
#3881=DIRECTION('',(0.999207504550486,-0.0250014044880736,0.0309724494287002));
#3882=DIRECTION('center_axis',(-0.00673472871770874,0.660713695915285,0.750607790699686));
#3883=DIRECTION('ref_axis',(0.999959750743592,0.,0.00897200606405664));
#3884=DIRECTION('',(-0.992979387313455,-0.0930662150538857,0.0730110675592403));
#3885=DIRECTION('center_axis',(0.00337919141485012,0.594663392617292,0.803967680038367));
#3886=DIRECTION('ref_axis',(0.99999116690999,0.,-0.00420310623181634));
#3887=DIRECTION('',(0.999207628226289,-0.033891416181959,0.0208683397417327));
#3888=DIRECTION('center_axis',(-0.0114380478808336,0.25768214845039,0.966162036839922));
#3889=DIRECTION('ref_axis',(0.999929930625752,0.,0.0118378139358325));
#3890=DIRECTION('',(0.973109526690733,0.225171596257037,-0.048534537216248));
#3891=DIRECTION('center_axis',(-0.0399795856794451,0.372614003337306,0.927124822904578));
#3892=DIRECTION('ref_axis',(0.99907153615544,0.,0.0430820803119972));
#3893=DIRECTION('',(0.987631152423802,0.155524960935244,-0.0199171606441214));
#3894=DIRECTION('center_axis',(-0.00572194006331374,0.162691819042988,0.986660342477793));
#3895=DIRECTION('ref_axis',(0.999983184479563,0.,0.00579920323091576));
#3896=CARTESIAN_POINT('',(0.,0.,0.));
#3897=CARTESIAN_POINT('Origin',(-135.5,318.848739624023,-7.07986424206605E-14));
#3898=CARTESIAN_POINT('',(-125.5,324.197479724884,-7.07986424206605E-14));
#3899=CARTESIAN_POINT('',(-125.5,329.197479248047,-7.105427357601E-14));
#3900=CARTESIAN_POINT('',(-125.5,318.848739624023,-7.105427357601E-14));
#3901=CARTESIAN_POINT('',(-130.5,329.197479248047,-7.07986424206605E-14));
#3902=CARTESIAN_POINT('',(-145.5,329.197479248047,-7.07986424206605E-14));
#3903=CARTESIAN_POINT('',(-130.5,329.197479248047,-7.07986424206605E-14));
#3904=CARTESIAN_POINT('Origin',(-139.808680057526,329.197479248047,4.90059995651238));
#3905=CARTESIAN_POINT('',(-125.5,329.197479248047,-4.00000000000007));
#3906=CARTESIAN_POINT('',(-125.5,329.197479248047,5.37577748298638));
#3907=CARTESIAN_POINT('',(-145.5,329.197479248047,-4.00000000000007));
#3908=CARTESIAN_POINT('',(-145.5,329.197479248047,-4.00000000000007));
#3909=CARTESIAN_POINT('',(-145.5,329.197479248047,4.90059995651238));
#3910=CARTESIAN_POINT('',(-145.5,329.197479248047,-7.07986424206605E-14));
#3911=CARTESIAN_POINT('',(-139.808680057526,329.197479248047,4.90059995651238));
#3912=CARTESIAN_POINT('',(-145.5,329.197479248047,4.90059995651238));
#3913=CARTESIAN_POINT('',(-139.808680057526,329.197479248047,13.9016895294189));
#3914=CARTESIAN_POINT('',(-139.808680057526,329.197479248047,4.90059995651238));
#3915=CARTESIAN_POINT('',(-130.5,329.197479248047,13.9016895294189));
#3916=CARTESIAN_POINT('',(-139.808680057526,329.197479248047,13.9016895294189));
#3917=CARTESIAN_POINT('',(-130.5,329.197479248047,13.9016895294189));
#3918=CARTESIAN_POINT('Origin',(-135.5,318.848739624023,-4.00000000000007));
#3919=CARTESIAN_POINT('',(-125.5,308.5,-4.00000000000007));
#3920=CARTESIAN_POINT('',(-125.5,318.848739624023,-4.00000000000007));
#3921=CARTESIAN_POINT('',(-145.5,308.5,-4.00000000000007));
#3922=CARTESIAN_POINT('',(-125.5,308.5,-4.00000000000007));
#3923=CARTESIAN_POINT('',(-145.5,308.5,-4.00000000000007));
#3924=CARTESIAN_POINT('Origin',(-145.5,308.5,15.7019100189208));
#3925=CARTESIAN_POINT('',(-145.5,308.5,15.7019100189208));
#3926=CARTESIAN_POINT('',(-145.5,308.5,15.7019100189208));
#3927=CARTESIAN_POINT('',(-145.5,320.555409669876,15.7019100189208));
#3928=CARTESIAN_POINT('',(-145.5,308.5,15.7019100189208));
#3929=CARTESIAN_POINT('',(-145.5,320.555379629135,4.90059995651238));
#3930=CARTESIAN_POINT('',(-145.5,320.555379629135,4.90059995651238));
#3931=CARTESIAN_POINT('',(-145.5,329.197479248047,4.90059995651238));
#3932=CARTESIAN_POINT('',(-145.5,309.949999809265,1.50018000602715));
#3933=CARTESIAN_POINT('',(-145.5,309.949999809265,14.2017202377319));
#3934=CARTESIAN_POINT('',(-145.5,309.949999809265,1.50018000602715));
#3935=CARTESIAN_POINT('',(-145.5,316.549999713898,1.50018000602715));
#3936=CARTESIAN_POINT('',(-145.5,316.549999713898,1.50018000602715));
#3937=CARTESIAN_POINT('',(-145.5,316.549999713898,14.2017202377319));
#3938=CARTESIAN_POINT('',(-145.5,316.549999713898,1.50018000602715));
#3939=CARTESIAN_POINT('',(-145.5,316.549999713898,14.2017202377319));
#3940=CARTESIAN_POINT('Origin',(-130.5,329.197479248047,-7.07986424206605E-14));
#3941=CARTESIAN_POINT('',(-125.5,324.197479724884,13.9016895294189));
#3942=CARTESIAN_POINT('',(-130.5,329.197479248047,13.9016895294189));
#3943=CARTESIAN_POINT('',(-125.5,324.197479724884,13.9016895294189));
#3944=CARTESIAN_POINT('Origin',(-125.5,321.950009584427,13.9016895294189));
#3945=CARTESIAN_POINT('',(-132.09376001358,320.725009679794,12.6765403747558));
#3946=CARTESIAN_POINT('',(-132.763770103455,321.950009584427,13.9016895294189));
#3947=CARTESIAN_POINT('',(-132.09376001358,320.725009679794,12.6765403747558));
#3948=CARTESIAN_POINT('',(-125.5,320.725009679794,12.6765403747558));
#3949=CARTESIAN_POINT('',(-125.5,320.725009679794,12.6765403747558));
#3950=CARTESIAN_POINT('',(-125.5,321.950009584427,13.9016895294189));
#3951=CARTESIAN_POINT('',(-125.5,321.950009584427,13.9016895294189));
#3952=CARTESIAN_POINT('',(-125.5,321.950009584427,13.9016895294189));
#3953=CARTESIAN_POINT('Origin',(-140.607989788055,320.003459572792,11.9548997879028));
#3954=CARTESIAN_POINT('',(-139.974999904633,319.950009584427,11.9014501571655));
#3955=CARTESIAN_POINT('',(-134.701430022717,321.950009584427,13.9016895294189));
#3956=CARTESIAN_POINT('',(-139.974999904633,319.950009584427,11.9014501571655));
#3957=CARTESIAN_POINT('',(-140.607989788055,320.003459572792,11.9548997879028));
#3958=CARTESIAN_POINT('',(-140.607989788055,320.003459572792,11.9548997879028));
#3959=CARTESIAN_POINT('',(-139.974999904633,319.950009584427,11.9014501571655));
#3960=CARTESIAN_POINT('Origin',(-134.701430022717,321.950009584427,13.9016895294189));
#3961=CARTESIAN_POINT('',(-141.223060131073,320.162289619446,12.1137504577636));
#3962=CARTESIAN_POINT('',(-141.223060131073,320.162289619446,12.1137504577636));
#3963=CARTESIAN_POINT('',(-141.223060131073,320.162289619446,12.1137504577636));
#3964=CARTESIAN_POINT('Origin',(-134.701430022717,321.950009584427,13.9016895294189));
#3965=CARTESIAN_POINT('',(-141.802790164948,320.422009587288,12.3734998703002));
#3966=CARTESIAN_POINT('',(-141.223060131073,320.162289619446,12.1137504577636));
#3967=CARTESIAN_POINT('',(-141.802790164948,320.422009587288,12.3734998703002));
#3968=CARTESIAN_POINT('Origin',(-134.701430022717,321.950009584427,13.9016895294189));
#3969=CARTESIAN_POINT('',(-142.330749988556,320.775259613991,12.7267904281616));
#3970=CARTESIAN_POINT('',(-142.330749988556,320.775259613991,12.7267904281616));
#3971=CARTESIAN_POINT('',(-142.330749988556,320.775259613991,12.7267904281616));
#3972=CARTESIAN_POINT('Origin',(-134.701430022717,321.950009584427,13.9016895294189));
#3973=CARTESIAN_POINT('',(-142.792009830475,321.212029695511,13.1636199951171));
#3974=CARTESIAN_POINT('',(-142.330749988556,320.775259613991,12.7267904281616));
#3975=CARTESIAN_POINT('',(-142.792009830475,321.212029695511,13.1636199951171));
#3976=CARTESIAN_POINT('Origin',(-134.701430022717,321.950009584427,13.9016895294189));
#3977=CARTESIAN_POINT('',(-143.300000190735,321.937549591065,13.889229774475));
#3978=CARTESIAN_POINT('',(-143.300000190735,321.937549591065,13.889229774475));
#3979=CARTESIAN_POINT('',(-143.300000190735,321.937549591065,13.889229774475));
#3980=CARTESIAN_POINT('Origin',(-134.701430022717,321.950009584427,13.9016895294189));
#3981=CARTESIAN_POINT('',(-143.300000190735,321.950009584427,13.9016895294189));
#3982=CARTESIAN_POINT('',(-143.300000190735,321.937549591065,13.889229774475));
#3983=CARTESIAN_POINT('',(-134.701430022717,321.950009584427,13.9016895294189));
#3984=CARTESIAN_POINT('Origin',(-134.701430022717,321.950009584427,13.9016895294189));
#3985=CARTESIAN_POINT('',(-133.607540011406,319.950009584427,11.9014501571655));
#3986=CARTESIAN_POINT('',(-139.974999904633,319.950009584427,11.9014501571655));
#3987=CARTESIAN_POINT('',(-133.607540011406,319.950009584427,11.9014501571655));
#3988=CARTESIAN_POINT('Origin',(-143.300000190735,321.937549591065,13.889229774475));
#3989=CARTESIAN_POINT('',(-143.300000190735,321.937549591065,13.9016895294189));
#3990=CARTESIAN_POINT('',(-143.300000190735,321.937549591065,13.9016895294189));
#3991=CARTESIAN_POINT('',(-143.300000190735,321.937549591065,13.889229774475));
#3992=CARTESIAN_POINT('Origin',(-125.5,316.083639621735,7.4150199890136));
#3993=CARTESIAN_POINT('',(-125.5,315.96076965332,6.9430699348449));
#3994=CARTESIAN_POINT('',(-127.,315.96076965332,6.9430699348449));
#3995=CARTESIAN_POINT('',(-125.5,315.96076965332,6.9430699348449));
#3996=CARTESIAN_POINT('',(-125.5,316.083639621735,7.4150199890136));
#3997=CARTESIAN_POINT('',(-125.5,316.083639621735,7.4150199890136));
#3998=CARTESIAN_POINT('',(-127.,316.083639621735,7.4150199890136));
#3999=CARTESIAN_POINT('',(-125.5,316.083639621735,7.4150199890136));
#4000=CARTESIAN_POINT('',(-127.,315.96076965332,6.9430699348449));
#4001=CARTESIAN_POINT('Origin',(-125.5,315.96076965332,6.9430699348449));
#4002=CARTESIAN_POINT('',(-125.5,315.759909629822,6.4986701011657));
#4003=CARTESIAN_POINT('',(-127.,315.759909629822,6.4986701011657));
#4004=CARTESIAN_POINT('',(-125.5,315.759909629822,6.4986701011657));
#4005=CARTESIAN_POINT('',(-125.5,315.96076965332,6.9430699348449));
#4006=CARTESIAN_POINT('',(-127.,315.759909629822,6.4986701011657));
#4007=CARTESIAN_POINT('Origin',(-125.5,315.759909629822,6.4986701011657));
#4008=CARTESIAN_POINT('',(-125.5,315.486849546432,6.09461021423333));
#4009=CARTESIAN_POINT('',(-127.,315.486849546432,6.09461021423333));
#4010=CARTESIAN_POINT('',(-125.5,315.486849546432,6.09461021423333));
#4011=CARTESIAN_POINT('',(-125.5,315.759909629822,6.4986701011657));
#4012=CARTESIAN_POINT('',(-127.,315.486849546432,6.09461021423333));
#4013=CARTESIAN_POINT('Origin',(-125.5,315.486849546432,6.09461021423333));
#4014=CARTESIAN_POINT('',(-125.5,315.149439573288,5.74250984191887));
#4015=CARTESIAN_POINT('',(-127.,315.149439573288,5.74250984191887));
#4016=CARTESIAN_POINT('',(-125.5,315.149439573288,5.74250984191887));
#4017=CARTESIAN_POINT('',(-125.5,315.486849546432,6.09461021423333));
#4018=CARTESIAN_POINT('',(-127.,315.149439573288,5.74250984191887));
#4019=CARTESIAN_POINT('Origin',(-125.5,315.149439573288,5.74250984191887));
#4020=CARTESIAN_POINT('',(-125.5,314.75737953186,5.45251989364617));
#4021=CARTESIAN_POINT('',(-127.,314.75737953186,5.45251989364617));
#4022=CARTESIAN_POINT('',(-125.5,314.75737953186,5.45251989364617));
#4023=CARTESIAN_POINT('',(-125.5,315.149439573288,5.74250984191887));
#4024=CARTESIAN_POINT('',(-127.,314.75737953186,5.45251989364617));
#4025=CARTESIAN_POINT('Origin',(-125.5,314.75737953186,5.45251989364617));
#4026=CARTESIAN_POINT('',(-125.5,314.321959495544,5.23295021057122));
#4027=CARTESIAN_POINT('',(-127.,314.321959495544,5.23295021057122));
#4028=CARTESIAN_POINT('',(-125.5,314.321959495544,5.23295021057122));
#4029=CARTESIAN_POINT('',(-125.5,314.75737953186,5.45251989364617));
#4030=CARTESIAN_POINT('',(-127.,314.321959495544,5.23295021057122));
#4031=CARTESIAN_POINT('Origin',(-125.5,314.321959495544,5.23295021057122));
#4032=CARTESIAN_POINT('',(-125.5,313.855699539185,5.0901498794555));
#4033=CARTESIAN_POINT('',(-127.,313.855699539185,5.0901498794555));
#4034=CARTESIAN_POINT('',(-125.5,313.855699539185,5.0901498794555));
#4035=CARTESIAN_POINT('',(-125.5,314.321959495544,5.23295021057122));
#4036=CARTESIAN_POINT('',(-127.,313.855699539185,5.0901498794555));
#4037=CARTESIAN_POINT('Origin',(-125.5,313.855699539185,5.0901498794555));
#4038=CARTESIAN_POINT('',(-125.5,313.372019767761,5.02820014953606));
#4039=CARTESIAN_POINT('',(-127.,313.372019767761,5.02820014953606));
#4040=CARTESIAN_POINT('',(-125.5,313.372019767761,5.02820014953606));
#4041=CARTESIAN_POINT('',(-125.5,313.372019767761,5.02820014953606));
#4042=CARTESIAN_POINT('',(-127.,313.372019767761,5.02820014953606));
#4043=CARTESIAN_POINT('Origin',(-125.5,313.372019767761,5.02820014953606));
#4044=CARTESIAN_POINT('',(-125.5,312.884819507599,5.04890012741082));
#4045=CARTESIAN_POINT('',(-127.,312.884819507599,5.04890012741082));
#4046=CARTESIAN_POINT('',(-125.5,312.884819507599,5.04890012741082));
#4047=CARTESIAN_POINT('',(-125.5,312.884819507599,5.04890012741082));
#4048=CARTESIAN_POINT('',(-127.,312.884819507599,5.04890012741082));
#4049=CARTESIAN_POINT('Origin',(-125.5,312.884819507599,5.04890012741082));
#4050=CARTESIAN_POINT('',(-125.5,312.408129692078,5.15164995193474));
#4051=CARTESIAN_POINT('',(-127.,312.408129692078,5.15164995193474));
#4052=CARTESIAN_POINT('',(-125.5,312.408129692078,5.15164995193474));
#4053=CARTESIAN_POINT('',(-125.5,312.408129692078,5.15164995193474));
#4054=CARTESIAN_POINT('',(-127.,312.408129692078,5.15164995193474));
#4055=CARTESIAN_POINT('Origin',(-125.5,312.408129692078,5.15164995193474));
#4056=CARTESIAN_POINT('',(-125.5,311.955659389496,5.33348989486687));
#4057=CARTESIAN_POINT('',(-127.,311.955659389496,5.33348989486687));
#4058=CARTESIAN_POINT('',(-125.5,311.955659389496,5.33348989486687));
#4059=CARTESIAN_POINT('',(-125.5,312.408129692078,5.15164995193474));
#4060=CARTESIAN_POINT('',(-127.,311.955659389496,5.33348989486687));
#4061=CARTESIAN_POINT('Origin',(-125.5,311.955659389496,5.33348989486687));
#4062=CARTESIAN_POINT('',(-125.5,311.540429592133,5.58919000625603));
#4063=CARTESIAN_POINT('',(-127.,311.540429592133,5.58919000625603));
#4064=CARTESIAN_POINT('',(-125.5,311.540429592133,5.58919000625603));
#4065=CARTESIAN_POINT('',(-125.5,311.955659389496,5.33348989486687));
#4066=CARTESIAN_POINT('',(-127.,311.540429592133,5.58919000625603));
#4067=CARTESIAN_POINT('Origin',(-125.5,311.540429592133,5.58919000625603));
#4068=CARTESIAN_POINT('',(-125.5,311.174369812012,5.9113898277282));
#4069=CARTESIAN_POINT('',(-127.,311.174369812012,5.9113898277282));
#4070=CARTESIAN_POINT('',(-125.5,311.174369812012,5.9113898277282));
#4071=CARTESIAN_POINT('',(-125.5,311.174369812012,5.9113898277282));
#4072=CARTESIAN_POINT('',(-127.,311.174369812012,5.9113898277282));
#4073=CARTESIAN_POINT('Origin',(-125.5,311.174369812012,5.9113898277282));
#4074=CARTESIAN_POINT('',(-125.5,310.868029594421,6.29084014892571));
#4075=CARTESIAN_POINT('',(-127.,310.868029594421,6.29084014892571));
#4076=CARTESIAN_POINT('',(-125.5,310.868029594421,6.29084014892571));
#4077=CARTESIAN_POINT('',(-125.5,310.868029594421,6.29084014892571));
#4078=CARTESIAN_POINT('',(-127.,310.868029594421,6.29084014892571));
#4079=CARTESIAN_POINT('Origin',(-125.5,310.868029594421,6.29084014892571));
#4080=CARTESIAN_POINT('',(-125.5,310.630209922791,6.71659994125359));
#4081=CARTESIAN_POINT('',(-127.,310.630209922791,6.71659994125359));
#4082=CARTESIAN_POINT('',(-125.5,310.630209922791,6.71659994125359));
#4083=CARTESIAN_POINT('',(-125.5,310.630209922791,6.71659994125359));
#4084=CARTESIAN_POINT('',(-127.,310.630209922791,6.71659994125359));
#4085=CARTESIAN_POINT('Origin',(-125.5,310.630209922791,6.71659994125359));
#4086=CARTESIAN_POINT('',(-125.5,310.46776008606,7.17643022537224));
#4087=CARTESIAN_POINT('',(-127.,310.46776008606,7.17643022537224));
#4088=CARTESIAN_POINT('',(-125.5,310.46776008606,7.17643022537224));
#4089=CARTESIAN_POINT('',(-125.5,310.630209922791,6.71659994125359));
#4090=CARTESIAN_POINT('',(-127.,310.46776008606,7.17643022537224));
#4091=CARTESIAN_POINT('Origin',(-125.5,310.46776008606,7.17643022537224));
#4092=CARTESIAN_POINT('',(-125.5,310.385349273682,7.65711021423333));
#4093=CARTESIAN_POINT('',(-127.,310.385349273682,7.65711021423333));
#4094=CARTESIAN_POINT('',(-125.5,310.385349273682,7.65711021423333));
#4095=CARTESIAN_POINT('',(-125.5,310.46776008606,7.17643022537224));
#4096=CARTESIAN_POINT('',(-127.,310.385349273682,7.65711021423333));
#4097=CARTESIAN_POINT('Origin',(-125.5,310.385349273682,7.65711021423333));
#4098=CARTESIAN_POINT('',(-125.5,310.385349273682,8.14480972290032));
#4099=CARTESIAN_POINT('',(-127.,310.385349273682,8.14480972290032));
#4100=CARTESIAN_POINT('',(-125.5,310.385349273682,8.14480972290032));
#4101=CARTESIAN_POINT('',(-125.5,310.385349273682,7.65711021423333));
#4102=CARTESIAN_POINT('',(-127.,310.385349273682,8.14480972290032));
#4103=CARTESIAN_POINT('Origin',(-125.5,310.385349273682,8.14480972290032));
#4104=CARTESIAN_POINT('',(-125.5,310.46776008606,8.62547969818108));
#4105=CARTESIAN_POINT('',(-127.,310.46776008606,8.62547969818108));
#4106=CARTESIAN_POINT('',(-125.5,310.46776008606,8.62547969818108));
#4107=CARTESIAN_POINT('',(-125.5,310.46776008606,8.62547969818108));
#4108=CARTESIAN_POINT('',(-127.,310.46776008606,8.62547969818108));
#4109=CARTESIAN_POINT('Origin',(-125.5,310.46776008606,8.62547969818108));
#4110=CARTESIAN_POINT('',(-125.5,310.630209922791,9.08532047271721));
#4111=CARTESIAN_POINT('',(-127.,310.630209922791,9.08532047271721));
#4112=CARTESIAN_POINT('',(-125.5,310.630209922791,9.08532047271721));
#4113=CARTESIAN_POINT('',(-125.5,310.46776008606,8.62547969818108));
#4114=CARTESIAN_POINT('',(-127.,310.630209922791,9.08532047271721));
#4115=CARTESIAN_POINT('Origin',(-125.5,310.630209922791,9.08532047271721));
#4116=CARTESIAN_POINT('',(-125.5,310.868029594421,9.51107978820794));
#4117=CARTESIAN_POINT('',(-127.,310.868029594421,9.51107978820794));
#4118=CARTESIAN_POINT('',(-125.5,310.868029594421,9.51107978820794));
#4119=CARTESIAN_POINT('',(-125.5,310.630209922791,9.08532047271721));
#4120=CARTESIAN_POINT('',(-127.,310.868029594421,9.51107978820794));
#4121=CARTESIAN_POINT('Origin',(-125.5,310.868029594421,9.51107978820794));
#4122=CARTESIAN_POINT('',(-125.5,311.174369812012,9.89052963256829));
#4123=CARTESIAN_POINT('',(-127.,311.174369812012,9.89052963256829));
#4124=CARTESIAN_POINT('',(-125.5,311.174369812012,9.89052963256829));
#4125=CARTESIAN_POINT('',(-125.5,310.868029594421,9.51107978820794));
#4126=CARTESIAN_POINT('',(-127.,311.174369812012,9.89052963256829));
#4127=CARTESIAN_POINT('Origin',(-125.5,311.174369812012,9.89052963256829));
#4128=CARTESIAN_POINT('',(-125.5,311.540429592133,10.2127304077148));
#4129=CARTESIAN_POINT('',(-127.,311.540429592133,10.2127304077148));
#4130=CARTESIAN_POINT('',(-125.5,311.540429592133,10.2127304077148));
#4131=CARTESIAN_POINT('',(-125.5,311.174369812012,9.89052963256829));
#4132=CARTESIAN_POINT('',(-127.,311.540429592133,10.2127304077148));
#4133=CARTESIAN_POINT('Origin',(-125.5,311.540429592133,10.2127304077148));
#4134=CARTESIAN_POINT('',(-125.5,311.955659389496,10.4684295654296));
#4135=CARTESIAN_POINT('',(-127.,311.955659389496,10.4684295654296));
#4136=CARTESIAN_POINT('',(-125.5,311.955659389496,10.4684295654296));
#4137=CARTESIAN_POINT('',(-125.5,311.540429592133,10.2127304077148));
#4138=CARTESIAN_POINT('',(-127.,311.955659389496,10.4684295654296));
#4139=CARTESIAN_POINT('Origin',(-125.5,311.955659389496,10.4684295654296));
#4140=CARTESIAN_POINT('',(-125.5,312.408129692078,10.6502704620361));
#4141=CARTESIAN_POINT('',(-127.,312.408129692078,10.6502704620361));
#4142=CARTESIAN_POINT('',(-125.5,312.408129692078,10.6502704620361));
#4143=CARTESIAN_POINT('',(-125.5,311.955659389496,10.4684295654296));
#4144=CARTESIAN_POINT('',(-127.,312.408129692078,10.6502704620361));
#4145=CARTESIAN_POINT('Origin',(-125.5,312.408129692078,10.6502704620361));
#4146=CARTESIAN_POINT('',(-125.5,312.884819507599,10.75302028656));
#4147=CARTESIAN_POINT('',(-127.,312.884819507599,10.75302028656));
#4148=CARTESIAN_POINT('',(-125.5,312.884819507599,10.75302028656));
#4149=CARTESIAN_POINT('',(-125.5,312.884819507599,10.75302028656));
#4150=CARTESIAN_POINT('',(-127.,312.884819507599,10.75302028656));
#4151=CARTESIAN_POINT('Origin',(-125.5,312.884819507599,10.75302028656));
#4152=CARTESIAN_POINT('',(-125.5,313.372019767761,10.7737197875976));
#4153=CARTESIAN_POINT('',(-127.,313.372019767761,10.7737197875976));
#4154=CARTESIAN_POINT('',(-125.5,313.372019767761,10.7737197875976));
#4155=CARTESIAN_POINT('',(-125.5,312.884819507599,10.75302028656));
#4156=CARTESIAN_POINT('',(-127.,312.884819507599,10.75302028656));
#4157=CARTESIAN_POINT('Origin',(-125.5,313.372019767761,10.7737197875976));
#4158=CARTESIAN_POINT('',(-125.5,313.855699539185,10.7117700576782));
#4159=CARTESIAN_POINT('',(-127.,313.855699539185,10.7117700576782));
#4160=CARTESIAN_POINT('',(-125.5,313.855699539185,10.7117700576782));
#4161=CARTESIAN_POINT('',(-125.5,313.855699539185,10.7117700576782));
#4162=CARTESIAN_POINT('',(-127.,313.855699539185,10.7117700576782));
#4163=CARTESIAN_POINT('Origin',(-125.5,313.855699539185,10.7117700576782));
#4164=CARTESIAN_POINT('',(-125.5,314.321959495544,10.5689601898193));
#4165=CARTESIAN_POINT('',(-127.,314.321959495544,10.5689601898193));
#4166=CARTESIAN_POINT('',(-125.5,314.321959495544,10.5689601898193));
#4167=CARTESIAN_POINT('',(-125.5,313.855699539185,10.7117700576782));
#4168=CARTESIAN_POINT('',(-127.,314.321959495544,10.5689601898193));
#4169=CARTESIAN_POINT('Origin',(-125.5,314.321959495544,10.5689601898193));
#4170=CARTESIAN_POINT('',(-125.5,314.75737953186,10.3493995666503));
#4171=CARTESIAN_POINT('',(-127.,314.75737953186,10.3493995666503));
#4172=CARTESIAN_POINT('',(-125.5,314.75737953186,10.3493995666503));
#4173=CARTESIAN_POINT('',(-125.5,314.321959495544,10.5689601898193));
#4174=CARTESIAN_POINT('',(-127.,314.75737953186,10.3493995666503));
#4175=CARTESIAN_POINT('Origin',(-125.5,314.75737953186,10.3493995666503));
#4176=CARTESIAN_POINT('',(-125.5,315.149439573288,10.0594100952148));
#4177=CARTESIAN_POINT('',(-127.,315.149439573288,10.0594100952148));
#4178=CARTESIAN_POINT('',(-125.5,315.149439573288,10.0594100952148));
#4179=CARTESIAN_POINT('',(-125.5,314.75737953186,10.3493995666503));
#4180=CARTESIAN_POINT('',(-127.,315.149439573288,10.0594100952148));
#4181=CARTESIAN_POINT('Origin',(-125.5,315.149439573288,10.0594100952148));
#4182=CARTESIAN_POINT('',(-125.5,315.486849546432,9.70730972290032));
#4183=CARTESIAN_POINT('',(-127.,315.486849546432,9.70730972290032));
#4184=CARTESIAN_POINT('',(-125.5,315.486849546432,9.70730972290032));
#4185=CARTESIAN_POINT('',(-125.5,315.149439573288,10.0594100952148));
#4186=CARTESIAN_POINT('',(-127.,315.486849546432,9.70730972290032));
#4187=CARTESIAN_POINT('Origin',(-125.5,315.486849546432,9.70730972290032));
#4188=CARTESIAN_POINT('',(-125.5,315.759909629822,9.3032503128051));
#4189=CARTESIAN_POINT('',(-127.,315.759909629822,9.3032503128051));
#4190=CARTESIAN_POINT('',(-125.5,315.759909629822,9.3032503128051));
#4191=CARTESIAN_POINT('',(-125.5,315.486849546432,9.70730972290032));
#4192=CARTESIAN_POINT('',(-127.,315.759909629822,9.3032503128051));
#4193=CARTESIAN_POINT('Origin',(-125.5,315.759909629822,9.3032503128051));
#4194=CARTESIAN_POINT('',(-125.5,315.96076965332,8.85884952545159));
#4195=CARTESIAN_POINT('',(-127.,315.96076965332,8.85884952545159));
#4196=CARTESIAN_POINT('',(-125.5,315.96076965332,8.85884952545159));
#4197=CARTESIAN_POINT('',(-125.5,315.759909629822,9.3032503128051));
#4198=CARTESIAN_POINT('',(-127.,315.96076965332,8.85884952545159));
#4199=CARTESIAN_POINT('Origin',(-125.5,315.96076965332,8.85884952545159));
#4200=CARTESIAN_POINT('',(-125.5,316.083639621735,8.38689994812005));
#4201=CARTESIAN_POINT('',(-127.,316.083639621735,8.38689994812005));
#4202=CARTESIAN_POINT('',(-125.5,316.083639621735,8.38689994812005));
#4203=CARTESIAN_POINT('',(-125.5,315.96076965332,8.85884952545159));
#4204=CARTESIAN_POINT('',(-127.,316.083639621735,8.38689994812005));
#4205=CARTESIAN_POINT('Origin',(-125.5,316.083639621735,8.38689994812005));
#4206=CARTESIAN_POINT('',(-125.5,316.124999523163,7.90095996856682));
#4207=CARTESIAN_POINT('',(-127.,316.124999523163,7.90095996856682));
#4208=CARTESIAN_POINT('',(-125.5,316.124999523163,7.90095996856682));
#4209=CARTESIAN_POINT('',(-125.5,316.083639621735,8.38689994812005));
#4210=CARTESIAN_POINT('',(-127.,316.124999523163,7.90095996856682));
#4211=CARTESIAN_POINT('Origin',(-127.,316.124999523163,7.90095996856682));
#4212=CARTESIAN_POINT('',(-127.,316.083639621735,7.4150199890136));
#4213=CARTESIAN_POINT('',(-125.5,316.083639621735,7.4150199890136));
#4214=CARTESIAN_POINT('Origin',(-127.,312.408129692078,10.6502704620361));
#4215=CARTESIAN_POINT('',(-127.,313.053119659424,9.43859004974358));
#4216=CARTESIAN_POINT('',(-127.,313.945299625397,9.28017997741692));
#4217=CARTESIAN_POINT('',(-127.,313.053119659424,9.43859004974358));
#4218=CARTESIAN_POINT('',(-127.,314.364999771118,8.96973037719719));
#4219=CARTESIAN_POINT('',(-127.,313.945299625397,9.28017997741692));
#4220=CARTESIAN_POINT('',(-127.,314.657309532166,8.53717994689934));
#4221=CARTESIAN_POINT('',(-127.,314.364999771118,8.96973037719719));
#4222=CARTESIAN_POINT('',(-127.,314.77769947052,8.16294002532952));
#4223=CARTESIAN_POINT('',(-127.,314.657309532166,8.53717994689934));
#4224=CARTESIAN_POINT('',(-127.,314.788849830627,7.76996994018548));
#4225=CARTESIAN_POINT('',(-127.,314.77769947052,8.16294002532952));
#4226=CARTESIAN_POINT('',(-127.,314.657309532166,7.2647399902343));
#4227=CARTESIAN_POINT('',(-127.,314.788849830627,7.76996994018548));
#4228=CARTESIAN_POINT('',(-127.,314.364999771118,6.83219003677361));
#4229=CARTESIAN_POINT('',(-127.,314.657309532166,7.2647399902343));
#4230=CARTESIAN_POINT('',(-127.,313.945299625397,6.52173995971673));
#4231=CARTESIAN_POINT('',(-127.,314.364999771118,6.83219003677361));
#4232=CARTESIAN_POINT('',(-127.,313.576549530029,6.3855600357055));
#4233=CARTESIAN_POINT('',(-127.,313.945299625397,6.52173995971673));
#4234=CARTESIAN_POINT('',(-127.,313.315779685974,6.35216999053948));
#4235=CARTESIAN_POINT('',(-127.,313.576549530029,6.3855600357055));
#4236=CARTESIAN_POINT('',(-127.,312.440249443054,6.5856800079345));
#4237=CARTESIAN_POINT('',(-127.,312.440249443054,6.5856800079345));
#4238=CARTESIAN_POINT('',(-127.,312.048389434814,6.93061017990105));
#4239=CARTESIAN_POINT('',(-127.,312.440249443054,6.5856800079345));
#4240=CARTESIAN_POINT('',(-127.,311.837589740753,7.26243019103997));
#4241=CARTESIAN_POINT('',(-127.,312.048389434814,6.93061017990105));
#4242=CARTESIAN_POINT('',(-127.,311.750009536743,7.51035022735589));
#4243=CARTESIAN_POINT('',(-127.,311.837589740753,7.26243019103997));
#4244=CARTESIAN_POINT('',(-127.,311.70557975769,7.76948976516717));
#4245=CARTESIAN_POINT('',(-127.,311.750009536743,7.51035022735589));
#4246=CARTESIAN_POINT('',(-127.,311.727799415588,8.16199970245354));
#4247=CARTESIAN_POINT('',(-127.,311.70557975769,7.76948976516717));
#4248=CARTESIAN_POINT('',(-127.,311.901699542999,8.65425014495843));
#4249=CARTESIAN_POINT('',(-127.,311.727799415588,8.16199970245354));
#4250=CARTESIAN_POINT('',(-127.,312.229639530182,9.06044960021966));
#4251=CARTESIAN_POINT('',(-127.,311.901699542999,8.65425014495843));
#4252=CARTESIAN_POINT('',(-127.,312.674149513245,9.33417987823479));
#4253=CARTESIAN_POINT('',(-127.,312.229639530182,9.06044960021966));
#4254=CARTESIAN_POINT('',(-127.,312.674149513245,9.33417987823479));
#4255=CARTESIAN_POINT('Origin',(-125.5,308.5,15.7019100189208));
#4256=CARTESIAN_POINT('',(-125.5,318.250009596348,15.7019100189208));
#4257=CARTESIAN_POINT('',(-139.974999904633,318.250009596348,15.7019100189208));
#4258=CARTESIAN_POINT('',(-125.5,318.250009596348,15.7019100189208));
#4259=CARTESIAN_POINT('',(-140.761970043182,318.306859612465,15.7019100189208));
#4260=CARTESIAN_POINT('',(-139.974999904633,318.250009596348,15.7019100189208));
#4261=CARTESIAN_POINT('',(-141.532639980316,318.476259618998,15.7019100189208));
#4262=CARTESIAN_POINT('',(-140.761970043182,318.306859612465,15.7019100189208));
#4263=CARTESIAN_POINT('',(-142.270949840546,318.754679627717,15.7019100189208));
#4264=CARTESIAN_POINT('',(-141.532639980316,318.476259618998,15.7019100189208));
#4265=CARTESIAN_POINT('',(-142.961579799652,319.136329621077,15.7019100189208));
#4266=CARTESIAN_POINT('',(-142.270949840546,318.754679627717,15.7019100189208));
#4267=CARTESIAN_POINT('',(-143.590169906616,319.613299608231,15.7019100189208));
#4268=CARTESIAN_POINT('',(-142.961579799652,319.136329621077,15.7019100189208));
#4269=CARTESIAN_POINT('',(-144.143670082092,320.175669670105,15.7019100189208));
#4270=CARTESIAN_POINT('',(-143.590169906616,319.613299608231,15.7019100189208));
#4271=CARTESIAN_POINT('',(-144.633179664612,320.842119574547,15.7019100189208));
#4272=CARTESIAN_POINT('',(-144.143670082092,320.175669670105,15.7019100189208));
#4273=CARTESIAN_POINT('',(-144.901329994202,321.02077960968,15.7019100189208));
#4274=CARTESIAN_POINT('',(-144.633179664612,320.842119574547,15.7019100189208));
#4275=CARTESIAN_POINT('',(-145.147669792175,321.017509698868,15.7019100189208));
#4276=CARTESIAN_POINT('',(-144.901329994202,321.02077960968,15.7019100189208));
#4277=CARTESIAN_POINT('',(-145.412859916687,320.82857966423,15.7019100189208));
#4278=CARTESIAN_POINT('',(-145.147669792175,321.017509698868,15.7019100189208));
#4279=CARTESIAN_POINT('',(-145.5,320.555409669876,15.7019100189208));
#4280=CARTESIAN_POINT('',(-125.5,308.5,15.7019100189208));
#4281=CARTESIAN_POINT('',(-145.5,308.5,15.7019100189208));
#4282=CARTESIAN_POINT('',(-125.5,308.5,15.7019100189208));
#4283=CARTESIAN_POINT('Origin',(-145.5,316.549999713898,14.2017202377319));
#4284=CARTESIAN_POINT('',(-130.300000190735,316.549999713898,14.2017202377319));
#4285=CARTESIAN_POINT('',(-130.300000190735,309.949999809265,14.2017202377319));
#4286=CARTESIAN_POINT('',(-130.300000190735,316.549999713898,14.2017202377319));
#4287=CARTESIAN_POINT('',(-145.5,309.949999809265,14.2017202377319));
#4288=CARTESIAN_POINT('',(-145.5,316.549999713898,14.2017202377319));
#4289=CARTESIAN_POINT('Origin',(-143.464419841766,322.28467965126,13.9016895294189));
#4290=CARTESIAN_POINT('',(-137.954200029373,326.913579940796,13.9016895294189));
#4291=CARTESIAN_POINT('',(-138.517469882965,327.20728969574,13.9016895294189));
#4292=CARTESIAN_POINT('',(-137.954200029373,326.913579940796,13.9016895294189));
#4293=CARTESIAN_POINT('',(-139.12202000618,327.402379989624,13.9016895294189));
#4294=CARTESIAN_POINT('',(-138.517469882965,327.20728969574,13.9016895294189));
#4295=CARTESIAN_POINT('',(-139.750720024109,327.493339538574,13.9016895294189));
#4296=CARTESIAN_POINT('',(-139.12202000618,327.402379989624,13.9016895294189));
#4297=CARTESIAN_POINT('',(-140.385759830475,327.477600097656,13.9016895294189));
#4298=CARTESIAN_POINT('',(-139.750720024109,327.493339538574,13.9016895294189));
#4299=CARTESIAN_POINT('',(-141.00918006897,327.355589866638,13.9016895294189));
#4300=CARTESIAN_POINT('',(-140.385759830475,327.477600097656,13.9016895294189));
#4301=CARTESIAN_POINT('',(-141.603310108185,327.130769729614,13.9016895294189));
#4302=CARTESIAN_POINT('',(-141.00918006897,327.355589866638,13.9016895294189));
#4303=CARTESIAN_POINT('',(-142.151340007782,326.809519767761,13.9016895294189));
#4304=CARTESIAN_POINT('',(-141.603310108185,327.130769729614,13.9016895294189));
#4305=CARTESIAN_POINT('',(-142.637730121613,326.400919437409,13.9016895294189));
#4306=CARTESIAN_POINT('',(-142.151340007782,326.809519767761,13.9016895294189));
#4307=CARTESIAN_POINT('',(-143.048729896545,325.916539669037,13.9016895294189));
#4308=CARTESIAN_POINT('',(-142.637730121613,326.400919437409,13.9016895294189));
#4309=CARTESIAN_POINT('',(-143.372690200806,325.370109558106,13.9016895294189));
#4310=CARTESIAN_POINT('',(-143.048729896545,325.916539669037,13.9016895294189));
#4311=CARTESIAN_POINT('',(-143.600429534912,324.777089595795,13.9016895294189));
#4312=CARTESIAN_POINT('',(-143.372690200806,325.370109558106,13.9016895294189));
#4313=CARTESIAN_POINT('',(-143.725509643555,324.154289722443,13.9016895294189));
#4314=CARTESIAN_POINT('',(-143.600429534912,324.777089595795,13.9016895294189));
#4315=CARTESIAN_POINT('',(-143.744389533997,323.519319534302,13.9016895294189));
#4316=CARTESIAN_POINT('',(-143.725509643555,324.154289722443,13.9016895294189));
#4317=CARTESIAN_POINT('',(-143.656530380249,322.890179634094,13.9016895294189));
#4318=CARTESIAN_POINT('',(-143.744389533997,323.519319534302,13.9016895294189));
#4319=CARTESIAN_POINT('',(-143.464419841766,322.28467965126,13.9016895294189));
#4320=CARTESIAN_POINT('',(-143.656530380249,322.890179634094,13.9016895294189));
#4321=CARTESIAN_POINT('',(-143.464419841766,322.28467965126,13.9016895294189));
#4322=CARTESIAN_POINT('',(-136.663020014763,325.536469459534,13.9016895294189));
#4323=CARTESIAN_POINT('',(-136.663020014763,325.536469459534,13.9016895294189));
#4324=CARTESIAN_POINT('',(-137.013659954071,326.06617975235,13.9016895294189));
#4325=CARTESIAN_POINT('',(-136.663020014763,325.536469459534,13.9016895294189));
#4326=CARTESIAN_POINT('',(-137.448150038719,326.529589653015,13.9016895294189));
#4327=CARTESIAN_POINT('',(-137.013659954071,326.06617975235,13.9016895294189));
#4328=CARTESIAN_POINT('',(-137.448150038719,326.529589653015,13.9016895294189));
#4329=CARTESIAN_POINT('Origin',(-136.663020014763,325.536469459534,13.9016895294189));
#4330=CARTESIAN_POINT('',(-136.663020014763,325.536469459534,4.90059995651238));
#4331=CARTESIAN_POINT('',(-136.663020014763,325.536469459534,4.90059995651238));
#4332=CARTESIAN_POINT('',(-136.663020014763,325.536469459534,4.90059995651238));
#4333=CARTESIAN_POINT('Origin',(-136.663020014763,325.536469459534,4.90059995651238));
#4334=CARTESIAN_POINT('',(-136.663020014763,325.536469459534,4.90059995651238));
#4335=CARTESIAN_POINT('Origin',(-133.607540011406,319.950009584427,11.9014501571655));
#4336=CARTESIAN_POINT('',(-133.607540011406,319.950009584427,4.90059995651238));
#4337=CARTESIAN_POINT('',(-136.663020014763,325.536469459534,4.90059995651238));
#4338=CARTESIAN_POINT('',(-133.607540011406,319.950009584427,4.90059995651238));
#4339=CARTESIAN_POINT('Origin',(-133.607540011406,319.950009584427,11.9014501571655));
#4340=CARTESIAN_POINT('',(-139.974999904633,319.950009584427,4.90059995651238));
#4341=CARTESIAN_POINT('',(-139.974999904633,319.950009584427,4.90059995651238));
#4342=CARTESIAN_POINT('',(-133.607540011406,319.950009584427,4.90059995651238));
#4343=CARTESIAN_POINT('Origin',(-143.300000190735,321.937549591065,13.889229774475));
#4344=CARTESIAN_POINT('',(-143.464419841766,322.28467965126,4.90059995651238));
#4345=CARTESIAN_POINT('',(-143.464419841766,322.28467965126,4.90059995651238));
#4346=CARTESIAN_POINT('',(-143.464419841766,322.28467965126,4.90059995651238));
#4347=CARTESIAN_POINT('Origin',(-143.464419841766,322.28467965126,4.90059995651238));
#4348=CARTESIAN_POINT('',(-143.656530380249,322.890179634094,4.90059995651238));
#4349=CARTESIAN_POINT('',(-143.656530380249,322.890179634094,4.90059995651238));
#4350=CARTESIAN_POINT('',(-143.656530380249,322.890179634094,4.90059995651238));
#4351=CARTESIAN_POINT('Origin',(-143.656530380249,322.890179634094,4.90059995651238));
#4352=CARTESIAN_POINT('',(-143.744389533997,323.519319534302,4.90059995651238));
#4353=CARTESIAN_POINT('',(-143.744389533997,323.519319534302,4.90059995651238));
#4354=CARTESIAN_POINT('',(-143.656530380249,322.890179634094,4.90059995651238));
#4355=CARTESIAN_POINT('Origin',(-143.744389533997,323.519319534302,4.90059995651238));
#4356=CARTESIAN_POINT('',(-143.725509643555,324.154289722443,4.90059995651238));
#4357=CARTESIAN_POINT('',(-143.725509643555,324.154289722443,4.90059995651238));
#4358=CARTESIAN_POINT('',(-143.744389533997,323.519319534302,4.90059995651238));
#4359=CARTESIAN_POINT('Origin',(-143.725509643555,324.154289722443,4.90059995651238));
#4360=CARTESIAN_POINT('',(-143.600429534912,324.777089595795,4.90059995651238));
#4361=CARTESIAN_POINT('',(-143.600429534912,324.777089595795,4.90059995651238));
#4362=CARTESIAN_POINT('',(-143.725509643555,324.154289722443,4.90059995651238));
#4363=CARTESIAN_POINT('Origin',(-143.600429534912,324.777089595795,4.90059995651238));
#4364=CARTESIAN_POINT('',(-143.372690200806,325.370109558106,4.90059995651238));
#4365=CARTESIAN_POINT('',(-143.372690200806,325.370109558106,4.90059995651238));
#4366=CARTESIAN_POINT('',(-143.600429534912,324.777089595795,4.90059995651238));
#4367=CARTESIAN_POINT('Origin',(-143.372690200806,325.370109558106,4.90059995651238));
#4368=CARTESIAN_POINT('',(-143.048729896545,325.916539669037,4.90059995651238));
#4369=CARTESIAN_POINT('',(-143.048729896545,325.916539669037,4.90059995651238));
#4370=CARTESIAN_POINT('',(-143.372690200806,325.370109558106,4.90059995651238));
#4371=CARTESIAN_POINT('Origin',(-143.048729896545,325.916539669037,4.90059995651238));
#4372=CARTESIAN_POINT('',(-142.637730121613,326.400919437409,4.90059995651238));
#4373=CARTESIAN_POINT('',(-142.637730121613,326.400919437409,4.90059995651238));
#4374=CARTESIAN_POINT('',(-143.048729896545,325.916539669037,4.90059995651238));
#4375=CARTESIAN_POINT('Origin',(-142.637730121613,326.400919437409,4.90059995651238));
#4376=CARTESIAN_POINT('',(-142.151340007782,326.809519767761,4.90059995651238));
#4377=CARTESIAN_POINT('',(-142.151340007782,326.809519767761,4.90059995651238));
#4378=CARTESIAN_POINT('',(-142.637730121613,326.400919437409,4.90059995651238));
#4379=CARTESIAN_POINT('Origin',(-142.151340007782,326.809519767761,4.90059995651238));
#4380=CARTESIAN_POINT('',(-141.603310108185,327.130769729614,4.90059995651238));
#4381=CARTESIAN_POINT('',(-141.603310108185,327.130769729614,4.90059995651238));
#4382=CARTESIAN_POINT('',(-142.151340007782,326.809519767761,4.90059995651238));
#4383=CARTESIAN_POINT('Origin',(-141.603310108185,327.130769729614,4.90059995651238));
#4384=CARTESIAN_POINT('',(-141.00918006897,327.355589866638,4.90059995651238));
#4385=CARTESIAN_POINT('',(-141.00918006897,327.355589866638,4.90059995651238));
#4386=CARTESIAN_POINT('',(-141.603310108185,327.130769729614,4.90059995651238));
#4387=CARTESIAN_POINT('Origin',(-141.00918006897,327.355589866638,4.90059995651238));
#4388=CARTESIAN_POINT('',(-140.385759830475,327.477600097656,4.90059995651238));
#4389=CARTESIAN_POINT('',(-140.385759830475,327.477600097656,4.90059995651238));
#4390=CARTESIAN_POINT('',(-140.385759830475,327.477600097656,4.90059995651238));
#4391=CARTESIAN_POINT('Origin',(-140.385759830475,327.477600097656,4.90059995651238));
#4392=CARTESIAN_POINT('',(-139.750720024109,327.493339538574,4.90059995651238));
#4393=CARTESIAN_POINT('',(-139.750720024109,327.493339538574,4.90059995651238));
#4394=CARTESIAN_POINT('',(-139.750720024109,327.493339538574,4.90059995651238));
#4395=CARTESIAN_POINT('Origin',(-139.750720024109,327.493339538574,4.90059995651238));
#4396=CARTESIAN_POINT('',(-139.12202000618,327.402379989624,4.90059995651238));
#4397=CARTESIAN_POINT('',(-139.12202000618,327.402379989624,4.90059995651238));
#4398=CARTESIAN_POINT('',(-139.12202000618,327.402379989624,4.90059995651238));
#4399=CARTESIAN_POINT('Origin',(-139.12202000618,327.402379989624,4.90059995651238));
#4400=CARTESIAN_POINT('',(-138.517469882965,327.20728969574,4.90059995651238));
#4401=CARTESIAN_POINT('',(-138.517469882965,327.20728969574,4.90059995651238));
#4402=CARTESIAN_POINT('',(-138.517469882965,327.20728969574,4.90059995651238));
#4403=CARTESIAN_POINT('Origin',(-138.517469882965,327.20728969574,4.90059995651238));
#4404=CARTESIAN_POINT('',(-137.954200029373,326.913579940796,4.90059995651238));
#4405=CARTESIAN_POINT('',(-137.954200029373,326.913579940796,4.90059995651238));
#4406=CARTESIAN_POINT('',(-137.954200029373,326.913579940796,4.90059995651238));
#4407=CARTESIAN_POINT('Origin',(-137.954200029373,326.913579940796,4.90059995651238));
#4408=CARTESIAN_POINT('',(-137.448150038719,326.529589653015,4.90059995651238));
#4409=CARTESIAN_POINT('',(-137.448150038719,326.529589653015,4.90059995651238));
#4410=CARTESIAN_POINT('',(-137.448150038719,326.529589653015,4.90059995651238));
#4411=CARTESIAN_POINT('Origin',(-137.448150038719,326.529589653015,4.90059995651238));
#4412=CARTESIAN_POINT('',(-137.013659954071,326.06617975235,4.90059995651238));
#4413=CARTESIAN_POINT('',(-137.013659954071,326.06617975235,4.90059995651238));
#4414=CARTESIAN_POINT('',(-137.013659954071,326.06617975235,4.90059995651238));
#4415=CARTESIAN_POINT('Origin',(-137.013659954071,326.06617975235,4.90059995651238));
#4416=CARTESIAN_POINT('',(-137.013659954071,326.06617975235,4.90059995651238));
#4417=CARTESIAN_POINT('Origin',(-141.223060131073,320.162289619446,4.90059995651238));
#4418=CARTESIAN_POINT('',(-140.607989788055,320.003459572792,4.90059995651238));
#4419=CARTESIAN_POINT('',(-140.607989788055,320.003459572792,4.90059995651238));
#4420=CARTESIAN_POINT('',(-141.223060131073,320.162289619446,4.90059995651238));
#4421=CARTESIAN_POINT('',(-141.223060131073,320.162289619446,4.90059995651238));
#4422=CARTESIAN_POINT('',(-141.223060131073,320.162289619446,4.90059995651238));
#4423=CARTESIAN_POINT('Origin',(-139.974999904633,319.950009584427,11.9014501571655));
#4424=CARTESIAN_POINT('',(-140.607989788055,320.003459572792,4.90059995651238));
#4425=CARTESIAN_POINT('Origin',(-142.330749988556,320.775259613991,4.90059995651238));
#4426=CARTESIAN_POINT('',(-141.802790164948,320.422009587288,4.90059995651238));
#4427=CARTESIAN_POINT('',(-141.802790164948,320.422009587288,4.90059995651238));
#4428=CARTESIAN_POINT('',(-142.330749988556,320.775259613991,4.90059995651238));
#4429=CARTESIAN_POINT('',(-142.330749988556,320.775259613991,4.90059995651238));
#4430=CARTESIAN_POINT('',(-142.330749988556,320.775259613991,4.90059995651238));
#4431=CARTESIAN_POINT('Origin',(-141.223060131073,320.162289619446,12.1137504577636));
#4432=CARTESIAN_POINT('',(-141.802790164948,320.422009587288,4.90059995651238));
#4433=CARTESIAN_POINT('Origin',(-143.300000190735,321.937549591065,13.889229774475));
#4434=CARTESIAN_POINT('',(-143.173510074615,321.719969511032,4.90059995651238));
#4435=CARTESIAN_POINT('',(-143.173510074615,321.719969511032,4.90059995651238));
#4436=CARTESIAN_POINT('',(-143.173510074615,321.719969511032,4.90059995651238));
#4437=CARTESIAN_POINT('Origin',(-143.173510074615,321.719969511032,4.90059995651238));
#4438=CARTESIAN_POINT('',(-142.792009830475,321.212029695511,4.90059995651238));
#4439=CARTESIAN_POINT('',(-142.792009830475,321.212029695511,4.90059995651238));
#4440=CARTESIAN_POINT('',(-143.173510074615,321.719969511032,4.90059995651238));
#4441=CARTESIAN_POINT('Origin',(-142.330749988556,320.775259613991,12.7267904281616));
#4442=CARTESIAN_POINT('',(-142.792009830475,321.212029695511,4.90059995651238));
#4443=CARTESIAN_POINT('Origin',(-143.464419841766,322.28467965126,4.90059995651238));
#4444=CARTESIAN_POINT('',(-143.464419841766,322.28467965126,4.90059995651238));
#4445=CARTESIAN_POINT('Origin',(-139.000509977341,329.112589836121,13.9016895294189));
#4446=CARTESIAN_POINT('',(-139.000509977341,329.112589836121,13.9016895294189));
#4447=CARTESIAN_POINT('',(-139.808680057526,329.197479248047,13.9016895294189));
#4448=CARTESIAN_POINT('',(-138.213809967041,328.909009933472,13.9016895294189));
#4449=CARTESIAN_POINT('',(-139.000509977341,329.112589836121,13.9016895294189));
#4450=CARTESIAN_POINT('',(-137.465899944305,328.591219902039,13.9016895294189));
#4451=CARTESIAN_POINT('',(-138.213809967041,328.909009933472,13.9016895294189));
#4452=CARTESIAN_POINT('',(-136.773270010948,328.166239738464,13.9016895294189));
#4453=CARTESIAN_POINT('',(-137.465899944305,328.591219902039,13.9016895294189));
#4454=CARTESIAN_POINT('',(-136.151170015335,327.643419265747,13.9016895294189));
#4455=CARTESIAN_POINT('',(-136.773270010948,328.166239738464,13.9016895294189));
#4456=CARTESIAN_POINT('',(-135.613310001791,327.034279823303,13.9016895294189));
#4457=CARTESIAN_POINT('',(-136.151170015335,327.643419265747,13.9016895294189));
#4458=CARTESIAN_POINT('',(-135.171530008316,326.352229595184,13.9016895294189));
#4459=CARTESIAN_POINT('',(-135.613310001791,327.034279823303,13.9016895294189));
#4460=CARTESIAN_POINT('',(-135.171530008316,326.352229595184,13.9016895294189));
#4461=CARTESIAN_POINT('',(-125.5,321.950009584427,13.9016895294189));
#4462=CARTESIAN_POINT('Origin',(-125.5,320.725009679794,12.6765403747558));
#4463=CARTESIAN_POINT('',(-132.09376001358,320.725009679794,4.90059995651238));
#4464=CARTESIAN_POINT('',(-132.09376001358,320.725009679794,4.90059995651238));
#4465=CARTESIAN_POINT('',(-125.5,320.725009679794,4.90059995651238));
#4466=CARTESIAN_POINT('',(-132.09376001358,320.725009679794,4.90059995651238));
#4467=CARTESIAN_POINT('',(-125.5,320.725009679794,4.90059995651238));
#4468=CARTESIAN_POINT('Origin',(-135.171530008316,326.352229595184,13.9016895294189));
#4469=CARTESIAN_POINT('',(-135.171530008316,326.352229595184,4.90059995651238));
#4470=CARTESIAN_POINT('',(-135.171530008316,326.352229595184,4.90059995651238));
#4471=CARTESIAN_POINT('',(-135.171530008316,326.352229595184,4.90059995651238));
#4472=CARTESIAN_POINT('Origin',(-132.763770103455,321.950009584427,13.9016895294189));
#4473=CARTESIAN_POINT('',(-135.171530008316,326.352229595184,4.90059995651238));
#4474=CARTESIAN_POINT('Origin',(-135.171530008316,326.352229595184,4.90059995651238));
#4475=CARTESIAN_POINT('',(-132.09376001358,320.725009679794,4.90059995651238));
#4476=CARTESIAN_POINT('Origin',(-135.171530008316,326.352229595184,4.90059995651238));
#4477=CARTESIAN_POINT('',(-135.613310001791,327.034279823303,4.90059995651238));
#4478=CARTESIAN_POINT('',(-135.613310001791,327.034279823303,4.90059995651238));
#4479=CARTESIAN_POINT('',(-135.171530008316,326.352229595184,4.90059995651238));
#4480=CARTESIAN_POINT('Origin',(-135.613310001791,327.034279823303,4.90059995651238));
#4481=CARTESIAN_POINT('',(-136.151170015335,327.643419265747,4.90059995651238));
#4482=CARTESIAN_POINT('',(-136.151170015335,327.643419265747,4.90059995651238));
#4483=CARTESIAN_POINT('',(-135.613310001791,327.034279823303,4.90059995651238));
#4484=CARTESIAN_POINT('Origin',(-136.151170015335,327.643419265747,4.90059995651238));
#4485=CARTESIAN_POINT('',(-136.773270010948,328.166239738464,4.90059995651238));
#4486=CARTESIAN_POINT('',(-136.773270010948,328.166239738464,4.90059995651238));
#4487=CARTESIAN_POINT('',(-136.151170015335,327.643419265747,4.90059995651238));
#4488=CARTESIAN_POINT('Origin',(-136.773270010948,328.166239738464,4.90059995651238));
#4489=CARTESIAN_POINT('',(-137.465899944305,328.591219902039,4.90059995651238));
#4490=CARTESIAN_POINT('',(-137.465899944305,328.591219902039,4.90059995651238));
#4491=CARTESIAN_POINT('',(-136.773270010948,328.166239738464,4.90059995651238));
#4492=CARTESIAN_POINT('Origin',(-137.465899944305,328.591219902039,4.90059995651238));
#4493=CARTESIAN_POINT('',(-138.213809967041,328.909009933472,4.90059995651238));
#4494=CARTESIAN_POINT('',(-138.213809967041,328.909009933472,4.90059995651238));
#4495=CARTESIAN_POINT('',(-137.465899944305,328.591219902039,4.90059995651238));
#4496=CARTESIAN_POINT('Origin',(-138.213809967041,328.909009933472,4.90059995651238));
#4497=CARTESIAN_POINT('',(-139.000509977341,329.112589836121,4.90059995651238));
#4498=CARTESIAN_POINT('',(-139.000509977341,329.112589836121,4.90059995651238));
#4499=CARTESIAN_POINT('',(-138.213809967041,328.909009933472,4.90059995651238));
#4500=CARTESIAN_POINT('Origin',(-139.000509977341,329.112589836121,4.90059995651238));
#4501=CARTESIAN_POINT('',(-139.000509977341,329.112589836121,4.90059995651238));
#4502=CARTESIAN_POINT('Origin',(-145.5,320.555379629135,4.90059995651238));
#4503=CARTESIAN_POINT('',(-145.47144985199,320.718769669533,4.90059995651238));
#4504=CARTESIAN_POINT('',(-145.47144985199,320.718769669533,4.90059995651238));
#4505=CARTESIAN_POINT('',(-145.47144985199,320.718769669533,4.90059995651238));
#4506=CARTESIAN_POINT('Origin',(-145.5,320.555409669876,15.7019100189208));
#4507=CARTESIAN_POINT('',(-145.47144985199,320.718769669533,4.90059995651238));
#4508=CARTESIAN_POINT('Origin',(-145.412859916687,320.82857966423,15.7019100189208));
#4509=CARTESIAN_POINT('',(-145.47144985199,320.718769669533,4.90059995651238));
#4510=CARTESIAN_POINT('Origin',(-145.47144985199,320.718769669533,4.90059995651238));
#4511=CARTESIAN_POINT('',(-145.296770095825,320.946229696274,4.90059995651238));
#4512=CARTESIAN_POINT('',(-145.296770095825,320.946229696274,4.90059995651238));
#4513=CARTESIAN_POINT('',(-145.47144985199,320.718769669533,4.90059995651238));
#4514=CARTESIAN_POINT('Origin',(-145.296770095825,320.946229696274,4.90059995651238));
#4515=CARTESIAN_POINT('',(-145.12695980072,321.019579648972,4.90059995651238));
#4516=CARTESIAN_POINT('',(-145.12695980072,321.019579648972,4.90059995651238));
#4517=CARTESIAN_POINT('',(-145.296770095825,320.946229696274,4.90059995651238));
#4518=CARTESIAN_POINT('Origin',(-145.147669792175,321.017509698868,15.7019100189208));
#4519=CARTESIAN_POINT('',(-145.12695980072,321.019579648972,4.90059995651238));
#4520=CARTESIAN_POINT('Origin',(-145.12695980072,321.019579648972,4.90059995651238));
#4521=CARTESIAN_POINT('',(-144.825860023499,320.987119674683,4.90059995651238));
#4522=CARTESIAN_POINT('',(-144.825860023499,320.987119674683,4.90059995651238));
#4523=CARTESIAN_POINT('',(-144.825860023499,320.987119674683,4.90059995651238));
#4524=CARTESIAN_POINT('Origin',(-144.901329994202,321.02077960968,15.7019100189208));
#4525=CARTESIAN_POINT('',(-144.825860023499,320.987119674683,4.90059995651238));
#4526=CARTESIAN_POINT('Origin',(-144.825860023499,320.987119674683,4.90059995651238));
#4527=CARTESIAN_POINT('',(-144.633199691772,320.842149615288,4.90059995651238));
#4528=CARTESIAN_POINT('',(-144.633199691772,320.842149615288,4.90059995651238));
#4529=CARTESIAN_POINT('',(-144.825860023499,320.987119674683,4.90059995651238));
#4530=CARTESIAN_POINT('Origin',(-144.633179664612,320.842119574547,15.7019100189208));
#4531=CARTESIAN_POINT('',(-144.143670082092,320.175669670105,4.90059995651238));
#4532=CARTESIAN_POINT('',(-144.633199691772,320.842149615288,4.90059995651238));
#4533=CARTESIAN_POINT('',(-144.143670082092,320.175669670105,4.90059995651238));
#4534=CARTESIAN_POINT('Origin',(-144.633179664612,320.842119574547,15.7019100189208));
#4535=CARTESIAN_POINT('',(-144.143670082092,320.175669670105,4.90059995651238));
#4536=CARTESIAN_POINT('Origin',(-144.143670082092,320.175669670105,4.90059995651238));
#4537=CARTESIAN_POINT('',(-143.590169906616,319.613299608231,4.90059995651238));
#4538=CARTESIAN_POINT('',(-143.590169906616,319.613299608231,4.90059995651238));
#4539=CARTESIAN_POINT('',(-144.143670082092,320.175669670105,4.90059995651238));
#4540=CARTESIAN_POINT('Origin',(-143.590169906616,319.613299608231,4.90059995651238));
#4541=CARTESIAN_POINT('',(-142.961579799652,319.136329621077,4.90059995651238));
#4542=CARTESIAN_POINT('',(-142.961579799652,319.136329621077,4.90059995651238));
#4543=CARTESIAN_POINT('',(-143.590169906616,319.613299608231,4.90059995651238));
#4544=CARTESIAN_POINT('Origin',(-142.961579799652,319.136329621077,4.90059995651238));
#4545=CARTESIAN_POINT('',(-142.270949840546,318.754679627717,4.90059995651238));
#4546=CARTESIAN_POINT('',(-142.270949840546,318.754679627717,4.90059995651238));
#4547=CARTESIAN_POINT('',(-142.961579799652,319.136329621077,4.90059995651238));
#4548=CARTESIAN_POINT('Origin',(-142.270949840546,318.754679627717,4.90059995651238));
#4549=CARTESIAN_POINT('',(-141.532639980316,318.476259618998,4.90059995651238));
#4550=CARTESIAN_POINT('',(-141.532639980316,318.476259618998,4.90059995651238));
#4551=CARTESIAN_POINT('',(-142.270949840546,318.754679627717,4.90059995651238));
#4552=CARTESIAN_POINT('Origin',(-141.532639980316,318.476259618998,4.90059995651238));
#4553=CARTESIAN_POINT('',(-140.761970043182,318.306859612465,4.90059995651238));
#4554=CARTESIAN_POINT('',(-140.761970043182,318.306859612465,4.90059995651238));
#4555=CARTESIAN_POINT('',(-141.532639980316,318.476259618998,4.90059995651238));
#4556=CARTESIAN_POINT('Origin',(-140.761970043182,318.306859612465,15.7019100189208));
#4557=CARTESIAN_POINT('',(-140.761970043182,318.306859612465,4.90059995651238));
#4558=CARTESIAN_POINT('Origin',(-140.761970043182,318.306859612465,4.90059995651238));
#4559=CARTESIAN_POINT('',(-139.974949836731,318.250009596348,4.90059995651238));
#4560=CARTESIAN_POINT('',(-139.974949836731,318.250009596348,4.90059995651238));
#4561=CARTESIAN_POINT('',(-140.761970043182,318.306859612465,4.90059995651238));
#4562=CARTESIAN_POINT('Origin',(-139.974949836731,318.250009596348,4.90059995651238));
#4563=CARTESIAN_POINT('',(-125.5,318.250009596348,4.90059995651238));
#4564=CARTESIAN_POINT('',(-125.5,318.250009596348,4.90059995651238));
#4565=CARTESIAN_POINT('',(-139.974949836731,318.250009596348,4.90059995651238));
#4566=CARTESIAN_POINT('Origin',(-145.5,309.949999809265,14.2017202377319));
#4567=CARTESIAN_POINT('',(-130.300000190735,309.949999809265,1.50018000602715));
#4568=CARTESIAN_POINT('',(-130.300000190735,309.949999809265,1.50018000602715));
#4569=CARTESIAN_POINT('',(-130.300000190735,309.949999809265,1.50018000602715));
#4570=CARTESIAN_POINT('Origin',(-130.300000190735,313.053119659424,9.43859004974358));
#4571=CARTESIAN_POINT('',(-130.300000190735,316.549999713898,1.50018000602715));
#4572=CARTESIAN_POINT('',(-130.300000190735,316.549999713898,1.50018000602715));
#4573=CARTESIAN_POINT('',(-130.300000190735,316.549999713898,1.50018000602715));
#4574=CARTESIAN_POINT('',(-130.300000190735,312.552179813385,9.28516006469719));
#4575=CARTESIAN_POINT('',(-130.300000190735,313.053119659424,9.43859004974358));
#4576=CARTESIAN_POINT('',(-130.300000190735,312.552179813385,9.28516006469719));
#4577=CARTESIAN_POINT('',(-130.300000190735,312.130959510803,8.97358989715569));
#4578=CARTESIAN_POINT('',(-130.300000190735,312.130959510803,8.97358989715569));
#4579=CARTESIAN_POINT('',(-130.300000190735,311.837589740753,8.53948020935051));
#4580=CARTESIAN_POINT('',(-130.300000190735,311.837589740753,8.53948020935051));
#4581=CARTESIAN_POINT('',(-130.300000190735,311.750009536743,8.29156970977776));
#4582=CARTESIAN_POINT('',(-130.300000190735,311.750009536743,8.29156970977776));
#4583=CARTESIAN_POINT('',(-130.300000190735,311.70557975769,7.90095996856682));
#4584=CARTESIAN_POINT('',(-130.300000190735,311.70557975769,7.90095996856682));
#4585=CARTESIAN_POINT('',(-130.300000190735,311.79379940033,7.38639020919793));
#4586=CARTESIAN_POINT('',(-130.300000190735,311.79379940033,7.38639020919793));
#4587=CARTESIAN_POINT('',(-130.300000190735,311.965809822083,7.03288984298699));
#4588=CARTESIAN_POINT('',(-130.300000190735,311.965809822083,7.03288984298699));
#4589=CARTESIAN_POINT('',(-130.300000190735,312.130959510803,6.82832002639763));
#4590=CARTESIAN_POINT('',(-130.300000190735,312.130959510803,6.82832002639763));
#4591=CARTESIAN_POINT('',(-130.300000190735,312.552179813385,6.51675987243645));
#4592=CARTESIAN_POINT('',(-130.300000190735,312.552179813385,6.51675987243645));
#4593=CARTESIAN_POINT('',(-130.300000190735,312.796119689941,6.4187197685241));
#4594=CARTESIAN_POINT('',(-130.300000190735,312.796119689941,6.4187197685241));
#4595=CARTESIAN_POINT('',(-130.300000190735,313.167999744415,6.35739994049065));
#4596=CARTESIAN_POINT('',(-130.300000190735,313.167999744415,6.35739994049065));
#4597=CARTESIAN_POINT('',(-130.300000190735,313.576549530029,6.3855600357055));
#4598=CARTESIAN_POINT('',(-130.300000190735,313.167999744415,6.35739994049065));
#4599=CARTESIAN_POINT('',(-130.300000190735,314.062669754028,6.58093023300164));
#4600=CARTESIAN_POINT('',(-130.300000190735,314.062669754028,6.58093023300164));
#4601=CARTESIAN_POINT('',(-130.300000190735,314.455949783325,6.92710018157952));
#4602=CARTESIAN_POINT('',(-130.300000190735,314.455949783325,6.92710018157952));
#4603=CARTESIAN_POINT('',(-130.300000190735,314.711459636688,7.38453006744378));
#4604=CARTESIAN_POINT('',(-130.300000190735,314.711459636688,7.38453006744378));
#4605=CARTESIAN_POINT('',(-130.300000190735,314.77769947052,7.63897991180413));
#4606=CARTESIAN_POINT('',(-130.300000190735,314.77769947052,7.63897991180413));
#4607=CARTESIAN_POINT('',(-130.300000190735,314.788849830627,8.03194999694817));
#4608=CARTESIAN_POINT('',(-130.300000190735,314.788849830627,8.03194999694817));
#4609=CARTESIAN_POINT('',(-130.300000190735,314.711459636688,8.41738986968987));
#4610=CARTESIAN_POINT('',(-130.300000190735,314.711459636688,8.41738986968987));
#4611=CARTESIAN_POINT('',(-130.300000190735,314.603169441223,8.65697956085198));
#4612=CARTESIAN_POINT('',(-130.300000190735,314.603169441223,8.65697956085198));
#4613=CARTESIAN_POINT('',(-130.300000190735,314.274039745331,9.06464004516594));
#4614=CARTESIAN_POINT('',(-130.300000190735,314.274039745331,9.06464004516594));
#4615=CARTESIAN_POINT('',(-130.300000190735,313.827919483185,9.33936023712151));
#4616=CARTESIAN_POINT('',(-130.300000190735,313.827919483185,9.33936023712151));
#4617=CARTESIAN_POINT('',(-130.300000190735,313.576549530029,9.41635036468499));
#4618=CARTESIAN_POINT('',(-130.300000190735,313.576549530029,9.41635036468499));
#4619=CARTESIAN_POINT('',(-130.300000190735,313.053119659424,9.43859004974358));
#4620=CARTESIAN_POINT('Origin',(-130.300000190735,316.549999713898,14.2017202377319));
#4621=CARTESIAN_POINT('',(-130.300000190735,316.549999713898,1.50018000602715));
#4622=CARTESIAN_POINT('Origin',(-125.5,308.5,15.7019100189208));
#4623=CARTESIAN_POINT('',(-125.5,308.5,-7.07986424206605E-14));
#4624=CARTESIAN_POINT('Origin',(-125.5,324.197479724884,13.9016895294189));
#4625=CARTESIAN_POINT('',(-125.5,320.725009679794,4.90059995651238));
#4626=CARTESIAN_POINT('Origin',(-130.300000190735,309.949999809265,1.50018000602715));
#4627=CARTESIAN_POINT('Origin',(-133.607540011406,319.950009584427,4.90059995651238));
#4628=CARTESIAN_POINT('Origin',(-127.,313.315779685974,6.35216999053948));
#4629=CARTESIAN_POINT('',(-130.300000190735,313.576549530029,6.3855600357055));
#4630=CARTESIAN_POINT('',(-130.300000190735,313.576549530029,6.3855600357055));
#4631=CARTESIAN_POINT('Origin',(-130.300000190735,313.576549530029,6.3855600357055));
#4632=CARTESIAN_POINT('',(-130.300000190735,313.167999744415,6.35739994049065));
#4633=CARTESIAN_POINT('Origin',(-127.,313.576549530029,6.3855600357055));
#4634=CARTESIAN_POINT('',(-127.,313.945299625397,6.52173995971673));
#4635=CARTESIAN_POINT('Origin',(-130.300000190735,313.576549530029,6.3855600357055));
#4636=CARTESIAN_POINT('',(-130.300000190735,314.062669754028,6.58093023300164));
#4637=CARTESIAN_POINT('Origin',(-127.,313.945299625397,6.52173995971673));
#4638=CARTESIAN_POINT('',(-127.,314.364999771118,6.83219003677361));
#4639=CARTESIAN_POINT('Origin',(-130.300000190735,314.062669754028,6.58093023300164));
#4640=CARTESIAN_POINT('',(-130.300000190735,314.455949783325,6.92710018157952));
#4641=CARTESIAN_POINT('Origin',(-127.,314.364999771118,6.83219003677361));
#4642=CARTESIAN_POINT('',(-127.,314.657309532166,7.2647399902343));
#4643=CARTESIAN_POINT('Origin',(-130.300000190735,314.455949783325,6.92710018157952));
#4644=CARTESIAN_POINT('',(-130.300000190735,314.711459636688,7.38453006744378));
#4645=CARTESIAN_POINT('Origin',(-127.,314.657309532166,7.2647399902343));
#4646=CARTESIAN_POINT('',(-127.,314.788849830627,7.76996994018548));
#4647=CARTESIAN_POINT('Origin',(-130.300000190735,314.711459636688,7.38453006744378));
#4648=CARTESIAN_POINT('',(-127.,314.788849830627,7.76996994018548));
#4649=CARTESIAN_POINT('Origin',(-130.300000190735,314.77769947052,7.63897991180413));
#4650=CARTESIAN_POINT('',(-130.300000190735,314.788849830627,8.03194999694817));
#4651=CARTESIAN_POINT('Origin',(-127.,314.788849830627,7.76996994018548));
#4652=CARTESIAN_POINT('',(-127.,314.77769947052,8.16294002532952));
#4653=CARTESIAN_POINT('Origin',(-127.,314.77769947052,8.16294002532952));
#4654=CARTESIAN_POINT('',(-127.,314.657309532166,8.53717994689934));
#4655=CARTESIAN_POINT('Origin',(-130.300000190735,314.788849830627,8.03194999694817));
#4656=CARTESIAN_POINT('',(-127.,314.657309532166,8.53717994689934));
#4657=CARTESIAN_POINT('Origin',(-130.300000190735,314.711459636688,8.41738986968987));
#4658=CARTESIAN_POINT('',(-130.300000190735,314.603169441223,8.65697956085198));
#4659=CARTESIAN_POINT('Origin',(-127.,314.657309532166,8.53717994689934));
#4660=CARTESIAN_POINT('',(-127.,314.364999771118,8.96973037719719));
#4661=CARTESIAN_POINT('Origin',(-130.300000190735,314.603169441223,8.65697956085198));
#4662=CARTESIAN_POINT('',(-130.300000190735,314.274039745331,9.06464004516594));
#4663=CARTESIAN_POINT('Origin',(-127.,314.364999771118,8.96973037719719));
#4664=CARTESIAN_POINT('',(-127.,313.945299625397,9.28017997741692));
#4665=CARTESIAN_POINT('Origin',(-130.300000190735,314.274039745331,9.06464004516594));
#4666=CARTESIAN_POINT('',(-130.300000190735,313.827919483185,9.33936023712151));
#4667=CARTESIAN_POINT('Origin',(-127.,313.945299625397,9.28017997741692));
#4668=CARTESIAN_POINT('',(-127.,313.053119659424,9.43859004974358));
#4669=CARTESIAN_POINT('Origin',(-130.300000190735,313.827919483185,9.33936023712151));
#4670=CARTESIAN_POINT('',(-127.,313.053119659424,9.43859004974358));
#4671=CARTESIAN_POINT('Origin',(-130.300000190735,313.576549530029,9.41635036468499));
#4672=CARTESIAN_POINT('',(-130.300000190735,313.053119659424,9.43859004974358));
#4673=CARTESIAN_POINT('Origin',(-127.,313.053119659424,9.43859004974358));
#4674=CARTESIAN_POINT('',(-127.,312.674149513245,9.33417987823479));
#4675=CARTESIAN_POINT('Origin',(-130.300000190735,313.053119659424,9.43859004974358));
#4676=CARTESIAN_POINT('',(-130.300000190735,312.552179813385,9.28516006469719));
#4677=CARTESIAN_POINT('Origin',(-127.,312.674149513245,9.33417987823479));
#4678=CARTESIAN_POINT('',(-127.,312.229639530182,9.06044960021966));
#4679=CARTESIAN_POINT('Origin',(-130.300000190735,312.552179813385,9.28516006469719));
#4680=CARTESIAN_POINT('',(-130.300000190735,312.130959510803,8.97358989715569));
#4681=CARTESIAN_POINT('Origin',(-127.,312.229639530182,9.06044960021966));
#4682=CARTESIAN_POINT('',(-127.,311.901699542999,8.65425014495843));
#4683=CARTESIAN_POINT('Origin',(-130.300000190735,312.130959510803,8.97358989715569));
#4684=CARTESIAN_POINT('',(-130.300000190735,311.837589740753,8.53948020935051));
#4685=CARTESIAN_POINT('Origin',(-127.,311.901699542999,8.65425014495843));
#4686=CARTESIAN_POINT('',(-127.,311.727799415588,8.16199970245354));
#4687=CARTESIAN_POINT('Origin',(-130.300000190735,311.837589740753,8.53948020935051));
#4688=CARTESIAN_POINT('',(-127.,311.727799415588,8.16199970245354));
#4689=CARTESIAN_POINT('Origin',(-130.300000190735,311.750009536743,8.29156970977776));
#4690=CARTESIAN_POINT('',(-130.300000190735,311.70557975769,7.90095996856682));
#4691=CARTESIAN_POINT('Origin',(-127.,311.727799415588,8.16199970245354));
#4692=CARTESIAN_POINT('',(-127.,311.70557975769,7.76948976516717));
#4693=CARTESIAN_POINT('Origin',(-127.,311.70557975769,7.76948976516717));
#4694=CARTESIAN_POINT('',(-127.,311.750009536743,7.51035022735589));
#4695=CARTESIAN_POINT('Origin',(-130.300000190735,311.70557975769,7.90095996856682));
#4696=CARTESIAN_POINT('',(-130.300000190735,311.79379940033,7.38639020919793));
#4697=CARTESIAN_POINT('Origin',(-127.,311.750009536743,7.51035022735589));
#4698=CARTESIAN_POINT('',(-127.,311.837589740753,7.26243019103997));
#4699=CARTESIAN_POINT('Origin',(-127.,311.837589740753,7.26243019103997));
#4700=CARTESIAN_POINT('',(-127.,312.048389434814,6.93061017990105));
#4701=CARTESIAN_POINT('Origin',(-130.300000190735,311.79379940033,7.38639020919793));
#4702=CARTESIAN_POINT('',(-127.,312.048389434814,6.93061017990105));
#4703=CARTESIAN_POINT('Origin',(-130.300000190735,311.965809822083,7.03288984298699));
#4704=CARTESIAN_POINT('',(-130.300000190735,312.130959510803,6.82832002639763));
#4705=CARTESIAN_POINT('Origin',(-127.,312.048389434814,6.93061017990105));
#4706=CARTESIAN_POINT('',(-127.,312.440249443054,6.5856800079345));
#4707=CARTESIAN_POINT('Origin',(-130.300000190735,312.130959510803,6.82832002639763));
#4708=CARTESIAN_POINT('',(-130.300000190735,312.552179813385,6.51675987243645));
#4709=CARTESIAN_POINT('Origin',(-127.,312.440249443054,6.5856800079345));
#4710=CARTESIAN_POINT('',(-130.300000190735,312.552179813385,6.51675987243645));
#4711=CARTESIAN_POINT('Origin',(-130.300000190735,312.552179813385,6.51675987243645));
#4712=CARTESIAN_POINT('',(-130.300000190735,312.796119689941,6.4187197685241));
#4713=CARTESIAN_POINT('Origin',(-130.300000190735,312.796119689941,6.4187197685241));
#4714=UNCERTAINTY_MEASURE_WITH_UNIT(LENGTH_MEASURE(0.01),#4718,
'DISTANCE_ACCURACY_VALUE',
'Maximum model space distance between geometric entities at asserted c
onnectivities');
#4715=UNCERTAINTY_MEASURE_WITH_UNIT(LENGTH_MEASURE(0.01),#4718,
'DISTANCE_ACCURACY_VALUE',
'Maximum model space distance between geometric entities at asserted c
onnectivities');
#4716=(
GEOMETRIC_REPRESENTATION_CONTEXT(3)
GLOBAL_UNCERTAINTY_ASSIGNED_CONTEXT((#4714))
GLOBAL_UNIT_ASSIGNED_CONTEXT((#4718,#4720,#4721))
REPRESENTATION_CONTEXT('','3D')
);
#4717=(
GEOMETRIC_REPRESENTATION_CONTEXT(3)
GLOBAL_UNCERTAINTY_ASSIGNED_CONTEXT((#4715))
GLOBAL_UNIT_ASSIGNED_CONTEXT((#4718,#4720,#4721))
REPRESENTATION_CONTEXT('','3D')
);
#4718=(
LENGTH_UNIT()
NAMED_UNIT(*)
SI_UNIT(.MILLI.,.METRE.)
);
#4719=(
LENGTH_UNIT()
NAMED_UNIT(*)
SI_UNIT($,.METRE.)
);
#4720=(
NAMED_UNIT(*)
PLANE_ANGLE_UNIT()
SI_UNIT($,.RADIAN.)
);
#4721=(
NAMED_UNIT(*)
SI_UNIT($,.STERADIAN.)
SOLID_ANGLE_UNIT()
);
#4722=SHAPE_DEFINITION_REPRESENTATION(#4723,#4724);
#4723=PRODUCT_DEFINITION_SHAPE('',$,#4726);
#4724=SHAPE_REPRESENTATION('',(#2983),#4716);
#4725=PRODUCT_DEFINITION_CONTEXT('part definition',#4730,'design');
#4726=PRODUCT_DEFINITION('Suporte_y.f3d','Suporte_y.f3d v6',#4727,#4725);
#4727=PRODUCT_DEFINITION_FORMATION('',$,#4732);
#4728=PRODUCT_RELATED_PRODUCT_CATEGORY('Suporte_y.f3d v6',
'Suporte_y.f3d v6',(#4732));
#4729=APPLICATION_PROTOCOL_DEFINITION('international standard',
'automotive_design',2009,#4730);
#4730=APPLICATION_CONTEXT(
'Core Data for Automotive Mechanical Design Process');
#4731=PRODUCT_CONTEXT('part definition',#4730,'mechanical');
#4732=PRODUCT('Suporte_y.f3d','Suporte_y.f3d v6',$,(#4731));
#4733=PRESENTATION_STYLE_ASSIGNMENT((#4734));
#4734=SURFACE_STYLE_USAGE(.BOTH.,#4735);
#4735=SURFACE_SIDE_STYLE('',(#4736));
#4736=SURFACE_STYLE_FILL_AREA(#4737);
#4737=FILL_AREA_STYLE('Pintura - Esmalte com brilho (Amarelo)',(#4738));
#4738=FILL_AREA_STYLE_COLOUR('Pintura - Esmalte com brilho (Amarelo)',#4739);
#4739=COLOUR_RGB('Pintura - Esmalte com brilho (Amarelo)',0.909803921568627,
0.67843137254902,0.137254901960784);
ENDSEC;
END-ISO-10303-21;
