ISO-10303-21;
HEADER;
/* Generated by software containing ST-Developer
 * from STEP Tools, Inc. (www.steptools.com) 
 */

FILE_DESCRIPTION(
/* description */ (''),
/* implementation_level */ '2;1');

FILE_NAME(
/* name */ 'EmendaCorreia1EixoX.step',
/* time_stamp */ '2026-04-01T20:48:08-03:00',
/* author */ (''),
/* organization */ (''),
/* preprocessor_version */ 'ST-DEVELOPER v20.1',
/* originating_system */ 'Autodesk Translation Framework v14.24.0.0',
/* authorisation */ '');

FILE_SCHEMA (('AUTOMOTIVE_DESIGN { 1 0 10303 214 3 1 1 }'));
ENDSEC;

DATA;
#10=MECHANICAL_DESIGN_GEOMETRIC_PRESENTATION_REPRESENTATION('',(#13),#4927);
#11=SHAPE_REPRESENTATION_RELATIONSHIP('SRR','None',#4934,#12);
#12=ADVANCED_BREP_SHAPE_REPRESENTATION('',(#14),#4926);
#13=STYLED_ITEM('',(#4943),#14);
#14=MANIFOLD_SOLID_BREP('Corpo1',#3100);
#15=FACE_BOUND('',#375,.T.);
#16=FACE_BOUND('',#378,.T.);
#17=FACE_BOUND('',#380,.T.);
#18=FACE_BOUND('',#381,.T.);
#19=FACE_BOUND('',#383,.T.);
#20=FACE_BOUND('',#433,.T.);
#21=FACE_BOUND('',#501,.T.);
#22=FACE_BOUND('',#505,.T.);
#23=FACE_BOUND('',#509,.T.);
#24=PLANE('',#3120);
#25=PLANE('',#3121);
#26=PLANE('',#3122);
#27=PLANE('',#3123);
#28=PLANE('',#3124);
#29=PLANE('',#3125);
#30=PLANE('',#3126);
#31=PLANE('',#3127);
#32=PLANE('',#3128);
#33=PLANE('',#3129);
#34=PLANE('',#3130);
#35=PLANE('',#3131);
#36=PLANE('',#3132);
#37=PLANE('',#3133);
#38=PLANE('',#3134);
#39=PLANE('',#3135);
#40=PLANE('',#3136);
#41=PLANE('',#3137);
#42=PLANE('',#3138);
#43=PLANE('',#3139);
#44=PLANE('',#3140);
#45=PLANE('',#3141);
#46=PLANE('',#3142);
#47=PLANE('',#3143);
#48=PLANE('',#3144);
#49=PLANE('',#3145);
#50=PLANE('',#3146);
#51=PLANE('',#3147);
#52=PLANE('',#3148);
#53=PLANE('',#3149);
#54=PLANE('',#3150);
#55=PLANE('',#3151);
#56=PLANE('',#3152);
#57=PLANE('',#3153);
#58=PLANE('',#3154);
#59=PLANE('',#3155);
#60=PLANE('',#3156);
#61=PLANE('',#3157);
#62=PLANE('',#3158);
#63=PLANE('',#3159);
#64=PLANE('',#3160);
#65=PLANE('',#3161);
#66=PLANE('',#3162);
#67=PLANE('',#3163);
#68=PLANE('',#3164);
#69=PLANE('',#3165);
#70=PLANE('',#3166);
#71=PLANE('',#3167);
#72=PLANE('',#3168);
#73=PLANE('',#3169);
#74=PLANE('',#3170);
#75=PLANE('',#3171);
#76=PLANE('',#3172);
#77=PLANE('',#3173);
#78=PLANE('',#3174);
#79=PLANE('',#3175);
#80=PLANE('',#3176);
#81=PLANE('',#3177);
#82=PLANE('',#3178);
#83=PLANE('',#3179);
#84=PLANE('',#3180);
#85=PLANE('',#3181);
#86=PLANE('',#3182);
#87=PLANE('',#3183);
#88=PLANE('',#3184);
#89=PLANE('',#3185);
#90=PLANE('',#3186);
#91=PLANE('',#3187);
#92=PLANE('',#3188);
#93=PLANE('',#3189);
#94=PLANE('',#3190);
#95=PLANE('',#3191);
#96=PLANE('',#3192);
#97=PLANE('',#3193);
#98=PLANE('',#3194);
#99=PLANE('',#3195);
#100=PLANE('',#3196);
#101=PLANE('',#3197);
#102=PLANE('',#3198);
#103=PLANE('',#3199);
#104=PLANE('',#3200);
#105=PLANE('',#3201);
#106=PLANE('',#3202);
#107=PLANE('',#3203);
#108=PLANE('',#3204);
#109=PLANE('',#3205);
#110=PLANE('',#3206);
#111=PLANE('',#3207);
#112=PLANE('',#3208);
#113=PLANE('',#3209);
#114=PLANE('',#3210);
#115=PLANE('',#3211);
#116=PLANE('',#3212);
#117=PLANE('',#3213);
#118=PLANE('',#3214);
#119=PLANE('',#3215);
#120=PLANE('',#3216);
#121=PLANE('',#3217);
#122=PLANE('',#3218);
#123=PLANE('',#3219);
#124=PLANE('',#3220);
#125=PLANE('',#3221);
#126=PLANE('',#3222);
#127=PLANE('',#3223);
#128=PLANE('',#3224);
#129=PLANE('',#3225);
#130=PLANE('',#3226);
#131=PLANE('',#3227);
#132=PLANE('',#3228);
#133=PLANE('',#3229);
#134=PLANE('',#3230);
#135=PLANE('',#3231);
#136=PLANE('',#3232);
#137=PLANE('',#3233);
#138=PLANE('',#3234);
#139=PLANE('',#3235);
#140=PLANE('',#3236);
#141=PLANE('',#3237);
#142=PLANE('',#3238);
#143=PLANE('',#3239);
#144=PLANE('',#3240);
#145=PLANE('',#3241);
#146=PLANE('',#3242);
#147=PLANE('',#3243);
#148=PLANE('',#3244);
#149=PLANE('',#3245);
#150=PLANE('',#3246);
#151=PLANE('',#3247);
#152=PLANE('',#3248);
#153=PLANE('',#3249);
#154=PLANE('',#3250);
#155=PLANE('',#3251);
#156=PLANE('',#3252);
#157=PLANE('',#3253);
#158=PLANE('',#3254);
#159=PLANE('',#3255);
#160=PLANE('',#3256);
#161=PLANE('',#3257);
#162=PLANE('',#3258);
#163=PLANE('',#3259);
#164=PLANE('',#3260);
#165=PLANE('',#3261);
#166=PLANE('',#3262);
#167=PLANE('',#3263);
#168=PLANE('',#3264);
#169=PLANE('',#3265);
#170=PLANE('',#3266);
#171=PLANE('',#3267);
#172=PLANE('',#3268);
#173=PLANE('',#3269);
#174=PLANE('',#3270);
#175=PLANE('',#3271);
#176=PLANE('',#3272);
#177=PLANE('',#3273);
#178=PLANE('',#3274);
#179=PLANE('',#3275);
#180=PLANE('',#3276);
#181=PLANE('',#3277);
#182=PLANE('',#3278);
#183=PLANE('',#3279);
#184=PLANE('',#3280);
#185=PLANE('',#3281);
#186=PLANE('',#3282);
#187=PLANE('',#3283);
#188=PLANE('',#3284);
#189=PLANE('',#3285);
#190=PLANE('',#3286);
#191=PLANE('',#3287);
#192=PLANE('',#3288);
#193=PLANE('',#3289);
#194=PLANE('',#3290);
#195=PLANE('',#3291);
#196=FACE_OUTER_BOUND('',#370,.T.);
#197=FACE_OUTER_BOUND('',#371,.T.);
#198=FACE_OUTER_BOUND('',#372,.T.);
#199=FACE_OUTER_BOUND('',#373,.T.);
#200=FACE_OUTER_BOUND('',#374,.T.);
#201=FACE_OUTER_BOUND('',#376,.T.);
#202=FACE_OUTER_BOUND('',#377,.T.);
#203=FACE_OUTER_BOUND('',#379,.T.);
#204=FACE_OUTER_BOUND('',#382,.T.);
#205=FACE_OUTER_BOUND('',#384,.T.);
#206=FACE_OUTER_BOUND('',#385,.T.);
#207=FACE_OUTER_BOUND('',#386,.T.);
#208=FACE_OUTER_BOUND('',#387,.T.);
#209=FACE_OUTER_BOUND('',#388,.T.);
#210=FACE_OUTER_BOUND('',#389,.T.);
#211=FACE_OUTER_BOUND('',#390,.T.);
#212=FACE_OUTER_BOUND('',#391,.T.);
#213=FACE_OUTER_BOUND('',#392,.T.);
#214=FACE_OUTER_BOUND('',#393,.T.);
#215=FACE_OUTER_BOUND('',#394,.T.);
#216=FACE_OUTER_BOUND('',#395,.T.);
#217=FACE_OUTER_BOUND('',#396,.T.);
#218=FACE_OUTER_BOUND('',#397,.T.);
#219=FACE_OUTER_BOUND('',#398,.T.);
#220=FACE_OUTER_BOUND('',#399,.T.);
#221=FACE_OUTER_BOUND('',#400,.T.);
#222=FACE_OUTER_BOUND('',#401,.T.);
#223=FACE_OUTER_BOUND('',#402,.T.);
#224=FACE_OUTER_BOUND('',#403,.T.);
#225=FACE_OUTER_BOUND('',#404,.T.);
#226=FACE_OUTER_BOUND('',#405,.T.);
#227=FACE_OUTER_BOUND('',#406,.T.);
#228=FACE_OUTER_BOUND('',#407,.T.);
#229=FACE_OUTER_BOUND('',#408,.T.);
#230=FACE_OUTER_BOUND('',#409,.T.);
#231=FACE_OUTER_BOUND('',#410,.T.);
#232=FACE_OUTER_BOUND('',#411,.T.);
#233=FACE_OUTER_BOUND('',#412,.T.);
#234=FACE_OUTER_BOUND('',#413,.T.);
#235=FACE_OUTER_BOUND('',#414,.T.);
#236=FACE_OUTER_BOUND('',#415,.T.);
#237=FACE_OUTER_BOUND('',#416,.T.);
#238=FACE_OUTER_BOUND('',#417,.T.);
#239=FACE_OUTER_BOUND('',#418,.T.);
#240=FACE_OUTER_BOUND('',#419,.T.);
#241=FACE_OUTER_BOUND('',#420,.T.);
#242=FACE_OUTER_BOUND('',#421,.T.);
#243=FACE_OUTER_BOUND('',#422,.T.);
#244=FACE_OUTER_BOUND('',#423,.T.);
#245=FACE_OUTER_BOUND('',#424,.T.);
#246=FACE_OUTER_BOUND('',#425,.T.);
#247=FACE_OUTER_BOUND('',#426,.T.);
#248=FACE_OUTER_BOUND('',#427,.T.);
#249=FACE_OUTER_BOUND('',#428,.T.);
#250=FACE_OUTER_BOUND('',#429,.T.);
#251=FACE_OUTER_BOUND('',#430,.T.);
#252=FACE_OUTER_BOUND('',#431,.T.);
#253=FACE_OUTER_BOUND('',#432,.T.);
#254=FACE_OUTER_BOUND('',#434,.T.);
#255=FACE_OUTER_BOUND('',#435,.T.);
#256=FACE_OUTER_BOUND('',#436,.T.);
#257=FACE_OUTER_BOUND('',#437,.T.);
#258=FACE_OUTER_BOUND('',#438,.T.);
#259=FACE_OUTER_BOUND('',#439,.T.);
#260=FACE_OUTER_BOUND('',#440,.T.);
#261=FACE_OUTER_BOUND('',#441,.T.);
#262=FACE_OUTER_BOUND('',#442,.T.);
#263=FACE_OUTER_BOUND('',#443,.T.);
#264=FACE_OUTER_BOUND('',#444,.T.);
#265=FACE_OUTER_BOUND('',#445,.T.);
#266=FACE_OUTER_BOUND('',#446,.T.);
#267=FACE_OUTER_BOUND('',#447,.T.);
#268=FACE_OUTER_BOUND('',#448,.T.);
#269=FACE_OUTER_BOUND('',#449,.T.);
#270=FACE_OUTER_BOUND('',#450,.T.);
#271=FACE_OUTER_BOUND('',#451,.T.);
#272=FACE_OUTER_BOUND('',#452,.T.);
#273=FACE_OUTER_BOUND('',#453,.T.);
#274=FACE_OUTER_BOUND('',#454,.T.);
#275=FACE_OUTER_BOUND('',#455,.T.);
#276=FACE_OUTER_BOUND('',#456,.T.);
#277=FACE_OUTER_BOUND('',#457,.T.);
#278=FACE_OUTER_BOUND('',#458,.T.);
#279=FACE_OUTER_BOUND('',#459,.T.);
#280=FACE_OUTER_BOUND('',#460,.T.);
#281=FACE_OUTER_BOUND('',#461,.T.);
#282=FACE_OUTER_BOUND('',#462,.T.);
#283=FACE_OUTER_BOUND('',#463,.T.);
#284=FACE_OUTER_BOUND('',#464,.T.);
#285=FACE_OUTER_BOUND('',#465,.T.);
#286=FACE_OUTER_BOUND('',#466,.T.);
#287=FACE_OUTER_BOUND('',#467,.T.);
#288=FACE_OUTER_BOUND('',#468,.T.);
#289=FACE_OUTER_BOUND('',#469,.T.);
#290=FACE_OUTER_BOUND('',#470,.T.);
#291=FACE_OUTER_BOUND('',#471,.T.);
#292=FACE_OUTER_BOUND('',#472,.T.);
#293=FACE_OUTER_BOUND('',#473,.T.);
#294=FACE_OUTER_BOUND('',#474,.T.);
#295=FACE_OUTER_BOUND('',#475,.T.);
#296=FACE_OUTER_BOUND('',#476,.T.);
#297=FACE_OUTER_BOUND('',#477,.T.);
#298=FACE_OUTER_BOUND('',#478,.T.);
#299=FACE_OUTER_BOUND('',#479,.T.);
#300=FACE_OUTER_BOUND('',#480,.T.);
#301=FACE_OUTER_BOUND('',#481,.T.);
#302=FACE_OUTER_BOUND('',#482,.T.);
#303=FACE_OUTER_BOUND('',#483,.T.);
#304=FACE_OUTER_BOUND('',#484,.T.);
#305=FACE_OUTER_BOUND('',#485,.T.);
#306=FACE_OUTER_BOUND('',#486,.T.);
#307=FACE_OUTER_BOUND('',#487,.T.);
#308=FACE_OUTER_BOUND('',#488,.T.);
#309=FACE_OUTER_BOUND('',#489,.T.);
#310=FACE_OUTER_BOUND('',#490,.T.);
#311=FACE_OUTER_BOUND('',#491,.T.);
#312=FACE_OUTER_BOUND('',#492,.T.);
#313=FACE_OUTER_BOUND('',#493,.T.);
#314=FACE_OUTER_BOUND('',#494,.T.);
#315=FACE_OUTER_BOUND('',#495,.T.);
#316=FACE_OUTER_BOUND('',#496,.T.);
#317=FACE_OUTER_BOUND('',#497,.T.);
#318=FACE_OUTER_BOUND('',#498,.T.);
#319=FACE_OUTER_BOUND('',#499,.T.);
#320=FACE_OUTER_BOUND('',#500,.T.);
#321=FACE_OUTER_BOUND('',#502,.T.);
#322=FACE_OUTER_BOUND('',#503,.T.);
#323=FACE_OUTER_BOUND('',#504,.T.);
#324=FACE_OUTER_BOUND('',#506,.T.);
#325=FACE_OUTER_BOUND('',#507,.T.);
#326=FACE_OUTER_BOUND('',#508,.T.);
#327=FACE_OUTER_BOUND('',#510,.T.);
#328=FACE_OUTER_BOUND('',#511,.T.);
#329=FACE_OUTER_BOUND('',#512,.T.);
#330=FACE_OUTER_BOUND('',#513,.T.);
#331=FACE_OUTER_BOUND('',#514,.T.);
#332=FACE_OUTER_BOUND('',#515,.T.);
#333=FACE_OUTER_BOUND('',#516,.T.);
#334=FACE_OUTER_BOUND('',#517,.T.);
#335=FACE_OUTER_BOUND('',#518,.T.);
#336=FACE_OUTER_BOUND('',#519,.T.);
#337=FACE_OUTER_BOUND('',#520,.T.);
#338=FACE_OUTER_BOUND('',#521,.T.);
#339=FACE_OUTER_BOUND('',#522,.T.);
#340=FACE_OUTER_BOUND('',#523,.T.);
#341=FACE_OUTER_BOUND('',#524,.T.);
#342=FACE_OUTER_BOUND('',#525,.T.);
#343=FACE_OUTER_BOUND('',#526,.T.);
#344=FACE_OUTER_BOUND('',#527,.T.);
#345=FACE_OUTER_BOUND('',#528,.T.);
#346=FACE_OUTER_BOUND('',#529,.T.);
#347=FACE_OUTER_BOUND('',#530,.T.);
#348=FACE_OUTER_BOUND('',#531,.T.);
#349=FACE_OUTER_BOUND('',#532,.T.);
#350=FACE_OUTER_BOUND('',#533,.T.);
#351=FACE_OUTER_BOUND('',#534,.T.);
#352=FACE_OUTER_BOUND('',#535,.T.);
#353=FACE_OUTER_BOUND('',#536,.T.);
#354=FACE_OUTER_BOUND('',#537,.T.);
#355=FACE_OUTER_BOUND('',#538,.T.);
#356=FACE_OUTER_BOUND('',#539,.T.);
#357=FACE_OUTER_BOUND('',#540,.T.);
#358=FACE_OUTER_BOUND('',#541,.T.);
#359=FACE_OUTER_BOUND('',#542,.T.);
#360=FACE_OUTER_BOUND('',#543,.T.);
#361=FACE_OUTER_BOUND('',#544,.T.);
#362=FACE_OUTER_BOUND('',#545,.T.);
#363=FACE_OUTER_BOUND('',#546,.T.);
#364=FACE_OUTER_BOUND('',#547,.T.);
#365=FACE_OUTER_BOUND('',#548,.T.);
#366=FACE_OUTER_BOUND('',#549,.T.);
#367=FACE_OUTER_BOUND('',#550,.T.);
#368=FACE_OUTER_BOUND('',#551,.T.);
#369=FACE_OUTER_BOUND('',#552,.T.);
#370=EDGE_LOOP('',(#2076,#2077,#2078,#2079));
#371=EDGE_LOOP('',(#2080,#2081,#2082,#2083));
#372=EDGE_LOOP('',(#2084,#2085,#2086,#2087));
#373=EDGE_LOOP('',(#2088,#2089,#2090,#2091));
#374=EDGE_LOOP('',(#2092,#2093,#2094,#2095));
#375=EDGE_LOOP('',(#2096));
#376=EDGE_LOOP('',(#2097,#2098,#2099,#2100));
#377=EDGE_LOOP('',(#2101,#2102,#2103,#2104,#2105,#2106,#2107,#2108));
#378=EDGE_LOOP('',(#2109,#2110,#2111,#2112));
#379=EDGE_LOOP('',(#2113,#2114,#2115,#2116,#2117,#2118));
#380=EDGE_LOOP('',(#2119));
#381=EDGE_LOOP('',(#2120));
#382=EDGE_LOOP('',(#2121,#2122,#2123,#2124,#2125));
#383=EDGE_LOOP('',(#2126));
#384=EDGE_LOOP('',(#2127,#2128,#2129,#2130));
#385=EDGE_LOOP('',(#2131,#2132,#2133,#2134));
#386=EDGE_LOOP('',(#2135,#2136,#2137));
#387=EDGE_LOOP('',(#2138,#2139,#2140));
#388=EDGE_LOOP('',(#2141,#2142,#2143));
#389=EDGE_LOOP('',(#2144,#2145,#2146));
#390=EDGE_LOOP('',(#2147,#2148,#2149));
#391=EDGE_LOOP('',(#2150,#2151,#2152));
#392=EDGE_LOOP('',(#2153,#2154,#2155));
#393=EDGE_LOOP('',(#2156,#2157,#2158));
#394=EDGE_LOOP('',(#2159,#2160,#2161));
#395=EDGE_LOOP('',(#2162,#2163,#2164,#2165));
#396=EDGE_LOOP('',(#2166,#2167,#2168,#2169));
#397=EDGE_LOOP('',(#2170,#2171,#2172,#2173));
#398=EDGE_LOOP('',(#2174,#2175,#2176,#2177));
#399=EDGE_LOOP('',(#2178,#2179,#2180,#2181));
#400=EDGE_LOOP('',(#2182,#2183,#2184,#2185));
#401=EDGE_LOOP('',(#2186,#2187,#2188,#2189));
#402=EDGE_LOOP('',(#2190,#2191,#2192,#2193));
#403=EDGE_LOOP('',(#2194,#2195,#2196,#2197));
#404=EDGE_LOOP('',(#2198,#2199,#2200,#2201));
#405=EDGE_LOOP('',(#2202,#2203,#2204,#2205));
#406=EDGE_LOOP('',(#2206,#2207,#2208,#2209));
#407=EDGE_LOOP('',(#2210,#2211,#2212,#2213));
#408=EDGE_LOOP('',(#2214,#2215,#2216,#2217));
#409=EDGE_LOOP('',(#2218,#2219,#2220,#2221));
#410=EDGE_LOOP('',(#2222,#2223,#2224,#2225));
#411=EDGE_LOOP('',(#2226,#2227,#2228,#2229));
#412=EDGE_LOOP('',(#2230,#2231,#2232,#2233));
#413=EDGE_LOOP('',(#2234,#2235,#2236,#2237));
#414=EDGE_LOOP('',(#2238,#2239,#2240,#2241));
#415=EDGE_LOOP('',(#2242,#2243,#2244,#2245));
#416=EDGE_LOOP('',(#2246,#2247,#2248,#2249));
#417=EDGE_LOOP('',(#2250,#2251,#2252,#2253));
#418=EDGE_LOOP('',(#2254,#2255,#2256,#2257));
#419=EDGE_LOOP('',(#2258,#2259,#2260,#2261));
#420=EDGE_LOOP('',(#2262,#2263,#2264,#2265));
#421=EDGE_LOOP('',(#2266,#2267,#2268,#2269));
#422=EDGE_LOOP('',(#2270,#2271,#2272,#2273));
#423=EDGE_LOOP('',(#2274,#2275,#2276,#2277));
#424=EDGE_LOOP('',(#2278,#2279,#2280,#2281));
#425=EDGE_LOOP('',(#2282,#2283,#2284,#2285));
#426=EDGE_LOOP('',(#2286,#2287,#2288,#2289));
#427=EDGE_LOOP('',(#2290,#2291,#2292,#2293));
#428=EDGE_LOOP('',(#2294,#2295,#2296,#2297));
#429=EDGE_LOOP('',(#2298,#2299,#2300,#2301));
#430=EDGE_LOOP('',(#2302,#2303,#2304,#2305));
#431=EDGE_LOOP('',(#2306,#2307,#2308,#2309));
#432=EDGE_LOOP('',(#2310,#2311,#2312,#2313,#2314,#2315,#2316,#2317,#2318,
#2319,#2320,#2321,#2322,#2323,#2324,#2325,#2326,#2327,#2328,#2329,#2330,
#2331,#2332,#2333,#2334,#2335,#2336,#2337,#2338,#2339,#2340,#2341,#2342,
#2343,#2344,#2345,#2346));
#433=EDGE_LOOP('',(#2347,#2348,#2349,#2350,#2351,#2352,#2353,#2354,#2355,
#2356,#2357,#2358,#2359,#2360,#2361,#2362,#2363,#2364,#2365,#2366));
#434=EDGE_LOOP('',(#2367,#2368,#2369,#2370,#2371,#2372,#2373,#2374,#2375,
#2376,#2377,#2378,#2379,#2380,#2381));
#435=EDGE_LOOP('',(#2382,#2383,#2384,#2385));
#436=EDGE_LOOP('',(#2386,#2387,#2388,#2389,#2390,#2391,#2392,#2393,#2394,
#2395,#2396,#2397,#2398,#2399,#2400,#2401,#2402,#2403,#2404,#2405,#2406,
#2407));
#437=EDGE_LOOP('',(#2408,#2409,#2410));
#438=EDGE_LOOP('',(#2411,#2412,#2413));
#439=EDGE_LOOP('',(#2414,#2415,#2416));
#440=EDGE_LOOP('',(#2417,#2418,#2419,#2420));
#441=EDGE_LOOP('',(#2421,#2422,#2423,#2424));
#442=EDGE_LOOP('',(#2425,#2426,#2427,#2428));
#443=EDGE_LOOP('',(#2429,#2430,#2431,#2432));
#444=EDGE_LOOP('',(#2433,#2434,#2435,#2436));
#445=EDGE_LOOP('',(#2437,#2438,#2439,#2440));
#446=EDGE_LOOP('',(#2441,#2442,#2443,#2444));
#447=EDGE_LOOP('',(#2445,#2446,#2447,#2448));
#448=EDGE_LOOP('',(#2449,#2450,#2451,#2452));
#449=EDGE_LOOP('',(#2453,#2454,#2455,#2456));
#450=EDGE_LOOP('',(#2457,#2458,#2459,#2460));
#451=EDGE_LOOP('',(#2461,#2462,#2463,#2464));
#452=EDGE_LOOP('',(#2465,#2466,#2467,#2468));
#453=EDGE_LOOP('',(#2469,#2470,#2471,#2472));
#454=EDGE_LOOP('',(#2473,#2474,#2475,#2476));
#455=EDGE_LOOP('',(#2477,#2478,#2479,#2480));
#456=EDGE_LOOP('',(#2481,#2482,#2483,#2484));
#457=EDGE_LOOP('',(#2485,#2486,#2487,#2488));
#458=EDGE_LOOP('',(#2489,#2490,#2491,#2492));
#459=EDGE_LOOP('',(#2493,#2494,#2495,#2496));
#460=EDGE_LOOP('',(#2497,#2498,#2499,#2500));
#461=EDGE_LOOP('',(#2501,#2502,#2503,#2504));
#462=EDGE_LOOP('',(#2505,#2506,#2507,#2508));
#463=EDGE_LOOP('',(#2509,#2510,#2511,#2512));
#464=EDGE_LOOP('',(#2513,#2514,#2515));
#465=EDGE_LOOP('',(#2516,#2517,#2518));
#466=EDGE_LOOP('',(#2519,#2520,#2521,#2522));
#467=EDGE_LOOP('',(#2523,#2524,#2525));
#468=EDGE_LOOP('',(#2526,#2527,#2528,#2529,#2530,#2531,#2532,#2533,#2534,
#2535,#2536,#2537));
#469=EDGE_LOOP('',(#2538,#2539,#2540,#2541));
#470=EDGE_LOOP('',(#2542,#2543,#2544));
#471=EDGE_LOOP('',(#2545,#2546,#2547));
#472=EDGE_LOOP('',(#2548,#2549,#2550));
#473=EDGE_LOOP('',(#2551,#2552,#2553,#2554));
#474=EDGE_LOOP('',(#2555,#2556,#2557,#2558));
#475=EDGE_LOOP('',(#2559,#2560,#2561,#2562));
#476=EDGE_LOOP('',(#2563,#2564,#2565,#2566));
#477=EDGE_LOOP('',(#2567,#2568,#2569,#2570));
#478=EDGE_LOOP('',(#2571,#2572,#2573,#2574));
#479=EDGE_LOOP('',(#2575,#2576,#2577,#2578));
#480=EDGE_LOOP('',(#2579,#2580,#2581));
#481=EDGE_LOOP('',(#2582,#2583,#2584));
#482=EDGE_LOOP('',(#2585,#2586,#2587));
#483=EDGE_LOOP('',(#2588,#2589,#2590));
#484=EDGE_LOOP('',(#2591,#2592,#2593));
#485=EDGE_LOOP('',(#2594,#2595,#2596));
#486=EDGE_LOOP('',(#2597,#2598,#2599));
#487=EDGE_LOOP('',(#2600,#2601,#2602));
#488=EDGE_LOOP('',(#2603,#2604,#2605));
#489=EDGE_LOOP('',(#2606,#2607,#2608));
#490=EDGE_LOOP('',(#2609,#2610,#2611));
#491=EDGE_LOOP('',(#2612,#2613,#2614,#2615));
#492=EDGE_LOOP('',(#2616,#2617,#2618,#2619));
#493=EDGE_LOOP('',(#2620,#2621,#2622,#2623));
#494=EDGE_LOOP('',(#2624,#2625,#2626,#2627));
#495=EDGE_LOOP('',(#2628,#2629,#2630,#2631));
#496=EDGE_LOOP('',(#2632,#2633,#2634));
#497=EDGE_LOOP('',(#2635,#2636,#2637));
#498=EDGE_LOOP('',(#2638,#2639,#2640,#2641));
#499=EDGE_LOOP('',(#2642,#2643,#2644,#2645));
#500=EDGE_LOOP('',(#2646,#2647,#2648,#2649));
#501=EDGE_LOOP('',(#2650,#2651,#2652,#2653,#2654,#2655,#2656,#2657,#2658,
#2659,#2660,#2661,#2662,#2663,#2664,#2665,#2666,#2667,#2668,#2669,#2670,
#2671,#2672));
#502=EDGE_LOOP('',(#2673,#2674,#2675,#2676));
#503=EDGE_LOOP('',(#2677,#2678,#2679,#2680,#2681,#2682));
#504=EDGE_LOOP('',(#2683,#2684,#2685,#2686,#2687,#2688,#2689,#2690,#2691));
#505=EDGE_LOOP('',(#2692,#2693,#2694,#2695,#2696,#2697,#2698,#2699,#2700,
#2701,#2702,#2703,#2704,#2705,#2706,#2707,#2708,#2709,#2710,#2711,#2712,
#2713,#2714,#2715,#2716,#2717,#2718,#2719,#2720,#2721,#2722,#2723,#2724,
#2725,#2726,#2727,#2728));
#506=EDGE_LOOP('',(#2729,#2730,#2731,#2732,#2733,#2734,#2735,#2736,#2737,
#2738));
#507=EDGE_LOOP('',(#2739,#2740,#2741,#2742));
#508=EDGE_LOOP('',(#2743,#2744,#2745,#2746,#2747,#2748,#2749,#2750,#2751,
#2752,#2753,#2754,#2755,#2756,#2757,#2758,#2759,#2760,#2761,#2762,#2763,
#2764,#2765,#2766,#2767));
#509=EDGE_LOOP('',(#2768,#2769,#2770,#2771,#2772,#2773,#2774,#2775,#2776,
#2777,#2778,#2779,#2780,#2781,#2782,#2783,#2784,#2785,#2786,#2787,#2788,
#2789,#2790,#2791,#2792,#2793,#2794));
#510=EDGE_LOOP('',(#2795,#2796,#2797));
#511=EDGE_LOOP('',(#2798,#2799,#2800));
#512=EDGE_LOOP('',(#2801,#2802,#2803));
#513=EDGE_LOOP('',(#2804,#2805,#2806));
#514=EDGE_LOOP('',(#2807,#2808,#2809));
#515=EDGE_LOOP('',(#2810,#2811,#2812));
#516=EDGE_LOOP('',(#2813,#2814,#2815));
#517=EDGE_LOOP('',(#2816,#2817,#2818));
#518=EDGE_LOOP('',(#2819,#2820,#2821));
#519=EDGE_LOOP('',(#2822,#2823,#2824));
#520=EDGE_LOOP('',(#2825,#2826,#2827));
#521=EDGE_LOOP('',(#2828,#2829,#2830));
#522=EDGE_LOOP('',(#2831,#2832,#2833));
#523=EDGE_LOOP('',(#2834,#2835,#2836));
#524=EDGE_LOOP('',(#2837,#2838,#2839));
#525=EDGE_LOOP('',(#2840,#2841,#2842));
#526=EDGE_LOOP('',(#2843,#2844,#2845));
#527=EDGE_LOOP('',(#2846,#2847,#2848));
#528=EDGE_LOOP('',(#2849,#2850,#2851));
#529=EDGE_LOOP('',(#2852,#2853,#2854));
#530=EDGE_LOOP('',(#2855,#2856,#2857));
#531=EDGE_LOOP('',(#2858,#2859,#2860));
#532=EDGE_LOOP('',(#2861,#2862,#2863));
#533=EDGE_LOOP('',(#2864,#2865,#2866));
#534=EDGE_LOOP('',(#2867,#2868,#2869));
#535=EDGE_LOOP('',(#2870,#2871,#2872));
#536=EDGE_LOOP('',(#2873,#2874,#2875));
#537=EDGE_LOOP('',(#2876,#2877,#2878));
#538=EDGE_LOOP('',(#2879,#2880,#2881));
#539=EDGE_LOOP('',(#2882,#2883,#2884));
#540=EDGE_LOOP('',(#2885,#2886,#2887));
#541=EDGE_LOOP('',(#2888,#2889,#2890));
#542=EDGE_LOOP('',(#2891,#2892,#2893));
#543=EDGE_LOOP('',(#2894,#2895,#2896));
#544=EDGE_LOOP('',(#2897,#2898,#2899));
#545=EDGE_LOOP('',(#2900,#2901,#2902));
#546=EDGE_LOOP('',(#2903,#2904,#2905));
#547=EDGE_LOOP('',(#2906,#2907,#2908));
#548=EDGE_LOOP('',(#2909,#2910,#2911));
#549=EDGE_LOOP('',(#2912,#2913,#2914));
#550=EDGE_LOOP('',(#2915,#2916,#2917));
#551=EDGE_LOOP('',(#2918,#2919,#2920));
#552=EDGE_LOOP('',(#2921,#2922,#2923));
#553=LINE('',#4075,#973);
#554=LINE('',#4081,#974);
#555=LINE('',#4086,#975);
#556=LINE('',#4088,#976);
#557=LINE('',#4090,#977);
#558=LINE('',#4091,#978);
#559=LINE('',#4095,#979);
#560=LINE('',#4097,#980);
#561=LINE('',#4099,#981);
#562=LINE('',#4100,#982);
#563=LINE('',#4103,#983);
#564=LINE('',#4105,#984);
#565=LINE('',#4106,#985);
#566=LINE('',#4109,#986);
#567=LINE('',#4110,#987);
#568=LINE('',#4113,#988);
#569=LINE('',#4115,#989);
#570=LINE('',#4117,#990);
#571=LINE('',#4119,#991);
#572=LINE('',#4121,#992);
#573=LINE('',#4122,#993);
#574=LINE('',#4125,#994);
#575=LINE('',#4127,#995);
#576=LINE('',#4129,#996);
#577=LINE('',#4130,#997);
#578=LINE('',#4132,#998);
#579=LINE('',#4133,#999);
#580=LINE('',#4137,#1000);
#581=LINE('',#4139,#1001);
#582=LINE('',#4140,#1002);
#583=LINE('',#4141,#1003);
#584=LINE('',#4145,#1004);
#585=LINE('',#4146,#1005);
#586=LINE('',#4147,#1006);
#587=LINE('',#4151,#1007);
#588=LINE('',#4153,#1008);
#589=LINE('',#4155,#1009);
#590=LINE('',#4156,#1010);
#591=LINE('',#4160,#1011);
#592=LINE('',#4162,#1012);
#593=LINE('',#4163,#1013);
#594=LINE('',#4166,#1014);
#595=LINE('',#4167,#1015);
#596=LINE('',#4170,#1016);
#597=LINE('',#4171,#1017);
#598=LINE('',#4174,#1018);
#599=LINE('',#4175,#1019);
#600=LINE('',#4178,#1020);
#601=LINE('',#4179,#1021);
#602=LINE('',#4182,#1022);
#603=LINE('',#4183,#1023);
#604=LINE('',#4186,#1024);
#605=LINE('',#4187,#1025);
#606=LINE('',#4190,#1026);
#607=LINE('',#4191,#1027);
#608=LINE('',#4194,#1028);
#609=LINE('',#4195,#1029);
#610=LINE('',#4199,#1030);
#611=LINE('',#4201,#1031);
#612=LINE('',#4203,#1032);
#613=LINE('',#4204,#1033);
#614=LINE('',#4208,#1034);
#615=LINE('',#4209,#1035);
#616=LINE('',#4210,#1036);
#617=LINE('',#4214,#1037);
#618=LINE('',#4215,#1038);
#619=LINE('',#4216,#1039);
#620=LINE('',#4220,#1040);
#621=LINE('',#4221,#1041);
#622=LINE('',#4222,#1042);
#623=LINE('',#4226,#1043);
#624=LINE('',#4227,#1044);
#625=LINE('',#4228,#1045);
#626=LINE('',#4232,#1046);
#627=LINE('',#4233,#1047);
#628=LINE('',#4234,#1048);
#629=LINE('',#4238,#1049);
#630=LINE('',#4239,#1050);
#631=LINE('',#4240,#1051);
#632=LINE('',#4244,#1052);
#633=LINE('',#4245,#1053);
#634=LINE('',#4246,#1054);
#635=LINE('',#4250,#1055);
#636=LINE('',#4251,#1056);
#637=LINE('',#4252,#1057);
#638=LINE('',#4256,#1058);
#639=LINE('',#4257,#1059);
#640=LINE('',#4258,#1060);
#641=LINE('',#4262,#1061);
#642=LINE('',#4263,#1062);
#643=LINE('',#4264,#1063);
#644=LINE('',#4268,#1064);
#645=LINE('',#4269,#1065);
#646=LINE('',#4270,#1066);
#647=LINE('',#4274,#1067);
#648=LINE('',#4275,#1068);
#649=LINE('',#4276,#1069);
#650=LINE('',#4280,#1070);
#651=LINE('',#4281,#1071);
#652=LINE('',#4282,#1072);
#653=LINE('',#4286,#1073);
#654=LINE('',#4287,#1074);
#655=LINE('',#4288,#1075);
#656=LINE('',#4292,#1076);
#657=LINE('',#4293,#1077);
#658=LINE('',#4294,#1078);
#659=LINE('',#4298,#1079);
#660=LINE('',#4299,#1080);
#661=LINE('',#4300,#1081);
#662=LINE('',#4304,#1082);
#663=LINE('',#4305,#1083);
#664=LINE('',#4306,#1084);
#665=LINE('',#4310,#1085);
#666=LINE('',#4311,#1086);
#667=LINE('',#4312,#1087);
#668=LINE('',#4316,#1088);
#669=LINE('',#4317,#1089);
#670=LINE('',#4318,#1090);
#671=LINE('',#4322,#1091);
#672=LINE('',#4323,#1092);
#673=LINE('',#4324,#1093);
#674=LINE('',#4328,#1094);
#675=LINE('',#4329,#1095);
#676=LINE('',#4330,#1096);
#677=LINE('',#4334,#1097);
#678=LINE('',#4335,#1098);
#679=LINE('',#4336,#1099);
#680=LINE('',#4340,#1100);
#681=LINE('',#4341,#1101);
#682=LINE('',#4342,#1102);
#683=LINE('',#4346,#1103);
#684=LINE('',#4347,#1104);
#685=LINE('',#4348,#1105);
#686=LINE('',#4352,#1106);
#687=LINE('',#4353,#1107);
#688=LINE('',#4354,#1108);
#689=LINE('',#4358,#1109);
#690=LINE('',#4359,#1110);
#691=LINE('',#4360,#1111);
#692=LINE('',#4364,#1112);
#693=LINE('',#4365,#1113);
#694=LINE('',#4366,#1114);
#695=LINE('',#4370,#1115);
#696=LINE('',#4371,#1116);
#697=LINE('',#4372,#1117);
#698=LINE('',#4376,#1118);
#699=LINE('',#4377,#1119);
#700=LINE('',#4378,#1120);
#701=LINE('',#4382,#1121);
#702=LINE('',#4383,#1122);
#703=LINE('',#4384,#1123);
#704=LINE('',#4388,#1124);
#705=LINE('',#4389,#1125);
#706=LINE('',#4390,#1126);
#707=LINE('',#4394,#1127);
#708=LINE('',#4395,#1128);
#709=LINE('',#4396,#1129);
#710=LINE('',#4400,#1130);
#711=LINE('',#4401,#1131);
#712=LINE('',#4402,#1132);
#713=LINE('',#4406,#1133);
#714=LINE('',#4407,#1134);
#715=LINE('',#4408,#1135);
#716=LINE('',#4412,#1136);
#717=LINE('',#4413,#1137);
#718=LINE('',#4414,#1138);
#719=LINE('',#4416,#1139);
#720=LINE('',#4417,#1140);
#721=LINE('',#4421,#1141);
#722=LINE('',#4423,#1142);
#723=LINE('',#4425,#1143);
#724=LINE('',#4427,#1144);
#725=LINE('',#4429,#1145);
#726=LINE('',#4431,#1146);
#727=LINE('',#4433,#1147);
#728=LINE('',#4435,#1148);
#729=LINE('',#4437,#1149);
#730=LINE('',#4439,#1150);
#731=LINE('',#4441,#1151);
#732=LINE('',#4443,#1152);
#733=LINE('',#4445,#1153);
#734=LINE('',#4447,#1154);
#735=LINE('',#4449,#1155);
#736=LINE('',#4451,#1156);
#737=LINE('',#4453,#1157);
#738=LINE('',#4455,#1158);
#739=LINE('',#4457,#1159);
#740=LINE('',#4458,#1160);
#741=LINE('',#4462,#1161);
#742=LINE('',#4464,#1162);
#743=LINE('',#4466,#1163);
#744=LINE('',#4468,#1164);
#745=LINE('',#4470,#1165);
#746=LINE('',#4472,#1166);
#747=LINE('',#4474,#1167);
#748=LINE('',#4476,#1168);
#749=LINE('',#4478,#1169);
#750=LINE('',#4480,#1170);
#751=LINE('',#4482,#1171);
#752=LINE('',#4483,#1172);
#753=LINE('',#4485,#1173);
#754=LINE('',#4486,#1174);
#755=LINE('',#4490,#1175);
#756=LINE('',#4491,#1176);
#757=LINE('',#4492,#1177);
#758=LINE('',#4496,#1178);
#759=LINE('',#4498,#1179);
#760=LINE('',#4500,#1180);
#761=LINE('',#4502,#1181);
#762=LINE('',#4504,#1182);
#763=LINE('',#4506,#1183);
#764=LINE('',#4508,#1184);
#765=LINE('',#4510,#1185);
#766=LINE('',#4512,#1186);
#767=LINE('',#4514,#1187);
#768=LINE('',#4516,#1188);
#769=LINE('',#4518,#1189);
#770=LINE('',#4520,#1190);
#771=LINE('',#4522,#1191);
#772=LINE('',#4524,#1192);
#773=LINE('',#4525,#1193);
#774=LINE('',#4527,#1194);
#775=LINE('',#4529,#1195);
#776=LINE('',#4531,#1196);
#777=LINE('',#4532,#1197);
#778=LINE('',#4535,#1198);
#779=LINE('',#4536,#1199);
#780=LINE('',#4538,#1200);
#781=LINE('',#4541,#1201);
#782=LINE('',#4542,#1202);
#783=LINE('',#4545,#1203);
#784=LINE('',#4546,#1204);
#785=LINE('',#4549,#1205);
#786=LINE('',#4550,#1206);
#787=LINE('',#4553,#1207);
#788=LINE('',#4554,#1208);
#789=LINE('',#4557,#1209);
#790=LINE('',#4558,#1210);
#791=LINE('',#4561,#1211);
#792=LINE('',#4562,#1212);
#793=LINE('',#4565,#1213);
#794=LINE('',#4566,#1214);
#795=LINE('',#4569,#1215);
#796=LINE('',#4570,#1216);
#797=LINE('',#4573,#1217);
#798=LINE('',#4574,#1218);
#799=LINE('',#4577,#1219);
#800=LINE('',#4578,#1220);
#801=LINE('',#4581,#1221);
#802=LINE('',#4582,#1222);
#803=LINE('',#4585,#1223);
#804=LINE('',#4586,#1224);
#805=LINE('',#4589,#1225);
#806=LINE('',#4590,#1226);
#807=LINE('',#4593,#1227);
#808=LINE('',#4594,#1228);
#809=LINE('',#4597,#1229);
#810=LINE('',#4598,#1230);
#811=LINE('',#4601,#1231);
#812=LINE('',#4602,#1232);
#813=LINE('',#4605,#1233);
#814=LINE('',#4606,#1234);
#815=LINE('',#4609,#1235);
#816=LINE('',#4610,#1236);
#817=LINE('',#4613,#1237);
#818=LINE('',#4614,#1238);
#819=LINE('',#4617,#1239);
#820=LINE('',#4618,#1240);
#821=LINE('',#4620,#1241);
#822=LINE('',#4623,#1242);
#823=LINE('',#4625,#1243);
#824=LINE('',#4626,#1244);
#825=LINE('',#4628,#1245);
#826=LINE('',#4631,#1246);
#827=LINE('',#4633,#1247);
#828=LINE('',#4634,#1248);
#829=LINE('',#4636,#1249);
#830=LINE('',#4639,#1250);
#831=LINE('',#4640,#1251);
#832=LINE('',#4643,#1252);
#833=LINE('',#4644,#1253);
#834=LINE('',#4646,#1254);
#835=LINE('',#4648,#1255);
#836=LINE('',#4651,#1256);
#837=LINE('',#4653,#1257);
#838=LINE('',#4655,#1258);
#839=LINE('',#4657,#1259);
#840=LINE('',#4659,#1260);
#841=LINE('',#4661,#1261);
#842=LINE('',#4663,#1262);
#843=LINE('',#4665,#1263);
#844=LINE('',#4666,#1264);
#845=LINE('',#4667,#1265);
#846=LINE('',#4670,#1266);
#847=LINE('',#4672,#1267);
#848=LINE('',#4673,#1268);
#849=LINE('',#4676,#1269);
#850=LINE('',#4677,#1270);
#851=LINE('',#4679,#1271);
#852=LINE('',#4681,#1272);
#853=LINE('',#4684,#1273);
#854=LINE('',#4685,#1274);
#855=LINE('',#4688,#1275);
#856=LINE('',#4689,#1276);
#857=LINE('',#4692,#1277);
#858=LINE('',#4693,#1278);
#859=LINE('',#4696,#1279);
#860=LINE('',#4697,#1280);
#861=LINE('',#4700,#1281);
#862=LINE('',#4701,#1282);
#863=LINE('',#4704,#1283);
#864=LINE('',#4705,#1284);
#865=LINE('',#4708,#1285);
#866=LINE('',#4709,#1286);
#867=LINE('',#4712,#1287);
#868=LINE('',#4713,#1288);
#869=LINE('',#4715,#1289);
#870=LINE('',#4717,#1290);
#871=LINE('',#4720,#1291);
#872=LINE('',#4721,#1292);
#873=LINE('',#4724,#1293);
#874=LINE('',#4725,#1294);
#875=LINE('',#4727,#1295);
#876=LINE('',#4730,#1296);
#877=LINE('',#4731,#1297);
#878=LINE('',#4733,#1298);
#879=LINE('',#4736,#1299);
#880=LINE('',#4737,#1300);
#881=LINE('',#4740,#1301);
#882=LINE('',#4741,#1302);
#883=LINE('',#4743,#1303);
#884=LINE('',#4746,#1304);
#885=LINE('',#4747,#1305);
#886=LINE('',#4750,#1306);
#887=LINE('',#4751,#1307);
#888=LINE('',#4754,#1308);
#889=LINE('',#4755,#1309);
#890=LINE('',#4758,#1310);
#891=LINE('',#4759,#1311);
#892=LINE('',#4762,#1312);
#893=LINE('',#4763,#1313);
#894=LINE('',#4765,#1314);
#895=LINE('',#4768,#1315);
#896=LINE('',#4769,#1316);
#897=LINE('',#4772,#1317);
#898=LINE('',#4773,#1318);
#899=LINE('',#4776,#1319);
#900=LINE('',#4777,#1320);
#901=LINE('',#4780,#1321);
#902=LINE('',#4781,#1322);
#903=LINE('',#4784,#1323);
#904=LINE('',#4786,#1324);
#905=LINE('',#4788,#1325);
#906=LINE('',#4790,#1326);
#907=LINE('',#4792,#1327);
#908=LINE('',#4794,#1328);
#909=LINE('',#4796,#1329);
#910=LINE('',#4798,#1330);
#911=LINE('',#4800,#1331);
#912=LINE('',#4802,#1332);
#913=LINE('',#4804,#1333);
#914=LINE('',#4806,#1334);
#915=LINE('',#4808,#1335);
#916=LINE('',#4810,#1336);
#917=LINE('',#4812,#1337);
#918=LINE('',#4814,#1338);
#919=LINE('',#4816,#1339);
#920=LINE('',#4818,#1340);
#921=LINE('',#4820,#1341);
#922=LINE('',#4822,#1342);
#923=LINE('',#4824,#1343);
#924=LINE('',#4826,#1344);
#925=LINE('',#4827,#1345);
#926=LINE('',#4829,#1346);
#927=LINE('',#4831,#1347);
#928=LINE('',#4833,#1348);
#929=LINE('',#4835,#1349);
#930=LINE('',#4839,#1350);
#931=LINE('',#4840,#1351);
#932=LINE('',#4842,#1352);
#933=LINE('',#4844,#1353);
#934=LINE('',#4846,#1354);
#935=LINE('',#4848,#1355);
#936=LINE('',#4850,#1356);
#937=LINE('',#4852,#1357);
#938=LINE('',#4854,#1358);
#939=LINE('',#4856,#1359);
#940=LINE('',#4858,#1360);
#941=LINE('',#4860,#1361);
#942=LINE('',#4862,#1362);
#943=LINE('',#4864,#1363);
#944=LINE('',#4866,#1364);
#945=LINE('',#4868,#1365);
#946=LINE('',#4870,#1366);
#947=LINE('',#4872,#1367);
#948=LINE('',#4874,#1368);
#949=LINE('',#4876,#1369);
#950=LINE('',#4878,#1370);
#951=LINE('',#4880,#1371);
#952=LINE('',#4882,#1372);
#953=LINE('',#4884,#1373);
#954=LINE('',#4886,#1374);
#955=LINE('',#4888,#1375);
#956=LINE('',#4890,#1376);
#957=LINE('',#4892,#1377);
#958=LINE('',#4894,#1378);
#959=LINE('',#4896,#1379);
#960=LINE('',#4898,#1380);
#961=LINE('',#4900,#1381);
#962=LINE('',#4902,#1382);
#963=LINE('',#4904,#1383);
#964=LINE('',#4906,#1384);
#965=LINE('',#4908,#1385);
#966=LINE('',#4910,#1386);
#967=LINE('',#4912,#1387);
#968=LINE('',#4914,#1388);
#969=LINE('',#4916,#1389);
#970=LINE('',#4918,#1390);
#971=LINE('',#4920,#1391);
#972=LINE('',#4922,#1392);
#973=VECTOR('',#3298,2.15);
#974=VECTOR('',#3305,2.15);
#975=VECTOR('',#3310,10.);
#976=VECTOR('',#3311,10.);
#977=VECTOR('',#3312,10.);
#978=VECTOR('',#3313,10.);
#979=VECTOR('',#3316,10.);
#980=VECTOR('',#3317,10.);
#981=VECTOR('',#3318,10.);
#982=VECTOR('',#3319,10.);
#983=VECTOR('',#3322,10.);
#984=VECTOR('',#3323,10.);
#985=VECTOR('',#3324,10.);
#986=VECTOR('',#3327,10.);
#987=VECTOR('',#3328,10.);
#988=VECTOR('',#3331,10.);
#989=VECTOR('',#3332,1.);
#990=VECTOR('',#3333,1.);
#991=VECTOR('',#3334,1.);
#992=VECTOR('',#3335,1.);
#993=VECTOR('',#3336,10.);
#994=VECTOR('',#3337,1.);
#995=VECTOR('',#3338,1.);
#996=VECTOR('',#3339,1.);
#997=VECTOR('',#3340,1.);
#998=VECTOR('',#3343,10.);
#999=VECTOR('',#3344,10.);
#1000=VECTOR('',#3347,1.);
#1001=VECTOR('',#3348,10.);
#1002=VECTOR('',#3349,10.);
#1003=VECTOR('',#3350,10.);
#1004=VECTOR('',#3353,1.);
#1005=VECTOR('',#3354,1.);
#1006=VECTOR('',#3355,1.);
#1007=VECTOR('',#3358,1.);
#1008=VECTOR('',#3359,1.);
#1009=VECTOR('',#3360,1.);
#1010=VECTOR('',#3361,1.);
#1011=VECTOR('',#3364,1.);
#1012=VECTOR('',#3365,1.);
#1013=VECTOR('',#3366,1.);
#1014=VECTOR('',#3369,1.);
#1015=VECTOR('',#3370,1.);
#1016=VECTOR('',#3373,1.);
#1017=VECTOR('',#3374,1.);
#1018=VECTOR('',#3377,1.);
#1019=VECTOR('',#3378,1.);
#1020=VECTOR('',#3381,1.);
#1021=VECTOR('',#3382,1.);
#1022=VECTOR('',#3385,1.);
#1023=VECTOR('',#3386,1.);
#1024=VECTOR('',#3389,1.);
#1025=VECTOR('',#3390,1.);
#1026=VECTOR('',#3393,1.);
#1027=VECTOR('',#3394,1.);
#1028=VECTOR('',#3397,1.);
#1029=VECTOR('',#3398,1.);
#1030=VECTOR('',#3401,1.);
#1031=VECTOR('',#3402,1.);
#1032=VECTOR('',#3403,1.);
#1033=VECTOR('',#3404,1.);
#1034=VECTOR('',#3407,1.);
#1035=VECTOR('',#3408,1.);
#1036=VECTOR('',#3409,1.);
#1037=VECTOR('',#3412,1.);
#1038=VECTOR('',#3413,1.);
#1039=VECTOR('',#3414,1.);
#1040=VECTOR('',#3417,1.);
#1041=VECTOR('',#3418,1.);
#1042=VECTOR('',#3419,1.);
#1043=VECTOR('',#3422,1.);
#1044=VECTOR('',#3423,1.);
#1045=VECTOR('',#3424,1.);
#1046=VECTOR('',#3427,1.);
#1047=VECTOR('',#3428,1.);
#1048=VECTOR('',#3429,1.);
#1049=VECTOR('',#3432,1.);
#1050=VECTOR('',#3433,1.);
#1051=VECTOR('',#3434,1.);
#1052=VECTOR('',#3437,1.);
#1053=VECTOR('',#3438,1.);
#1054=VECTOR('',#3439,1.);
#1055=VECTOR('',#3442,1.);
#1056=VECTOR('',#3443,1.);
#1057=VECTOR('',#3444,1.);
#1058=VECTOR('',#3447,1.);
#1059=VECTOR('',#3448,1.);
#1060=VECTOR('',#3449,1.);
#1061=VECTOR('',#3452,1.);
#1062=VECTOR('',#3453,1.);
#1063=VECTOR('',#3454,1.);
#1064=VECTOR('',#3457,1.);
#1065=VECTOR('',#3458,1.);
#1066=VECTOR('',#3459,1.);
#1067=VECTOR('',#3462,1.);
#1068=VECTOR('',#3463,1.);
#1069=VECTOR('',#3464,1.);
#1070=VECTOR('',#3467,1.);
#1071=VECTOR('',#3468,1.);
#1072=VECTOR('',#3469,1.);
#1073=VECTOR('',#3472,1.);
#1074=VECTOR('',#3473,1.);
#1075=VECTOR('',#3474,1.);
#1076=VECTOR('',#3477,1.);
#1077=VECTOR('',#3478,1.);
#1078=VECTOR('',#3479,1.);
#1079=VECTOR('',#3482,1.);
#1080=VECTOR('',#3483,1.);
#1081=VECTOR('',#3484,1.);
#1082=VECTOR('',#3487,1.);
#1083=VECTOR('',#3488,1.);
#1084=VECTOR('',#3489,1.);
#1085=VECTOR('',#3492,1.);
#1086=VECTOR('',#3493,1.);
#1087=VECTOR('',#3494,1.);
#1088=VECTOR('',#3497,1.);
#1089=VECTOR('',#3498,1.);
#1090=VECTOR('',#3499,1.);
#1091=VECTOR('',#3502,1.);
#1092=VECTOR('',#3503,1.);
#1093=VECTOR('',#3504,1.);
#1094=VECTOR('',#3507,1.);
#1095=VECTOR('',#3508,1.);
#1096=VECTOR('',#3509,1.);
#1097=VECTOR('',#3512,1.);
#1098=VECTOR('',#3513,1.);
#1099=VECTOR('',#3514,1.);
#1100=VECTOR('',#3517,1.);
#1101=VECTOR('',#3518,1.);
#1102=VECTOR('',#3519,1.);
#1103=VECTOR('',#3522,1.);
#1104=VECTOR('',#3523,1.);
#1105=VECTOR('',#3524,1.);
#1106=VECTOR('',#3527,1.);
#1107=VECTOR('',#3528,1.);
#1108=VECTOR('',#3529,1.);
#1109=VECTOR('',#3532,1.);
#1110=VECTOR('',#3533,1.);
#1111=VECTOR('',#3534,1.);
#1112=VECTOR('',#3537,1.);
#1113=VECTOR('',#3538,1.);
#1114=VECTOR('',#3539,1.);
#1115=VECTOR('',#3542,1.);
#1116=VECTOR('',#3543,1.);
#1117=VECTOR('',#3544,1.);
#1118=VECTOR('',#3547,1.);
#1119=VECTOR('',#3548,1.);
#1120=VECTOR('',#3549,1.);
#1121=VECTOR('',#3552,1.);
#1122=VECTOR('',#3553,1.);
#1123=VECTOR('',#3554,1.);
#1124=VECTOR('',#3557,1.);
#1125=VECTOR('',#3558,1.);
#1126=VECTOR('',#3559,1.);
#1127=VECTOR('',#3562,1.);
#1128=VECTOR('',#3563,1.);
#1129=VECTOR('',#3564,1.);
#1130=VECTOR('',#3567,1.);
#1131=VECTOR('',#3568,1.);
#1132=VECTOR('',#3569,1.);
#1133=VECTOR('',#3572,1.);
#1134=VECTOR('',#3573,1.);
#1135=VECTOR('',#3574,1.);
#1136=VECTOR('',#3577,1.);
#1137=VECTOR('',#3578,1.);
#1138=VECTOR('',#3579,1.);
#1139=VECTOR('',#3582,1.);
#1140=VECTOR('',#3583,1.);
#1141=VECTOR('',#3586,1.);
#1142=VECTOR('',#3587,1.);
#1143=VECTOR('',#3588,1.);
#1144=VECTOR('',#3589,1.);
#1145=VECTOR('',#3590,1.);
#1146=VECTOR('',#3591,1.);
#1147=VECTOR('',#3592,1.);
#1148=VECTOR('',#3593,1.);
#1149=VECTOR('',#3594,1.);
#1150=VECTOR('',#3595,1.);
#1151=VECTOR('',#3596,1.);
#1152=VECTOR('',#3597,1.);
#1153=VECTOR('',#3598,1.);
#1154=VECTOR('',#3599,1.);
#1155=VECTOR('',#3600,1.);
#1156=VECTOR('',#3601,1.);
#1157=VECTOR('',#3602,1.);
#1158=VECTOR('',#3603,1.);
#1159=VECTOR('',#3604,1.);
#1160=VECTOR('',#3605,1.);
#1161=VECTOR('',#3608,1.);
#1162=VECTOR('',#3609,1.);
#1163=VECTOR('',#3610,1.);
#1164=VECTOR('',#3611,1.);
#1165=VECTOR('',#3612,1.);
#1166=VECTOR('',#3613,1.);
#1167=VECTOR('',#3614,1.);
#1168=VECTOR('',#3615,1.);
#1169=VECTOR('',#3616,1.);
#1170=VECTOR('',#3617,1.);
#1171=VECTOR('',#3618,1.);
#1172=VECTOR('',#3619,1.);
#1173=VECTOR('',#3620,1.);
#1174=VECTOR('',#3621,1.);
#1175=VECTOR('',#3624,1.);
#1176=VECTOR('',#3625,1.);
#1177=VECTOR('',#3626,1.);
#1178=VECTOR('',#3629,1.);
#1179=VECTOR('',#3630,1.);
#1180=VECTOR('',#3631,1.);
#1181=VECTOR('',#3632,1.);
#1182=VECTOR('',#3633,1.);
#1183=VECTOR('',#3634,1.);
#1184=VECTOR('',#3635,1.);
#1185=VECTOR('',#3636,1.);
#1186=VECTOR('',#3637,1.);
#1187=VECTOR('',#3638,1.);
#1188=VECTOR('',#3639,1.);
#1189=VECTOR('',#3640,1.);
#1190=VECTOR('',#3641,1.);
#1191=VECTOR('',#3642,1.);
#1192=VECTOR('',#3643,1.);
#1193=VECTOR('',#3644,1.);
#1194=VECTOR('',#3645,1.);
#1195=VECTOR('',#3646,1.);
#1196=VECTOR('',#3647,1.);
#1197=VECTOR('',#3648,1.);
#1198=VECTOR('',#3651,1.);
#1199=VECTOR('',#3652,1.);
#1200=VECTOR('',#3655,1.);
#1201=VECTOR('',#3658,1.);
#1202=VECTOR('',#3659,1.);
#1203=VECTOR('',#3662,1.);
#1204=VECTOR('',#3663,1.);
#1205=VECTOR('',#3666,1.);
#1206=VECTOR('',#3667,1.);
#1207=VECTOR('',#3670,1.);
#1208=VECTOR('',#3671,1.);
#1209=VECTOR('',#3674,1.);
#1210=VECTOR('',#3675,1.);
#1211=VECTOR('',#3678,1.);
#1212=VECTOR('',#3679,1.);
#1213=VECTOR('',#3682,1.);
#1214=VECTOR('',#3683,1.);
#1215=VECTOR('',#3686,1.);
#1216=VECTOR('',#3687,1.);
#1217=VECTOR('',#3690,1.);
#1218=VECTOR('',#3691,1.);
#1219=VECTOR('',#3694,1.);
#1220=VECTOR('',#3695,1.);
#1221=VECTOR('',#3698,1.);
#1222=VECTOR('',#3699,1.);
#1223=VECTOR('',#3702,1.);
#1224=VECTOR('',#3703,1.);
#1225=VECTOR('',#3706,1.);
#1226=VECTOR('',#3707,1.);
#1227=VECTOR('',#3710,1.);
#1228=VECTOR('',#3711,1.);
#1229=VECTOR('',#3714,1.);
#1230=VECTOR('',#3715,1.);
#1231=VECTOR('',#3718,1.);
#1232=VECTOR('',#3719,1.);
#1233=VECTOR('',#3722,1.);
#1234=VECTOR('',#3723,1.);
#1235=VECTOR('',#3726,1.);
#1236=VECTOR('',#3727,1.);
#1237=VECTOR('',#3730,1.);
#1238=VECTOR('',#3731,1.);
#1239=VECTOR('',#3734,1.);
#1240=VECTOR('',#3735,1.);
#1241=VECTOR('',#3738,1.);
#1242=VECTOR('',#3741,1.);
#1243=VECTOR('',#3742,1.);
#1244=VECTOR('',#3743,1.);
#1245=VECTOR('',#3746,1.);
#1246=VECTOR('',#3749,1.);
#1247=VECTOR('',#3750,1.);
#1248=VECTOR('',#3751,1.);
#1249=VECTOR('',#3754,1.);
#1250=VECTOR('',#3757,1.);
#1251=VECTOR('',#3758,1.);
#1252=VECTOR('',#3761,1.);
#1253=VECTOR('',#3762,1.);
#1254=VECTOR('',#3765,1.);
#1255=VECTOR('',#3768,1.);
#1256=VECTOR('',#3771,1.);
#1257=VECTOR('',#3772,1.);
#1258=VECTOR('',#3773,1.);
#1259=VECTOR('',#3774,1.);
#1260=VECTOR('',#3775,1.);
#1261=VECTOR('',#3776,1.);
#1262=VECTOR('',#3777,1.);
#1263=VECTOR('',#3778,1.);
#1264=VECTOR('',#3779,1.);
#1265=VECTOR('',#3780,1.);
#1266=VECTOR('',#3783,1.);
#1267=VECTOR('',#3784,1.);
#1268=VECTOR('',#3785,1.);
#1269=VECTOR('',#3788,1.);
#1270=VECTOR('',#3789,1.);
#1271=VECTOR('',#3792,1.);
#1272=VECTOR('',#3795,1.);
#1273=VECTOR('',#3798,1.);
#1274=VECTOR('',#3799,1.);
#1275=VECTOR('',#3802,1.);
#1276=VECTOR('',#3803,1.);
#1277=VECTOR('',#3806,1.);
#1278=VECTOR('',#3807,1.);
#1279=VECTOR('',#3810,1.);
#1280=VECTOR('',#3811,1.);
#1281=VECTOR('',#3814,1.);
#1282=VECTOR('',#3815,1.);
#1283=VECTOR('',#3818,1.);
#1284=VECTOR('',#3819,1.);
#1285=VECTOR('',#3822,1.);
#1286=VECTOR('',#3823,1.);
#1287=VECTOR('',#3826,1.);
#1288=VECTOR('',#3827,1.);
#1289=VECTOR('',#3830,1.);
#1290=VECTOR('',#3833,1.);
#1291=VECTOR('',#3836,1.);
#1292=VECTOR('',#3837,1.);
#1293=VECTOR('',#3840,1.);
#1294=VECTOR('',#3841,1.);
#1295=VECTOR('',#3844,1.);
#1296=VECTOR('',#3847,1.);
#1297=VECTOR('',#3848,1.);
#1298=VECTOR('',#3851,1.);
#1299=VECTOR('',#3854,1.);
#1300=VECTOR('',#3855,1.);
#1301=VECTOR('',#3858,1.);
#1302=VECTOR('',#3859,1.);
#1303=VECTOR('',#3862,1.);
#1304=VECTOR('',#3865,1.);
#1305=VECTOR('',#3866,1.);
#1306=VECTOR('',#3869,1.);
#1307=VECTOR('',#3870,1.);
#1308=VECTOR('',#3873,1.);
#1309=VECTOR('',#3874,1.);
#1310=VECTOR('',#3877,1.);
#1311=VECTOR('',#3878,1.);
#1312=VECTOR('',#3881,1.);
#1313=VECTOR('',#3882,1.);
#1314=VECTOR('',#3885,1.);
#1315=VECTOR('',#3888,1.);
#1316=VECTOR('',#3889,1.);
#1317=VECTOR('',#3892,1.);
#1318=VECTOR('',#3893,1.);
#1319=VECTOR('',#3896,1.);
#1320=VECTOR('',#3897,1.);
#1321=VECTOR('',#3900,1.);
#1322=VECTOR('',#3901,1.);
#1323=VECTOR('',#3902,1.);
#1324=VECTOR('',#3903,1.);
#1325=VECTOR('',#3904,1.);
#1326=VECTOR('',#3905,1.);
#1327=VECTOR('',#3906,1.);
#1328=VECTOR('',#3907,1.);
#1329=VECTOR('',#3908,1.);
#1330=VECTOR('',#3909,1.);
#1331=VECTOR('',#3910,1.);
#1332=VECTOR('',#3911,1.);
#1333=VECTOR('',#3912,1.);
#1334=VECTOR('',#3913,1.);
#1335=VECTOR('',#3914,1.);
#1336=VECTOR('',#3915,1.);
#1337=VECTOR('',#3916,1.);
#1338=VECTOR('',#3917,1.);
#1339=VECTOR('',#3918,1.);
#1340=VECTOR('',#3919,1.);
#1341=VECTOR('',#3920,1.);
#1342=VECTOR('',#3921,1.);
#1343=VECTOR('',#3922,1.);
#1344=VECTOR('',#3923,1.);
#1345=VECTOR('',#3924,1.);
#1346=VECTOR('',#3927,1.);
#1347=VECTOR('',#3930,1.);
#1348=VECTOR('',#3933,1.);
#1349=VECTOR('',#3936,1.);
#1350=VECTOR('',#3943,1.);
#1351=VECTOR('',#3944,1.);
#1352=VECTOR('',#3947,1.);
#1353=VECTOR('',#3950,1.);
#1354=VECTOR('',#3953,1.);
#1355=VECTOR('',#3956,1.);
#1356=VECTOR('',#3959,1.);
#1357=VECTOR('',#3962,1.);
#1358=VECTOR('',#3965,1.);
#1359=VECTOR('',#3968,1.);
#1360=VECTOR('',#3971,1.);
#1361=VECTOR('',#3974,1.);
#1362=VECTOR('',#3977,1.);
#1363=VECTOR('',#3980,1.);
#1364=VECTOR('',#3983,1.);
#1365=VECTOR('',#3986,1.);
#1366=VECTOR('',#3989,1.);
#1367=VECTOR('',#3992,1.);
#1368=VECTOR('',#3995,1.);
#1369=VECTOR('',#3998,1.);
#1370=VECTOR('',#4001,1.);
#1371=VECTOR('',#4004,1.);
#1372=VECTOR('',#4007,1.);
#1373=VECTOR('',#4010,1.);
#1374=VECTOR('',#4013,1.);
#1375=VECTOR('',#4016,1.);
#1376=VECTOR('',#4019,1.);
#1377=VECTOR('',#4022,1.);
#1378=VECTOR('',#4025,1.);
#1379=VECTOR('',#4028,1.);
#1380=VECTOR('',#4031,1.);
#1381=VECTOR('',#4034,1.);
#1382=VECTOR('',#4037,1.);
#1383=VECTOR('',#4040,1.);
#1384=VECTOR('',#4043,1.);
#1385=VECTOR('',#4046,1.);
#1386=VECTOR('',#4049,1.);
#1387=VECTOR('',#4052,1.);
#1388=VECTOR('',#4055,1.);
#1389=VECTOR('',#4058,1.);
#1390=VECTOR('',#4061,1.);
#1391=VECTOR('',#4064,1.);
#1392=VECTOR('',#4067,1.);
#1393=CIRCLE('',#3115,2.15);
#1394=CIRCLE('',#3116,2.15);
#1395=CIRCLE('',#3118,2.15);
#1396=CIRCLE('',#3119,2.15);
#1397=VERTEX_POINT('',#4072);
#1398=VERTEX_POINT('',#4074);
#1399=VERTEX_POINT('',#4078);
#1400=VERTEX_POINT('',#4080);
#1401=VERTEX_POINT('',#4084);
#1402=VERTEX_POINT('',#4085);
#1403=VERTEX_POINT('',#4087);
#1404=VERTEX_POINT('',#4089);
#1405=VERTEX_POINT('',#4093);
#1406=VERTEX_POINT('',#4094);
#1407=VERTEX_POINT('',#4096);
#1408=VERTEX_POINT('',#4098);
#1409=VERTEX_POINT('',#4102);
#1410=VERTEX_POINT('',#4104);
#1411=VERTEX_POINT('',#4108);
#1412=VERTEX_POINT('',#4112);
#1413=VERTEX_POINT('',#4114);
#1414=VERTEX_POINT('',#4116);
#1415=VERTEX_POINT('',#4118);
#1416=VERTEX_POINT('',#4120);
#1417=VERTEX_POINT('',#4123);
#1418=VERTEX_POINT('',#4124);
#1419=VERTEX_POINT('',#4126);
#1420=VERTEX_POINT('',#4128);
#1421=VERTEX_POINT('',#4135);
#1422=VERTEX_POINT('',#4136);
#1423=VERTEX_POINT('',#4138);
#1424=VERTEX_POINT('',#4143);
#1425=VERTEX_POINT('',#4144);
#1426=VERTEX_POINT('',#4149);
#1427=VERTEX_POINT('',#4150);
#1428=VERTEX_POINT('',#4152);
#1429=VERTEX_POINT('',#4154);
#1430=VERTEX_POINT('',#4158);
#1431=VERTEX_POINT('',#4159);
#1432=VERTEX_POINT('',#4161);
#1433=VERTEX_POINT('',#4165);
#1434=VERTEX_POINT('',#4169);
#1435=VERTEX_POINT('',#4173);
#1436=VERTEX_POINT('',#4177);
#1437=VERTEX_POINT('',#4181);
#1438=VERTEX_POINT('',#4185);
#1439=VERTEX_POINT('',#4189);
#1440=VERTEX_POINT('',#4193);
#1441=VERTEX_POINT('',#4197);
#1442=VERTEX_POINT('',#4198);
#1443=VERTEX_POINT('',#4200);
#1444=VERTEX_POINT('',#4202);
#1445=VERTEX_POINT('',#4206);
#1446=VERTEX_POINT('',#4207);
#1447=VERTEX_POINT('',#4212);
#1448=VERTEX_POINT('',#4213);
#1449=VERTEX_POINT('',#4218);
#1450=VERTEX_POINT('',#4219);
#1451=VERTEX_POINT('',#4224);
#1452=VERTEX_POINT('',#4225);
#1453=VERTEX_POINT('',#4230);
#1454=VERTEX_POINT('',#4231);
#1455=VERTEX_POINT('',#4236);
#1456=VERTEX_POINT('',#4237);
#1457=VERTEX_POINT('',#4242);
#1458=VERTEX_POINT('',#4243);
#1459=VERTEX_POINT('',#4248);
#1460=VERTEX_POINT('',#4249);
#1461=VERTEX_POINT('',#4254);
#1462=VERTEX_POINT('',#4255);
#1463=VERTEX_POINT('',#4260);
#1464=VERTEX_POINT('',#4261);
#1465=VERTEX_POINT('',#4266);
#1466=VERTEX_POINT('',#4267);
#1467=VERTEX_POINT('',#4272);
#1468=VERTEX_POINT('',#4273);
#1469=VERTEX_POINT('',#4278);
#1470=VERTEX_POINT('',#4279);
#1471=VERTEX_POINT('',#4284);
#1472=VERTEX_POINT('',#4285);
#1473=VERTEX_POINT('',#4290);
#1474=VERTEX_POINT('',#4291);
#1475=VERTEX_POINT('',#4296);
#1476=VERTEX_POINT('',#4297);
#1477=VERTEX_POINT('',#4302);
#1478=VERTEX_POINT('',#4303);
#1479=VERTEX_POINT('',#4308);
#1480=VERTEX_POINT('',#4309);
#1481=VERTEX_POINT('',#4314);
#1482=VERTEX_POINT('',#4315);
#1483=VERTEX_POINT('',#4320);
#1484=VERTEX_POINT('',#4321);
#1485=VERTEX_POINT('',#4326);
#1486=VERTEX_POINT('',#4327);
#1487=VERTEX_POINT('',#4332);
#1488=VERTEX_POINT('',#4333);
#1489=VERTEX_POINT('',#4338);
#1490=VERTEX_POINT('',#4339);
#1491=VERTEX_POINT('',#4344);
#1492=VERTEX_POINT('',#4345);
#1493=VERTEX_POINT('',#4350);
#1494=VERTEX_POINT('',#4351);
#1495=VERTEX_POINT('',#4356);
#1496=VERTEX_POINT('',#4357);
#1497=VERTEX_POINT('',#4362);
#1498=VERTEX_POINT('',#4363);
#1499=VERTEX_POINT('',#4368);
#1500=VERTEX_POINT('',#4369);
#1501=VERTEX_POINT('',#4374);
#1502=VERTEX_POINT('',#4375);
#1503=VERTEX_POINT('',#4380);
#1504=VERTEX_POINT('',#4381);
#1505=VERTEX_POINT('',#4386);
#1506=VERTEX_POINT('',#4387);
#1507=VERTEX_POINT('',#4392);
#1508=VERTEX_POINT('',#4393);
#1509=VERTEX_POINT('',#4398);
#1510=VERTEX_POINT('',#4399);
#1511=VERTEX_POINT('',#4404);
#1512=VERTEX_POINT('',#4405);
#1513=VERTEX_POINT('',#4410);
#1514=VERTEX_POINT('',#4411);
#1515=VERTEX_POINT('',#4419);
#1516=VERTEX_POINT('',#4420);
#1517=VERTEX_POINT('',#4422);
#1518=VERTEX_POINT('',#4424);
#1519=VERTEX_POINT('',#4426);
#1520=VERTEX_POINT('',#4428);
#1521=VERTEX_POINT('',#4430);
#1522=VERTEX_POINT('',#4432);
#1523=VERTEX_POINT('',#4434);
#1524=VERTEX_POINT('',#4436);
#1525=VERTEX_POINT('',#4438);
#1526=VERTEX_POINT('',#4440);
#1527=VERTEX_POINT('',#4442);
#1528=VERTEX_POINT('',#4444);
#1529=VERTEX_POINT('',#4446);
#1530=VERTEX_POINT('',#4448);
#1531=VERTEX_POINT('',#4450);
#1532=VERTEX_POINT('',#4452);
#1533=VERTEX_POINT('',#4454);
#1534=VERTEX_POINT('',#4456);
#1535=VERTEX_POINT('',#4460);
#1536=VERTEX_POINT('',#4461);
#1537=VERTEX_POINT('',#4463);
#1538=VERTEX_POINT('',#4465);
#1539=VERTEX_POINT('',#4467);
#1540=VERTEX_POINT('',#4469);
#1541=VERTEX_POINT('',#4471);
#1542=VERTEX_POINT('',#4473);
#1543=VERTEX_POINT('',#4475);
#1544=VERTEX_POINT('',#4477);
#1545=VERTEX_POINT('',#4479);
#1546=VERTEX_POINT('',#4481);
#1547=VERTEX_POINT('',#4484);
#1548=VERTEX_POINT('',#4488);
#1549=VERTEX_POINT('',#4489);
#1550=VERTEX_POINT('',#4494);
#1551=VERTEX_POINT('',#4495);
#1552=VERTEX_POINT('',#4497);
#1553=VERTEX_POINT('',#4499);
#1554=VERTEX_POINT('',#4501);
#1555=VERTEX_POINT('',#4503);
#1556=VERTEX_POINT('',#4505);
#1557=VERTEX_POINT('',#4507);
#1558=VERTEX_POINT('',#4509);
#1559=VERTEX_POINT('',#4511);
#1560=VERTEX_POINT('',#4513);
#1561=VERTEX_POINT('',#4515);
#1562=VERTEX_POINT('',#4517);
#1563=VERTEX_POINT('',#4519);
#1564=VERTEX_POINT('',#4521);
#1565=VERTEX_POINT('',#4523);
#1566=VERTEX_POINT('',#4526);
#1567=VERTEX_POINT('',#4528);
#1568=VERTEX_POINT('',#4530);
#1569=VERTEX_POINT('',#4534);
#1570=VERTEX_POINT('',#4540);
#1571=VERTEX_POINT('',#4544);
#1572=VERTEX_POINT('',#4548);
#1573=VERTEX_POINT('',#4552);
#1574=VERTEX_POINT('',#4556);
#1575=VERTEX_POINT('',#4560);
#1576=VERTEX_POINT('',#4564);
#1577=VERTEX_POINT('',#4568);
#1578=VERTEX_POINT('',#4572);
#1579=VERTEX_POINT('',#4576);
#1580=VERTEX_POINT('',#4580);
#1581=VERTEX_POINT('',#4584);
#1582=VERTEX_POINT('',#4588);
#1583=VERTEX_POINT('',#4592);
#1584=VERTEX_POINT('',#4596);
#1585=VERTEX_POINT('',#4600);
#1586=VERTEX_POINT('',#4604);
#1587=VERTEX_POINT('',#4608);
#1588=VERTEX_POINT('',#4612);
#1589=VERTEX_POINT('',#4616);
#1590=VERTEX_POINT('',#4622);
#1591=VERTEX_POINT('',#4624);
#1592=VERTEX_POINT('',#4630);
#1593=VERTEX_POINT('',#4632);
#1594=VERTEX_POINT('',#4638);
#1595=VERTEX_POINT('',#4642);
#1596=VERTEX_POINT('',#4650);
#1597=VERTEX_POINT('',#4652);
#1598=VERTEX_POINT('',#4654);
#1599=VERTEX_POINT('',#4656);
#1600=VERTEX_POINT('',#4658);
#1601=VERTEX_POINT('',#4660);
#1602=VERTEX_POINT('',#4662);
#1603=VERTEX_POINT('',#4664);
#1604=VERTEX_POINT('',#4669);
#1605=VERTEX_POINT('',#4671);
#1606=VERTEX_POINT('',#4675);
#1607=VERTEX_POINT('',#4683);
#1608=VERTEX_POINT('',#4687);
#1609=VERTEX_POINT('',#4691);
#1610=VERTEX_POINT('',#4695);
#1611=VERTEX_POINT('',#4699);
#1612=VERTEX_POINT('',#4703);
#1613=VERTEX_POINT('',#4707);
#1614=VERTEX_POINT('',#4711);
#1615=VERTEX_POINT('',#4719);
#1616=VERTEX_POINT('',#4723);
#1617=VERTEX_POINT('',#4729);
#1618=VERTEX_POINT('',#4735);
#1619=VERTEX_POINT('',#4739);
#1620=VERTEX_POINT('',#4745);
#1621=VERTEX_POINT('',#4749);
#1622=VERTEX_POINT('',#4753);
#1623=VERTEX_POINT('',#4757);
#1624=VERTEX_POINT('',#4761);
#1625=VERTEX_POINT('',#4767);
#1626=VERTEX_POINT('',#4771);
#1627=VERTEX_POINT('',#4775);
#1628=VERTEX_POINT('',#4779);
#1629=VERTEX_POINT('',#4782);
#1630=VERTEX_POINT('',#4783);
#1631=VERTEX_POINT('',#4785);
#1632=VERTEX_POINT('',#4787);
#1633=VERTEX_POINT('',#4789);
#1634=VERTEX_POINT('',#4791);
#1635=VERTEX_POINT('',#4793);
#1636=VERTEX_POINT('',#4795);
#1637=VERTEX_POINT('',#4797);
#1638=VERTEX_POINT('',#4799);
#1639=VERTEX_POINT('',#4801);
#1640=VERTEX_POINT('',#4803);
#1641=VERTEX_POINT('',#4805);
#1642=VERTEX_POINT('',#4807);
#1643=VERTEX_POINT('',#4809);
#1644=VERTEX_POINT('',#4811);
#1645=VERTEX_POINT('',#4813);
#1646=VERTEX_POINT('',#4815);
#1647=VERTEX_POINT('',#4817);
#1648=VERTEX_POINT('',#4819);
#1649=VERTEX_POINT('',#4821);
#1650=VERTEX_POINT('',#4823);
#1651=VERTEX_POINT('',#4825);
#1652=EDGE_CURVE('',#1397,#1397,#1393,.T.);
#1653=EDGE_CURVE('',#1397,#1398,#553,.T.);
#1654=EDGE_CURVE('',#1398,#1398,#1394,.T.);
#1655=EDGE_CURVE('',#1399,#1399,#1395,.T.);
#1656=EDGE_CURVE('',#1399,#1400,#554,.T.);
#1657=EDGE_CURVE('',#1400,#1400,#1396,.T.);
#1658=EDGE_CURVE('',#1401,#1402,#555,.T.);
#1659=EDGE_CURVE('',#1402,#1403,#556,.T.);
#1660=EDGE_CURVE('',#1403,#1404,#557,.T.);
#1661=EDGE_CURVE('',#1404,#1401,#558,.T.);
#1662=EDGE_CURVE('',#1405,#1406,#559,.T.);
#1663=EDGE_CURVE('',#1405,#1407,#560,.T.);
#1664=EDGE_CURVE('',#1408,#1407,#561,.T.);
#1665=EDGE_CURVE('',#1406,#1408,#562,.T.);
#1666=EDGE_CURVE('',#1409,#1405,#563,.T.);
#1667=EDGE_CURVE('',#1409,#1410,#564,.T.);
#1668=EDGE_CURVE('',#1407,#1410,#565,.T.);
#1669=EDGE_CURVE('',#1410,#1411,#566,.T.);
#1670=EDGE_CURVE('',#1411,#1408,#567,.T.);
#1671=EDGE_CURVE('',#1412,#1406,#568,.T.);
#1672=EDGE_CURVE('',#1413,#1412,#569,.T.);
#1673=EDGE_CURVE('',#1413,#1414,#570,.T.);
#1674=EDGE_CURVE('',#1415,#1414,#571,.T.);
#1675=EDGE_CURVE('',#1416,#1415,#572,.T.);
#1676=EDGE_CURVE('',#1416,#1409,#573,.T.);
#1677=EDGE_CURVE('',#1417,#1418,#574,.T.);
#1678=EDGE_CURVE('',#1419,#1417,#575,.T.);
#1679=EDGE_CURVE('',#1419,#1420,#576,.T.);
#1680=EDGE_CURVE('',#1420,#1418,#577,.T.);
#1681=EDGE_CURVE('',#1401,#1411,#578,.T.);
#1682=EDGE_CURVE('',#1412,#1404,#579,.T.);
#1683=EDGE_CURVE('',#1421,#1422,#580,.T.);
#1684=EDGE_CURVE('',#1423,#1422,#581,.T.);
#1685=EDGE_CURVE('',#1423,#1403,#582,.T.);
#1686=EDGE_CURVE('',#1421,#1402,#583,.T.);
#1687=EDGE_CURVE('',#1424,#1425,#584,.T.);
#1688=EDGE_CURVE('',#1425,#1422,#585,.T.);
#1689=EDGE_CURVE('',#1424,#1421,#586,.T.);
#1690=EDGE_CURVE('',#1426,#1427,#587,.T.);
#1691=EDGE_CURVE('',#1428,#1426,#588,.T.);
#1692=EDGE_CURVE('',#1429,#1428,#589,.T.);
#1693=EDGE_CURVE('',#1429,#1427,#590,.T.);
#1694=EDGE_CURVE('',#1430,#1431,#591,.T.);
#1695=EDGE_CURVE('',#1432,#1431,#592,.T.);
#1696=EDGE_CURVE('',#1430,#1432,#593,.T.);
#1697=EDGE_CURVE('',#1433,#1432,#594,.T.);
#1698=EDGE_CURVE('',#1433,#1431,#595,.T.);
#1699=EDGE_CURVE('',#1433,#1434,#596,.T.);
#1700=EDGE_CURVE('',#1434,#1431,#597,.T.);
#1701=EDGE_CURVE('',#1435,#1434,#598,.T.);
#1702=EDGE_CURVE('',#1435,#1431,#599,.T.);
#1703=EDGE_CURVE('',#1435,#1436,#600,.T.);
#1704=EDGE_CURVE('',#1436,#1431,#601,.T.);
#1705=EDGE_CURVE('',#1437,#1436,#602,.T.);
#1706=EDGE_CURVE('',#1437,#1431,#603,.T.);
#1707=EDGE_CURVE('',#1437,#1438,#604,.T.);
#1708=EDGE_CURVE('',#1431,#1438,#605,.T.);
#1709=EDGE_CURVE('',#1430,#1439,#606,.T.);
#1710=EDGE_CURVE('',#1439,#1431,#607,.T.);
#1711=EDGE_CURVE('',#1440,#1438,#608,.T.);
#1712=EDGE_CURVE('',#1437,#1440,#609,.T.);
#1713=EDGE_CURVE('',#1441,#1442,#610,.T.);
#1714=EDGE_CURVE('',#1443,#1441,#611,.T.);
#1715=EDGE_CURVE('',#1443,#1444,#612,.T.);
#1716=EDGE_CURVE('',#1442,#1444,#613,.T.);
#1717=EDGE_CURVE('',#1445,#1446,#614,.T.);
#1718=EDGE_CURVE('',#1441,#1445,#615,.T.);
#1719=EDGE_CURVE('',#1446,#1442,#616,.T.);
#1720=EDGE_CURVE('',#1447,#1448,#617,.T.);
#1721=EDGE_CURVE('',#1445,#1447,#618,.T.);
#1722=EDGE_CURVE('',#1448,#1446,#619,.T.);
#1723=EDGE_CURVE('',#1449,#1450,#620,.T.);
#1724=EDGE_CURVE('',#1447,#1449,#621,.T.);
#1725=EDGE_CURVE('',#1450,#1448,#622,.T.);
#1726=EDGE_CURVE('',#1451,#1452,#623,.T.);
#1727=EDGE_CURVE('',#1449,#1451,#624,.T.);
#1728=EDGE_CURVE('',#1452,#1450,#625,.T.);
#1729=EDGE_CURVE('',#1453,#1454,#626,.T.);
#1730=EDGE_CURVE('',#1451,#1453,#627,.T.);
#1731=EDGE_CURVE('',#1454,#1452,#628,.T.);
#1732=EDGE_CURVE('',#1455,#1456,#629,.T.);
#1733=EDGE_CURVE('',#1453,#1455,#630,.T.);
#1734=EDGE_CURVE('',#1456,#1454,#631,.T.);
#1735=EDGE_CURVE('',#1457,#1458,#632,.T.);
#1736=EDGE_CURVE('',#1457,#1455,#633,.T.);
#1737=EDGE_CURVE('',#1458,#1456,#634,.T.);
#1738=EDGE_CURVE('',#1459,#1460,#635,.T.);
#1739=EDGE_CURVE('',#1459,#1457,#636,.T.);
#1740=EDGE_CURVE('',#1460,#1458,#637,.T.);
#1741=EDGE_CURVE('',#1461,#1462,#638,.T.);
#1742=EDGE_CURVE('',#1461,#1459,#639,.T.);
#1743=EDGE_CURVE('',#1462,#1460,#640,.T.);
#1744=EDGE_CURVE('',#1463,#1464,#641,.T.);
#1745=EDGE_CURVE('',#1461,#1463,#642,.T.);
#1746=EDGE_CURVE('',#1464,#1462,#643,.T.);
#1747=EDGE_CURVE('',#1465,#1466,#644,.T.);
#1748=EDGE_CURVE('',#1463,#1465,#645,.T.);
#1749=EDGE_CURVE('',#1466,#1464,#646,.T.);
#1750=EDGE_CURVE('',#1467,#1468,#647,.T.);
#1751=EDGE_CURVE('',#1467,#1465,#648,.T.);
#1752=EDGE_CURVE('',#1468,#1466,#649,.T.);
#1753=EDGE_CURVE('',#1469,#1470,#650,.T.);
#1754=EDGE_CURVE('',#1469,#1467,#651,.T.);
#1755=EDGE_CURVE('',#1470,#1468,#652,.T.);
#1756=EDGE_CURVE('',#1471,#1472,#653,.T.);
#1757=EDGE_CURVE('',#1471,#1469,#654,.T.);
#1758=EDGE_CURVE('',#1472,#1470,#655,.T.);
#1759=EDGE_CURVE('',#1473,#1474,#656,.T.);
#1760=EDGE_CURVE('',#1471,#1473,#657,.T.);
#1761=EDGE_CURVE('',#1474,#1472,#658,.T.);
#1762=EDGE_CURVE('',#1475,#1476,#659,.T.);
#1763=EDGE_CURVE('',#1473,#1475,#660,.T.);
#1764=EDGE_CURVE('',#1476,#1474,#661,.T.);
#1765=EDGE_CURVE('',#1477,#1478,#662,.T.);
#1766=EDGE_CURVE('',#1475,#1477,#663,.T.);
#1767=EDGE_CURVE('',#1478,#1476,#664,.T.);
#1768=EDGE_CURVE('',#1479,#1480,#665,.T.);
#1769=EDGE_CURVE('',#1479,#1477,#666,.T.);
#1770=EDGE_CURVE('',#1480,#1478,#667,.T.);
#1771=EDGE_CURVE('',#1481,#1482,#668,.T.);
#1772=EDGE_CURVE('',#1479,#1481,#669,.T.);
#1773=EDGE_CURVE('',#1482,#1480,#670,.T.);
#1774=EDGE_CURVE('',#1483,#1484,#671,.T.);
#1775=EDGE_CURVE('',#1481,#1483,#672,.T.);
#1776=EDGE_CURVE('',#1484,#1482,#673,.T.);
#1777=EDGE_CURVE('',#1485,#1486,#674,.T.);
#1778=EDGE_CURVE('',#1483,#1485,#675,.T.);
#1779=EDGE_CURVE('',#1486,#1484,#676,.T.);
#1780=EDGE_CURVE('',#1487,#1488,#677,.T.);
#1781=EDGE_CURVE('',#1485,#1487,#678,.T.);
#1782=EDGE_CURVE('',#1488,#1486,#679,.T.);
#1783=EDGE_CURVE('',#1489,#1490,#680,.T.);
#1784=EDGE_CURVE('',#1487,#1489,#681,.T.);
#1785=EDGE_CURVE('',#1490,#1488,#682,.T.);
#1786=EDGE_CURVE('',#1491,#1492,#683,.T.);
#1787=EDGE_CURVE('',#1489,#1491,#684,.T.);
#1788=EDGE_CURVE('',#1492,#1490,#685,.T.);
#1789=EDGE_CURVE('',#1493,#1494,#686,.T.);
#1790=EDGE_CURVE('',#1493,#1491,#687,.T.);
#1791=EDGE_CURVE('',#1494,#1492,#688,.T.);
#1792=EDGE_CURVE('',#1495,#1496,#689,.T.);
#1793=EDGE_CURVE('',#1493,#1495,#690,.T.);
#1794=EDGE_CURVE('',#1494,#1496,#691,.T.);
#1795=EDGE_CURVE('',#1497,#1498,#692,.T.);
#1796=EDGE_CURVE('',#1497,#1495,#693,.T.);
#1797=EDGE_CURVE('',#1498,#1496,#694,.T.);
#1798=EDGE_CURVE('',#1499,#1500,#695,.T.);
#1799=EDGE_CURVE('',#1497,#1499,#696,.T.);
#1800=EDGE_CURVE('',#1500,#1498,#697,.T.);
#1801=EDGE_CURVE('',#1501,#1502,#698,.T.);
#1802=EDGE_CURVE('',#1499,#1501,#699,.T.);
#1803=EDGE_CURVE('',#1502,#1500,#700,.T.);
#1804=EDGE_CURVE('',#1503,#1504,#701,.T.);
#1805=EDGE_CURVE('',#1501,#1503,#702,.T.);
#1806=EDGE_CURVE('',#1504,#1502,#703,.T.);
#1807=EDGE_CURVE('',#1505,#1506,#704,.T.);
#1808=EDGE_CURVE('',#1503,#1505,#705,.T.);
#1809=EDGE_CURVE('',#1506,#1504,#706,.T.);
#1810=EDGE_CURVE('',#1507,#1508,#707,.T.);
#1811=EDGE_CURVE('',#1505,#1507,#708,.T.);
#1812=EDGE_CURVE('',#1508,#1506,#709,.T.);
#1813=EDGE_CURVE('',#1509,#1510,#710,.T.);
#1814=EDGE_CURVE('',#1507,#1509,#711,.T.);
#1815=EDGE_CURVE('',#1510,#1508,#712,.T.);
#1816=EDGE_CURVE('',#1511,#1512,#713,.T.);
#1817=EDGE_CURVE('',#1509,#1511,#714,.T.);
#1818=EDGE_CURVE('',#1512,#1510,#715,.T.);
#1819=EDGE_CURVE('',#1513,#1514,#716,.T.);
#1820=EDGE_CURVE('',#1511,#1513,#717,.T.);
#1821=EDGE_CURVE('',#1514,#1512,#718,.T.);
#1822=EDGE_CURVE('',#1444,#1514,#719,.T.);
#1823=EDGE_CURVE('',#1443,#1513,#720,.T.);
#1824=EDGE_CURVE('',#1515,#1516,#721,.T.);
#1825=EDGE_CURVE('',#1516,#1517,#722,.T.);
#1826=EDGE_CURVE('',#1517,#1518,#723,.T.);
#1827=EDGE_CURVE('',#1518,#1519,#724,.T.);
#1828=EDGE_CURVE('',#1519,#1520,#725,.T.);
#1829=EDGE_CURVE('',#1520,#1521,#726,.T.);
#1830=EDGE_CURVE('',#1521,#1522,#727,.T.);
#1831=EDGE_CURVE('',#1522,#1523,#728,.T.);
#1832=EDGE_CURVE('',#1523,#1524,#729,.T.);
#1833=EDGE_CURVE('',#1524,#1525,#730,.T.);
#1834=EDGE_CURVE('',#1526,#1525,#731,.T.);
#1835=EDGE_CURVE('',#1526,#1527,#732,.T.);
#1836=EDGE_CURVE('',#1527,#1528,#733,.T.);
#1837=EDGE_CURVE('',#1528,#1529,#734,.T.);
#1838=EDGE_CURVE('',#1529,#1530,#735,.T.);
#1839=EDGE_CURVE('',#1530,#1531,#736,.T.);
#1840=EDGE_CURVE('',#1531,#1532,#737,.T.);
#1841=EDGE_CURVE('',#1532,#1533,#738,.T.);
#1842=EDGE_CURVE('',#1533,#1534,#739,.T.);
#1843=EDGE_CURVE('',#1534,#1515,#740,.T.);
#1844=EDGE_CURVE('',#1535,#1536,#741,.T.);
#1845=EDGE_CURVE('',#1536,#1537,#742,.T.);
#1846=EDGE_CURVE('',#1537,#1538,#743,.T.);
#1847=EDGE_CURVE('',#1538,#1539,#744,.T.);
#1848=EDGE_CURVE('',#1539,#1540,#745,.T.);
#1849=EDGE_CURVE('',#1540,#1541,#746,.T.);
#1850=EDGE_CURVE('',#1541,#1542,#747,.T.);
#1851=EDGE_CURVE('',#1542,#1543,#748,.T.);
#1852=EDGE_CURVE('',#1543,#1544,#749,.T.);
#1853=EDGE_CURVE('',#1544,#1545,#750,.T.);
#1854=EDGE_CURVE('',#1545,#1546,#751,.T.);
#1855=EDGE_CURVE('',#1414,#1546,#752,.T.);
#1856=EDGE_CURVE('',#1413,#1547,#753,.T.);
#1857=EDGE_CURVE('',#1547,#1535,#754,.T.);
#1858=EDGE_CURVE('',#1548,#1549,#755,.T.);
#1859=EDGE_CURVE('',#1418,#1549,#756,.T.);
#1860=EDGE_CURVE('',#1420,#1548,#757,.T.);
#1861=EDGE_CURVE('',#1550,#1551,#758,.T.);
#1862=EDGE_CURVE('',#1551,#1552,#759,.T.);
#1863=EDGE_CURVE('',#1552,#1553,#760,.T.);
#1864=EDGE_CURVE('',#1553,#1554,#761,.T.);
#1865=EDGE_CURVE('',#1554,#1555,#762,.T.);
#1866=EDGE_CURVE('',#1555,#1556,#763,.T.);
#1867=EDGE_CURVE('',#1556,#1557,#764,.T.);
#1868=EDGE_CURVE('',#1557,#1558,#765,.T.);
#1869=EDGE_CURVE('',#1558,#1559,#766,.T.);
#1870=EDGE_CURVE('',#1559,#1560,#767,.T.);
#1871=EDGE_CURVE('',#1560,#1561,#768,.T.);
#1872=EDGE_CURVE('',#1561,#1562,#769,.T.);
#1873=EDGE_CURVE('',#1562,#1563,#770,.T.);
#1874=EDGE_CURVE('',#1563,#1564,#771,.T.);
#1875=EDGE_CURVE('',#1564,#1565,#772,.T.);
#1876=EDGE_CURVE('',#1565,#1440,#773,.T.);
#1877=EDGE_CURVE('',#1566,#1431,#774,.T.);
#1878=EDGE_CURVE('',#1566,#1567,#775,.T.);
#1879=EDGE_CURVE('',#1567,#1568,#776,.T.);
#1880=EDGE_CURVE('',#1568,#1550,#777,.T.);
#1881=EDGE_CURVE('',#1569,#1431,#778,.T.);
#1882=EDGE_CURVE('',#1569,#1566,#779,.T.);
#1883=EDGE_CURVE('',#1569,#1439,#780,.T.);
#1884=EDGE_CURVE('',#1569,#1570,#781,.T.);
#1885=EDGE_CURVE('',#1570,#1439,#782,.T.);
#1886=EDGE_CURVE('',#1571,#1430,#783,.T.);
#1887=EDGE_CURVE('',#1570,#1571,#784,.T.);
#1888=EDGE_CURVE('',#1572,#1565,#785,.T.);
#1889=EDGE_CURVE('',#1572,#1437,#786,.T.);
#1890=EDGE_CURVE('',#1573,#1564,#787,.T.);
#1891=EDGE_CURVE('',#1573,#1572,#788,.T.);
#1892=EDGE_CURVE('',#1574,#1563,#789,.T.);
#1893=EDGE_CURVE('',#1573,#1574,#790,.T.);
#1894=EDGE_CURVE('',#1575,#1562,#791,.T.);
#1895=EDGE_CURVE('',#1574,#1575,#792,.T.);
#1896=EDGE_CURVE('',#1576,#1561,#793,.T.);
#1897=EDGE_CURVE('',#1575,#1576,#794,.T.);
#1898=EDGE_CURVE('',#1577,#1560,#795,.T.);
#1899=EDGE_CURVE('',#1576,#1577,#796,.T.);
#1900=EDGE_CURVE('',#1578,#1559,#797,.T.);
#1901=EDGE_CURVE('',#1577,#1578,#798,.T.);
#1902=EDGE_CURVE('',#1579,#1558,#799,.T.);
#1903=EDGE_CURVE('',#1578,#1579,#800,.T.);
#1904=EDGE_CURVE('',#1580,#1557,#801,.T.);
#1905=EDGE_CURVE('',#1579,#1580,#802,.T.);
#1906=EDGE_CURVE('',#1581,#1556,#803,.T.);
#1907=EDGE_CURVE('',#1580,#1581,#804,.T.);
#1908=EDGE_CURVE('',#1582,#1555,#805,.T.);
#1909=EDGE_CURVE('',#1581,#1582,#806,.T.);
#1910=EDGE_CURVE('',#1583,#1554,#807,.T.);
#1911=EDGE_CURVE('',#1583,#1582,#808,.T.);
#1912=EDGE_CURVE('',#1584,#1553,#809,.T.);
#1913=EDGE_CURVE('',#1584,#1583,#810,.T.);
#1914=EDGE_CURVE('',#1585,#1552,#811,.T.);
#1915=EDGE_CURVE('',#1585,#1584,#812,.T.);
#1916=EDGE_CURVE('',#1586,#1551,#813,.T.);
#1917=EDGE_CURVE('',#1586,#1585,#814,.T.);
#1918=EDGE_CURVE('',#1587,#1550,#815,.T.);
#1919=EDGE_CURVE('',#1587,#1586,#816,.T.);
#1920=EDGE_CURVE('',#1588,#1568,#817,.T.);
#1921=EDGE_CURVE('',#1588,#1587,#818,.T.);
#1922=EDGE_CURVE('',#1589,#1567,#819,.T.);
#1923=EDGE_CURVE('',#1589,#1588,#820,.T.);
#1924=EDGE_CURVE('',#1589,#1569,#821,.T.);
#1925=EDGE_CURVE('',#1590,#1432,#822,.T.);
#1926=EDGE_CURVE('',#1591,#1433,#823,.T.);
#1927=EDGE_CURVE('',#1591,#1590,#824,.T.);
#1928=EDGE_CURVE('',#1590,#1571,#825,.T.);
#1929=EDGE_CURVE('',#1592,#1434,#826,.T.);
#1930=EDGE_CURVE('',#1593,#1435,#827,.T.);
#1931=EDGE_CURVE('',#1593,#1592,#828,.T.);
#1932=EDGE_CURVE('',#1592,#1591,#829,.T.);
#1933=EDGE_CURVE('',#1594,#1436,#830,.T.);
#1934=EDGE_CURVE('',#1594,#1437,#831,.T.);
#1935=EDGE_CURVE('',#1595,#1436,#832,.T.);
#1936=EDGE_CURVE('',#1594,#1595,#833,.T.);
#1937=EDGE_CURVE('',#1595,#1593,#834,.T.);
#1938=EDGE_CURVE('',#1572,#1594,#835,.T.);
#1939=EDGE_CURVE('',#1596,#1424,#836,.T.);
#1940=EDGE_CURVE('',#1596,#1597,#837,.T.);
#1941=EDGE_CURVE('',#1597,#1598,#838,.T.);
#1942=EDGE_CURVE('',#1598,#1599,#839,.T.);
#1943=EDGE_CURVE('',#1599,#1600,#840,.T.);
#1944=EDGE_CURVE('',#1600,#1601,#841,.T.);
#1945=EDGE_CURVE('',#1601,#1602,#842,.T.);
#1946=EDGE_CURVE('',#1602,#1603,#843,.T.);
#1947=EDGE_CURVE('',#1603,#1427,#844,.T.);
#1948=EDGE_CURVE('',#1429,#1425,#845,.T.);
#1949=EDGE_CURVE('',#1604,#1426,#846,.T.);
#1950=EDGE_CURVE('',#1604,#1605,#847,.T.);
#1951=EDGE_CURVE('',#1605,#1428,#848,.T.);
#1952=EDGE_CURVE('',#1606,#1427,#849,.T.);
#1953=EDGE_CURVE('',#1606,#1603,#850,.T.);
#1954=EDGE_CURVE('',#1606,#1426,#851,.T.);
#1955=EDGE_CURVE('',#1604,#1606,#852,.T.);
#1956=EDGE_CURVE('',#1607,#1602,#853,.T.);
#1957=EDGE_CURVE('',#1606,#1607,#854,.T.);
#1958=EDGE_CURVE('',#1608,#1601,#855,.T.);
#1959=EDGE_CURVE('',#1607,#1608,#856,.T.);
#1960=EDGE_CURVE('',#1609,#1600,#857,.T.);
#1961=EDGE_CURVE('',#1608,#1609,#858,.T.);
#1962=EDGE_CURVE('',#1610,#1599,#859,.T.);
#1963=EDGE_CURVE('',#1609,#1610,#860,.T.);
#1964=EDGE_CURVE('',#1611,#1598,#861,.T.);
#1965=EDGE_CURVE('',#1610,#1611,#862,.T.);
#1966=EDGE_CURVE('',#1612,#1597,#863,.T.);
#1967=EDGE_CURVE('',#1611,#1612,#864,.T.);
#1968=EDGE_CURVE('',#1613,#1596,#865,.T.);
#1969=EDGE_CURVE('',#1612,#1613,#866,.T.);
#1970=EDGE_CURVE('',#1614,#1414,#867,.T.);
#1971=EDGE_CURVE('',#1614,#1415,#868,.T.);
#1972=EDGE_CURVE('',#1614,#1546,#869,.T.);
#1973=EDGE_CURVE('',#1614,#1545,#870,.T.);
#1974=EDGE_CURVE('',#1615,#1545,#871,.T.);
#1975=EDGE_CURVE('',#1614,#1615,#872,.T.);
#1976=EDGE_CURVE('',#1616,#1545,#873,.T.);
#1977=EDGE_CURVE('',#1615,#1616,#874,.T.);
#1978=EDGE_CURVE('',#1616,#1544,#875,.T.);
#1979=EDGE_CURVE('',#1617,#1544,#876,.T.);
#1980=EDGE_CURVE('',#1617,#1616,#877,.T.);
#1981=EDGE_CURVE('',#1617,#1543,#878,.T.);
#1982=EDGE_CURVE('',#1618,#1543,#879,.T.);
#1983=EDGE_CURVE('',#1617,#1618,#880,.T.);
#1984=EDGE_CURVE('',#1618,#1619,#881,.T.);
#1985=EDGE_CURVE('',#1619,#1543,#882,.T.);
#1986=EDGE_CURVE('',#1619,#1542,#883,.T.);
#1987=EDGE_CURVE('',#1620,#1541,#884,.T.);
#1988=EDGE_CURVE('',#1619,#1620,#885,.T.);
#1989=EDGE_CURVE('',#1621,#1540,#886,.T.);
#1990=EDGE_CURVE('',#1620,#1621,#887,.T.);
#1991=EDGE_CURVE('',#1622,#1539,#888,.T.);
#1992=EDGE_CURVE('',#1621,#1622,#889,.T.);
#1993=EDGE_CURVE('',#1623,#1538,#890,.T.);
#1994=EDGE_CURVE('',#1622,#1623,#891,.T.);
#1995=EDGE_CURVE('',#1624,#1537,#892,.T.);
#1996=EDGE_CURVE('',#1623,#1624,#893,.T.);
#1997=EDGE_CURVE('',#1624,#1536,#894,.T.);
#1998=EDGE_CURVE('',#1625,#1536,#895,.T.);
#1999=EDGE_CURVE('',#1624,#1625,#896,.T.);
#2000=EDGE_CURVE('',#1626,#1535,#897,.T.);
#2001=EDGE_CURVE('',#1625,#1626,#898,.T.);
#2002=EDGE_CURVE('',#1627,#1549,#899,.T.);
#2003=EDGE_CURVE('',#1627,#1417,#900,.T.);
#2004=EDGE_CURVE('',#1628,#1548,#901,.T.);
#2005=EDGE_CURVE('',#1628,#1627,#902,.T.);
#2006=EDGE_CURVE('',#1629,#1630,#903,.T.);
#2007=EDGE_CURVE('',#1631,#1629,#904,.T.);
#2008=EDGE_CURVE('',#1632,#1631,#905,.T.);
#2009=EDGE_CURVE('',#1633,#1632,#906,.T.);
#2010=EDGE_CURVE('',#1634,#1633,#907,.T.);
#2011=EDGE_CURVE('',#1635,#1634,#908,.T.);
#2012=EDGE_CURVE('',#1636,#1635,#909,.T.);
#2013=EDGE_CURVE('',#1637,#1636,#910,.T.);
#2014=EDGE_CURVE('',#1638,#1637,#911,.T.);
#2015=EDGE_CURVE('',#1639,#1638,#912,.T.);
#2016=EDGE_CURVE('',#1640,#1639,#913,.T.);
#2017=EDGE_CURVE('',#1640,#1641,#914,.T.);
#2018=EDGE_CURVE('',#1642,#1641,#915,.T.);
#2019=EDGE_CURVE('',#1643,#1642,#916,.T.);
#2020=EDGE_CURVE('',#1644,#1643,#917,.T.);
#2021=EDGE_CURVE('',#1645,#1644,#918,.T.);
#2022=EDGE_CURVE('',#1646,#1645,#919,.T.);
#2023=EDGE_CURVE('',#1647,#1646,#920,.T.);
#2024=EDGE_CURVE('',#1648,#1647,#921,.T.);
#2025=EDGE_CURVE('',#1649,#1648,#922,.T.);
#2026=EDGE_CURVE('',#1650,#1649,#923,.T.);
#2027=EDGE_CURVE('',#1651,#1650,#924,.T.);
#2028=EDGE_CURVE('',#1630,#1651,#925,.T.);
#2029=EDGE_CURVE('',#1628,#1419,#926,.T.);
#2030=EDGE_CURVE('',#1423,#1547,#927,.T.);
#2031=EDGE_CURVE('',#1605,#1626,#928,.T.);
#2032=EDGE_CURVE('',#1416,#1613,#929,.T.);
#2033=EDGE_CURVE('',#1641,#1524,#930,.T.);
#2034=EDGE_CURVE('',#1641,#1525,#931,.T.);
#2035=EDGE_CURVE('',#1640,#1525,#932,.T.);
#2036=EDGE_CURVE('',#1523,#1641,#933,.T.);
#2037=EDGE_CURVE('',#1642,#1523,#934,.T.);
#2038=EDGE_CURVE('',#1522,#1642,#935,.T.);
#2039=EDGE_CURVE('',#1643,#1522,#936,.T.);
#2040=EDGE_CURVE('',#1521,#1643,#937,.T.);
#2041=EDGE_CURVE('',#1644,#1521,#938,.T.);
#2042=EDGE_CURVE('',#1520,#1644,#939,.T.);
#2043=EDGE_CURVE('',#1520,#1645,#940,.T.);
#2044=EDGE_CURVE('',#1646,#1520,#941,.T.);
#2045=EDGE_CURVE('',#1519,#1646,#942,.T.);
#2046=EDGE_CURVE('',#1518,#1646,#943,.T.);
#2047=EDGE_CURVE('',#1518,#1647,#944,.T.);
#2048=EDGE_CURVE('',#1648,#1518,#945,.T.);
#2049=EDGE_CURVE('',#1517,#1648,#946,.T.);
#2050=EDGE_CURVE('',#1649,#1517,#947,.T.);
#2051=EDGE_CURVE('',#1516,#1649,#948,.T.);
#2052=EDGE_CURVE('',#1650,#1516,#949,.T.);
#2053=EDGE_CURVE('',#1515,#1650,#950,.T.);
#2054=EDGE_CURVE('',#1515,#1651,#951,.T.);
#2055=EDGE_CURVE('',#1630,#1515,#952,.T.);
#2056=EDGE_CURVE('',#1534,#1630,#953,.T.);
#2057=EDGE_CURVE('',#1629,#1534,#954,.T.);
#2058=EDGE_CURVE('',#1533,#1629,#955,.T.);
#2059=EDGE_CURVE('',#1631,#1533,#956,.T.);
#2060=EDGE_CURVE('',#1532,#1631,#957,.T.);
#2061=EDGE_CURVE('',#1632,#1532,#958,.T.);
#2062=EDGE_CURVE('',#1531,#1632,#959,.T.);
#2063=EDGE_CURVE('',#1531,#1633,#960,.T.);
#2064=EDGE_CURVE('',#1634,#1531,#961,.T.);
#2065=EDGE_CURVE('',#1530,#1634,#962,.T.);
#2066=EDGE_CURVE('',#1529,#1634,#963,.T.);
#2067=EDGE_CURVE('',#1635,#1529,#964,.T.);
#2068=EDGE_CURVE('',#1528,#1635,#965,.T.);
#2069=EDGE_CURVE('',#1527,#1635,#966,.T.);
#2070=EDGE_CURVE('',#1527,#1636,#967,.T.);
#2071=EDGE_CURVE('',#1637,#1527,#968,.T.);
#2072=EDGE_CURVE('',#1526,#1637,#969,.T.);
#2073=EDGE_CURVE('',#1638,#1526,#970,.T.);
#2074=EDGE_CURVE('',#1638,#1525,#971,.T.);
#2075=EDGE_CURVE('',#1639,#1525,#972,.T.);
#2076=ORIENTED_EDGE('',*,*,#1652,.F.);
#2077=ORIENTED_EDGE('',*,*,#1653,.T.);
#2078=ORIENTED_EDGE('',*,*,#1654,.F.);
#2079=ORIENTED_EDGE('',*,*,#1653,.F.);
#2080=ORIENTED_EDGE('',*,*,#1655,.F.);
#2081=ORIENTED_EDGE('',*,*,#1656,.T.);
#2082=ORIENTED_EDGE('',*,*,#1657,.F.);
#2083=ORIENTED_EDGE('',*,*,#1656,.F.);
#2084=ORIENTED_EDGE('',*,*,#1658,.T.);
#2085=ORIENTED_EDGE('',*,*,#1659,.T.);
#2086=ORIENTED_EDGE('',*,*,#1660,.T.);
#2087=ORIENTED_EDGE('',*,*,#1661,.T.);
#2088=ORIENTED_EDGE('',*,*,#1662,.F.);
#2089=ORIENTED_EDGE('',*,*,#1663,.T.);
#2090=ORIENTED_EDGE('',*,*,#1664,.F.);
#2091=ORIENTED_EDGE('',*,*,#1665,.F.);
#2092=ORIENTED_EDGE('',*,*,#1666,.F.);
#2093=ORIENTED_EDGE('',*,*,#1667,.T.);
#2094=ORIENTED_EDGE('',*,*,#1668,.F.);
#2095=ORIENTED_EDGE('',*,*,#1663,.F.);
#2096=ORIENTED_EDGE('',*,*,#1657,.T.);
#2097=ORIENTED_EDGE('',*,*,#1668,.T.);
#2098=ORIENTED_EDGE('',*,*,#1669,.T.);
#2099=ORIENTED_EDGE('',*,*,#1670,.T.);
#2100=ORIENTED_EDGE('',*,*,#1664,.T.);
#2101=ORIENTED_EDGE('',*,*,#1666,.T.);
#2102=ORIENTED_EDGE('',*,*,#1662,.T.);
#2103=ORIENTED_EDGE('',*,*,#1671,.F.);
#2104=ORIENTED_EDGE('',*,*,#1672,.F.);
#2105=ORIENTED_EDGE('',*,*,#1673,.T.);
#2106=ORIENTED_EDGE('',*,*,#1674,.F.);
#2107=ORIENTED_EDGE('',*,*,#1675,.F.);
#2108=ORIENTED_EDGE('',*,*,#1676,.T.);
#2109=ORIENTED_EDGE('',*,*,#1677,.F.);
#2110=ORIENTED_EDGE('',*,*,#1678,.F.);
#2111=ORIENTED_EDGE('',*,*,#1679,.T.);
#2112=ORIENTED_EDGE('',*,*,#1680,.T.);
#2113=ORIENTED_EDGE('',*,*,#1671,.T.);
#2114=ORIENTED_EDGE('',*,*,#1665,.T.);
#2115=ORIENTED_EDGE('',*,*,#1670,.F.);
#2116=ORIENTED_EDGE('',*,*,#1681,.F.);
#2117=ORIENTED_EDGE('',*,*,#1661,.F.);
#2118=ORIENTED_EDGE('',*,*,#1682,.F.);
#2119=ORIENTED_EDGE('',*,*,#1652,.T.);
#2120=ORIENTED_EDGE('',*,*,#1655,.T.);
#2121=ORIENTED_EDGE('',*,*,#1683,.T.);
#2122=ORIENTED_EDGE('',*,*,#1684,.F.);
#2123=ORIENTED_EDGE('',*,*,#1685,.T.);
#2124=ORIENTED_EDGE('',*,*,#1659,.F.);
#2125=ORIENTED_EDGE('',*,*,#1686,.F.);
#2126=ORIENTED_EDGE('',*,*,#1654,.T.);
#2127=ORIENTED_EDGE('',*,*,#1687,.T.);
#2128=ORIENTED_EDGE('',*,*,#1688,.T.);
#2129=ORIENTED_EDGE('',*,*,#1683,.F.);
#2130=ORIENTED_EDGE('',*,*,#1689,.F.);
#2131=ORIENTED_EDGE('',*,*,#1690,.F.);
#2132=ORIENTED_EDGE('',*,*,#1691,.F.);
#2133=ORIENTED_EDGE('',*,*,#1692,.F.);
#2134=ORIENTED_EDGE('',*,*,#1693,.T.);
#2135=ORIENTED_EDGE('',*,*,#1694,.T.);
#2136=ORIENTED_EDGE('',*,*,#1695,.F.);
#2137=ORIENTED_EDGE('',*,*,#1696,.F.);
#2138=ORIENTED_EDGE('',*,*,#1697,.T.);
#2139=ORIENTED_EDGE('',*,*,#1695,.T.);
#2140=ORIENTED_EDGE('',*,*,#1698,.F.);
#2141=ORIENTED_EDGE('',*,*,#1699,.F.);
#2142=ORIENTED_EDGE('',*,*,#1698,.T.);
#2143=ORIENTED_EDGE('',*,*,#1700,.F.);
#2144=ORIENTED_EDGE('',*,*,#1701,.T.);
#2145=ORIENTED_EDGE('',*,*,#1700,.T.);
#2146=ORIENTED_EDGE('',*,*,#1702,.F.);
#2147=ORIENTED_EDGE('',*,*,#1703,.F.);
#2148=ORIENTED_EDGE('',*,*,#1702,.T.);
#2149=ORIENTED_EDGE('',*,*,#1704,.F.);
#2150=ORIENTED_EDGE('',*,*,#1705,.T.);
#2151=ORIENTED_EDGE('',*,*,#1704,.T.);
#2152=ORIENTED_EDGE('',*,*,#1706,.F.);
#2153=ORIENTED_EDGE('',*,*,#1707,.F.);
#2154=ORIENTED_EDGE('',*,*,#1706,.T.);
#2155=ORIENTED_EDGE('',*,*,#1708,.T.);
#2156=ORIENTED_EDGE('',*,*,#1709,.T.);
#2157=ORIENTED_EDGE('',*,*,#1710,.T.);
#2158=ORIENTED_EDGE('',*,*,#1694,.F.);
#2159=ORIENTED_EDGE('',*,*,#1711,.F.);
#2160=ORIENTED_EDGE('',*,*,#1712,.F.);
#2161=ORIENTED_EDGE('',*,*,#1707,.T.);
#2162=ORIENTED_EDGE('',*,*,#1713,.F.);
#2163=ORIENTED_EDGE('',*,*,#1714,.F.);
#2164=ORIENTED_EDGE('',*,*,#1715,.T.);
#2165=ORIENTED_EDGE('',*,*,#1716,.F.);
#2166=ORIENTED_EDGE('',*,*,#1717,.F.);
#2167=ORIENTED_EDGE('',*,*,#1718,.F.);
#2168=ORIENTED_EDGE('',*,*,#1713,.T.);
#2169=ORIENTED_EDGE('',*,*,#1719,.F.);
#2170=ORIENTED_EDGE('',*,*,#1720,.F.);
#2171=ORIENTED_EDGE('',*,*,#1721,.F.);
#2172=ORIENTED_EDGE('',*,*,#1717,.T.);
#2173=ORIENTED_EDGE('',*,*,#1722,.F.);
#2174=ORIENTED_EDGE('',*,*,#1723,.F.);
#2175=ORIENTED_EDGE('',*,*,#1724,.F.);
#2176=ORIENTED_EDGE('',*,*,#1720,.T.);
#2177=ORIENTED_EDGE('',*,*,#1725,.F.);
#2178=ORIENTED_EDGE('',*,*,#1726,.F.);
#2179=ORIENTED_EDGE('',*,*,#1727,.F.);
#2180=ORIENTED_EDGE('',*,*,#1723,.T.);
#2181=ORIENTED_EDGE('',*,*,#1728,.F.);
#2182=ORIENTED_EDGE('',*,*,#1729,.F.);
#2183=ORIENTED_EDGE('',*,*,#1730,.F.);
#2184=ORIENTED_EDGE('',*,*,#1726,.T.);
#2185=ORIENTED_EDGE('',*,*,#1731,.F.);
#2186=ORIENTED_EDGE('',*,*,#1732,.F.);
#2187=ORIENTED_EDGE('',*,*,#1733,.F.);
#2188=ORIENTED_EDGE('',*,*,#1729,.T.);
#2189=ORIENTED_EDGE('',*,*,#1734,.F.);
#2190=ORIENTED_EDGE('',*,*,#1735,.F.);
#2191=ORIENTED_EDGE('',*,*,#1736,.T.);
#2192=ORIENTED_EDGE('',*,*,#1732,.T.);
#2193=ORIENTED_EDGE('',*,*,#1737,.F.);
#2194=ORIENTED_EDGE('',*,*,#1738,.F.);
#2195=ORIENTED_EDGE('',*,*,#1739,.T.);
#2196=ORIENTED_EDGE('',*,*,#1735,.T.);
#2197=ORIENTED_EDGE('',*,*,#1740,.F.);
#2198=ORIENTED_EDGE('',*,*,#1741,.F.);
#2199=ORIENTED_EDGE('',*,*,#1742,.T.);
#2200=ORIENTED_EDGE('',*,*,#1738,.T.);
#2201=ORIENTED_EDGE('',*,*,#1743,.F.);
#2202=ORIENTED_EDGE('',*,*,#1744,.F.);
#2203=ORIENTED_EDGE('',*,*,#1745,.F.);
#2204=ORIENTED_EDGE('',*,*,#1741,.T.);
#2205=ORIENTED_EDGE('',*,*,#1746,.F.);
#2206=ORIENTED_EDGE('',*,*,#1747,.F.);
#2207=ORIENTED_EDGE('',*,*,#1748,.F.);
#2208=ORIENTED_EDGE('',*,*,#1744,.T.);
#2209=ORIENTED_EDGE('',*,*,#1749,.F.);
#2210=ORIENTED_EDGE('',*,*,#1750,.F.);
#2211=ORIENTED_EDGE('',*,*,#1751,.T.);
#2212=ORIENTED_EDGE('',*,*,#1747,.T.);
#2213=ORIENTED_EDGE('',*,*,#1752,.F.);
#2214=ORIENTED_EDGE('',*,*,#1753,.F.);
#2215=ORIENTED_EDGE('',*,*,#1754,.T.);
#2216=ORIENTED_EDGE('',*,*,#1750,.T.);
#2217=ORIENTED_EDGE('',*,*,#1755,.F.);
#2218=ORIENTED_EDGE('',*,*,#1756,.F.);
#2219=ORIENTED_EDGE('',*,*,#1757,.T.);
#2220=ORIENTED_EDGE('',*,*,#1753,.T.);
#2221=ORIENTED_EDGE('',*,*,#1758,.F.);
#2222=ORIENTED_EDGE('',*,*,#1759,.F.);
#2223=ORIENTED_EDGE('',*,*,#1760,.F.);
#2224=ORIENTED_EDGE('',*,*,#1756,.T.);
#2225=ORIENTED_EDGE('',*,*,#1761,.F.);
#2226=ORIENTED_EDGE('',*,*,#1762,.F.);
#2227=ORIENTED_EDGE('',*,*,#1763,.F.);
#2228=ORIENTED_EDGE('',*,*,#1759,.T.);
#2229=ORIENTED_EDGE('',*,*,#1764,.F.);
#2230=ORIENTED_EDGE('',*,*,#1765,.F.);
#2231=ORIENTED_EDGE('',*,*,#1766,.F.);
#2232=ORIENTED_EDGE('',*,*,#1762,.T.);
#2233=ORIENTED_EDGE('',*,*,#1767,.F.);
#2234=ORIENTED_EDGE('',*,*,#1768,.F.);
#2235=ORIENTED_EDGE('',*,*,#1769,.T.);
#2236=ORIENTED_EDGE('',*,*,#1765,.T.);
#2237=ORIENTED_EDGE('',*,*,#1770,.F.);
#2238=ORIENTED_EDGE('',*,*,#1771,.F.);
#2239=ORIENTED_EDGE('',*,*,#1772,.F.);
#2240=ORIENTED_EDGE('',*,*,#1768,.T.);
#2241=ORIENTED_EDGE('',*,*,#1773,.F.);
#2242=ORIENTED_EDGE('',*,*,#1774,.F.);
#2243=ORIENTED_EDGE('',*,*,#1775,.F.);
#2244=ORIENTED_EDGE('',*,*,#1771,.T.);
#2245=ORIENTED_EDGE('',*,*,#1776,.F.);
#2246=ORIENTED_EDGE('',*,*,#1777,.F.);
#2247=ORIENTED_EDGE('',*,*,#1778,.F.);
#2248=ORIENTED_EDGE('',*,*,#1774,.T.);
#2249=ORIENTED_EDGE('',*,*,#1779,.F.);
#2250=ORIENTED_EDGE('',*,*,#1780,.F.);
#2251=ORIENTED_EDGE('',*,*,#1781,.F.);
#2252=ORIENTED_EDGE('',*,*,#1777,.T.);
#2253=ORIENTED_EDGE('',*,*,#1782,.F.);
#2254=ORIENTED_EDGE('',*,*,#1783,.F.);
#2255=ORIENTED_EDGE('',*,*,#1784,.F.);
#2256=ORIENTED_EDGE('',*,*,#1780,.T.);
#2257=ORIENTED_EDGE('',*,*,#1785,.F.);
#2258=ORIENTED_EDGE('',*,*,#1786,.F.);
#2259=ORIENTED_EDGE('',*,*,#1787,.F.);
#2260=ORIENTED_EDGE('',*,*,#1783,.T.);
#2261=ORIENTED_EDGE('',*,*,#1788,.F.);
#2262=ORIENTED_EDGE('',*,*,#1789,.F.);
#2263=ORIENTED_EDGE('',*,*,#1790,.T.);
#2264=ORIENTED_EDGE('',*,*,#1786,.T.);
#2265=ORIENTED_EDGE('',*,*,#1791,.F.);
#2266=ORIENTED_EDGE('',*,*,#1792,.F.);
#2267=ORIENTED_EDGE('',*,*,#1793,.F.);
#2268=ORIENTED_EDGE('',*,*,#1789,.T.);
#2269=ORIENTED_EDGE('',*,*,#1794,.T.);
#2270=ORIENTED_EDGE('',*,*,#1795,.F.);
#2271=ORIENTED_EDGE('',*,*,#1796,.T.);
#2272=ORIENTED_EDGE('',*,*,#1792,.T.);
#2273=ORIENTED_EDGE('',*,*,#1797,.F.);
#2274=ORIENTED_EDGE('',*,*,#1798,.F.);
#2275=ORIENTED_EDGE('',*,*,#1799,.F.);
#2276=ORIENTED_EDGE('',*,*,#1795,.T.);
#2277=ORIENTED_EDGE('',*,*,#1800,.F.);
#2278=ORIENTED_EDGE('',*,*,#1801,.F.);
#2279=ORIENTED_EDGE('',*,*,#1802,.F.);
#2280=ORIENTED_EDGE('',*,*,#1798,.T.);
#2281=ORIENTED_EDGE('',*,*,#1803,.F.);
#2282=ORIENTED_EDGE('',*,*,#1804,.F.);
#2283=ORIENTED_EDGE('',*,*,#1805,.F.);
#2284=ORIENTED_EDGE('',*,*,#1801,.T.);
#2285=ORIENTED_EDGE('',*,*,#1806,.F.);
#2286=ORIENTED_EDGE('',*,*,#1807,.F.);
#2287=ORIENTED_EDGE('',*,*,#1808,.F.);
#2288=ORIENTED_EDGE('',*,*,#1804,.T.);
#2289=ORIENTED_EDGE('',*,*,#1809,.F.);
#2290=ORIENTED_EDGE('',*,*,#1810,.F.);
#2291=ORIENTED_EDGE('',*,*,#1811,.F.);
#2292=ORIENTED_EDGE('',*,*,#1807,.T.);
#2293=ORIENTED_EDGE('',*,*,#1812,.F.);
#2294=ORIENTED_EDGE('',*,*,#1813,.F.);
#2295=ORIENTED_EDGE('',*,*,#1814,.F.);
#2296=ORIENTED_EDGE('',*,*,#1810,.T.);
#2297=ORIENTED_EDGE('',*,*,#1815,.F.);
#2298=ORIENTED_EDGE('',*,*,#1816,.F.);
#2299=ORIENTED_EDGE('',*,*,#1817,.F.);
#2300=ORIENTED_EDGE('',*,*,#1813,.T.);
#2301=ORIENTED_EDGE('',*,*,#1818,.F.);
#2302=ORIENTED_EDGE('',*,*,#1819,.F.);
#2303=ORIENTED_EDGE('',*,*,#1820,.F.);
#2304=ORIENTED_EDGE('',*,*,#1816,.T.);
#2305=ORIENTED_EDGE('',*,*,#1821,.F.);
#2306=ORIENTED_EDGE('',*,*,#1819,.T.);
#2307=ORIENTED_EDGE('',*,*,#1822,.F.);
#2308=ORIENTED_EDGE('',*,*,#1715,.F.);
#2309=ORIENTED_EDGE('',*,*,#1823,.T.);
#2310=ORIENTED_EDGE('',*,*,#1788,.T.);
#2311=ORIENTED_EDGE('',*,*,#1785,.T.);
#2312=ORIENTED_EDGE('',*,*,#1782,.T.);
#2313=ORIENTED_EDGE('',*,*,#1779,.T.);
#2314=ORIENTED_EDGE('',*,*,#1776,.T.);
#2315=ORIENTED_EDGE('',*,*,#1773,.T.);
#2316=ORIENTED_EDGE('',*,*,#1770,.T.);
#2317=ORIENTED_EDGE('',*,*,#1767,.T.);
#2318=ORIENTED_EDGE('',*,*,#1764,.T.);
#2319=ORIENTED_EDGE('',*,*,#1761,.T.);
#2320=ORIENTED_EDGE('',*,*,#1758,.T.);
#2321=ORIENTED_EDGE('',*,*,#1755,.T.);
#2322=ORIENTED_EDGE('',*,*,#1752,.T.);
#2323=ORIENTED_EDGE('',*,*,#1749,.T.);
#2324=ORIENTED_EDGE('',*,*,#1746,.T.);
#2325=ORIENTED_EDGE('',*,*,#1743,.T.);
#2326=ORIENTED_EDGE('',*,*,#1740,.T.);
#2327=ORIENTED_EDGE('',*,*,#1737,.T.);
#2328=ORIENTED_EDGE('',*,*,#1734,.T.);
#2329=ORIENTED_EDGE('',*,*,#1731,.T.);
#2330=ORIENTED_EDGE('',*,*,#1728,.T.);
#2331=ORIENTED_EDGE('',*,*,#1725,.T.);
#2332=ORIENTED_EDGE('',*,*,#1722,.T.);
#2333=ORIENTED_EDGE('',*,*,#1719,.T.);
#2334=ORIENTED_EDGE('',*,*,#1716,.T.);
#2335=ORIENTED_EDGE('',*,*,#1822,.T.);
#2336=ORIENTED_EDGE('',*,*,#1821,.T.);
#2337=ORIENTED_EDGE('',*,*,#1818,.T.);
#2338=ORIENTED_EDGE('',*,*,#1815,.T.);
#2339=ORIENTED_EDGE('',*,*,#1812,.T.);
#2340=ORIENTED_EDGE('',*,*,#1809,.T.);
#2341=ORIENTED_EDGE('',*,*,#1806,.T.);
#2342=ORIENTED_EDGE('',*,*,#1803,.T.);
#2343=ORIENTED_EDGE('',*,*,#1800,.T.);
#2344=ORIENTED_EDGE('',*,*,#1797,.T.);
#2345=ORIENTED_EDGE('',*,*,#1794,.F.);
#2346=ORIENTED_EDGE('',*,*,#1791,.T.);
#2347=ORIENTED_EDGE('',*,*,#1824,.T.);
#2348=ORIENTED_EDGE('',*,*,#1825,.T.);
#2349=ORIENTED_EDGE('',*,*,#1826,.T.);
#2350=ORIENTED_EDGE('',*,*,#1827,.T.);
#2351=ORIENTED_EDGE('',*,*,#1828,.T.);
#2352=ORIENTED_EDGE('',*,*,#1829,.T.);
#2353=ORIENTED_EDGE('',*,*,#1830,.T.);
#2354=ORIENTED_EDGE('',*,*,#1831,.T.);
#2355=ORIENTED_EDGE('',*,*,#1832,.T.);
#2356=ORIENTED_EDGE('',*,*,#1833,.T.);
#2357=ORIENTED_EDGE('',*,*,#1834,.F.);
#2358=ORIENTED_EDGE('',*,*,#1835,.T.);
#2359=ORIENTED_EDGE('',*,*,#1836,.T.);
#2360=ORIENTED_EDGE('',*,*,#1837,.T.);
#2361=ORIENTED_EDGE('',*,*,#1838,.T.);
#2362=ORIENTED_EDGE('',*,*,#1839,.T.);
#2363=ORIENTED_EDGE('',*,*,#1840,.T.);
#2364=ORIENTED_EDGE('',*,*,#1841,.T.);
#2365=ORIENTED_EDGE('',*,*,#1842,.T.);
#2366=ORIENTED_EDGE('',*,*,#1843,.T.);
#2367=ORIENTED_EDGE('',*,*,#1844,.T.);
#2368=ORIENTED_EDGE('',*,*,#1845,.T.);
#2369=ORIENTED_EDGE('',*,*,#1846,.T.);
#2370=ORIENTED_EDGE('',*,*,#1847,.T.);
#2371=ORIENTED_EDGE('',*,*,#1848,.T.);
#2372=ORIENTED_EDGE('',*,*,#1849,.T.);
#2373=ORIENTED_EDGE('',*,*,#1850,.T.);
#2374=ORIENTED_EDGE('',*,*,#1851,.T.);
#2375=ORIENTED_EDGE('',*,*,#1852,.T.);
#2376=ORIENTED_EDGE('',*,*,#1853,.T.);
#2377=ORIENTED_EDGE('',*,*,#1854,.T.);
#2378=ORIENTED_EDGE('',*,*,#1855,.F.);
#2379=ORIENTED_EDGE('',*,*,#1673,.F.);
#2380=ORIENTED_EDGE('',*,*,#1856,.T.);
#2381=ORIENTED_EDGE('',*,*,#1857,.T.);
#2382=ORIENTED_EDGE('',*,*,#1858,.T.);
#2383=ORIENTED_EDGE('',*,*,#1859,.F.);
#2384=ORIENTED_EDGE('',*,*,#1680,.F.);
#2385=ORIENTED_EDGE('',*,*,#1860,.T.);
#2386=ORIENTED_EDGE('',*,*,#1861,.T.);
#2387=ORIENTED_EDGE('',*,*,#1862,.T.);
#2388=ORIENTED_EDGE('',*,*,#1863,.T.);
#2389=ORIENTED_EDGE('',*,*,#1864,.T.);
#2390=ORIENTED_EDGE('',*,*,#1865,.T.);
#2391=ORIENTED_EDGE('',*,*,#1866,.T.);
#2392=ORIENTED_EDGE('',*,*,#1867,.T.);
#2393=ORIENTED_EDGE('',*,*,#1868,.T.);
#2394=ORIENTED_EDGE('',*,*,#1869,.T.);
#2395=ORIENTED_EDGE('',*,*,#1870,.T.);
#2396=ORIENTED_EDGE('',*,*,#1871,.T.);
#2397=ORIENTED_EDGE('',*,*,#1872,.T.);
#2398=ORIENTED_EDGE('',*,*,#1873,.T.);
#2399=ORIENTED_EDGE('',*,*,#1874,.T.);
#2400=ORIENTED_EDGE('',*,*,#1875,.T.);
#2401=ORIENTED_EDGE('',*,*,#1876,.T.);
#2402=ORIENTED_EDGE('',*,*,#1711,.T.);
#2403=ORIENTED_EDGE('',*,*,#1708,.F.);
#2404=ORIENTED_EDGE('',*,*,#1877,.F.);
#2405=ORIENTED_EDGE('',*,*,#1878,.T.);
#2406=ORIENTED_EDGE('',*,*,#1879,.T.);
#2407=ORIENTED_EDGE('',*,*,#1880,.T.);
#2408=ORIENTED_EDGE('',*,*,#1881,.F.);
#2409=ORIENTED_EDGE('',*,*,#1882,.T.);
#2410=ORIENTED_EDGE('',*,*,#1877,.T.);
#2411=ORIENTED_EDGE('',*,*,#1710,.F.);
#2412=ORIENTED_EDGE('',*,*,#1883,.F.);
#2413=ORIENTED_EDGE('',*,*,#1881,.T.);
#2414=ORIENTED_EDGE('',*,*,#1884,.F.);
#2415=ORIENTED_EDGE('',*,*,#1883,.T.);
#2416=ORIENTED_EDGE('',*,*,#1885,.F.);
#2417=ORIENTED_EDGE('',*,*,#1886,.F.);
#2418=ORIENTED_EDGE('',*,*,#1887,.F.);
#2419=ORIENTED_EDGE('',*,*,#1885,.T.);
#2420=ORIENTED_EDGE('',*,*,#1709,.F.);
#2421=ORIENTED_EDGE('',*,*,#1888,.F.);
#2422=ORIENTED_EDGE('',*,*,#1889,.T.);
#2423=ORIENTED_EDGE('',*,*,#1712,.T.);
#2424=ORIENTED_EDGE('',*,*,#1876,.F.);
#2425=ORIENTED_EDGE('',*,*,#1890,.F.);
#2426=ORIENTED_EDGE('',*,*,#1891,.T.);
#2427=ORIENTED_EDGE('',*,*,#1888,.T.);
#2428=ORIENTED_EDGE('',*,*,#1875,.F.);
#2429=ORIENTED_EDGE('',*,*,#1892,.F.);
#2430=ORIENTED_EDGE('',*,*,#1893,.F.);
#2431=ORIENTED_EDGE('',*,*,#1890,.T.);
#2432=ORIENTED_EDGE('',*,*,#1874,.F.);
#2433=ORIENTED_EDGE('',*,*,#1894,.F.);
#2434=ORIENTED_EDGE('',*,*,#1895,.F.);
#2435=ORIENTED_EDGE('',*,*,#1892,.T.);
#2436=ORIENTED_EDGE('',*,*,#1873,.F.);
#2437=ORIENTED_EDGE('',*,*,#1896,.F.);
#2438=ORIENTED_EDGE('',*,*,#1897,.F.);
#2439=ORIENTED_EDGE('',*,*,#1894,.T.);
#2440=ORIENTED_EDGE('',*,*,#1872,.F.);
#2441=ORIENTED_EDGE('',*,*,#1898,.F.);
#2442=ORIENTED_EDGE('',*,*,#1899,.F.);
#2443=ORIENTED_EDGE('',*,*,#1896,.T.);
#2444=ORIENTED_EDGE('',*,*,#1871,.F.);
#2445=ORIENTED_EDGE('',*,*,#1900,.F.);
#2446=ORIENTED_EDGE('',*,*,#1901,.F.);
#2447=ORIENTED_EDGE('',*,*,#1898,.T.);
#2448=ORIENTED_EDGE('',*,*,#1870,.F.);
#2449=ORIENTED_EDGE('',*,*,#1902,.F.);
#2450=ORIENTED_EDGE('',*,*,#1903,.F.);
#2451=ORIENTED_EDGE('',*,*,#1900,.T.);
#2452=ORIENTED_EDGE('',*,*,#1869,.F.);
#2453=ORIENTED_EDGE('',*,*,#1904,.F.);
#2454=ORIENTED_EDGE('',*,*,#1905,.F.);
#2455=ORIENTED_EDGE('',*,*,#1902,.T.);
#2456=ORIENTED_EDGE('',*,*,#1868,.F.);
#2457=ORIENTED_EDGE('',*,*,#1906,.F.);
#2458=ORIENTED_EDGE('',*,*,#1907,.F.);
#2459=ORIENTED_EDGE('',*,*,#1904,.T.);
#2460=ORIENTED_EDGE('',*,*,#1867,.F.);
#2461=ORIENTED_EDGE('',*,*,#1908,.F.);
#2462=ORIENTED_EDGE('',*,*,#1909,.F.);
#2463=ORIENTED_EDGE('',*,*,#1906,.T.);
#2464=ORIENTED_EDGE('',*,*,#1866,.F.);
#2465=ORIENTED_EDGE('',*,*,#1910,.F.);
#2466=ORIENTED_EDGE('',*,*,#1911,.T.);
#2467=ORIENTED_EDGE('',*,*,#1908,.T.);
#2468=ORIENTED_EDGE('',*,*,#1865,.F.);
#2469=ORIENTED_EDGE('',*,*,#1912,.F.);
#2470=ORIENTED_EDGE('',*,*,#1913,.T.);
#2471=ORIENTED_EDGE('',*,*,#1910,.T.);
#2472=ORIENTED_EDGE('',*,*,#1864,.F.);
#2473=ORIENTED_EDGE('',*,*,#1914,.F.);
#2474=ORIENTED_EDGE('',*,*,#1915,.T.);
#2475=ORIENTED_EDGE('',*,*,#1912,.T.);
#2476=ORIENTED_EDGE('',*,*,#1863,.F.);
#2477=ORIENTED_EDGE('',*,*,#1916,.F.);
#2478=ORIENTED_EDGE('',*,*,#1917,.T.);
#2479=ORIENTED_EDGE('',*,*,#1914,.T.);
#2480=ORIENTED_EDGE('',*,*,#1862,.F.);
#2481=ORIENTED_EDGE('',*,*,#1918,.F.);
#2482=ORIENTED_EDGE('',*,*,#1919,.T.);
#2483=ORIENTED_EDGE('',*,*,#1916,.T.);
#2484=ORIENTED_EDGE('',*,*,#1861,.F.);
#2485=ORIENTED_EDGE('',*,*,#1920,.F.);
#2486=ORIENTED_EDGE('',*,*,#1921,.T.);
#2487=ORIENTED_EDGE('',*,*,#1918,.T.);
#2488=ORIENTED_EDGE('',*,*,#1880,.F.);
#2489=ORIENTED_EDGE('',*,*,#1922,.F.);
#2490=ORIENTED_EDGE('',*,*,#1923,.T.);
#2491=ORIENTED_EDGE('',*,*,#1920,.T.);
#2492=ORIENTED_EDGE('',*,*,#1879,.F.);
#2493=ORIENTED_EDGE('',*,*,#1882,.F.);
#2494=ORIENTED_EDGE('',*,*,#1924,.F.);
#2495=ORIENTED_EDGE('',*,*,#1922,.T.);
#2496=ORIENTED_EDGE('',*,*,#1878,.F.);
#2497=ORIENTED_EDGE('',*,*,#1925,.T.);
#2498=ORIENTED_EDGE('',*,*,#1697,.F.);
#2499=ORIENTED_EDGE('',*,*,#1926,.F.);
#2500=ORIENTED_EDGE('',*,*,#1927,.T.);
#2501=ORIENTED_EDGE('',*,*,#1928,.T.);
#2502=ORIENTED_EDGE('',*,*,#1886,.T.);
#2503=ORIENTED_EDGE('',*,*,#1696,.T.);
#2504=ORIENTED_EDGE('',*,*,#1925,.F.);
#2505=ORIENTED_EDGE('',*,*,#1929,.T.);
#2506=ORIENTED_EDGE('',*,*,#1701,.F.);
#2507=ORIENTED_EDGE('',*,*,#1930,.F.);
#2508=ORIENTED_EDGE('',*,*,#1931,.T.);
#2509=ORIENTED_EDGE('',*,*,#1932,.T.);
#2510=ORIENTED_EDGE('',*,*,#1926,.T.);
#2511=ORIENTED_EDGE('',*,*,#1699,.T.);
#2512=ORIENTED_EDGE('',*,*,#1929,.F.);
#2513=ORIENTED_EDGE('',*,*,#1933,.T.);
#2514=ORIENTED_EDGE('',*,*,#1705,.F.);
#2515=ORIENTED_EDGE('',*,*,#1934,.F.);
#2516=ORIENTED_EDGE('',*,*,#1935,.T.);
#2517=ORIENTED_EDGE('',*,*,#1933,.F.);
#2518=ORIENTED_EDGE('',*,*,#1936,.T.);
#2519=ORIENTED_EDGE('',*,*,#1937,.T.);
#2520=ORIENTED_EDGE('',*,*,#1930,.T.);
#2521=ORIENTED_EDGE('',*,*,#1703,.T.);
#2522=ORIENTED_EDGE('',*,*,#1935,.F.);
#2523=ORIENTED_EDGE('',*,*,#1934,.T.);
#2524=ORIENTED_EDGE('',*,*,#1889,.F.);
#2525=ORIENTED_EDGE('',*,*,#1938,.T.);
#2526=ORIENTED_EDGE('',*,*,#1939,.F.);
#2527=ORIENTED_EDGE('',*,*,#1940,.T.);
#2528=ORIENTED_EDGE('',*,*,#1941,.T.);
#2529=ORIENTED_EDGE('',*,*,#1942,.T.);
#2530=ORIENTED_EDGE('',*,*,#1943,.T.);
#2531=ORIENTED_EDGE('',*,*,#1944,.T.);
#2532=ORIENTED_EDGE('',*,*,#1945,.T.);
#2533=ORIENTED_EDGE('',*,*,#1946,.T.);
#2534=ORIENTED_EDGE('',*,*,#1947,.T.);
#2535=ORIENTED_EDGE('',*,*,#1693,.F.);
#2536=ORIENTED_EDGE('',*,*,#1948,.T.);
#2537=ORIENTED_EDGE('',*,*,#1687,.F.);
#2538=ORIENTED_EDGE('',*,*,#1949,.F.);
#2539=ORIENTED_EDGE('',*,*,#1950,.T.);
#2540=ORIENTED_EDGE('',*,*,#1951,.T.);
#2541=ORIENTED_EDGE('',*,*,#1691,.T.);
#2542=ORIENTED_EDGE('',*,*,#1952,.T.);
#2543=ORIENTED_EDGE('',*,*,#1947,.F.);
#2544=ORIENTED_EDGE('',*,*,#1953,.F.);
#2545=ORIENTED_EDGE('',*,*,#1954,.T.);
#2546=ORIENTED_EDGE('',*,*,#1690,.T.);
#2547=ORIENTED_EDGE('',*,*,#1952,.F.);
#2548=ORIENTED_EDGE('',*,*,#1949,.T.);
#2549=ORIENTED_EDGE('',*,*,#1954,.F.);
#2550=ORIENTED_EDGE('',*,*,#1955,.F.);
#2551=ORIENTED_EDGE('',*,*,#1956,.F.);
#2552=ORIENTED_EDGE('',*,*,#1957,.F.);
#2553=ORIENTED_EDGE('',*,*,#1953,.T.);
#2554=ORIENTED_EDGE('',*,*,#1946,.F.);
#2555=ORIENTED_EDGE('',*,*,#1958,.F.);
#2556=ORIENTED_EDGE('',*,*,#1959,.F.);
#2557=ORIENTED_EDGE('',*,*,#1956,.T.);
#2558=ORIENTED_EDGE('',*,*,#1945,.F.);
#2559=ORIENTED_EDGE('',*,*,#1960,.F.);
#2560=ORIENTED_EDGE('',*,*,#1961,.F.);
#2561=ORIENTED_EDGE('',*,*,#1958,.T.);
#2562=ORIENTED_EDGE('',*,*,#1944,.F.);
#2563=ORIENTED_EDGE('',*,*,#1962,.F.);
#2564=ORIENTED_EDGE('',*,*,#1963,.F.);
#2565=ORIENTED_EDGE('',*,*,#1960,.T.);
#2566=ORIENTED_EDGE('',*,*,#1943,.F.);
#2567=ORIENTED_EDGE('',*,*,#1964,.F.);
#2568=ORIENTED_EDGE('',*,*,#1965,.F.);
#2569=ORIENTED_EDGE('',*,*,#1962,.T.);
#2570=ORIENTED_EDGE('',*,*,#1942,.F.);
#2571=ORIENTED_EDGE('',*,*,#1966,.F.);
#2572=ORIENTED_EDGE('',*,*,#1967,.F.);
#2573=ORIENTED_EDGE('',*,*,#1964,.T.);
#2574=ORIENTED_EDGE('',*,*,#1941,.F.);
#2575=ORIENTED_EDGE('',*,*,#1968,.F.);
#2576=ORIENTED_EDGE('',*,*,#1969,.F.);
#2577=ORIENTED_EDGE('',*,*,#1966,.T.);
#2578=ORIENTED_EDGE('',*,*,#1940,.F.);
#2579=ORIENTED_EDGE('',*,*,#1970,.F.);
#2580=ORIENTED_EDGE('',*,*,#1971,.T.);
#2581=ORIENTED_EDGE('',*,*,#1674,.T.);
#2582=ORIENTED_EDGE('',*,*,#1972,.F.);
#2583=ORIENTED_EDGE('',*,*,#1970,.T.);
#2584=ORIENTED_EDGE('',*,*,#1855,.T.);
#2585=ORIENTED_EDGE('',*,*,#1973,.F.);
#2586=ORIENTED_EDGE('',*,*,#1972,.T.);
#2587=ORIENTED_EDGE('',*,*,#1854,.F.);
#2588=ORIENTED_EDGE('',*,*,#1974,.F.);
#2589=ORIENTED_EDGE('',*,*,#1975,.F.);
#2590=ORIENTED_EDGE('',*,*,#1973,.T.);
#2591=ORIENTED_EDGE('',*,*,#1976,.F.);
#2592=ORIENTED_EDGE('',*,*,#1977,.F.);
#2593=ORIENTED_EDGE('',*,*,#1974,.T.);
#2594=ORIENTED_EDGE('',*,*,#1978,.F.);
#2595=ORIENTED_EDGE('',*,*,#1976,.T.);
#2596=ORIENTED_EDGE('',*,*,#1853,.F.);
#2597=ORIENTED_EDGE('',*,*,#1979,.F.);
#2598=ORIENTED_EDGE('',*,*,#1980,.T.);
#2599=ORIENTED_EDGE('',*,*,#1978,.T.);
#2600=ORIENTED_EDGE('',*,*,#1981,.F.);
#2601=ORIENTED_EDGE('',*,*,#1979,.T.);
#2602=ORIENTED_EDGE('',*,*,#1852,.F.);
#2603=ORIENTED_EDGE('',*,*,#1982,.F.);
#2604=ORIENTED_EDGE('',*,*,#1983,.F.);
#2605=ORIENTED_EDGE('',*,*,#1981,.T.);
#2606=ORIENTED_EDGE('',*,*,#1984,.F.);
#2607=ORIENTED_EDGE('',*,*,#1982,.T.);
#2608=ORIENTED_EDGE('',*,*,#1985,.F.);
#2609=ORIENTED_EDGE('',*,*,#1986,.F.);
#2610=ORIENTED_EDGE('',*,*,#1985,.T.);
#2611=ORIENTED_EDGE('',*,*,#1851,.F.);
#2612=ORIENTED_EDGE('',*,*,#1987,.F.);
#2613=ORIENTED_EDGE('',*,*,#1988,.F.);
#2614=ORIENTED_EDGE('',*,*,#1986,.T.);
#2615=ORIENTED_EDGE('',*,*,#1850,.F.);
#2616=ORIENTED_EDGE('',*,*,#1989,.F.);
#2617=ORIENTED_EDGE('',*,*,#1990,.F.);
#2618=ORIENTED_EDGE('',*,*,#1987,.T.);
#2619=ORIENTED_EDGE('',*,*,#1849,.F.);
#2620=ORIENTED_EDGE('',*,*,#1991,.F.);
#2621=ORIENTED_EDGE('',*,*,#1992,.F.);
#2622=ORIENTED_EDGE('',*,*,#1989,.T.);
#2623=ORIENTED_EDGE('',*,*,#1848,.F.);
#2624=ORIENTED_EDGE('',*,*,#1993,.F.);
#2625=ORIENTED_EDGE('',*,*,#1994,.F.);
#2626=ORIENTED_EDGE('',*,*,#1991,.T.);
#2627=ORIENTED_EDGE('',*,*,#1847,.F.);
#2628=ORIENTED_EDGE('',*,*,#1995,.F.);
#2629=ORIENTED_EDGE('',*,*,#1996,.F.);
#2630=ORIENTED_EDGE('',*,*,#1993,.T.);
#2631=ORIENTED_EDGE('',*,*,#1846,.F.);
#2632=ORIENTED_EDGE('',*,*,#1997,.F.);
#2633=ORIENTED_EDGE('',*,*,#1995,.T.);
#2634=ORIENTED_EDGE('',*,*,#1845,.F.);
#2635=ORIENTED_EDGE('',*,*,#1998,.F.);
#2636=ORIENTED_EDGE('',*,*,#1999,.F.);
#2637=ORIENTED_EDGE('',*,*,#1997,.T.);
#2638=ORIENTED_EDGE('',*,*,#1844,.F.);
#2639=ORIENTED_EDGE('',*,*,#2000,.F.);
#2640=ORIENTED_EDGE('',*,*,#2001,.F.);
#2641=ORIENTED_EDGE('',*,*,#1998,.T.);
#2642=ORIENTED_EDGE('',*,*,#2002,.F.);
#2643=ORIENTED_EDGE('',*,*,#2003,.T.);
#2644=ORIENTED_EDGE('',*,*,#1677,.T.);
#2645=ORIENTED_EDGE('',*,*,#1859,.T.);
#2646=ORIENTED_EDGE('',*,*,#2004,.F.);
#2647=ORIENTED_EDGE('',*,*,#2005,.T.);
#2648=ORIENTED_EDGE('',*,*,#2002,.T.);
#2649=ORIENTED_EDGE('',*,*,#1858,.F.);
#2650=ORIENTED_EDGE('',*,*,#2006,.F.);
#2651=ORIENTED_EDGE('',*,*,#2007,.F.);
#2652=ORIENTED_EDGE('',*,*,#2008,.F.);
#2653=ORIENTED_EDGE('',*,*,#2009,.F.);
#2654=ORIENTED_EDGE('',*,*,#2010,.F.);
#2655=ORIENTED_EDGE('',*,*,#2011,.F.);
#2656=ORIENTED_EDGE('',*,*,#2012,.F.);
#2657=ORIENTED_EDGE('',*,*,#2013,.F.);
#2658=ORIENTED_EDGE('',*,*,#2014,.F.);
#2659=ORIENTED_EDGE('',*,*,#2015,.F.);
#2660=ORIENTED_EDGE('',*,*,#2016,.F.);
#2661=ORIENTED_EDGE('',*,*,#2017,.T.);
#2662=ORIENTED_EDGE('',*,*,#2018,.F.);
#2663=ORIENTED_EDGE('',*,*,#2019,.F.);
#2664=ORIENTED_EDGE('',*,*,#2020,.F.);
#2665=ORIENTED_EDGE('',*,*,#2021,.F.);
#2666=ORIENTED_EDGE('',*,*,#2022,.F.);
#2667=ORIENTED_EDGE('',*,*,#2023,.F.);
#2668=ORIENTED_EDGE('',*,*,#2024,.F.);
#2669=ORIENTED_EDGE('',*,*,#2025,.F.);
#2670=ORIENTED_EDGE('',*,*,#2026,.F.);
#2671=ORIENTED_EDGE('',*,*,#2027,.F.);
#2672=ORIENTED_EDGE('',*,*,#2028,.F.);
#2673=ORIENTED_EDGE('',*,*,#1679,.F.);
#2674=ORIENTED_EDGE('',*,*,#2029,.F.);
#2675=ORIENTED_EDGE('',*,*,#2004,.T.);
#2676=ORIENTED_EDGE('',*,*,#1860,.F.);
#2677=ORIENTED_EDGE('',*,*,#1672,.T.);
#2678=ORIENTED_EDGE('',*,*,#1682,.T.);
#2679=ORIENTED_EDGE('',*,*,#1660,.F.);
#2680=ORIENTED_EDGE('',*,*,#1685,.F.);
#2681=ORIENTED_EDGE('',*,*,#2030,.T.);
#2682=ORIENTED_EDGE('',*,*,#1856,.F.);
#2683=ORIENTED_EDGE('',*,*,#1684,.T.);
#2684=ORIENTED_EDGE('',*,*,#1688,.F.);
#2685=ORIENTED_EDGE('',*,*,#1948,.F.);
#2686=ORIENTED_EDGE('',*,*,#1692,.T.);
#2687=ORIENTED_EDGE('',*,*,#1951,.F.);
#2688=ORIENTED_EDGE('',*,*,#2031,.T.);
#2689=ORIENTED_EDGE('',*,*,#2000,.T.);
#2690=ORIENTED_EDGE('',*,*,#1857,.F.);
#2691=ORIENTED_EDGE('',*,*,#2030,.F.);
#2692=ORIENTED_EDGE('',*,*,#1757,.F.);
#2693=ORIENTED_EDGE('',*,*,#1760,.T.);
#2694=ORIENTED_EDGE('',*,*,#1763,.T.);
#2695=ORIENTED_EDGE('',*,*,#1766,.T.);
#2696=ORIENTED_EDGE('',*,*,#1769,.F.);
#2697=ORIENTED_EDGE('',*,*,#1772,.T.);
#2698=ORIENTED_EDGE('',*,*,#1775,.T.);
#2699=ORIENTED_EDGE('',*,*,#1778,.T.);
#2700=ORIENTED_EDGE('',*,*,#1781,.T.);
#2701=ORIENTED_EDGE('',*,*,#1784,.T.);
#2702=ORIENTED_EDGE('',*,*,#1787,.T.);
#2703=ORIENTED_EDGE('',*,*,#1790,.F.);
#2704=ORIENTED_EDGE('',*,*,#1793,.T.);
#2705=ORIENTED_EDGE('',*,*,#1796,.F.);
#2706=ORIENTED_EDGE('',*,*,#1799,.T.);
#2707=ORIENTED_EDGE('',*,*,#1802,.T.);
#2708=ORIENTED_EDGE('',*,*,#1805,.T.);
#2709=ORIENTED_EDGE('',*,*,#1808,.T.);
#2710=ORIENTED_EDGE('',*,*,#1811,.T.);
#2711=ORIENTED_EDGE('',*,*,#1814,.T.);
#2712=ORIENTED_EDGE('',*,*,#1817,.T.);
#2713=ORIENTED_EDGE('',*,*,#1820,.T.);
#2714=ORIENTED_EDGE('',*,*,#1823,.F.);
#2715=ORIENTED_EDGE('',*,*,#1714,.T.);
#2716=ORIENTED_EDGE('',*,*,#1718,.T.);
#2717=ORIENTED_EDGE('',*,*,#1721,.T.);
#2718=ORIENTED_EDGE('',*,*,#1724,.T.);
#2719=ORIENTED_EDGE('',*,*,#1727,.T.);
#2720=ORIENTED_EDGE('',*,*,#1730,.T.);
#2721=ORIENTED_EDGE('',*,*,#1733,.T.);
#2722=ORIENTED_EDGE('',*,*,#1736,.F.);
#2723=ORIENTED_EDGE('',*,*,#1739,.F.);
#2724=ORIENTED_EDGE('',*,*,#1742,.F.);
#2725=ORIENTED_EDGE('',*,*,#1745,.T.);
#2726=ORIENTED_EDGE('',*,*,#1748,.T.);
#2727=ORIENTED_EDGE('',*,*,#1751,.F.);
#2728=ORIENTED_EDGE('',*,*,#1754,.F.);
#2729=ORIENTED_EDGE('',*,*,#1939,.T.);
#2730=ORIENTED_EDGE('',*,*,#1689,.T.);
#2731=ORIENTED_EDGE('',*,*,#1686,.T.);
#2732=ORIENTED_EDGE('',*,*,#1658,.F.);
#2733=ORIENTED_EDGE('',*,*,#1681,.T.);
#2734=ORIENTED_EDGE('',*,*,#1669,.F.);
#2735=ORIENTED_EDGE('',*,*,#1667,.F.);
#2736=ORIENTED_EDGE('',*,*,#1676,.F.);
#2737=ORIENTED_EDGE('',*,*,#2032,.T.);
#2738=ORIENTED_EDGE('',*,*,#1968,.T.);
#2739=ORIENTED_EDGE('',*,*,#2029,.T.);
#2740=ORIENTED_EDGE('',*,*,#1678,.T.);
#2741=ORIENTED_EDGE('',*,*,#2003,.F.);
#2742=ORIENTED_EDGE('',*,*,#2005,.F.);
#2743=ORIENTED_EDGE('',*,*,#1957,.T.);
#2744=ORIENTED_EDGE('',*,*,#1959,.T.);
#2745=ORIENTED_EDGE('',*,*,#1961,.T.);
#2746=ORIENTED_EDGE('',*,*,#1963,.T.);
#2747=ORIENTED_EDGE('',*,*,#1965,.T.);
#2748=ORIENTED_EDGE('',*,*,#1967,.T.);
#2749=ORIENTED_EDGE('',*,*,#1969,.T.);
#2750=ORIENTED_EDGE('',*,*,#2032,.F.);
#2751=ORIENTED_EDGE('',*,*,#1675,.T.);
#2752=ORIENTED_EDGE('',*,*,#1971,.F.);
#2753=ORIENTED_EDGE('',*,*,#1975,.T.);
#2754=ORIENTED_EDGE('',*,*,#1977,.T.);
#2755=ORIENTED_EDGE('',*,*,#1980,.F.);
#2756=ORIENTED_EDGE('',*,*,#1983,.T.);
#2757=ORIENTED_EDGE('',*,*,#1984,.T.);
#2758=ORIENTED_EDGE('',*,*,#1988,.T.);
#2759=ORIENTED_EDGE('',*,*,#1990,.T.);
#2760=ORIENTED_EDGE('',*,*,#1992,.T.);
#2761=ORIENTED_EDGE('',*,*,#1994,.T.);
#2762=ORIENTED_EDGE('',*,*,#1996,.T.);
#2763=ORIENTED_EDGE('',*,*,#1999,.T.);
#2764=ORIENTED_EDGE('',*,*,#2001,.T.);
#2765=ORIENTED_EDGE('',*,*,#2031,.F.);
#2766=ORIENTED_EDGE('',*,*,#1950,.F.);
#2767=ORIENTED_EDGE('',*,*,#1955,.T.);
#2768=ORIENTED_EDGE('',*,*,#1887,.T.);
#2769=ORIENTED_EDGE('',*,*,#1928,.F.);
#2770=ORIENTED_EDGE('',*,*,#1927,.F.);
#2771=ORIENTED_EDGE('',*,*,#1932,.F.);
#2772=ORIENTED_EDGE('',*,*,#1931,.F.);
#2773=ORIENTED_EDGE('',*,*,#1937,.F.);
#2774=ORIENTED_EDGE('',*,*,#1936,.F.);
#2775=ORIENTED_EDGE('',*,*,#1938,.F.);
#2776=ORIENTED_EDGE('',*,*,#1891,.F.);
#2777=ORIENTED_EDGE('',*,*,#1893,.T.);
#2778=ORIENTED_EDGE('',*,*,#1895,.T.);
#2779=ORIENTED_EDGE('',*,*,#1897,.T.);
#2780=ORIENTED_EDGE('',*,*,#1899,.T.);
#2781=ORIENTED_EDGE('',*,*,#1901,.T.);
#2782=ORIENTED_EDGE('',*,*,#1903,.T.);
#2783=ORIENTED_EDGE('',*,*,#1905,.T.);
#2784=ORIENTED_EDGE('',*,*,#1907,.T.);
#2785=ORIENTED_EDGE('',*,*,#1909,.T.);
#2786=ORIENTED_EDGE('',*,*,#1911,.F.);
#2787=ORIENTED_EDGE('',*,*,#1913,.F.);
#2788=ORIENTED_EDGE('',*,*,#1915,.F.);
#2789=ORIENTED_EDGE('',*,*,#1917,.F.);
#2790=ORIENTED_EDGE('',*,*,#1919,.F.);
#2791=ORIENTED_EDGE('',*,*,#1921,.F.);
#2792=ORIENTED_EDGE('',*,*,#1923,.F.);
#2793=ORIENTED_EDGE('',*,*,#1924,.T.);
#2794=ORIENTED_EDGE('',*,*,#1884,.T.);
#2795=ORIENTED_EDGE('',*,*,#2033,.F.);
#2796=ORIENTED_EDGE('',*,*,#2034,.T.);
#2797=ORIENTED_EDGE('',*,*,#1833,.F.);
#2798=ORIENTED_EDGE('',*,*,#2035,.T.);
#2799=ORIENTED_EDGE('',*,*,#2034,.F.);
#2800=ORIENTED_EDGE('',*,*,#2017,.F.);
#2801=ORIENTED_EDGE('',*,*,#2036,.T.);
#2802=ORIENTED_EDGE('',*,*,#2033,.T.);
#2803=ORIENTED_EDGE('',*,*,#1832,.F.);
#2804=ORIENTED_EDGE('',*,*,#2037,.F.);
#2805=ORIENTED_EDGE('',*,*,#2018,.T.);
#2806=ORIENTED_EDGE('',*,*,#2036,.F.);
#2807=ORIENTED_EDGE('',*,*,#2038,.T.);
#2808=ORIENTED_EDGE('',*,*,#2037,.T.);
#2809=ORIENTED_EDGE('',*,*,#1831,.F.);
#2810=ORIENTED_EDGE('',*,*,#2039,.F.);
#2811=ORIENTED_EDGE('',*,*,#2019,.T.);
#2812=ORIENTED_EDGE('',*,*,#2038,.F.);
#2813=ORIENTED_EDGE('',*,*,#2040,.T.);
#2814=ORIENTED_EDGE('',*,*,#2039,.T.);
#2815=ORIENTED_EDGE('',*,*,#1830,.F.);
#2816=ORIENTED_EDGE('',*,*,#2041,.F.);
#2817=ORIENTED_EDGE('',*,*,#2020,.T.);
#2818=ORIENTED_EDGE('',*,*,#2040,.F.);
#2819=ORIENTED_EDGE('',*,*,#2042,.T.);
#2820=ORIENTED_EDGE('',*,*,#2041,.T.);
#2821=ORIENTED_EDGE('',*,*,#1829,.F.);
#2822=ORIENTED_EDGE('',*,*,#2043,.T.);
#2823=ORIENTED_EDGE('',*,*,#2021,.T.);
#2824=ORIENTED_EDGE('',*,*,#2042,.F.);
#2825=ORIENTED_EDGE('',*,*,#2044,.F.);
#2826=ORIENTED_EDGE('',*,*,#2022,.T.);
#2827=ORIENTED_EDGE('',*,*,#2043,.F.);
#2828=ORIENTED_EDGE('',*,*,#2045,.T.);
#2829=ORIENTED_EDGE('',*,*,#2044,.T.);
#2830=ORIENTED_EDGE('',*,*,#1828,.F.);
#2831=ORIENTED_EDGE('',*,*,#2046,.T.);
#2832=ORIENTED_EDGE('',*,*,#2045,.F.);
#2833=ORIENTED_EDGE('',*,*,#1827,.F.);
#2834=ORIENTED_EDGE('',*,*,#2047,.T.);
#2835=ORIENTED_EDGE('',*,*,#2023,.T.);
#2836=ORIENTED_EDGE('',*,*,#2046,.F.);
#2837=ORIENTED_EDGE('',*,*,#2048,.F.);
#2838=ORIENTED_EDGE('',*,*,#2024,.T.);
#2839=ORIENTED_EDGE('',*,*,#2047,.F.);
#2840=ORIENTED_EDGE('',*,*,#2049,.T.);
#2841=ORIENTED_EDGE('',*,*,#2048,.T.);
#2842=ORIENTED_EDGE('',*,*,#1826,.F.);
#2843=ORIENTED_EDGE('',*,*,#2050,.F.);
#2844=ORIENTED_EDGE('',*,*,#2025,.T.);
#2845=ORIENTED_EDGE('',*,*,#2049,.F.);
#2846=ORIENTED_EDGE('',*,*,#2051,.T.);
#2847=ORIENTED_EDGE('',*,*,#2050,.T.);
#2848=ORIENTED_EDGE('',*,*,#1825,.F.);
#2849=ORIENTED_EDGE('',*,*,#2052,.F.);
#2850=ORIENTED_EDGE('',*,*,#2026,.T.);
#2851=ORIENTED_EDGE('',*,*,#2051,.F.);
#2852=ORIENTED_EDGE('',*,*,#2053,.T.);
#2853=ORIENTED_EDGE('',*,*,#2052,.T.);
#2854=ORIENTED_EDGE('',*,*,#1824,.F.);
#2855=ORIENTED_EDGE('',*,*,#2054,.T.);
#2856=ORIENTED_EDGE('',*,*,#2027,.T.);
#2857=ORIENTED_EDGE('',*,*,#2053,.F.);
#2858=ORIENTED_EDGE('',*,*,#2055,.F.);
#2859=ORIENTED_EDGE('',*,*,#2028,.T.);
#2860=ORIENTED_EDGE('',*,*,#2054,.F.);
#2861=ORIENTED_EDGE('',*,*,#2056,.T.);
#2862=ORIENTED_EDGE('',*,*,#2055,.T.);
#2863=ORIENTED_EDGE('',*,*,#1843,.F.);
#2864=ORIENTED_EDGE('',*,*,#2057,.F.);
#2865=ORIENTED_EDGE('',*,*,#2006,.T.);
#2866=ORIENTED_EDGE('',*,*,#2056,.F.);
#2867=ORIENTED_EDGE('',*,*,#2058,.T.);
#2868=ORIENTED_EDGE('',*,*,#2057,.T.);
#2869=ORIENTED_EDGE('',*,*,#1842,.F.);
#2870=ORIENTED_EDGE('',*,*,#2059,.F.);
#2871=ORIENTED_EDGE('',*,*,#2007,.T.);
#2872=ORIENTED_EDGE('',*,*,#2058,.F.);
#2873=ORIENTED_EDGE('',*,*,#2060,.T.);
#2874=ORIENTED_EDGE('',*,*,#2059,.T.);
#2875=ORIENTED_EDGE('',*,*,#1841,.F.);
#2876=ORIENTED_EDGE('',*,*,#2061,.F.);
#2877=ORIENTED_EDGE('',*,*,#2008,.T.);
#2878=ORIENTED_EDGE('',*,*,#2060,.F.);
#2879=ORIENTED_EDGE('',*,*,#2062,.T.);
#2880=ORIENTED_EDGE('',*,*,#2061,.T.);
#2881=ORIENTED_EDGE('',*,*,#1840,.F.);
#2882=ORIENTED_EDGE('',*,*,#2063,.T.);
#2883=ORIENTED_EDGE('',*,*,#2009,.T.);
#2884=ORIENTED_EDGE('',*,*,#2062,.F.);
#2885=ORIENTED_EDGE('',*,*,#2064,.F.);
#2886=ORIENTED_EDGE('',*,*,#2010,.T.);
#2887=ORIENTED_EDGE('',*,*,#2063,.F.);
#2888=ORIENTED_EDGE('',*,*,#2065,.T.);
#2889=ORIENTED_EDGE('',*,*,#2064,.T.);
#2890=ORIENTED_EDGE('',*,*,#1839,.F.);
#2891=ORIENTED_EDGE('',*,*,#2066,.T.);
#2892=ORIENTED_EDGE('',*,*,#2065,.F.);
#2893=ORIENTED_EDGE('',*,*,#1838,.F.);
#2894=ORIENTED_EDGE('',*,*,#2067,.F.);
#2895=ORIENTED_EDGE('',*,*,#2011,.T.);
#2896=ORIENTED_EDGE('',*,*,#2066,.F.);
#2897=ORIENTED_EDGE('',*,*,#2068,.T.);
#2898=ORIENTED_EDGE('',*,*,#2067,.T.);
#2899=ORIENTED_EDGE('',*,*,#1837,.F.);
#2900=ORIENTED_EDGE('',*,*,#2069,.T.);
#2901=ORIENTED_EDGE('',*,*,#2068,.F.);
#2902=ORIENTED_EDGE('',*,*,#1836,.F.);
#2903=ORIENTED_EDGE('',*,*,#2070,.T.);
#2904=ORIENTED_EDGE('',*,*,#2012,.T.);
#2905=ORIENTED_EDGE('',*,*,#2069,.F.);
#2906=ORIENTED_EDGE('',*,*,#2071,.F.);
#2907=ORIENTED_EDGE('',*,*,#2013,.T.);
#2908=ORIENTED_EDGE('',*,*,#2070,.F.);
#2909=ORIENTED_EDGE('',*,*,#2072,.T.);
#2910=ORIENTED_EDGE('',*,*,#2071,.T.);
#2911=ORIENTED_EDGE('',*,*,#1835,.F.);
#2912=ORIENTED_EDGE('',*,*,#2073,.F.);
#2913=ORIENTED_EDGE('',*,*,#2014,.T.);
#2914=ORIENTED_EDGE('',*,*,#2072,.F.);
#2915=ORIENTED_EDGE('',*,*,#2074,.F.);
#2916=ORIENTED_EDGE('',*,*,#2073,.T.);
#2917=ORIENTED_EDGE('',*,*,#1834,.T.);
#2918=ORIENTED_EDGE('',*,*,#2075,.F.);
#2919=ORIENTED_EDGE('',*,*,#2015,.T.);
#2920=ORIENTED_EDGE('',*,*,#2074,.T.);
#2921=ORIENTED_EDGE('',*,*,#2035,.F.);
#2922=ORIENTED_EDGE('',*,*,#2016,.T.);
#2923=ORIENTED_EDGE('',*,*,#2075,.T.);
#2924=CYLINDRICAL_SURFACE('',#3114,2.15);
#2925=CYLINDRICAL_SURFACE('',#3117,2.15);
#2926=ADVANCED_FACE('',(#196),#2924,.F.);
#2927=ADVANCED_FACE('',(#197),#2925,.F.);
#2928=ADVANCED_FACE('',(#198),#24,.T.);
#2929=ADVANCED_FACE('',(#199),#25,.T.);
#2930=ADVANCED_FACE('',(#200,#15),#26,.T.);
#2931=ADVANCED_FACE('',(#201),#27,.T.);
#2932=ADVANCED_FACE('',(#202,#16),#28,.T.);
#2933=ADVANCED_FACE('',(#203,#17,#18),#29,.T.);
#2934=ADVANCED_FACE('',(#204,#19),#30,.F.);
#2935=ADVANCED_FACE('',(#205),#31,.T.);
#2936=ADVANCED_FACE('',(#206),#32,.T.);
#2937=ADVANCED_FACE('',(#207),#33,.T.);
#2938=ADVANCED_FACE('',(#208),#34,.T.);
#2939=ADVANCED_FACE('',(#209),#35,.T.);
#2940=ADVANCED_FACE('',(#210),#36,.T.);
#2941=ADVANCED_FACE('',(#211),#37,.T.);
#2942=ADVANCED_FACE('',(#212),#38,.T.);
#2943=ADVANCED_FACE('',(#213),#39,.T.);
#2944=ADVANCED_FACE('',(#214),#40,.T.);
#2945=ADVANCED_FACE('',(#215),#41,.T.);
#2946=ADVANCED_FACE('',(#216),#42,.T.);
#2947=ADVANCED_FACE('',(#217),#43,.T.);
#2948=ADVANCED_FACE('',(#218),#44,.T.);
#2949=ADVANCED_FACE('',(#219),#45,.T.);
#2950=ADVANCED_FACE('',(#220),#46,.T.);
#2951=ADVANCED_FACE('',(#221),#47,.T.);
#2952=ADVANCED_FACE('',(#222),#48,.T.);
#2953=ADVANCED_FACE('',(#223),#49,.T.);
#2954=ADVANCED_FACE('',(#224),#50,.T.);
#2955=ADVANCED_FACE('',(#225),#51,.T.);
#2956=ADVANCED_FACE('',(#226),#52,.T.);
#2957=ADVANCED_FACE('',(#227),#53,.T.);
#2958=ADVANCED_FACE('',(#228),#54,.T.);
#2959=ADVANCED_FACE('',(#229),#55,.T.);
#2960=ADVANCED_FACE('',(#230),#56,.T.);
#2961=ADVANCED_FACE('',(#231),#57,.T.);
#2962=ADVANCED_FACE('',(#232),#58,.T.);
#2963=ADVANCED_FACE('',(#233),#59,.T.);
#2964=ADVANCED_FACE('',(#234),#60,.T.);
#2965=ADVANCED_FACE('',(#235),#61,.T.);
#2966=ADVANCED_FACE('',(#236),#62,.T.);
#2967=ADVANCED_FACE('',(#237),#63,.T.);
#2968=ADVANCED_FACE('',(#238),#64,.T.);
#2969=ADVANCED_FACE('',(#239),#65,.T.);
#2970=ADVANCED_FACE('',(#240),#66,.T.);
#2971=ADVANCED_FACE('',(#241),#67,.T.);
#2972=ADVANCED_FACE('',(#242),#68,.T.);
#2973=ADVANCED_FACE('',(#243),#69,.T.);
#2974=ADVANCED_FACE('',(#244),#70,.T.);
#2975=ADVANCED_FACE('',(#245),#71,.T.);
#2976=ADVANCED_FACE('',(#246),#72,.T.);
#2977=ADVANCED_FACE('',(#247),#73,.T.);
#2978=ADVANCED_FACE('',(#248),#74,.T.);
#2979=ADVANCED_FACE('',(#249),#75,.T.);
#2980=ADVANCED_FACE('',(#250),#76,.T.);
#2981=ADVANCED_FACE('',(#251),#77,.T.);
#2982=ADVANCED_FACE('',(#252),#78,.T.);
#2983=ADVANCED_FACE('',(#253,#20),#79,.T.);
#2984=ADVANCED_FACE('',(#254),#80,.T.);
#2985=ADVANCED_FACE('',(#255),#81,.T.);
#2986=ADVANCED_FACE('',(#256),#82,.T.);
#2987=ADVANCED_FACE('',(#257),#83,.T.);
#2988=ADVANCED_FACE('',(#258),#84,.T.);
#2989=ADVANCED_FACE('',(#259),#85,.T.);
#2990=ADVANCED_FACE('',(#260),#86,.T.);
#2991=ADVANCED_FACE('',(#261),#87,.T.);
#2992=ADVANCED_FACE('',(#262),#88,.T.);
#2993=ADVANCED_FACE('',(#263),#89,.T.);
#2994=ADVANCED_FACE('',(#264),#90,.T.);
#2995=ADVANCED_FACE('',(#265),#91,.T.);
#2996=ADVANCED_FACE('',(#266),#92,.T.);
#2997=ADVANCED_FACE('',(#267),#93,.T.);
#2998=ADVANCED_FACE('',(#268),#94,.T.);
#2999=ADVANCED_FACE('',(#269),#95,.T.);
#3000=ADVANCED_FACE('',(#270),#96,.T.);
#3001=ADVANCED_FACE('',(#271),#97,.T.);
#3002=ADVANCED_FACE('',(#272),#98,.T.);
#3003=ADVANCED_FACE('',(#273),#99,.T.);
#3004=ADVANCED_FACE('',(#274),#100,.T.);
#3005=ADVANCED_FACE('',(#275),#101,.T.);
#3006=ADVANCED_FACE('',(#276),#102,.T.);
#3007=ADVANCED_FACE('',(#277),#103,.T.);
#3008=ADVANCED_FACE('',(#278),#104,.T.);
#3009=ADVANCED_FACE('',(#279),#105,.T.);
#3010=ADVANCED_FACE('',(#280),#106,.T.);
#3011=ADVANCED_FACE('',(#281),#107,.T.);
#3012=ADVANCED_FACE('',(#282),#108,.T.);
#3013=ADVANCED_FACE('',(#283),#109,.T.);
#3014=ADVANCED_FACE('',(#284),#110,.T.);
#3015=ADVANCED_FACE('',(#285),#111,.T.);
#3016=ADVANCED_FACE('',(#286),#112,.T.);
#3017=ADVANCED_FACE('',(#287),#113,.T.);
#3018=ADVANCED_FACE('',(#288),#114,.T.);
#3019=ADVANCED_FACE('',(#289),#115,.T.);
#3020=ADVANCED_FACE('',(#290),#116,.T.);
#3021=ADVANCED_FACE('',(#291),#117,.T.);
#3022=ADVANCED_FACE('',(#292),#118,.T.);
#3023=ADVANCED_FACE('',(#293),#119,.T.);
#3024=ADVANCED_FACE('',(#294),#120,.T.);
#3025=ADVANCED_FACE('',(#295),#121,.T.);
#3026=ADVANCED_FACE('',(#296),#122,.T.);
#3027=ADVANCED_FACE('',(#297),#123,.T.);
#3028=ADVANCED_FACE('',(#298),#124,.T.);
#3029=ADVANCED_FACE('',(#299),#125,.T.);
#3030=ADVANCED_FACE('',(#300),#126,.T.);
#3031=ADVANCED_FACE('',(#301),#127,.T.);
#3032=ADVANCED_FACE('',(#302),#128,.T.);
#3033=ADVANCED_FACE('',(#303),#129,.T.);
#3034=ADVANCED_FACE('',(#304),#130,.T.);
#3035=ADVANCED_FACE('',(#305),#131,.T.);
#3036=ADVANCED_FACE('',(#306),#132,.T.);
#3037=ADVANCED_FACE('',(#307),#133,.T.);
#3038=ADVANCED_FACE('',(#308),#134,.T.);
#3039=ADVANCED_FACE('',(#309),#135,.T.);
#3040=ADVANCED_FACE('',(#310),#136,.T.);
#3041=ADVANCED_FACE('',(#311),#137,.T.);
#3042=ADVANCED_FACE('',(#312),#138,.T.);
#3043=ADVANCED_FACE('',(#313),#139,.T.);
#3044=ADVANCED_FACE('',(#314),#140,.T.);
#3045=ADVANCED_FACE('',(#315),#141,.T.);
#3046=ADVANCED_FACE('',(#316),#142,.T.);
#3047=ADVANCED_FACE('',(#317),#143,.T.);
#3048=ADVANCED_FACE('',(#318),#144,.T.);
#3049=ADVANCED_FACE('',(#319),#145,.T.);
#3050=ADVANCED_FACE('',(#320,#21),#146,.T.);
#3051=ADVANCED_FACE('',(#321),#147,.T.);
#3052=ADVANCED_FACE('',(#322),#148,.T.);
#3053=ADVANCED_FACE('',(#323,#22),#149,.T.);
#3054=ADVANCED_FACE('',(#324),#150,.T.);
#3055=ADVANCED_FACE('',(#325),#151,.T.);
#3056=ADVANCED_FACE('',(#326,#23),#152,.T.);
#3057=ADVANCED_FACE('',(#327),#153,.T.);
#3058=ADVANCED_FACE('',(#328),#154,.T.);
#3059=ADVANCED_FACE('',(#329),#155,.T.);
#3060=ADVANCED_FACE('',(#330),#156,.T.);
#3061=ADVANCED_FACE('',(#331),#157,.T.);
#3062=ADVANCED_FACE('',(#332),#158,.T.);
#3063=ADVANCED_FACE('',(#333),#159,.T.);
#3064=ADVANCED_FACE('',(#334),#160,.T.);
#3065=ADVANCED_FACE('',(#335),#161,.T.);
#3066=ADVANCED_FACE('',(#336),#162,.T.);
#3067=ADVANCED_FACE('',(#337),#163,.T.);
#3068=ADVANCED_FACE('',(#338),#164,.T.);
#3069=ADVANCED_FACE('',(#339),#165,.T.);
#3070=ADVANCED_FACE('',(#340),#166,.T.);
#3071=ADVANCED_FACE('',(#341),#167,.T.);
#3072=ADVANCED_FACE('',(#342),#168,.T.);
#3073=ADVANCED_FACE('',(#343),#169,.T.);
#3074=ADVANCED_FACE('',(#344),#170,.T.);
#3075=ADVANCED_FACE('',(#345),#171,.T.);
#3076=ADVANCED_FACE('',(#346),#172,.T.);
#3077=ADVANCED_FACE('',(#347),#173,.T.);
#3078=ADVANCED_FACE('',(#348),#174,.T.);
#3079=ADVANCED_FACE('',(#349),#175,.T.);
#3080=ADVANCED_FACE('',(#350),#176,.T.);
#3081=ADVANCED_FACE('',(#351),#177,.T.);
#3082=ADVANCED_FACE('',(#352),#178,.T.);
#3083=ADVANCED_FACE('',(#353),#179,.T.);
#3084=ADVANCED_FACE('',(#354),#180,.T.);
#3085=ADVANCED_FACE('',(#355),#181,.T.);
#3086=ADVANCED_FACE('',(#356),#182,.T.);
#3087=ADVANCED_FACE('',(#357),#183,.T.);
#3088=ADVANCED_FACE('',(#358),#184,.T.);
#3089=ADVANCED_FACE('',(#359),#185,.T.);
#3090=ADVANCED_FACE('',(#360),#186,.T.);
#3091=ADVANCED_FACE('',(#361),#187,.T.);
#3092=ADVANCED_FACE('',(#362),#188,.T.);
#3093=ADVANCED_FACE('',(#363),#189,.T.);
#3094=ADVANCED_FACE('',(#364),#190,.T.);
#3095=ADVANCED_FACE('',(#365),#191,.T.);
#3096=ADVANCED_FACE('',(#366),#192,.T.);
#3097=ADVANCED_FACE('',(#367),#193,.T.);
#3098=ADVANCED_FACE('',(#368),#194,.T.);
#3099=ADVANCED_FACE('',(#369),#195,.T.);
#3100=CLOSED_SHELL('',(#2926,#2927,#2928,#2929,#2930,#2931,#2932,#2933,
#2934,#2935,#2936,#2937,#2938,#2939,#2940,#2941,#2942,#2943,#2944,#2945,
#2946,#2947,#2948,#2949,#2950,#2951,#2952,#2953,#2954,#2955,#2956,#2957,
#2958,#2959,#2960,#2961,#2962,#2963,#2964,#2965,#2966,#2967,#2968,#2969,
#2970,#2971,#2972,#2973,#2974,#2975,#2976,#2977,#2978,#2979,#2980,#2981,
#2982,#2983,#2984,#2985,#2986,#2987,#2988,#2989,#2990,#2991,#2992,#2993,
#2994,#2995,#2996,#2997,#2998,#2999,#3000,#3001,#3002,#3003,#3004,#3005,
#3006,#3007,#3008,#3009,#3010,#3011,#3012,#3013,#3014,#3015,#3016,#3017,
#3018,#3019,#3020,#3021,#3022,#3023,#3024,#3025,#3026,#3027,#3028,#3029,
#3030,#3031,#3032,#3033,#3034,#3035,#3036,#3037,#3038,#3039,#3040,#3041,
#3042,#3043,#3044,#3045,#3046,#3047,#3048,#3049,#3050,#3051,#3052,#3053,
#3054,#3055,#3056,#3057,#3058,#3059,#3060,#3061,#3062,#3063,#3064,#3065,
#3066,#3067,#3068,#3069,#3070,#3071,#3072,#3073,#3074,#3075,#3076,#3077,
#3078,#3079,#3080,#3081,#3082,#3083,#3084,#3085,#3086,#3087,#3088,#3089,
#3090,#3091,#3092,#3093,#3094,#3095,#3096,#3097,#3098,#3099));
#3101=DERIVED_UNIT_ELEMENT(#3103,1.);
#3102=DERIVED_UNIT_ELEMENT(#4929,-3.);
#3103=(
MASS_UNIT()
NAMED_UNIT(*)
SI_UNIT(.KILO.,.GRAM.)
);
#3104=DERIVED_UNIT((#3101,#3102));
#3105=MEASURE_REPRESENTATION_ITEM('density measure',
POSITIVE_RATIO_MEASURE(7850.),#3104);
#3106=PROPERTY_DEFINITION_REPRESENTATION(#3111,#3108);
#3107=PROPERTY_DEFINITION_REPRESENTATION(#3112,#3109);
#3108=REPRESENTATION('material name',(#3110),#4926);
#3109=REPRESENTATION('density',(#3105),#4926);
#3110=DESCRIPTIVE_REPRESENTATION_ITEM('A\X\E7o','A\X\E7o');
#3111=PROPERTY_DEFINITION('material property','material name',#4936);
#3112=PROPERTY_DEFINITION('material property','density of part',#4936);
#3113=AXIS2_PLACEMENT_3D('',#4070,#3292,#3293);
#3114=AXIS2_PLACEMENT_3D('',#4071,#3294,#3295);
#3115=AXIS2_PLACEMENT_3D('',#4073,#3296,#3297);
#3116=AXIS2_PLACEMENT_3D('',#4076,#3299,#3300);
#3117=AXIS2_PLACEMENT_3D('',#4077,#3301,#3302);
#3118=AXIS2_PLACEMENT_3D('',#4079,#3303,#3304);
#3119=AXIS2_PLACEMENT_3D('',#4082,#3306,#3307);
#3120=AXIS2_PLACEMENT_3D('',#4083,#3308,#3309);
#3121=AXIS2_PLACEMENT_3D('',#4092,#3314,#3315);
#3122=AXIS2_PLACEMENT_3D('',#4101,#3320,#3321);
#3123=AXIS2_PLACEMENT_3D('',#4107,#3325,#3326);
#3124=AXIS2_PLACEMENT_3D('',#4111,#3329,#3330);
#3125=AXIS2_PLACEMENT_3D('',#4131,#3341,#3342);
#3126=AXIS2_PLACEMENT_3D('',#4134,#3345,#3346);
#3127=AXIS2_PLACEMENT_3D('',#4142,#3351,#3352);
#3128=AXIS2_PLACEMENT_3D('',#4148,#3356,#3357);
#3129=AXIS2_PLACEMENT_3D('',#4157,#3362,#3363);
#3130=AXIS2_PLACEMENT_3D('',#4164,#3367,#3368);
#3131=AXIS2_PLACEMENT_3D('',#4168,#3371,#3372);
#3132=AXIS2_PLACEMENT_3D('',#4172,#3375,#3376);
#3133=AXIS2_PLACEMENT_3D('',#4176,#3379,#3380);
#3134=AXIS2_PLACEMENT_3D('',#4180,#3383,#3384);
#3135=AXIS2_PLACEMENT_3D('',#4184,#3387,#3388);
#3136=AXIS2_PLACEMENT_3D('',#4188,#3391,#3392);
#3137=AXIS2_PLACEMENT_3D('',#4192,#3395,#3396);
#3138=AXIS2_PLACEMENT_3D('',#4196,#3399,#3400);
#3139=AXIS2_PLACEMENT_3D('',#4205,#3405,#3406);
#3140=AXIS2_PLACEMENT_3D('',#4211,#3410,#3411);
#3141=AXIS2_PLACEMENT_3D('',#4217,#3415,#3416);
#3142=AXIS2_PLACEMENT_3D('',#4223,#3420,#3421);
#3143=AXIS2_PLACEMENT_3D('',#4229,#3425,#3426);
#3144=AXIS2_PLACEMENT_3D('',#4235,#3430,#3431);
#3145=AXIS2_PLACEMENT_3D('',#4241,#3435,#3436);
#3146=AXIS2_PLACEMENT_3D('',#4247,#3440,#3441);
#3147=AXIS2_PLACEMENT_3D('',#4253,#3445,#3446);
#3148=AXIS2_PLACEMENT_3D('',#4259,#3450,#3451);
#3149=AXIS2_PLACEMENT_3D('',#4265,#3455,#3456);
#3150=AXIS2_PLACEMENT_3D('',#4271,#3460,#3461);
#3151=AXIS2_PLACEMENT_3D('',#4277,#3465,#3466);
#3152=AXIS2_PLACEMENT_3D('',#4283,#3470,#3471);
#3153=AXIS2_PLACEMENT_3D('',#4289,#3475,#3476);
#3154=AXIS2_PLACEMENT_3D('',#4295,#3480,#3481);
#3155=AXIS2_PLACEMENT_3D('',#4301,#3485,#3486);
#3156=AXIS2_PLACEMENT_3D('',#4307,#3490,#3491);
#3157=AXIS2_PLACEMENT_3D('',#4313,#3495,#3496);
#3158=AXIS2_PLACEMENT_3D('',#4319,#3500,#3501);
#3159=AXIS2_PLACEMENT_3D('',#4325,#3505,#3506);
#3160=AXIS2_PLACEMENT_3D('',#4331,#3510,#3511);
#3161=AXIS2_PLACEMENT_3D('',#4337,#3515,#3516);
#3162=AXIS2_PLACEMENT_3D('',#4343,#3520,#3521);
#3163=AXIS2_PLACEMENT_3D('',#4349,#3525,#3526);
#3164=AXIS2_PLACEMENT_3D('',#4355,#3530,#3531);
#3165=AXIS2_PLACEMENT_3D('',#4361,#3535,#3536);
#3166=AXIS2_PLACEMENT_3D('',#4367,#3540,#3541);
#3167=AXIS2_PLACEMENT_3D('',#4373,#3545,#3546);
#3168=AXIS2_PLACEMENT_3D('',#4379,#3550,#3551);
#3169=AXIS2_PLACEMENT_3D('',#4385,#3555,#3556);
#3170=AXIS2_PLACEMENT_3D('',#4391,#3560,#3561);
#3171=AXIS2_PLACEMENT_3D('',#4397,#3565,#3566);
#3172=AXIS2_PLACEMENT_3D('',#4403,#3570,#3571);
#3173=AXIS2_PLACEMENT_3D('',#4409,#3575,#3576);
#3174=AXIS2_PLACEMENT_3D('',#4415,#3580,#3581);
#3175=AXIS2_PLACEMENT_3D('',#4418,#3584,#3585);
#3176=AXIS2_PLACEMENT_3D('',#4459,#3606,#3607);
#3177=AXIS2_PLACEMENT_3D('',#4487,#3622,#3623);
#3178=AXIS2_PLACEMENT_3D('',#4493,#3627,#3628);
#3179=AXIS2_PLACEMENT_3D('',#4533,#3649,#3650);
#3180=AXIS2_PLACEMENT_3D('',#4537,#3653,#3654);
#3181=AXIS2_PLACEMENT_3D('',#4539,#3656,#3657);
#3182=AXIS2_PLACEMENT_3D('',#4543,#3660,#3661);
#3183=AXIS2_PLACEMENT_3D('',#4547,#3664,#3665);
#3184=AXIS2_PLACEMENT_3D('',#4551,#3668,#3669);
#3185=AXIS2_PLACEMENT_3D('',#4555,#3672,#3673);
#3186=AXIS2_PLACEMENT_3D('',#4559,#3676,#3677);
#3187=AXIS2_PLACEMENT_3D('',#4563,#3680,#3681);
#3188=AXIS2_PLACEMENT_3D('',#4567,#3684,#3685);
#3189=AXIS2_PLACEMENT_3D('',#4571,#3688,#3689);
#3190=AXIS2_PLACEMENT_3D('',#4575,#3692,#3693);
#3191=AXIS2_PLACEMENT_3D('',#4579,#3696,#3697);
#3192=AXIS2_PLACEMENT_3D('',#4583,#3700,#3701);
#3193=AXIS2_PLACEMENT_3D('',#4587,#3704,#3705);
#3194=AXIS2_PLACEMENT_3D('',#4591,#3708,#3709);
#3195=AXIS2_PLACEMENT_3D('',#4595,#3712,#3713);
#3196=AXIS2_PLACEMENT_3D('',#4599,#3716,#3717);
#3197=AXIS2_PLACEMENT_3D('',#4603,#3720,#3721);
#3198=AXIS2_PLACEMENT_3D('',#4607,#3724,#3725);
#3199=AXIS2_PLACEMENT_3D('',#4611,#3728,#3729);
#3200=AXIS2_PLACEMENT_3D('',#4615,#3732,#3733);
#3201=AXIS2_PLACEMENT_3D('',#4619,#3736,#3737);
#3202=AXIS2_PLACEMENT_3D('',#4621,#3739,#3740);
#3203=AXIS2_PLACEMENT_3D('',#4627,#3744,#3745);
#3204=AXIS2_PLACEMENT_3D('',#4629,#3747,#3748);
#3205=AXIS2_PLACEMENT_3D('',#4635,#3752,#3753);
#3206=AXIS2_PLACEMENT_3D('',#4637,#3755,#3756);
#3207=AXIS2_PLACEMENT_3D('',#4641,#3759,#3760);
#3208=AXIS2_PLACEMENT_3D('',#4645,#3763,#3764);
#3209=AXIS2_PLACEMENT_3D('',#4647,#3766,#3767);
#3210=AXIS2_PLACEMENT_3D('',#4649,#3769,#3770);
#3211=AXIS2_PLACEMENT_3D('',#4668,#3781,#3782);
#3212=AXIS2_PLACEMENT_3D('',#4674,#3786,#3787);
#3213=AXIS2_PLACEMENT_3D('',#4678,#3790,#3791);
#3214=AXIS2_PLACEMENT_3D('',#4680,#3793,#3794);
#3215=AXIS2_PLACEMENT_3D('',#4682,#3796,#3797);
#3216=AXIS2_PLACEMENT_3D('',#4686,#3800,#3801);
#3217=AXIS2_PLACEMENT_3D('',#4690,#3804,#3805);
#3218=AXIS2_PLACEMENT_3D('',#4694,#3808,#3809);
#3219=AXIS2_PLACEMENT_3D('',#4698,#3812,#3813);
#3220=AXIS2_PLACEMENT_3D('',#4702,#3816,#3817);
#3221=AXIS2_PLACEMENT_3D('',#4706,#3820,#3821);
#3222=AXIS2_PLACEMENT_3D('',#4710,#3824,#3825);
#3223=AXIS2_PLACEMENT_3D('',#4714,#3828,#3829);
#3224=AXIS2_PLACEMENT_3D('',#4716,#3831,#3832);
#3225=AXIS2_PLACEMENT_3D('',#4718,#3834,#3835);
#3226=AXIS2_PLACEMENT_3D('',#4722,#3838,#3839);
#3227=AXIS2_PLACEMENT_3D('',#4726,#3842,#3843);
#3228=AXIS2_PLACEMENT_3D('',#4728,#3845,#3846);
#3229=AXIS2_PLACEMENT_3D('',#4732,#3849,#3850);
#3230=AXIS2_PLACEMENT_3D('',#4734,#3852,#3853);
#3231=AXIS2_PLACEMENT_3D('',#4738,#3856,#3857);
#3232=AXIS2_PLACEMENT_3D('',#4742,#3860,#3861);
#3233=AXIS2_PLACEMENT_3D('',#4744,#3863,#3864);
#3234=AXIS2_PLACEMENT_3D('',#4748,#3867,#3868);
#3235=AXIS2_PLACEMENT_3D('',#4752,#3871,#3872);
#3236=AXIS2_PLACEMENT_3D('',#4756,#3875,#3876);
#3237=AXIS2_PLACEMENT_3D('',#4760,#3879,#3880);
#3238=AXIS2_PLACEMENT_3D('',#4764,#3883,#3884);
#3239=AXIS2_PLACEMENT_3D('',#4766,#3886,#3887);
#3240=AXIS2_PLACEMENT_3D('',#4770,#3890,#3891);
#3241=AXIS2_PLACEMENT_3D('',#4774,#3894,#3895);
#3242=AXIS2_PLACEMENT_3D('',#4778,#3898,#3899);
#3243=AXIS2_PLACEMENT_3D('',#4828,#3925,#3926);
#3244=AXIS2_PLACEMENT_3D('',#4830,#3928,#3929);
#3245=AXIS2_PLACEMENT_3D('',#4832,#3931,#3932);
#3246=AXIS2_PLACEMENT_3D('',#4834,#3934,#3935);
#3247=AXIS2_PLACEMENT_3D('',#4836,#3937,#3938);
#3248=AXIS2_PLACEMENT_3D('',#4837,#3939,#3940);
#3249=AXIS2_PLACEMENT_3D('',#4838,#3941,#3942);
#3250=AXIS2_PLACEMENT_3D('',#4841,#3945,#3946);
#3251=AXIS2_PLACEMENT_3D('',#4843,#3948,#3949);
#3252=AXIS2_PLACEMENT_3D('',#4845,#3951,#3952);
#3253=AXIS2_PLACEMENT_3D('',#4847,#3954,#3955);
#3254=AXIS2_PLACEMENT_3D('',#4849,#3957,#3958);
#3255=AXIS2_PLACEMENT_3D('',#4851,#3960,#3961);
#3256=AXIS2_PLACEMENT_3D('',#4853,#3963,#3964);
#3257=AXIS2_PLACEMENT_3D('',#4855,#3966,#3967);
#3258=AXIS2_PLACEMENT_3D('',#4857,#3969,#3970);
#3259=AXIS2_PLACEMENT_3D('',#4859,#3972,#3973);
#3260=AXIS2_PLACEMENT_3D('',#4861,#3975,#3976);
#3261=AXIS2_PLACEMENT_3D('',#4863,#3978,#3979);
#3262=AXIS2_PLACEMENT_3D('',#4865,#3981,#3982);
#3263=AXIS2_PLACEMENT_3D('',#4867,#3984,#3985);
#3264=AXIS2_PLACEMENT_3D('',#4869,#3987,#3988);
#3265=AXIS2_PLACEMENT_3D('',#4871,#3990,#3991);
#3266=AXIS2_PLACEMENT_3D('',#4873,#3993,#3994);
#3267=AXIS2_PLACEMENT_3D('',#4875,#3996,#3997);
#3268=AXIS2_PLACEMENT_3D('',#4877,#3999,#4000);
#3269=AXIS2_PLACEMENT_3D('',#4879,#4002,#4003);
#3270=AXIS2_PLACEMENT_3D('',#4881,#4005,#4006);
#3271=AXIS2_PLACEMENT_3D('',#4883,#4008,#4009);
#3272=AXIS2_PLACEMENT_3D('',#4885,#4011,#4012);
#3273=AXIS2_PLACEMENT_3D('',#4887,#4014,#4015);
#3274=AXIS2_PLACEMENT_3D('',#4889,#4017,#4018);
#3275=AXIS2_PLACEMENT_3D('',#4891,#4020,#4021);
#3276=AXIS2_PLACEMENT_3D('',#4893,#4023,#4024);
#3277=AXIS2_PLACEMENT_3D('',#4895,#4026,#4027);
#3278=AXIS2_PLACEMENT_3D('',#4897,#4029,#4030);
#3279=AXIS2_PLACEMENT_3D('',#4899,#4032,#4033);
#3280=AXIS2_PLACEMENT_3D('',#4901,#4035,#4036);
#3281=AXIS2_PLACEMENT_3D('',#4903,#4038,#4039);
#3282=AXIS2_PLACEMENT_3D('',#4905,#4041,#4042);
#3283=AXIS2_PLACEMENT_3D('',#4907,#4044,#4045);
#3284=AXIS2_PLACEMENT_3D('',#4909,#4047,#4048);
#3285=AXIS2_PLACEMENT_3D('',#4911,#4050,#4051);
#3286=AXIS2_PLACEMENT_3D('',#4913,#4053,#4054);
#3287=AXIS2_PLACEMENT_3D('',#4915,#4056,#4057);
#3288=AXIS2_PLACEMENT_3D('',#4917,#4059,#4060);
#3289=AXIS2_PLACEMENT_3D('',#4919,#4062,#4063);
#3290=AXIS2_PLACEMENT_3D('',#4921,#4065,#4066);
#3291=AXIS2_PLACEMENT_3D('',#4923,#4068,#4069);
#3292=DIRECTION('axis',(0.,0.,1.));
#3293=DIRECTION('refdir',(1.,0.,0.));
#3294=DIRECTION('center_axis',(0.,0.,1.));
#3295=DIRECTION('ref_axis',(1.,0.,0.));
#3296=DIRECTION('center_axis',(0.,0.,1.));
#3297=DIRECTION('ref_axis',(1.,0.,0.));
#3298=DIRECTION('',(0.,0.,1.));
#3299=DIRECTION('center_axis',(0.,0.,-1.));
#3300=DIRECTION('ref_axis',(1.,0.,0.));
#3301=DIRECTION('center_axis',(0.,0.,1.));
#3302=DIRECTION('ref_axis',(1.,0.,0.));
#3303=DIRECTION('center_axis',(0.,0.,1.));
#3304=DIRECTION('ref_axis',(1.,0.,0.));
#3305=DIRECTION('',(0.,0.,1.));
#3306=DIRECTION('center_axis',(0.,0.,-1.));
#3307=DIRECTION('ref_axis',(1.,0.,0.));
#3308=DIRECTION('center_axis',(1.,0.,0.));
#3309=DIRECTION('ref_axis',(0.,0.,-1.));
#3310=DIRECTION('',(0.,0.,1.));
#3311=DIRECTION('',(0.,-1.,0.));
#3312=DIRECTION('',(0.,0.,-1.));
#3313=DIRECTION('',(0.,1.,0.));
#3314=DIRECTION('center_axis',(0.,-1.,0.));
#3315=DIRECTION('ref_axis',(0.,0.,1.));
#3316=DIRECTION('',(0.,0.,-1.));
#3317=DIRECTION('',(-1.,0.,0.));
#3318=DIRECTION('',(0.,0.,1.));
#3319=DIRECTION('',(-1.,0.,0.));
#3320=DIRECTION('center_axis',(0.,0.,1.));
#3321=DIRECTION('ref_axis',(0.,1.,0.));
#3322=DIRECTION('',(0.,-1.,0.));
#3323=DIRECTION('',(-1.,0.,0.));
#3324=DIRECTION('',(0.,1.,0.));
#3325=DIRECTION('center_axis',(-1.,0.,0.));
#3326=DIRECTION('ref_axis',(0.,0.,1.));
#3327=DIRECTION('',(0.,0.,-1.));
#3328=DIRECTION('',(0.,-1.,0.));
#3329=DIRECTION('center_axis',(-1.,0.,0.));
#3330=DIRECTION('ref_axis',(0.,0.,1.));
#3331=DIRECTION('',(0.,1.,0.));
#3332=DIRECTION('',(0.,0.,-1.));
#3333=DIRECTION('',(0.,1.,0.));
#3334=DIRECTION('',(0.,2.7812127226336E-6,0.999999999996132));
#3335=DIRECTION('',(0.,-1.,0.));
#3336=DIRECTION('',(0.,0.,-1.));
#3337=DIRECTION('',(0.,0.,1.));
#3338=DIRECTION('',(0.,-1.,0.));
#3339=DIRECTION('',(0.,0.,1.));
#3340=DIRECTION('',(0.,-1.,0.));
#3341=DIRECTION('center_axis',(0.,0.,-1.));
#3342=DIRECTION('ref_axis',(-1.,0.,0.));
#3343=DIRECTION('',(-1.,0.,0.));
#3344=DIRECTION('',(1.,0.,0.));
#3345=DIRECTION('center_axis',(0.,0.,-1.));
#3346=DIRECTION('ref_axis',(1.,0.,0.));
#3347=DIRECTION('',(0.707106814904027,-0.707106747469066,0.));
#3348=DIRECTION('',(0.,1.,0.));
#3349=DIRECTION('',(1.,0.,0.));
#3350=DIRECTION('',(1.,0.,0.));
#3351=DIRECTION('center_axis',(0.707106747469066,0.707106814904027,0.));
#3352=DIRECTION('ref_axis',(0.,0.,-1.));
#3353=DIRECTION('',(0.707106814904027,-0.707106747469066,0.));
#3354=DIRECTION('',(0.,0.,-1.));
#3355=DIRECTION('',(0.,0.,-1.));
#3356=DIRECTION('center_axis',(0.,-0.707149853053436,0.70706370669587));
#3357=DIRECTION('ref_axis',(1.,0.,0.));
#3358=DIRECTION('',(-0.360693668155393,0.659467246493026,0.65954759385166));
#3359=DIRECTION('',(-1.,0.,0.));
#3360=DIRECTION('',(0.,-0.70706370669587,-0.707149853053436));
#3361=DIRECTION('',(-1.,0.,0.));
#3362=DIRECTION('center_axis',(-6.17135138143182E-6,-0.707140957474525,
0.707072603219731));
#3363=DIRECTION('ref_axis',(0.999999999961911,0.,8.72803069033483E-6));
#3364=DIRECTION('',(0.88123851177351,0.334209475367122,0.334249475604739));
#3365=DIRECTION('',(0.906382248499683,0.298704905470711,0.298741692859219));
#3366=DIRECTION('',(-0.99294521157503,0.0838447997287913,0.0838442387326537));
#3367=DIRECTION('center_axis',(6.84676059674051E-7,-0.707151358142051,0.707062201420345));
#3368=DIRECTION('ref_axis',(0.999999999999531,0.,-9.68339218668958E-7));
#3369=DIRECTION('',(0.939315643766954,-0.242560138390279,-0.242591633488793));
#3370=DIRECTION('',(0.932381672460877,0.255585996621452,0.255617321772364));
#3371=DIRECTION('center_axis',(-1.10520009615251E-6,-0.707148093792161,
0.707065466166247));
#3372=DIRECTION('ref_axis',(0.999999999998779,0.,1.56308029317798E-6));
#3373=DIRECTION('',(-0.844715016946623,0.378433657423046,0.378476560799059));
#3374=DIRECTION('',(0.956682551611722,0.205849429806045,0.205874980729111));
#3375=DIRECTION('center_axis',(-1.08055466361997E-6,-0.707148151054942,
0.707065408896808));
#3376=DIRECTION('ref_axis',(0.999999999998832,0.,1.52822447544794E-6));
#3377=DIRECTION('',(0.726346024823519,-0.485987268710721,-0.48604302985864));
#3378=DIRECTION('',(0.97709906979664,0.150452085965233,0.15047118538528));
#3379=DIRECTION('center_axis',(8.65934051952252E-7,-0.707154470913707,0.707059088242281));
#3380=DIRECTION('ref_axis',(0.99999999999925,0.,-1.22469828385104E-6));
#3381=DIRECTION('',(-0.598308185802429,0.566542090462276,0.566619250058132));
#3382=DIRECTION('',(0.991781308142115,0.0904650441628227,0.0904760333156464));
#3383=DIRECTION('center_axis',(1.46391828998555E-7,-0.707150527186021,0.707063032480493));
#3384=DIRECTION('ref_axis',(0.999999999999979,0.,-2.07042119689082E-7));
#3385=DIRECTION('',(0.44367359944879,-0.633661676901137,-0.63374018049907));
#3386=DIRECTION('',(0.999997900221596,0.001449074317675,0.00144904659003263));
#3387=DIRECTION('center_axis',(0.,-0.707100015941633,0.707113546366737));
#3388=DIRECTION('ref_axis',(1.,0.,0.));
#3389=DIRECTION('',(0.,0.707113546366737,0.707100015941633));
#3390=DIRECTION('',(-1.,0.,0.));
#3391=DIRECTION('center_axis',(0.,-0.707149092824252,0.707064467016861));
#3392=DIRECTION('ref_axis',(1.,0.,0.));
#3393=DIRECTION('',(1.,0.,0.));
#3394=DIRECTION('',(-0.360692830064958,0.659468184800072,0.659547113992798));
#3395=DIRECTION('center_axis',(1.,0.,0.));
#3396=DIRECTION('ref_axis',(0.,0.,-1.));
#3397=DIRECTION('',(0.,1.,0.));
#3398=DIRECTION('',(0.,0.,1.));
#3399=DIRECTION('center_axis',(0.,-0.967741080651508,0.251946821411687));
#3400=DIRECTION('ref_axis',(0.,-0.251946821411687,-0.967741080651508));
#3401=DIRECTION('',(-1.,0.,0.));
#3402=DIRECTION('',(0.,-0.251946821411687,-0.967741080651508));
#3403=DIRECTION('',(-1.,0.,0.));
#3404=DIRECTION('',(0.,0.251946821411687,0.967741080651508));
#3405=DIRECTION('center_axis',(0.,-0.91124493433356,0.411864868192742));
#3406=DIRECTION('ref_axis',(0.,-0.411864868192743,-0.91124493433356));
#3407=DIRECTION('',(-1.,0.,0.));
#3408=DIRECTION('',(0.,-0.411864868192743,-0.91124493433356));
#3409=DIRECTION('',(0.,0.411864868192743,0.91124493433356));
#3410=DIRECTION('center_axis',(0.,-0.828544594633375,0.559923079274123));
#3411=DIRECTION('ref_axis',(1.,0.,0.));
#3412=DIRECTION('',(-1.,0.,0.));
#3413=DIRECTION('',(0.,-0.559923079274123,-0.828544594633375));
#3414=DIRECTION('',(0.,0.559923079274123,0.828544594633375));
#3415=DIRECTION('center_axis',(0.,-0.722008231375576,0.691884465663099));
#3416=DIRECTION('ref_axis',(1.,0.,0.));
#3417=DIRECTION('',(-1.,0.,0.));
#3418=DIRECTION('',(0.,-0.691884465663099,-0.722008231375576));
#3419=DIRECTION('',(0.,0.691884465663099,0.722008231375576));
#3420=DIRECTION('center_axis',(0.,-0.594664795610733,0.803973743887974));
#3421=DIRECTION('ref_axis',(1.,0.,0.));
#3422=DIRECTION('',(-1.,0.,0.));
#3423=DIRECTION('',(0.,-0.803973743887974,-0.594664795610733));
#3424=DIRECTION('',(0.,0.803973743887974,0.594664795610733));
#3425=DIRECTION('center_axis',(0.,-0.45026181991071,0.892896574935023));
#3426=DIRECTION('ref_axis',(1.,0.,0.));
#3427=DIRECTION('',(-1.,0.,0.));
#3428=DIRECTION('',(0.,-0.892896574935024,-0.45026181991071));
#3429=DIRECTION('',(0.,0.892896574935024,0.45026181991071));
#3430=DIRECTION('center_axis',(0.,-0.292841190657825,0.956161093673084));
#3431=DIRECTION('ref_axis',(1.,0.,0.));
#3432=DIRECTION('',(-1.,0.,0.));
#3433=DIRECTION('',(0.,-0.956161093673084,-0.292841190657825));
#3434=DIRECTION('',(0.,0.956161093673084,0.292841190657825));
#3435=DIRECTION('center_axis',(0.,-0.127042257743186,0.991897305545042));
#3436=DIRECTION('ref_axis',(1.,0.,0.));
#3437=DIRECTION('',(-1.,0.,0.));
#3438=DIRECTION('',(0.,0.991897305545042,0.127042257743186));
#3439=DIRECTION('',(0.,0.991897305545042,0.127042257743186));
#3440=DIRECTION('center_axis',(0.,0.0424493191997763,0.999098621408055));
#3441=DIRECTION('ref_axis',(1.,0.,0.));
#3442=DIRECTION('',(-1.,0.,0.));
#3443=DIRECTION('',(0.,0.999098621408055,-0.0424493191997763));
#3444=DIRECTION('',(0.,0.999098621408055,-0.0424493191997763));
#3445=DIRECTION('center_axis',(0.,0.210709273691342,0.977548772174804));
#3446=DIRECTION('ref_axis',(1.,0.,0.));
#3447=DIRECTION('',(-1.,0.,0.));
#3448=DIRECTION('',(0.,0.977548772174804,-0.210709273691342));
#3449=DIRECTION('',(0.,0.977548772174804,-0.210709273691342));
#3450=DIRECTION('center_axis',(0.,0.372896064277127,0.927873119152952));
#3451=DIRECTION('ref_axis',(1.,0.,0.));
#3452=DIRECTION('',(-1.,0.,0.));
#3453=DIRECTION('',(0.,-0.927873119152952,0.372896064277127));
#3454=DIRECTION('',(0.,0.927873119152952,-0.372896064277127));
#3455=DIRECTION('center_axis',(0.,0.524356330537883,0.851498936361547));
#3456=DIRECTION('ref_axis',(1.,0.,0.));
#3457=DIRECTION('',(-1.,0.,0.));
#3458=DIRECTION('',(0.,-0.851498936361547,0.524356330537883));
#3459=DIRECTION('',(0.,0.851498936361547,-0.524356330537883));
#3460=DIRECTION('center_axis',(0.,0.660705569192825,0.750645156407197));
#3461=DIRECTION('ref_axis',(1.,0.,0.));
#3462=DIRECTION('',(-1.,0.,0.));
#3463=DIRECTION('',(0.,0.750645156407197,-0.660705569192825));
#3464=DIRECTION('',(0.,0.750645156407197,-0.660705569192825));
#3465=DIRECTION('center_axis',(0.,0.778080372159081,0.628164735129874));
#3466=DIRECTION('ref_axis',(1.,0.,0.));
#3467=DIRECTION('',(-1.,0.,0.));
#3468=DIRECTION('',(0.,0.628164735129875,-0.778080372159081));
#3469=DIRECTION('',(0.,0.628164735129875,-0.778080372159081));
#3470=DIRECTION('center_axis',(0.,0.873035081369447,0.487657407098717));
#3471=DIRECTION('ref_axis',(0.,-0.487657407098717,0.873035081369447));
#3472=DIRECTION('',(-1.,0.,0.));
#3473=DIRECTION('',(0.,0.487657407098717,-0.873035081369447));
#3474=DIRECTION('',(0.,0.487657407098717,-0.873035081369447));
#3475=DIRECTION('center_axis',(0.,0.942889385178791,0.333106000121826));
#3476=DIRECTION('ref_axis',(0.,-0.333106000121826,0.942889385178791));
#3477=DIRECTION('',(-1.,0.,0.));
#3478=DIRECTION('',(0.,-0.333106000121826,0.942889385178791));
#3479=DIRECTION('',(0.,0.333106000121826,-0.942889385178791));
#3480=DIRECTION('center_axis',(0.,0.985619342382597,0.168980803410613));
#3481=DIRECTION('ref_axis',(0.,-0.168980803410613,0.985619342382597));
#3482=DIRECTION('',(-1.,0.,0.));
#3483=DIRECTION('',(0.,-0.168980803410613,0.985619342382597));
#3484=DIRECTION('',(0.,0.168980803410613,-0.985619342382597));
#3485=DIRECTION('center_axis',(0.,1.,0.));
#3486=DIRECTION('ref_axis',(0.,0.,1.));
#3487=DIRECTION('',(-1.,0.,0.));
#3488=DIRECTION('',(0.,0.,1.));
#3489=DIRECTION('',(0.,0.,-1.));
#3490=DIRECTION('center_axis',(0.,0.985618756068298,-0.168984223187788));
#3491=DIRECTION('ref_axis',(0.,0.168984223187788,0.985618756068298));
#3492=DIRECTION('',(-1.,0.,0.));
#3493=DIRECTION('',(0.,-0.168984223187788,-0.985618756068298));
#3494=DIRECTION('',(0.,-0.168984223187788,-0.985618756068298));
#3495=DIRECTION('center_axis',(0.,0.942891771932723,-0.333099244102369));
#3496=DIRECTION('ref_axis',(0.,0.333099244102369,0.942891771932723));
#3497=DIRECTION('',(-1.,0.,0.));
#3498=DIRECTION('',(0.,0.333099244102369,0.942891771932723));
#3499=DIRECTION('',(0.,-0.333099244102369,-0.942891771932723));
#3500=DIRECTION('center_axis',(0.,0.873034848845681,-0.48765782337721));
#3501=DIRECTION('ref_axis',(0.,0.48765782337721,0.873034848845681));
#3502=DIRECTION('',(-1.,0.,0.));
#3503=DIRECTION('',(0.,0.48765782337721,0.873034848845681));
#3504=DIRECTION('',(0.,-0.48765782337721,-0.873034848845681));
#3505=DIRECTION('center_axis',(0.,0.778079986336871,-0.628165213030788));
#3506=DIRECTION('ref_axis',(-1.,0.,0.));
#3507=DIRECTION('',(-1.,0.,0.));
#3508=DIRECTION('',(0.,0.628165213030788,0.778079986336871));
#3509=DIRECTION('',(0.,-0.628165213030788,-0.778079986336871));
#3510=DIRECTION('center_axis',(0.,0.660706671115933,-0.750644186511095));
#3511=DIRECTION('ref_axis',(-1.,0.,0.));
#3512=DIRECTION('',(-1.,0.,0.));
#3513=DIRECTION('',(0.,0.750644186511095,0.660706671115933));
#3514=DIRECTION('',(0.,-0.750644186511095,-0.660706671115933));
#3515=DIRECTION('center_axis',(0.,0.524354912575947,-0.85149980954635));
#3516=DIRECTION('ref_axis',(-1.,0.,0.));
#3517=DIRECTION('',(-1.,0.,0.));
#3518=DIRECTION('',(0.,0.85149980954635,0.524354912575947));
#3519=DIRECTION('',(0.,-0.85149980954635,-0.524354912575947));
#3520=DIRECTION('center_axis',(0.,0.37289774801822,-0.927872442484925));
#3521=DIRECTION('ref_axis',(-1.,0.,0.));
#3522=DIRECTION('',(-1.,0.,0.));
#3523=DIRECTION('',(0.,0.927872442484925,0.37289774801822));
#3524=DIRECTION('',(0.,-0.927872442484925,-0.37289774801822));
#3525=DIRECTION('center_axis',(0.,0.210709273691342,-0.977548772174804));
#3526=DIRECTION('ref_axis',(-1.,0.,0.));
#3527=DIRECTION('',(-1.,0.,0.));
#3528=DIRECTION('',(0.,-0.977548772174804,-0.210709273691342));
#3529=DIRECTION('',(0.,-0.977548772174804,-0.210709273691342));
#3530=DIRECTION('center_axis',(0.,0.0424483431146709,-0.999098662879107));
#3531=DIRECTION('ref_axis',(-1.,0.,0.));
#3532=DIRECTION('',(-1.,0.,0.));
#3533=DIRECTION('',(0.,0.999098662879107,0.0424483431146709));
#3534=DIRECTION('',(0.,0.999098662879107,0.0424483431146709));
#3535=DIRECTION('center_axis',(0.,-0.127042257743186,-0.991897305545042));
#3536=DIRECTION('ref_axis',(-1.,0.,0.));
#3537=DIRECTION('',(-1.,0.,0.));
#3538=DIRECTION('',(0.,-0.991897305545042,0.127042257743186));
#3539=DIRECTION('',(0.,-0.991897305545042,0.127042257743186));
#3540=DIRECTION('center_axis',(0.,-0.292859070407811,-0.956155617501603));
#3541=DIRECTION('ref_axis',(-1.,0.,0.));
#3542=DIRECTION('',(-1.,0.,0.));
#3543=DIRECTION('',(0.,0.956155617501603,-0.292859070407811));
#3544=DIRECTION('',(0.,-0.956155617501603,0.292859070407811));
#3545=DIRECTION('center_axis',(0.,-0.450247007552607,-0.892904044223075));
#3546=DIRECTION('ref_axis',(-1.,0.,0.));
#3547=DIRECTION('',(-1.,0.,0.));
#3548=DIRECTION('',(0.,0.892904044223075,-0.450247007552607));
#3549=DIRECTION('',(0.,-0.892904044223075,0.450247007552607));
#3550=DIRECTION('center_axis',(0.,-0.594664163572303,-0.803974211379229));
#3551=DIRECTION('ref_axis',(-1.,0.,0.));
#3552=DIRECTION('',(-1.,0.,0.));
#3553=DIRECTION('',(0.,0.803974211379229,-0.594664163572303));
#3554=DIRECTION('',(0.,-0.803974211379229,0.594664163572303));
#3555=DIRECTION('center_axis',(0.,-0.722008231375576,-0.691884465663099));
#3556=DIRECTION('ref_axis',(-1.,0.,0.));
#3557=DIRECTION('',(-1.,0.,0.));
#3558=DIRECTION('',(0.,0.691884465663099,-0.722008231375576));
#3559=DIRECTION('',(0.,-0.691884465663099,0.722008231375576));
#3560=DIRECTION('center_axis',(0.,-0.828544288086067,-0.559923532886369));
#3561=DIRECTION('ref_axis',(-1.,0.,0.));
#3562=DIRECTION('',(-1.,0.,0.));
#3563=DIRECTION('',(0.,0.559923532886369,-0.828544288086067));
#3564=DIRECTION('',(0.,-0.559923532886369,0.828544288086067));
#3565=DIRECTION('center_axis',(0.,-0.911245266052037,-0.411864134269728));
#3566=DIRECTION('ref_axis',(0.,0.411864134269728,-0.911245266052037));
#3567=DIRECTION('',(-1.,0.,0.));
#3568=DIRECTION('',(0.,0.411864134269728,-0.911245266052037));
#3569=DIRECTION('',(0.,-0.411864134269728,0.911245266052037));
#3570=DIRECTION('center_axis',(0.,-0.967741018585814,-0.251947059809181));
#3571=DIRECTION('ref_axis',(0.,0.251947059809181,-0.967741018585814));
#3572=DIRECTION('',(-1.,0.,0.));
#3573=DIRECTION('',(0.,0.251947059809181,-0.967741018585814));
#3574=DIRECTION('',(0.,-0.251947059809181,0.967741018585814));
#3575=DIRECTION('center_axis',(0.,-0.996397434166059,-0.0848065633503376));
#3576=DIRECTION('ref_axis',(0.,0.0848065633503377,-0.996397434166059));
#3577=DIRECTION('',(-1.,0.,0.));
#3578=DIRECTION('',(0.,0.0848065633503377,-0.996397434166059));
#3579=DIRECTION('',(0.,-0.0848065633503377,0.996397434166059));
#3580=DIRECTION('center_axis',(0.,-0.996397434166059,0.0848065633503376));
#3581=DIRECTION('ref_axis',(0.,-0.0848065633503377,-0.996397434166059));
#3582=DIRECTION('',(0.,0.0848065633503377,0.996397434166059));
#3583=DIRECTION('',(0.,0.0848065633503377,0.996397434166059));
#3584=DIRECTION('center_axis',(1.,0.,0.));
#3585=DIRECTION('ref_axis',(0.,0.,-1.));
#3586=DIRECTION('',(0.,0.984600464034068,-0.174819696327094));
#3587=DIRECTION('',(0.,0.803959589020635,-0.594683932204135));
#3588=DIRECTION('',(0.,0.559917847636813,-0.828548130103351));
#3589=DIRECTION('',(0.,0.306236344843075,-0.951955514242737));
#3590=DIRECTION('',(0.,0.0283631618974025,-0.999597684594748));
#3591=DIRECTION('',(0.,-0.251957703459558,-0.967738247496391));
#3592=DIRECTION('',(0.,-0.559918271370888,-0.828547843751365));
#3593=DIRECTION('',(0.,-0.803959152318219,-0.594684522586363));
#3594=DIRECTION('',(0.,-0.938074945334377,-0.346432384363682));
#3595=DIRECTION('',(0.,-0.991901796078516,-0.127007192458596));
#3596=DIRECTION('',(0.,0.966225244019233,-0.257699006245606));
#3597=DIRECTION('',(0.,-0.750624813776508,0.660728680278814));
#3598=DIRECTION('',(0.,-0.536226254445152,0.8440742882257));
#3599=DIRECTION('',(0.,-0.333087327877055,0.942895981541826));
#3600=DIRECTION('',(0.,-0.168985460523662,0.985618543926405));
#3601=DIRECTION('',(0.,0.0565186727948834,0.99840154227921));
#3602=DIRECTION('',(0.,0.333100596796327,0.942891294059888));
#3603=DIRECTION('',(0.,0.628169942698871,0.778076167922973));
#3604=DIRECTION('',(0.,0.85149952198334,0.52435537954916));
#3605=DIRECTION('',(0.,0.96407950937955,0.265613816648318));
#3606=DIRECTION('center_axis',(0.,0.,1.));
#3607=DIRECTION('ref_axis',(1.,0.,0.));
#3608=DIRECTION('',(-1.,0.,0.));
#3609=DIRECTION('',(-0.997400924092762,0.0720513470998638,0.));
#3610=DIRECTION('',(-0.97668364437122,0.214683624940872,0.));
#3611=DIRECTION('',(-0.93568018199144,0.352849255388849,0.));
#3612=DIRECTION('',(-0.87524900967397,0.483672586637629,0.));
#3613=DIRECTION('',(-0.796625040229518,0.604473775510004,0.));
#3614=DIRECTION('',(-0.701463934268362,0.71270495222129,0.));
#3615=DIRECTION('',(-0.591976620351936,0.805955135821281,0.));
#3616=DIRECTION('',(-0.832203314539439,0.554470597299417,0.));
#3617=DIRECTION('',(-0.999911912300069,-0.0132728158436074,0.));
#3618=DIRECTION('',(-0.814446778245184,-0.580238266064932,0.));
#3619=DIRECTION('',(0.3039077719055,0.952701457002893,0.));
#3620=DIRECTION('',(1.,0.,0.));
#3621=DIRECTION('',(0.,1.,0.));
#3622=DIRECTION('center_axis',(0.,0.,-1.));
#3623=DIRECTION('ref_axis',(-1.,0.,0.));
#3624=DIRECTION('',(0.,-1.,0.));
#3625=DIRECTION('',(1.,0.,0.));
#3626=DIRECTION('',(1.,0.,0.));
#3627=DIRECTION('center_axis',(0.,0.,1.));
#3628=DIRECTION('ref_axis',(1.,0.,0.));
#3629=DIRECTION('',(-0.8866946790419,0.462355432712521,0.));
#3630=DIRECTION('',(-0.951674518692521,0.307108466948338,0.));
#3631=DIRECTION('',(-0.989695516338132,0.143187935735517,0.));
#3632=DIRECTION('',(-0.999692994131529,-0.0247773583002335,0.));
#3633=DIRECTION('',(-0.981381764844716,-0.192067258090156,0.));
#3634=DIRECTION('',(-0.935278870797117,-0.35391161868533,0.));
#3635=DIRECTION('',(-0.86270411326837,-0.505709020040018,0.));
#3636=DIRECTION('',(-0.765679562799846,-0.643222206636739,0.));
#3637=DIRECTION('',(-0.646987406675355,-0.76250068564133,0.));
#3638=DIRECTION('',(-0.509976985909427,-0.860188045628825,0.));
#3639=DIRECTION('',(-0.358505557502348,-0.933527592114947,0.));
#3640=DIRECTION('',(-0.19690338381577,-0.980422897244806,0.));
#3641=DIRECTION('',(-0.0297203721429843,-0.999558252169268,0.));
#3642=DIRECTION('',(0.138307503321879,-0.990389334819832,0.));
#3643=DIRECTION('',(0.302419420316663,-0.953174954672716,0.));
#3644=DIRECTION('',(0.428064278175075,-0.903748291146629,0.));
#3645=DIRECTION('',(0.479858429556497,-0.877345933816059,0.));
#3646=DIRECTION('',(-0.551972390633849,0.833862386714951,0.));
#3647=DIRECTION('',(-0.683977408471706,0.729503190329095,0.));
#3648=DIRECTION('',(-0.79662282308275,0.604476697436443,0.));
#3649=DIRECTION('center_axis',(0.877345933816059,0.479858429556497,0.));
#3650=DIRECTION('ref_axis',(0.,0.,-1.));
#3651=DIRECTION('',(0.19842389454725,-0.362786993684519,0.910501815092123));
#3652=DIRECTION('',(0.,0.,1.));
#3653=DIRECTION('center_axis',(0.877345468055099,0.479859281126232,4.40808047642278E-7));
#3654=DIRECTION('ref_axis',(5.02433834438566E-7,0.,-0.999999999999874));
#3655=DIRECTION('',(0.322872564316644,-0.590321201037514,0.739779823202297));
#3656=DIRECTION('center_axis',(0.877345700622176,0.479858855914719,0.));
#3657=DIRECTION('ref_axis',(0.,0.,-1.));
#3658=DIRECTION('',(0.479858855914719,-0.877345700622176,0.));
#3659=DIRECTION('',(0.,0.,1.));
#3660=DIRECTION('center_axis',(0.,-1.,0.));
#3661=DIRECTION('ref_axis',(0.,0.,-1.));
#3662=DIRECTION('',(0.,0.,1.));
#3663=DIRECTION('',(-1.,0.,0.));
#3664=DIRECTION('center_axis',(-0.903748291146629,-0.428064278175075,0.));
#3665=DIRECTION('ref_axis',(0.,0.,1.));
#3666=DIRECTION('',(0.,0.,1.));
#3667=DIRECTION('',(0.0182752815389329,-0.0385835849967353,0.999088244878035));
#3668=DIRECTION('center_axis',(-0.953174954672716,-0.302419420316663,0.));
#3669=DIRECTION('ref_axis',(0.,0.,1.));
#3670=DIRECTION('',(0.,0.,1.));
#3671=DIRECTION('',(0.302419420316663,-0.953174954672716,0.));
#3672=DIRECTION('center_axis',(-0.990389334819832,-0.138307503321879,0.));
#3673=DIRECTION('ref_axis',(0.,0.,1.));
#3674=DIRECTION('',(0.,0.,1.));
#3675=DIRECTION('',(-0.138307503321879,0.990389334819832,0.));
#3676=DIRECTION('center_axis',(-0.999558252169268,0.0297203721429843,0.));
#3677=DIRECTION('ref_axis',(0.,0.,1.));
#3678=DIRECTION('',(0.,0.,1.));
#3679=DIRECTION('',(0.0297203721429843,0.999558252169268,0.));
#3680=DIRECTION('center_axis',(-0.980422897244806,0.19690338381577,0.));
#3681=DIRECTION('ref_axis',(0.,0.,1.));
#3682=DIRECTION('',(0.,0.,1.));
#3683=DIRECTION('',(0.19690338381577,0.980422897244806,0.));
#3684=DIRECTION('center_axis',(-0.933527592114947,0.358505557502348,0.));
#3685=DIRECTION('ref_axis',(0.,0.,1.));
#3686=DIRECTION('',(0.,0.,1.));
#3687=DIRECTION('',(0.358505557502348,0.933527592114947,0.));
#3688=DIRECTION('center_axis',(-0.860188045628825,0.509976985909427,0.));
#3689=DIRECTION('ref_axis',(0.,0.,1.));
#3690=DIRECTION('',(0.,0.,1.));
#3691=DIRECTION('',(0.509976985909427,0.860188045628825,0.));
#3692=DIRECTION('center_axis',(-0.76250068564133,0.646987406675355,0.));
#3693=DIRECTION('ref_axis',(0.,0.,1.));
#3694=DIRECTION('',(0.,0.,1.));
#3695=DIRECTION('',(0.646987406675355,0.76250068564133,0.));
#3696=DIRECTION('center_axis',(-0.643222206636739,0.765679562799846,0.));
#3697=DIRECTION('ref_axis',(0.,0.,1.));
#3698=DIRECTION('',(0.,0.,1.));
#3699=DIRECTION('',(0.765679562799846,0.643222206636739,0.));
#3700=DIRECTION('center_axis',(-0.505709020040018,0.86270411326837,0.));
#3701=DIRECTION('ref_axis',(0.,0.,1.));
#3702=DIRECTION('',(0.,0.,1.));
#3703=DIRECTION('',(0.86270411326837,0.505709020040018,0.));
#3704=DIRECTION('center_axis',(-0.35391161868533,0.935278870797117,0.));
#3705=DIRECTION('ref_axis',(0.,0.,1.));
#3706=DIRECTION('',(0.,0.,1.));
#3707=DIRECTION('',(0.935278870797117,0.35391161868533,0.));
#3708=DIRECTION('center_axis',(-0.192067258090156,0.981381764844716,0.));
#3709=DIRECTION('ref_axis',(0.,0.,1.));
#3710=DIRECTION('',(0.,0.,1.));
#3711=DIRECTION('',(-0.981381764844716,-0.192067258090156,0.));
#3712=DIRECTION('center_axis',(-0.0247773583002335,0.999692994131529,0.));
#3713=DIRECTION('ref_axis',(0.,0.,1.));
#3714=DIRECTION('',(0.,0.,1.));
#3715=DIRECTION('',(-0.999692994131529,-0.0247773583002335,0.));
#3716=DIRECTION('center_axis',(0.143187935735517,0.989695516338132,0.));
#3717=DIRECTION('ref_axis',(0.,0.,1.));
#3718=DIRECTION('',(0.,0.,1.));
#3719=DIRECTION('',(-0.989695516338132,0.143187935735517,0.));
#3720=DIRECTION('center_axis',(0.307108466948338,0.951674518692521,0.));
#3721=DIRECTION('ref_axis',(0.,0.,1.));
#3722=DIRECTION('',(0.,0.,1.));
#3723=DIRECTION('',(-0.951674518692521,0.307108466948338,0.));
#3724=DIRECTION('center_axis',(0.462355432712521,0.8866946790419,0.));
#3725=DIRECTION('ref_axis',(0.,0.,1.));
#3726=DIRECTION('',(0.,0.,1.));
#3727=DIRECTION('',(-0.8866946790419,0.462355432712521,0.));
#3728=DIRECTION('center_axis',(0.604476697436443,0.79662282308275,0.));
#3729=DIRECTION('ref_axis',(0.,0.,-1.));
#3730=DIRECTION('',(0.,0.,1.));
#3731=DIRECTION('',(-0.79662282308275,0.604476697436443,0.));
#3732=DIRECTION('center_axis',(0.729503190329095,0.683977408471706,0.));
#3733=DIRECTION('ref_axis',(0.,0.,-1.));
#3734=DIRECTION('',(0.,0.,1.));
#3735=DIRECTION('',(-0.683977408471706,0.729503190329095,0.));
#3736=DIRECTION('center_axis',(0.833862386714951,0.551972390633849,0.));
#3737=DIRECTION('ref_axis',(0.,0.,-1.));
#3738=DIRECTION('',(0.551972390633849,-0.833862386714951,0.));
#3739=DIRECTION('center_axis',(-0.250028876908354,-0.968238380106855,0.));
#3740=DIRECTION('ref_axis',(0.,0.,-1.));
#3741=DIRECTION('',(0.,0.,1.));
#3742=DIRECTION('',(0.,0.,1.));
#3743=DIRECTION('',(0.968238380106855,-0.250028876908353,0.));
#3744=DIRECTION('center_axis',(-0.0841410711559702,-0.996453852491286,0.));
#3745=DIRECTION('ref_axis',(0.,0.,-1.));
#3746=DIRECTION('',(0.996453852491286,-0.0841410711559701,0.));
#3747=DIRECTION('center_axis',(-0.556090940256039,-0.83112145091145,0.));
#3748=DIRECTION('ref_axis',(0.,0.,1.));
#3749=DIRECTION('',(0.,0.,1.));
#3750=DIRECTION('',(0.,0.,1.));
#3751=DIRECTION('',(0.83112145091145,-0.556090940256039,0.));
#3752=DIRECTION('center_axis',(-0.408847462169832,-0.912602735409712,0.));
#3753=DIRECTION('ref_axis',(0.,0.,-1.));
#3754=DIRECTION('',(0.912602735409712,-0.408847462169832,0.));
#3755=DIRECTION('center_axis',(-0.818027828933311,-0.575173588527006,0.00241125519600593));
#3756=DIRECTION('ref_axis',(0.00294763165208326,0.,0.999995655724386));
#3757=DIRECTION('',(0.0460337517755339,-0.0612905908809754,0.997057850461511));
#3758=DIRECTION('',(-0.014066722724576,0.024196662554388,0.99960824768157));
#3759=DIRECTION('center_axis',(-0.799587717308086,-0.600549317150594,0.));
#3760=DIRECTION('ref_axis',(0.,0.,1.));
#3761=DIRECTION('',(0.,0.,1.));
#3762=DIRECTION('',(0.600549317150594,-0.799587717308086,0.));
#3763=DIRECTION('center_axis',(-0.68756797930001,-0.726120013387113,0.));
#3764=DIRECTION('ref_axis',(0.,0.,1.));
#3765=DIRECTION('',(0.726120013387113,-0.68756797930001,0.));
#3766=DIRECTION('center_axis',(-0.888974626753257,-0.457954237491276,-0.00142455350593174));
#3767=DIRECTION('ref_axis',(-0.00160246607046554,0.,0.999998716050422));
#3768=DIRECTION('',(0.457954702167315,-0.888975528776156,0.));
#3769=DIRECTION('center_axis',(0.,0.,1.));
#3770=DIRECTION('ref_axis',(1.,0.,0.));
#3771=DIRECTION('',(1.,0.,0.));
#3772=DIRECTION('',(0.99452863332215,-0.104464336030894,0.));
#3773=DIRECTION('',(0.968110208600042,-0.250524697394055,0.));
#3774=DIRECTION('',(0.920362689774876,-0.391065875870492,0.));
#3775=DIRECTION('',(0.852346179306041,-0.522978002044439,0.));
#3776=DIRECTION('',(0.765549402519736,-0.643377115152284,0.));
#3777=DIRECTION('',(0.661887313092648,-0.749603351624707,0.));
#3778=DIRECTION('',(0.543644479453661,-0.839315602118511,0.));
#3779=DIRECTION('',(0.479857726863781,-0.877346318148725,0.));
#3780=DIRECTION('',(0.,1.,0.));
#3781=DIRECTION('center_axis',(0.,-1.,0.));
#3782=DIRECTION('ref_axis',(0.,0.,-1.));
#3783=DIRECTION('',(0.,0.,1.));
#3784=DIRECTION('',(1.,0.,0.));
#3785=DIRECTION('',(0.,0.,1.));
#3786=DIRECTION('center_axis',(-0.877346318148726,-0.479857726863781,0.));
#3787=DIRECTION('ref_axis',(0.,0.,1.));
#3788=DIRECTION('',(0.233645894063446,-0.427185712412883,0.873454041892068));
#3789=DIRECTION('',(0.,0.,1.));
#3790=DIRECTION('center_axis',(-0.877345114396365,-0.47985992773191,-1.39839208187478E-6));
#3791=DIRECTION('ref_axis',(-1.59389054424168E-6,0.,0.99999999999873));
#3792=DIRECTION('',(0.305338650006088,-0.558263851812,0.771433587920885));
#3793=DIRECTION('center_axis',(-0.877345927925528,-0.479858440326409,0.));
#3794=DIRECTION('ref_axis',(0.,0.,1.));
#3795=DIRECTION('',(-0.479858440326409,0.877345927925529,0.));
#3796=DIRECTION('center_axis',(-0.839315602118511,-0.543644479453661,0.));
#3797=DIRECTION('ref_axis',(0.,0.,1.));
#3798=DIRECTION('',(0.,0.,1.));
#3799=DIRECTION('',(-0.543644479453661,0.839315602118511,0.));
#3800=DIRECTION('center_axis',(-0.749603351624707,-0.661887313092648,0.));
#3801=DIRECTION('ref_axis',(0.,0.,1.));
#3802=DIRECTION('',(0.,0.,1.));
#3803=DIRECTION('',(-0.661887313092648,0.749603351624707,0.));
#3804=DIRECTION('center_axis',(-0.643377115152284,-0.765549402519736,0.));
#3805=DIRECTION('ref_axis',(0.,0.,1.));
#3806=DIRECTION('',(0.,0.,1.));
#3807=DIRECTION('',(-0.765549402519736,0.643377115152284,0.));
#3808=DIRECTION('center_axis',(-0.522978002044439,-0.852346179306041,0.));
#3809=DIRECTION('ref_axis',(0.,0.,1.));
#3810=DIRECTION('',(0.,0.,1.));
#3811=DIRECTION('',(-0.852346179306041,0.522978002044439,0.));
#3812=DIRECTION('center_axis',(-0.391065875870492,-0.920362689774876,0.));
#3813=DIRECTION('ref_axis',(0.,0.,-1.));
#3814=DIRECTION('',(0.,0.,1.));
#3815=DIRECTION('',(-0.920362689774876,0.391065875870492,0.));
#3816=DIRECTION('center_axis',(-0.250524697394055,-0.968110208600042,0.));
#3817=DIRECTION('ref_axis',(0.,0.,-1.));
#3818=DIRECTION('',(0.,0.,1.));
#3819=DIRECTION('',(-0.968110208600042,0.250524697394055,0.));
#3820=DIRECTION('center_axis',(-0.104464336030894,-0.99452863332215,0.));
#3821=DIRECTION('ref_axis',(0.,0.,-1.));
#3822=DIRECTION('',(0.,0.,1.));
#3823=DIRECTION('',(-0.99452863332215,0.104464336030894,0.));
#3824=DIRECTION('center_axis',(-0.98507456645201,0.172128145662342,-4.78724988641286E-7));
#3825=DIRECTION('ref_axis',(-4.85978427364617E-7,0.,0.999999999999882));
#3826=DIRECTION('',(-0.0026429001160498,-0.0151223090645787,0.999882158480454));
#3827=DIRECTION('',(-0.172128145662361,-0.985074566452123,0.));
#3828=DIRECTION('center_axis',(-0.952699399815167,0.303907115671237,0.00207813286610781));
#3829=DIRECTION('ref_axis',(0.0021813049557207,0.,0.999997620951515));
#3830=DIRECTION('',(0.00542397594516625,0.0101656840326065,0.999933617473228));
#3831=DIRECTION('center_axis',(-0.580230623584692,0.814436050939225,-0.00513248332085128));
#3832=DIRECTION('ref_axis',(-0.00884524588971108,0.,0.99996088004739));
#3833=DIRECTION('',(0.0299510973617895,0.0276347830363755,0.999169280219001));
#3834=DIRECTION('center_axis',(-0.793092521347825,0.609061777710494,0.00692845684717191));
#3835=DIRECTION('ref_axis',(0.00873566739546799,0.,0.999961843329612));
#3836=DIRECTION('',(0.0138022937828139,0.00659842745157739,0.999882971872958));
#3837=DIRECTION('',(0.609076396789694,0.793111557647273,0.));
#3838=DIRECTION('center_axis',(-0.396539742253105,0.918017369831442,-0.000584381384040871));
#3839=DIRECTION('ref_axis',(0.,0.000636568854624911,0.999999797390026));
#3840=DIRECTION('',(-0.00191735566218464,-0.000191638444684646,0.999998143509262));
#3841=DIRECTION('',(0.918017526583683,0.396539809962601,0.));
#3842=DIRECTION('center_axis',(-0.0132728156603529,0.999911898494526,0.000166173161288587));
#3843=DIRECTION('ref_axis',(0.,-0.000166187800389275,0.999999986190807));
#3844=DIRECTION('',(0.0208845586848026,0.000111069766115021,0.999781887649525));
#3845=DIRECTION('center_axis',(0.107183377203095,0.994236492932622,-0.002349419583394));
#3846=DIRECTION('ref_axis',(0.,0.00236303237770633,0.999997208035093));
#3847=DIRECTION('',(-0.006986908226786,0.00311619144086651,0.999970735803971));
#3848=DIRECTION('',(-0.994239236923548,0.107183673018242,0.));
#3849=DIRECTION('center_axis',(0.554470142532566,0.832202631981188,0.00128076676213123));
#3850=DIRECTION('ref_axis',(0.00230988694803553,0.,-0.999997332207585));
#3851=DIRECTION('',(0.0178341661401619,-0.0134209625262447,0.999750879110868));
#3852=DIRECTION('center_axis',(0.601259584847628,0.799053760161125,1.10751794584354E-6));
#3853=DIRECTION('ref_axis',(1.84199632530154E-6,0.,-0.999999999998304));
#3854=DIRECTION('',(1.85414181508588E-6,-2.78121272262882E-6,0.999999999994413));
#3855=DIRECTION('',(0.799053760161615,-0.601259584847996,0.));
#3856=DIRECTION('center_axis',(0.805956311567215,0.59197501961227,1.52051157615783E-7));
#3857=DIRECTION('ref_axis',(1.88659305018793E-7,0.,-0.999999999999982));
#3858=DIRECTION('',(0.591975019612277,-0.805956311567224,0.));
#3859=DIRECTION('',(-0.0451872396930429,0.0615208213502483,0.997082394744444));
#3860=DIRECTION('center_axis',(0.805955135821281,0.591976620351936,0.));
#3861=DIRECTION('ref_axis',(0.,0.,-1.));
#3862=DIRECTION('',(0.,0.,1.));
#3863=DIRECTION('center_axis',(0.71270495222129,0.701463934268362,0.));
#3864=DIRECTION('ref_axis',(0.,0.,-1.));
#3865=DIRECTION('',(0.,0.,1.));
#3866=DIRECTION('',(0.701463934268362,-0.71270495222129,0.));
#3867=DIRECTION('center_axis',(0.604473775510004,0.796625040229518,0.));
#3868=DIRECTION('ref_axis',(0.,0.,-1.));
#3869=DIRECTION('',(0.,0.,1.));
#3870=DIRECTION('',(0.796625040229518,-0.604473775510004,0.));
#3871=DIRECTION('center_axis',(0.483672586637629,0.87524900967397,0.));
#3872=DIRECTION('ref_axis',(0.,0.,1.));
#3873=DIRECTION('',(0.,0.,1.));
#3874=DIRECTION('',(0.87524900967397,-0.483672586637629,0.));
#3875=DIRECTION('center_axis',(0.352849255388849,0.93568018199144,0.));
#3876=DIRECTION('ref_axis',(0.,0.,1.));
#3877=DIRECTION('',(0.,0.,1.));
#3878=DIRECTION('',(0.93568018199144,-0.352849255388849,0.));
#3879=DIRECTION('center_axis',(0.214683624940872,0.97668364437122,0.));
#3880=DIRECTION('ref_axis',(0.,0.,1.));
#3881=DIRECTION('',(0.,0.,1.));
#3882=DIRECTION('',(0.97668364437122,-0.214683624940872,0.));
#3883=DIRECTION('center_axis',(0.0720513470998638,0.997400924092762,0.));
#3884=DIRECTION('ref_axis',(0.,0.,1.));
#3885=DIRECTION('',(0.0726651511244514,-0.00524926526461186,0.997342579571454));
#3886=DIRECTION('center_axis',(0.0720467871994258,0.997401253485341,3.33962401974489E-7));
#3887=DIRECTION('ref_axis',(0.,-3.34832546888692E-7,0.999999999999944));
#3888=DIRECTION('',(-4.63535453769079E-6,0.,0.999999999989257));
#3889=DIRECTION('',(0.997401253485397,-0.0720467871994298,0.));
#3890=DIRECTION('center_axis',(0.,1.,0.));
#3891=DIRECTION('ref_axis',(0.,0.,1.));
#3892=DIRECTION('',(0.,0.,1.));
#3893=DIRECTION('',(1.,0.,0.));
#3894=DIRECTION('center_axis',(0.,1.,0.));
#3895=DIRECTION('ref_axis',(0.,0.,1.));
#3896=DIRECTION('',(0.,0.,1.));
#3897=DIRECTION('',(-1.,0.,0.));
#3898=DIRECTION('center_axis',(-1.,0.,0.));
#3899=DIRECTION('ref_axis',(0.,0.,1.));
#3900=DIRECTION('',(0.,0.,1.));
#3901=DIRECTION('',(0.,-1.,0.));
#3902=DIRECTION('',(0.,0.956156643543056,0.292855720463982));
#3903=DIRECTION('',(0.,0.803963132634473,0.594679141524709));
#3904=DIRECTION('',(0.,0.559926090286322,0.8285425598101));
#3905=DIRECTION('',(0.,0.333098719564641,0.942891957238154));
#3906=DIRECTION('',(0.,0.113015935337434,0.993593175479686));
#3907=DIRECTION('',(0.,-0.168978112830397,0.985619803668878));
#3908=DIRECTION('',(0.,-0.437542378970704,0.899197790591512));
#3909=DIRECTION('',(0.,-0.628153449484369,0.778089483222135));
#3910=DIRECTION('',(0.,-0.803972270304866,0.594666787857569));
#3911=DIRECTION('',(0.,-0.927866655300168,0.372912147807066));
#3912=DIRECTION('',(0.,-0.986676494799283,0.162694482422118));
#3913=DIRECTION('',(0.,0.997632967875484,0.0687638088528645));
#3914=DIRECTION('',(0.,-0.927868538184745,-0.372907462846889));
#3915=DIRECTION('',(0.,-0.750634450461836,-0.660717732303181));
#3916=DIRECTION('',(0.,-0.487657396353884,-0.873035087371264));
#3917=DIRECTION('',(0.,-0.251929076768018,-0.967745700212));
#3918=DIRECTION('',(0.,-0.0283631618974025,-0.999597684594748));
#3919=DIRECTION('',(0.,0.196855259189121,-0.980432561132883));
#3920=DIRECTION('',(0.,0.41186596159538,-0.911244440136187));
#3921=DIRECTION('',(0.,0.628181688546579,-0.778066684915097));
#3922=DIRECTION('',(0.,0.851500970429479,-0.524353027413456));
#3923=DIRECTION('',(0.,0.956157208071003,-0.292853877307206));
#3924=DIRECTION('',(0.,0.999098589238577,-0.0424500763425081));
#3925=DIRECTION('center_axis',(0.,-1.,0.));
#3926=DIRECTION('ref_axis',(0.,0.,-1.));
#3927=DIRECTION('',(-1.,0.,0.));
#3928=DIRECTION('center_axis',(0.,-1.,0.));
#3929=DIRECTION('ref_axis',(0.,0.,-1.));
#3930=DIRECTION('',(0.,0.,1.));
#3931=DIRECTION('center_axis',(1.,0.,0.));
#3932=DIRECTION('ref_axis',(0.,0.,-1.));
#3933=DIRECTION('',(0.,-1.,0.));
#3934=DIRECTION('center_axis',(0.,1.,0.));
#3935=DIRECTION('ref_axis',(0.,0.,1.));
#3936=DIRECTION('',(1.,0.,0.));
#3937=DIRECTION('center_axis',(0.,0.,1.));
#3938=DIRECTION('ref_axis',(1.,0.,0.));
#3939=DIRECTION('center_axis',(0.,0.,1.));
#3940=DIRECTION('ref_axis',(1.,0.,0.));
#3941=DIRECTION('center_axis',(0.,-0.127007192458596,0.991901796078516));
#3942=DIRECTION('ref_axis',(1.,0.,0.));
#3943=DIRECTION('',(1.,0.,0.));
#3944=DIRECTION('',(0.996841665056774,-0.0787715850060816,-0.010086238271459));
#3945=DIRECTION('center_axis',(0.00466039825441674,-0.0687630620975041,
0.997622133865867));
#3946=DIRECTION('ref_axis',(0.999989088692231,0.,-0.00467145549920573));
#3947=DIRECTION('',(0.998997548820778,0.0447369063179604,-0.00158324450899883));
#3948=DIRECTION('center_axis',(0.,-0.346432384363682,0.938074945334377));
#3949=DIRECTION('ref_axis',(1.,0.,0.));
#3950=DIRECTION('',(-0.992979964345744,-0.110958010723297,-0.0409769479616803));
#3951=DIRECTION('center_axis',(0.00337955488840855,-0.372905333279793,0.927863239394817));
#3952=DIRECTION('ref_axis',(0.999993366896803,0.,-0.0036422743438747));
#3953=DIRECTION('',(0.999207589628244,-0.0355385201654227,-0.0179222323878968));
#3954=DIRECTION('center_axis',(-0.00673064623477478,-0.594671052353997,
0.803940941794515));
#3955=DIRECTION('ref_axis',(0.999964956101706,0.,0.00837177212503869));
#3956=DIRECTION('',(-0.992979365399854,-0.0909719548968717,-0.0756047836604597));
#3957=DIRECTION('center_axis',(0.0033789315978037,-0.660713960526191,0.75063016538576));
#3958=DIRECTION('ref_axis',(0.999989868583303,0.,-0.00450141430527672));
#3959=DIRECTION('',(0.9992075619274,-0.0275387680915309,-0.0287378572461748));
#3960=DIRECTION('center_axis',(-0.00673151748231451,-0.828529071408759,
0.559905585347141));
#3961=DIRECTION('ref_axis',(0.999927736451586,0.,0.0120217251178193));
#3962=DIRECTION('',(-0.992978850206343,-0.0605896849468926,-0.101596718061782));
#3963=DIRECTION('center_axis',(0.00337621569189026,-0.873030111566765,0.487654616983499));
#3964=DIRECTION('ref_axis',(0.,-0.487657396353884,-0.873035087371264));
#3965=DIRECTION('',(0.999207467748086,-0.0163961168760955,-0.0362712523611008));
#3966=DIRECTION('center_axis',(-0.00673351195676751,-0.967716308532958,
0.251951991490586));
#3967=DIRECTION('ref_axis',(0.,-0.251957703459558,-0.967738247496391));
#3968=DIRECTION('',(-0.992978546826405,-0.0232869084468921,-0.115979849273517));
#3969=DIRECTION('center_axis',(-0.00672999382174979,-0.967723783999461,
0.251923371414649));
#3970=DIRECTION('ref_axis',(0.,-0.251929076768018,-0.967745700212));
#3971=DIRECTION('',(-0.999207430112822,-0.003376218795093,-0.0396624854740343));
#3972=DIRECTION('center_axis',(0.00225168590833109,-0.999595150566709,0.0283630899954277));
#3973=DIRECTION('ref_axis',(0.,-0.0283631618974025,-0.999597684594748));
#3974=DIRECTION('',(0.996863598816556,0.,-0.0791388991236603));
#3975=DIRECTION('center_axis',(-0.00225168590833109,-0.999595150566709,
-0.0283630899954277));
#3976=DIRECTION('ref_axis',(0.,0.0283631618974025,-0.999597684594748));
#3977=DIRECTION('',(-0.999207430112822,0.003376218795093,-0.0396624854740343));
#3978=DIRECTION('center_axis',(0.00893881225864054,-0.951917481734711,-0.306224110094635));
#3979=DIRECTION('ref_axis',(0.,0.306236344843075,-0.951955514242737));
#3980=DIRECTION('',(-0.987715875883241,0.0393710404847946,-0.151219276877479));
#3981=DIRECTION('center_axis',(-0.00894182954913292,-0.980393364461679,
-0.196847389121179));
#3982=DIRECTION('ref_axis',(0.,0.196855259189121,-0.980432561132883));
#3983=DIRECTION('',(-0.999207467748086,0.0163961168760955,-0.0362712523611008));
#3984=DIRECTION('center_axis',(-1.97767856573128E-6,-0.911244440134405,
-0.411865961594575));
#3985=DIRECTION('ref_axis',(0.,0.41186596159538,-0.911244440136187));
#3986=DIRECTION('',(0.999207412758168,0.0163930839606963,-0.0362741379964542));
#3987=DIRECTION('center_axis',(-0.00673326239088795,-0.828529348020746,
-0.559905155044935));
#3988=DIRECTION('ref_axis',(-0.999927698876121,0.,0.0120248501157475));
#3989=DIRECTION('',(-0.992979233387083,0.0716659159902149,-0.0941075902745628));
#3990=DIRECTION('center_axis',(0.00337951088145179,-0.778062241716116,-0.628178101275342));
#3991=DIRECTION('ref_axis',(-0.999985528861823,0.,-0.00537978316853419));
#3992=DIRECTION('',(0.999207482636986,0.0275417979195139,-0.0287377105841465));
#3993=DIRECTION('center_axis',(-0.00673047499492778,-0.594670462670554,
-0.803941379413656));
#3994=DIRECTION('ref_axis',(-0.999964957922898,0.,0.00837155459022733));
#3995=DIRECTION('',(-0.992979698027286,0.0989188624710069,-0.0648565952936311));
#3996=DIRECTION('center_axis',(0.00338076362298803,-0.524350030841998,-0.85149610427372));
#3997=DIRECTION('ref_axis',(-0.999992118132088,0.,-0.00397034931726352));
#3998=DIRECTION('',(0.999207536248564,0.0355415502803212,-0.0179191994170174));
#3999=DIRECTION('center_axis',(-0.0114382056722751,-0.174808259899775,-0.984536053033007));
#4000=DIRECTION('ref_axis',(-0.99993251945257,0.,0.0116170797206055));
#4001=DIRECTION('',(-0.973110088210319,0.228474388262837,-0.0292610685250456));
#4002=DIRECTION('center_axis',(-0.0399752405385652,-0.292619790595573,-0.955392923511414));
#4003=DIRECTION('ref_axis',(-0.999125784817876,0.,0.0418050967235368));
#4004=DIRECTION('',(-0.987631238735807,0.156653230793385,-0.00665594134363427));
#4005=DIRECTION('center_axis',(0.,-0.0424500763425081,-0.999098589238577));
#4006=DIRECTION('ref_axis',(-1.,0.,0.));
#4007=DIRECTION('',(1.,0.,0.));
#4008=DIRECTION('center_axis',(0.,0.265613816648318,-0.96407950937955));
#4009=DIRECTION('ref_axis',(-1.,0.,0.));
#4010=DIRECTION('',(-0.992980042966174,0.11403326372297,0.0314173365450065));
#4011=DIRECTION('center_axis',(0.00337910052847386,0.292854048498988,-0.956151184676027));
#4012=DIRECTION('ref_axis',(-0.999993755250444,0.,-0.00353404302686951));
#4013=DIRECTION('',(0.999207575233843,0.0369312245468659,0.014842717027968));
#4014=DIRECTION('center_axis',(-0.00673170176686776,0.52434349862053,-0.85148022857005));
#4015=DIRECTION('ref_axis',(-0.999968749983944,0.,0.00790563441782333));
#4016=DIRECTION('',(-0.992979720581096,0.097053315690829,0.067616036767218));
#4017=DIRECTION('center_axis',(0.00337848045222204,0.59467574764246,-0.803958544351458));
#4018=DIRECTION('ref_axis',(-0.999991170425752,0.,-0.00420226968842454));
#4019=DIRECTION('',(0.999207446777676,0.0298793347006951,0.0263002597303136));
#4020=DIRECTION('center_axis',(-0.00673254903157157,0.778058533709699,-0.628155705940056));
#4021=DIRECTION('ref_axis',(-0.999942567592613,0.,0.010717346513629));
#4022=DIRECTION('',(-0.992979226855876,0.0689849613397386,0.0960902187616464));
#4023=DIRECTION('center_axis',(0.00337724771587403,0.828537834700378,-0.559922897074119));
#4024=DIRECTION('ref_axis',(-0.999981810216385,0.,-0.00603152023629749));
#4025=DIRECTION('',(0.99920745361985,0.0194118147126914,0.0347512025704934));
#4026=DIRECTION('center_axis',(-0.00673276832703829,0.942869923106681,-0.333093046957536));
#4027=DIRECTION('ref_axis',(0.,0.333100596796327,0.942891294059889));
#4028=DIRECTION('',(-0.992978892473936,0.0330362027834351,0.113584895152866));
#4029=DIRECTION('center_axis',(-0.00673253154650819,0.942870587773071,-0.333091170299424));
#4030=DIRECTION('ref_axis',(0.,0.333098719564641,0.942891957238154));
#4031=DIRECTION('',(-0.999207477831418,0.00672500541173033,0.0392325190115218));
#4032=DIRECTION('center_axis',(0.00224979697512594,0.993590660897637,-0.11301564931711));
#4033=DIRECTION('ref_axis',(0.,0.113015935337434,0.993593175479685));
#4034=DIRECTION('',(0.996863512138514,0.00671211058497953,0.0788548396635305));
#4035=DIRECTION('center_axis',(-0.00225166731585872,0.998399011325246,-0.0565185295197051));
#4036=DIRECTION('ref_axis',(0.,0.0565186727948834,0.99840154227921));
#4037=DIRECTION('',(-0.999207352413762,0.,0.0398078746265217));
#4038=DIRECTION('center_axis',(0.00673213579740308,0.985596208742814,0.168981631130122));
#4039=DIRECTION('ref_axis',(0.,-0.168985460523662,0.985618543926405));
#4040=DIRECTION('',(-0.99297868898775,-0.0133690367290479,0.117535492822838));
#4041=DIRECTION('center_axis',(0.00673124917571107,0.985597474339511,0.168974284611927));
#4042=DIRECTION('ref_axis',(0.,-0.168978112830397,0.985619803668878));
#4043=DIRECTION('',(0.999207387963952,-0.0132591371771244,0.0375338663019883));
#4044=DIRECTION('center_axis',(-6.81223961110481E-8,0.942895981541824,0.333087327877054));
#4045=DIRECTION('ref_axis',(0.,-0.333087327877055,0.942895981541826));
#4046=DIRECTION('',(-0.999207386051084,-0.0132592815333119,0.037533866230134));
#4047=DIRECTION('center_axis',(0.00894155589959049,0.844040545081465,0.536204817990922));
#4048=DIRECTION('ref_axis',(0.999860990587309,0.,-0.0166733170594295));
#4049=DIRECTION('',(-0.987716257769361,-0.0762008186644269,0.1364185814798));
#4050=DIRECTION('center_axis',(-0.00894016285336711,0.899161855002016,0.437524893003231));
#4051=DIRECTION('ref_axis',(0.,-0.437542378970704,0.899197790591512));
#4052=DIRECTION('',(-0.999207530706411,-0.0250042927743566,0.0309692738444433));
#4053=DIRECTION('center_axis',(-2.1227319207948E-6,0.778089483220382,0.628153449482954));
#4054=DIRECTION('ref_axis',(0.99999999999429,0.,3.37932064614139E-6));
#4055=DIRECTION('',(0.999207504550486,-0.0250014044880736,0.0309724494287002));
#4056=DIRECTION('center_axis',(-0.00673472871770874,0.660713695915285,0.750607790699686));
#4057=DIRECTION('ref_axis',(0.999959750743592,0.,0.00897200606405664));
#4058=DIRECTION('',(-0.992979387313455,-0.0930662150538857,0.0730110675592403));
#4059=DIRECTION('center_axis',(0.00337919141485012,0.594663392617292,0.803967680038367));
#4060=DIRECTION('ref_axis',(0.99999116690999,0.,-0.00420310623181634));
#4061=DIRECTION('',(0.999207628226289,-0.033891416181959,0.0208683397417327));
#4062=DIRECTION('center_axis',(-0.0114380478808336,0.25768214845039,0.966162036839922));
#4063=DIRECTION('ref_axis',(0.999929930625752,0.,0.0118378139358325));
#4064=DIRECTION('',(0.973109526690733,0.225171596257037,-0.048534537216248));
#4065=DIRECTION('center_axis',(-0.0399795856794451,0.372614003337306,0.927124822904578));
#4066=DIRECTION('ref_axis',(0.99907153615544,0.,0.0430820803119972));
#4067=DIRECTION('',(0.987631152423802,0.155524960935244,-0.0199171606441214));
#4068=DIRECTION('center_axis',(-0.00572194006331374,0.162691819042988,0.986660342477793));
#4069=DIRECTION('ref_axis',(0.999983184479563,0.,0.00579920323091576));
#4070=CARTESIAN_POINT('',(0.,0.,0.));
#4071=CARTESIAN_POINT('Origin',(-64.65,318.848739624023,-4.00000000000007));
#4072=CARTESIAN_POINT('',(-66.8,318.848739624023,-4.00000000000007));
#4073=CARTESIAN_POINT('Origin',(-64.65,318.848739624023,-4.00000000000007));
#4074=CARTESIAN_POINT('',(-66.8,318.848739624023,-7.105427357601E-14));
#4075=CARTESIAN_POINT('',(-66.8,318.848739624023,-4.00000000000007));
#4076=CARTESIAN_POINT('Origin',(-64.65,318.848739624023,-7.105427357601E-14));
#4077=CARTESIAN_POINT('Origin',(-206.35,318.848979248047,-4.00000000000007));
#4078=CARTESIAN_POINT('',(-208.5,318.848979248047,-4.00000000000007));
#4079=CARTESIAN_POINT('Origin',(-206.35,318.848979248047,-4.00000000000007));
#4080=CARTESIAN_POINT('',(-208.5,318.848979248047,-7.105427357601E-14));
#4081=CARTESIAN_POINT('',(-208.5,318.848979248047,-4.00000000000007));
#4082=CARTESIAN_POINT('Origin',(-206.35,318.848979248047,-7.105427357601E-14));
#4083=CARTESIAN_POINT('Origin',(-55.5,318.848739624023,5.85095500946038));
#4084=CARTESIAN_POINT('',(-55.5,329.197479248047,-4.00000000000007));
#4085=CARTESIAN_POINT('',(-55.5,329.197479248047,-7.105427357601E-14));
#4086=CARTESIAN_POINT('',(-55.5,329.197479248047,-4.00000000000007));
#4087=CARTESIAN_POINT('',(-55.5,308.5,-7.105427357601E-14));
#4088=CARTESIAN_POINT('',(-55.5,329.197479248047,-7.105427357601E-14));
#4089=CARTESIAN_POINT('',(-55.5,308.5,-4.00000000000007));
#4090=CARTESIAN_POINT('',(-55.5,308.5,-7.105427357601E-14));
#4091=CARTESIAN_POINT('',(-55.5,308.5,-4.00000000000007));
#4092=CARTESIAN_POINT('Origin',(-145.5,308.500479248047,-4.00000000000007));
#4093=CARTESIAN_POINT('',(-145.5,308.500479248047,-7.105427357601E-14));
#4094=CARTESIAN_POINT('',(-145.5,308.500479248047,-4.00000000000007));
#4095=CARTESIAN_POINT('',(-145.5,308.500479248047,5.85095500946038));
#4096=CARTESIAN_POINT('',(-215.5,308.500479248047,-7.105427357601E-14));
#4097=CARTESIAN_POINT('',(-145.5,308.500479248047,-7.105427357601E-14));
#4098=CARTESIAN_POINT('',(-215.5,308.500479248047,-4.00000000000007));
#4099=CARTESIAN_POINT('',(-215.5,308.500479248047,-4.00000000000007));
#4100=CARTESIAN_POINT('',(-145.5,308.500479248047,-4.00000000000007));
#4101=CARTESIAN_POINT('Origin',(-145.5,308.500479248047,-7.105427357601E-14));
#4102=CARTESIAN_POINT('',(-145.5,329.197479248047,-7.105427357601E-14));
#4103=CARTESIAN_POINT('',(-145.5,308.500239624023,-7.105427357601E-14));
#4104=CARTESIAN_POINT('',(-215.5,329.197479248047,-7.105427357601E-14));
#4105=CARTESIAN_POINT('',(-145.5,329.197479248047,-7.105427357601E-14));
#4106=CARTESIAN_POINT('',(-215.5,308.500479248047,-7.105427357601E-14));
#4107=CARTESIAN_POINT('Origin',(-215.5,318.848739624023,5.85095500946038));
#4108=CARTESIAN_POINT('',(-215.5,329.197479248047,-4.00000000000007));
#4109=CARTESIAN_POINT('',(-215.5,329.197479248047,-7.105427357601E-14));
#4110=CARTESIAN_POINT('',(-215.5,329.197479248047,-4.00000000000007));
#4111=CARTESIAN_POINT('Origin',(-145.5,308.5,15.7019100189208));
#4112=CARTESIAN_POINT('',(-145.5,308.5,-4.00000000000007));
#4113=CARTESIAN_POINT('',(-145.5,308.5,-4.00000000000007));
#4114=CARTESIAN_POINT('',(-145.5,308.5,15.7019100189208));
#4115=CARTESIAN_POINT('',(-145.5,308.5,15.7019100189208));
#4116=CARTESIAN_POINT('',(-145.5,320.555409669876,15.7019100189208));
#4117=CARTESIAN_POINT('',(-145.5,308.5,15.7019100189208));
#4118=CARTESIAN_POINT('',(-145.5,320.555379629135,4.90059995651238));
#4119=CARTESIAN_POINT('',(-145.5,320.555379629135,4.90059995651238));
#4120=CARTESIAN_POINT('',(-145.5,329.197479248047,4.90059995651238));
#4121=CARTESIAN_POINT('',(-145.5,329.197479248047,4.90059995651238));
#4122=CARTESIAN_POINT('',(-145.5,329.197479248047,-7.07986424206605E-14));
#4123=CARTESIAN_POINT('',(-145.5,309.949999809265,1.50018000602715));
#4124=CARTESIAN_POINT('',(-145.5,309.949999809265,14.2017202377319));
#4125=CARTESIAN_POINT('',(-145.5,309.949999809265,1.50018000602715));
#4126=CARTESIAN_POINT('',(-145.5,316.549999713898,1.50018000602715));
#4127=CARTESIAN_POINT('',(-145.5,316.549999713898,1.50018000602715));
#4128=CARTESIAN_POINT('',(-145.5,316.549999713898,14.2017202377319));
#4129=CARTESIAN_POINT('',(-145.5,316.549999713898,1.50018000602715));
#4130=CARTESIAN_POINT('',(-145.5,316.549999713898,14.2017202377319));
#4131=CARTESIAN_POINT('Origin',(-135.5,318.848739624023,-4.00000000000007));
#4132=CARTESIAN_POINT('',(-145.5,329.197479248047,-4.00000000000007));
#4133=CARTESIAN_POINT('',(-125.5,308.5,-4.00000000000007));
#4134=CARTESIAN_POINT('Origin',(-135.5,318.848739624023,-7.07986424206605E-14));
#4135=CARTESIAN_POINT('',(-130.5,329.197479248047,-7.07986424206605E-14));
#4136=CARTESIAN_POINT('',(-125.5,324.197479724884,-7.07986424206605E-14));
#4137=CARTESIAN_POINT('',(-130.5,329.197479248047,-7.07986424206605E-14));
#4138=CARTESIAN_POINT('',(-125.5,308.5,-7.105427357601E-14));
#4139=CARTESIAN_POINT('',(-125.5,326.697479486465,-7.105427357601E-14));
#4140=CARTESIAN_POINT('',(-125.5,308.5,-7.105427357601E-14));
#4141=CARTESIAN_POINT('',(-145.5,329.197479248047,-7.07986424206605E-14));
#4142=CARTESIAN_POINT('Origin',(-130.5,329.197479248047,-7.07986424206605E-14));
#4143=CARTESIAN_POINT('',(-130.5,329.197479248047,13.9016895294189));
#4144=CARTESIAN_POINT('',(-125.5,324.197479724884,13.9016895294189));
#4145=CARTESIAN_POINT('',(-130.5,329.197479248047,13.9016895294189));
#4146=CARTESIAN_POINT('',(-125.5,324.197479724884,13.9016895294189));
#4147=CARTESIAN_POINT('',(-130.5,329.197479248047,13.9016895294189));
#4148=CARTESIAN_POINT('Origin',(-125.5,321.950009584427,13.9016895294189));
#4149=CARTESIAN_POINT('',(-132.09376001358,320.725009679794,12.6765403747558));
#4150=CARTESIAN_POINT('',(-132.763770103455,321.950009584427,13.9016895294189));
#4151=CARTESIAN_POINT('',(-132.09376001358,320.725009679794,12.6765403747558));
#4152=CARTESIAN_POINT('',(-125.5,320.725009679794,12.6765403747558));
#4153=CARTESIAN_POINT('',(-125.5,320.725009679794,12.6765403747558));
#4154=CARTESIAN_POINT('',(-125.5,321.950009584427,13.9016895294189));
#4155=CARTESIAN_POINT('',(-125.5,321.950009584427,13.9016895294189));
#4156=CARTESIAN_POINT('',(-125.5,321.950009584427,13.9016895294189));
#4157=CARTESIAN_POINT('Origin',(-140.607989788055,320.003459572792,11.9548997879028));
#4158=CARTESIAN_POINT('',(-139.974999904633,319.950009584427,11.9014501571655));
#4159=CARTESIAN_POINT('',(-134.701430022717,321.950009584427,13.9016895294189));
#4160=CARTESIAN_POINT('',(-139.974999904633,319.950009584427,11.9014501571655));
#4161=CARTESIAN_POINT('',(-140.607989788055,320.003459572792,11.9548997879028));
#4162=CARTESIAN_POINT('',(-140.607989788055,320.003459572792,11.9548997879028));
#4163=CARTESIAN_POINT('',(-139.974999904633,319.950009584427,11.9014501571655));
#4164=CARTESIAN_POINT('Origin',(-134.701430022717,321.950009584427,13.9016895294189));
#4165=CARTESIAN_POINT('',(-141.223060131073,320.162289619446,12.1137504577636));
#4166=CARTESIAN_POINT('',(-141.223060131073,320.162289619446,12.1137504577636));
#4167=CARTESIAN_POINT('',(-141.223060131073,320.162289619446,12.1137504577636));
#4168=CARTESIAN_POINT('Origin',(-134.701430022717,321.950009584427,13.9016895294189));
#4169=CARTESIAN_POINT('',(-141.802790164948,320.422009587288,12.3734998703002));
#4170=CARTESIAN_POINT('',(-141.223060131073,320.162289619446,12.1137504577636));
#4171=CARTESIAN_POINT('',(-141.802790164948,320.422009587288,12.3734998703002));
#4172=CARTESIAN_POINT('Origin',(-134.701430022717,321.950009584427,13.9016895294189));
#4173=CARTESIAN_POINT('',(-142.330749988556,320.775259613991,12.7267904281616));
#4174=CARTESIAN_POINT('',(-142.330749988556,320.775259613991,12.7267904281616));
#4175=CARTESIAN_POINT('',(-142.330749988556,320.775259613991,12.7267904281616));
#4176=CARTESIAN_POINT('Origin',(-134.701430022717,321.950009584427,13.9016895294189));
#4177=CARTESIAN_POINT('',(-142.792009830475,321.212029695511,13.1636199951171));
#4178=CARTESIAN_POINT('',(-142.330749988556,320.775259613991,12.7267904281616));
#4179=CARTESIAN_POINT('',(-142.792009830475,321.212029695511,13.1636199951171));
#4180=CARTESIAN_POINT('Origin',(-134.701430022717,321.950009584427,13.9016895294189));
#4181=CARTESIAN_POINT('',(-143.300000190735,321.937549591065,13.889229774475));
#4182=CARTESIAN_POINT('',(-143.300000190735,321.937549591065,13.889229774475));
#4183=CARTESIAN_POINT('',(-143.300000190735,321.937549591065,13.889229774475));
#4184=CARTESIAN_POINT('Origin',(-134.701430022717,321.950009584427,13.9016895294189));
#4185=CARTESIAN_POINT('',(-143.300000190735,321.950009584427,13.9016895294189));
#4186=CARTESIAN_POINT('',(-143.300000190735,321.937549591065,13.889229774475));
#4187=CARTESIAN_POINT('',(-134.701430022717,321.950009584427,13.9016895294189));
#4188=CARTESIAN_POINT('Origin',(-134.701430022717,321.950009584427,13.9016895294189));
#4189=CARTESIAN_POINT('',(-133.607540011406,319.950009584427,11.9014501571655));
#4190=CARTESIAN_POINT('',(-139.974999904633,319.950009584427,11.9014501571655));
#4191=CARTESIAN_POINT('',(-133.607540011406,319.950009584427,11.9014501571655));
#4192=CARTESIAN_POINT('Origin',(-143.300000190735,321.937549591065,13.889229774475));
#4193=CARTESIAN_POINT('',(-143.300000190735,321.937549591065,13.9016895294189));
#4194=CARTESIAN_POINT('',(-143.300000190735,321.937549591065,13.9016895294189));
#4195=CARTESIAN_POINT('',(-143.300000190735,321.937549591065,13.889229774475));
#4196=CARTESIAN_POINT('Origin',(-125.5,316.083639621735,7.4150199890136));
#4197=CARTESIAN_POINT('',(-125.5,315.96076965332,6.9430699348449));
#4198=CARTESIAN_POINT('',(-127.,315.96076965332,6.9430699348449));
#4199=CARTESIAN_POINT('',(-125.5,315.96076965332,6.9430699348449));
#4200=CARTESIAN_POINT('',(-125.5,316.083639621735,7.4150199890136));
#4201=CARTESIAN_POINT('',(-125.5,316.083639621735,7.4150199890136));
#4202=CARTESIAN_POINT('',(-127.,316.083639621735,7.4150199890136));
#4203=CARTESIAN_POINT('',(-125.5,316.083639621735,7.4150199890136));
#4204=CARTESIAN_POINT('',(-127.,315.96076965332,6.9430699348449));
#4205=CARTESIAN_POINT('Origin',(-125.5,315.96076965332,6.9430699348449));
#4206=CARTESIAN_POINT('',(-125.5,315.759909629822,6.4986701011657));
#4207=CARTESIAN_POINT('',(-127.,315.759909629822,6.4986701011657));
#4208=CARTESIAN_POINT('',(-125.5,315.759909629822,6.4986701011657));
#4209=CARTESIAN_POINT('',(-125.5,315.96076965332,6.9430699348449));
#4210=CARTESIAN_POINT('',(-127.,315.759909629822,6.4986701011657));
#4211=CARTESIAN_POINT('Origin',(-125.5,315.759909629822,6.4986701011657));
#4212=CARTESIAN_POINT('',(-125.5,315.486849546432,6.09461021423333));
#4213=CARTESIAN_POINT('',(-127.,315.486849546432,6.09461021423333));
#4214=CARTESIAN_POINT('',(-125.5,315.486849546432,6.09461021423333));
#4215=CARTESIAN_POINT('',(-125.5,315.759909629822,6.4986701011657));
#4216=CARTESIAN_POINT('',(-127.,315.486849546432,6.09461021423333));
#4217=CARTESIAN_POINT('Origin',(-125.5,315.486849546432,6.09461021423333));
#4218=CARTESIAN_POINT('',(-125.5,315.149439573288,5.74250984191887));
#4219=CARTESIAN_POINT('',(-127.,315.149439573288,5.74250984191887));
#4220=CARTESIAN_POINT('',(-125.5,315.149439573288,5.74250984191887));
#4221=CARTESIAN_POINT('',(-125.5,315.486849546432,6.09461021423333));
#4222=CARTESIAN_POINT('',(-127.,315.149439573288,5.74250984191887));
#4223=CARTESIAN_POINT('Origin',(-125.5,315.149439573288,5.74250984191887));
#4224=CARTESIAN_POINT('',(-125.5,314.75737953186,5.45251989364617));
#4225=CARTESIAN_POINT('',(-127.,314.75737953186,5.45251989364617));
#4226=CARTESIAN_POINT('',(-125.5,314.75737953186,5.45251989364617));
#4227=CARTESIAN_POINT('',(-125.5,315.149439573288,5.74250984191887));
#4228=CARTESIAN_POINT('',(-127.,314.75737953186,5.45251989364617));
#4229=CARTESIAN_POINT('Origin',(-125.5,314.75737953186,5.45251989364617));
#4230=CARTESIAN_POINT('',(-125.5,314.321959495544,5.23295021057122));
#4231=CARTESIAN_POINT('',(-127.,314.321959495544,5.23295021057122));
#4232=CARTESIAN_POINT('',(-125.5,314.321959495544,5.23295021057122));
#4233=CARTESIAN_POINT('',(-125.5,314.75737953186,5.45251989364617));
#4234=CARTESIAN_POINT('',(-127.,314.321959495544,5.23295021057122));
#4235=CARTESIAN_POINT('Origin',(-125.5,314.321959495544,5.23295021057122));
#4236=CARTESIAN_POINT('',(-125.5,313.855699539185,5.0901498794555));
#4237=CARTESIAN_POINT('',(-127.,313.855699539185,5.0901498794555));
#4238=CARTESIAN_POINT('',(-125.5,313.855699539185,5.0901498794555));
#4239=CARTESIAN_POINT('',(-125.5,314.321959495544,5.23295021057122));
#4240=CARTESIAN_POINT('',(-127.,313.855699539185,5.0901498794555));
#4241=CARTESIAN_POINT('Origin',(-125.5,313.855699539185,5.0901498794555));
#4242=CARTESIAN_POINT('',(-125.5,313.372019767761,5.02820014953606));
#4243=CARTESIAN_POINT('',(-127.,313.372019767761,5.02820014953606));
#4244=CARTESIAN_POINT('',(-125.5,313.372019767761,5.02820014953606));
#4245=CARTESIAN_POINT('',(-125.5,313.372019767761,5.02820014953606));
#4246=CARTESIAN_POINT('',(-127.,313.372019767761,5.02820014953606));
#4247=CARTESIAN_POINT('Origin',(-125.5,313.372019767761,5.02820014953606));
#4248=CARTESIAN_POINT('',(-125.5,312.884819507599,5.04890012741082));
#4249=CARTESIAN_POINT('',(-127.,312.884819507599,5.04890012741082));
#4250=CARTESIAN_POINT('',(-125.5,312.884819507599,5.04890012741082));
#4251=CARTESIAN_POINT('',(-125.5,312.884819507599,5.04890012741082));
#4252=CARTESIAN_POINT('',(-127.,312.884819507599,5.04890012741082));
#4253=CARTESIAN_POINT('Origin',(-125.5,312.884819507599,5.04890012741082));
#4254=CARTESIAN_POINT('',(-125.5,312.408129692078,5.15164995193474));
#4255=CARTESIAN_POINT('',(-127.,312.408129692078,5.15164995193474));
#4256=CARTESIAN_POINT('',(-125.5,312.408129692078,5.15164995193474));
#4257=CARTESIAN_POINT('',(-125.5,312.408129692078,5.15164995193474));
#4258=CARTESIAN_POINT('',(-127.,312.408129692078,5.15164995193474));
#4259=CARTESIAN_POINT('Origin',(-125.5,312.408129692078,5.15164995193474));
#4260=CARTESIAN_POINT('',(-125.5,311.955659389496,5.33348989486687));
#4261=CARTESIAN_POINT('',(-127.,311.955659389496,5.33348989486687));
#4262=CARTESIAN_POINT('',(-125.5,311.955659389496,5.33348989486687));
#4263=CARTESIAN_POINT('',(-125.5,312.408129692078,5.15164995193474));
#4264=CARTESIAN_POINT('',(-127.,311.955659389496,5.33348989486687));
#4265=CARTESIAN_POINT('Origin',(-125.5,311.955659389496,5.33348989486687));
#4266=CARTESIAN_POINT('',(-125.5,311.540429592133,5.58919000625603));
#4267=CARTESIAN_POINT('',(-127.,311.540429592133,5.58919000625603));
#4268=CARTESIAN_POINT('',(-125.5,311.540429592133,5.58919000625603));
#4269=CARTESIAN_POINT('',(-125.5,311.955659389496,5.33348989486687));
#4270=CARTESIAN_POINT('',(-127.,311.540429592133,5.58919000625603));
#4271=CARTESIAN_POINT('Origin',(-125.5,311.540429592133,5.58919000625603));
#4272=CARTESIAN_POINT('',(-125.5,311.174369812012,5.9113898277282));
#4273=CARTESIAN_POINT('',(-127.,311.174369812012,5.9113898277282));
#4274=CARTESIAN_POINT('',(-125.5,311.174369812012,5.9113898277282));
#4275=CARTESIAN_POINT('',(-125.5,311.174369812012,5.9113898277282));
#4276=CARTESIAN_POINT('',(-127.,311.174369812012,5.9113898277282));
#4277=CARTESIAN_POINT('Origin',(-125.5,311.174369812012,5.9113898277282));
#4278=CARTESIAN_POINT('',(-125.5,310.868029594421,6.29084014892571));
#4279=CARTESIAN_POINT('',(-127.,310.868029594421,6.29084014892571));
#4280=CARTESIAN_POINT('',(-125.5,310.868029594421,6.29084014892571));
#4281=CARTESIAN_POINT('',(-125.5,310.868029594421,6.29084014892571));
#4282=CARTESIAN_POINT('',(-127.,310.868029594421,6.29084014892571));
#4283=CARTESIAN_POINT('Origin',(-125.5,310.868029594421,6.29084014892571));
#4284=CARTESIAN_POINT('',(-125.5,310.630209922791,6.71659994125359));
#4285=CARTESIAN_POINT('',(-127.,310.630209922791,6.71659994125359));
#4286=CARTESIAN_POINT('',(-125.5,310.630209922791,6.71659994125359));
#4287=CARTESIAN_POINT('',(-125.5,310.630209922791,6.71659994125359));
#4288=CARTESIAN_POINT('',(-127.,310.630209922791,6.71659994125359));
#4289=CARTESIAN_POINT('Origin',(-125.5,310.630209922791,6.71659994125359));
#4290=CARTESIAN_POINT('',(-125.5,310.46776008606,7.17643022537224));
#4291=CARTESIAN_POINT('',(-127.,310.46776008606,7.17643022537224));
#4292=CARTESIAN_POINT('',(-125.5,310.46776008606,7.17643022537224));
#4293=CARTESIAN_POINT('',(-125.5,310.630209922791,6.71659994125359));
#4294=CARTESIAN_POINT('',(-127.,310.46776008606,7.17643022537224));
#4295=CARTESIAN_POINT('Origin',(-125.5,310.46776008606,7.17643022537224));
#4296=CARTESIAN_POINT('',(-125.5,310.385349273682,7.65711021423333));
#4297=CARTESIAN_POINT('',(-127.,310.385349273682,7.65711021423333));
#4298=CARTESIAN_POINT('',(-125.5,310.385349273682,7.65711021423333));
#4299=CARTESIAN_POINT('',(-125.5,310.46776008606,7.17643022537224));
#4300=CARTESIAN_POINT('',(-127.,310.385349273682,7.65711021423333));
#4301=CARTESIAN_POINT('Origin',(-125.5,310.385349273682,7.65711021423333));
#4302=CARTESIAN_POINT('',(-125.5,310.385349273682,8.14480972290032));
#4303=CARTESIAN_POINT('',(-127.,310.385349273682,8.14480972290032));
#4304=CARTESIAN_POINT('',(-125.5,310.385349273682,8.14480972290032));
#4305=CARTESIAN_POINT('',(-125.5,310.385349273682,7.65711021423333));
#4306=CARTESIAN_POINT('',(-127.,310.385349273682,8.14480972290032));
#4307=CARTESIAN_POINT('Origin',(-125.5,310.385349273682,8.14480972290032));
#4308=CARTESIAN_POINT('',(-125.5,310.46776008606,8.62547969818108));
#4309=CARTESIAN_POINT('',(-127.,310.46776008606,8.62547969818108));
#4310=CARTESIAN_POINT('',(-125.5,310.46776008606,8.62547969818108));
#4311=CARTESIAN_POINT('',(-125.5,310.46776008606,8.62547969818108));
#4312=CARTESIAN_POINT('',(-127.,310.46776008606,8.62547969818108));
#4313=CARTESIAN_POINT('Origin',(-125.5,310.46776008606,8.62547969818108));
#4314=CARTESIAN_POINT('',(-125.5,310.630209922791,9.08532047271721));
#4315=CARTESIAN_POINT('',(-127.,310.630209922791,9.08532047271721));
#4316=CARTESIAN_POINT('',(-125.5,310.630209922791,9.08532047271721));
#4317=CARTESIAN_POINT('',(-125.5,310.46776008606,8.62547969818108));
#4318=CARTESIAN_POINT('',(-127.,310.630209922791,9.08532047271721));
#4319=CARTESIAN_POINT('Origin',(-125.5,310.630209922791,9.08532047271721));
#4320=CARTESIAN_POINT('',(-125.5,310.868029594421,9.51107978820794));
#4321=CARTESIAN_POINT('',(-127.,310.868029594421,9.51107978820794));
#4322=CARTESIAN_POINT('',(-125.5,310.868029594421,9.51107978820794));
#4323=CARTESIAN_POINT('',(-125.5,310.630209922791,9.08532047271721));
#4324=CARTESIAN_POINT('',(-127.,310.868029594421,9.51107978820794));
#4325=CARTESIAN_POINT('Origin',(-125.5,310.868029594421,9.51107978820794));
#4326=CARTESIAN_POINT('',(-125.5,311.174369812012,9.89052963256829));
#4327=CARTESIAN_POINT('',(-127.,311.174369812012,9.89052963256829));
#4328=CARTESIAN_POINT('',(-125.5,311.174369812012,9.89052963256829));
#4329=CARTESIAN_POINT('',(-125.5,310.868029594421,9.51107978820794));
#4330=CARTESIAN_POINT('',(-127.,311.174369812012,9.89052963256829));
#4331=CARTESIAN_POINT('Origin',(-125.5,311.174369812012,9.89052963256829));
#4332=CARTESIAN_POINT('',(-125.5,311.540429592133,10.2127304077148));
#4333=CARTESIAN_POINT('',(-127.,311.540429592133,10.2127304077148));
#4334=CARTESIAN_POINT('',(-125.5,311.540429592133,10.2127304077148));
#4335=CARTESIAN_POINT('',(-125.5,311.174369812012,9.89052963256829));
#4336=CARTESIAN_POINT('',(-127.,311.540429592133,10.2127304077148));
#4337=CARTESIAN_POINT('Origin',(-125.5,311.540429592133,10.2127304077148));
#4338=CARTESIAN_POINT('',(-125.5,311.955659389496,10.4684295654296));
#4339=CARTESIAN_POINT('',(-127.,311.955659389496,10.4684295654296));
#4340=CARTESIAN_POINT('',(-125.5,311.955659389496,10.4684295654296));
#4341=CARTESIAN_POINT('',(-125.5,311.540429592133,10.2127304077148));
#4342=CARTESIAN_POINT('',(-127.,311.955659389496,10.4684295654296));
#4343=CARTESIAN_POINT('Origin',(-125.5,311.955659389496,10.4684295654296));
#4344=CARTESIAN_POINT('',(-125.5,312.408129692078,10.6502704620361));
#4345=CARTESIAN_POINT('',(-127.,312.408129692078,10.6502704620361));
#4346=CARTESIAN_POINT('',(-125.5,312.408129692078,10.6502704620361));
#4347=CARTESIAN_POINT('',(-125.5,311.955659389496,10.4684295654296));
#4348=CARTESIAN_POINT('',(-127.,312.408129692078,10.6502704620361));
#4349=CARTESIAN_POINT('Origin',(-125.5,312.408129692078,10.6502704620361));
#4350=CARTESIAN_POINT('',(-125.5,312.884819507599,10.75302028656));
#4351=CARTESIAN_POINT('',(-127.,312.884819507599,10.75302028656));
#4352=CARTESIAN_POINT('',(-125.5,312.884819507599,10.75302028656));
#4353=CARTESIAN_POINT('',(-125.5,312.884819507599,10.75302028656));
#4354=CARTESIAN_POINT('',(-127.,312.884819507599,10.75302028656));
#4355=CARTESIAN_POINT('Origin',(-125.5,312.884819507599,10.75302028656));
#4356=CARTESIAN_POINT('',(-125.5,313.372019767761,10.7737197875976));
#4357=CARTESIAN_POINT('',(-127.,313.372019767761,10.7737197875976));
#4358=CARTESIAN_POINT('',(-125.5,313.372019767761,10.7737197875976));
#4359=CARTESIAN_POINT('',(-125.5,312.884819507599,10.75302028656));
#4360=CARTESIAN_POINT('',(-127.,312.884819507599,10.75302028656));
#4361=CARTESIAN_POINT('Origin',(-125.5,313.372019767761,10.7737197875976));
#4362=CARTESIAN_POINT('',(-125.5,313.855699539185,10.7117700576782));
#4363=CARTESIAN_POINT('',(-127.,313.855699539185,10.7117700576782));
#4364=CARTESIAN_POINT('',(-125.5,313.855699539185,10.7117700576782));
#4365=CARTESIAN_POINT('',(-125.5,313.855699539185,10.7117700576782));
#4366=CARTESIAN_POINT('',(-127.,313.855699539185,10.7117700576782));
#4367=CARTESIAN_POINT('Origin',(-125.5,313.855699539185,10.7117700576782));
#4368=CARTESIAN_POINT('',(-125.5,314.321959495544,10.5689601898193));
#4369=CARTESIAN_POINT('',(-127.,314.321959495544,10.5689601898193));
#4370=CARTESIAN_POINT('',(-125.5,314.321959495544,10.5689601898193));
#4371=CARTESIAN_POINT('',(-125.5,313.855699539185,10.7117700576782));
#4372=CARTESIAN_POINT('',(-127.,314.321959495544,10.5689601898193));
#4373=CARTESIAN_POINT('Origin',(-125.5,314.321959495544,10.5689601898193));
#4374=CARTESIAN_POINT('',(-125.5,314.75737953186,10.3493995666503));
#4375=CARTESIAN_POINT('',(-127.,314.75737953186,10.3493995666503));
#4376=CARTESIAN_POINT('',(-125.5,314.75737953186,10.3493995666503));
#4377=CARTESIAN_POINT('',(-125.5,314.321959495544,10.5689601898193));
#4378=CARTESIAN_POINT('',(-127.,314.75737953186,10.3493995666503));
#4379=CARTESIAN_POINT('Origin',(-125.5,314.75737953186,10.3493995666503));
#4380=CARTESIAN_POINT('',(-125.5,315.149439573288,10.0594100952148));
#4381=CARTESIAN_POINT('',(-127.,315.149439573288,10.0594100952148));
#4382=CARTESIAN_POINT('',(-125.5,315.149439573288,10.0594100952148));
#4383=CARTESIAN_POINT('',(-125.5,314.75737953186,10.3493995666503));
#4384=CARTESIAN_POINT('',(-127.,315.149439573288,10.0594100952148));
#4385=CARTESIAN_POINT('Origin',(-125.5,315.149439573288,10.0594100952148));
#4386=CARTESIAN_POINT('',(-125.5,315.486849546432,9.70730972290032));
#4387=CARTESIAN_POINT('',(-127.,315.486849546432,9.70730972290032));
#4388=CARTESIAN_POINT('',(-125.5,315.486849546432,9.70730972290032));
#4389=CARTESIAN_POINT('',(-125.5,315.149439573288,10.0594100952148));
#4390=CARTESIAN_POINT('',(-127.,315.486849546432,9.70730972290032));
#4391=CARTESIAN_POINT('Origin',(-125.5,315.486849546432,9.70730972290032));
#4392=CARTESIAN_POINT('',(-125.5,315.759909629822,9.3032503128051));
#4393=CARTESIAN_POINT('',(-127.,315.759909629822,9.3032503128051));
#4394=CARTESIAN_POINT('',(-125.5,315.759909629822,9.3032503128051));
#4395=CARTESIAN_POINT('',(-125.5,315.486849546432,9.70730972290032));
#4396=CARTESIAN_POINT('',(-127.,315.759909629822,9.3032503128051));
#4397=CARTESIAN_POINT('Origin',(-125.5,315.759909629822,9.3032503128051));
#4398=CARTESIAN_POINT('',(-125.5,315.96076965332,8.85884952545159));
#4399=CARTESIAN_POINT('',(-127.,315.96076965332,8.85884952545159));
#4400=CARTESIAN_POINT('',(-125.5,315.96076965332,8.85884952545159));
#4401=CARTESIAN_POINT('',(-125.5,315.759909629822,9.3032503128051));
#4402=CARTESIAN_POINT('',(-127.,315.96076965332,8.85884952545159));
#4403=CARTESIAN_POINT('Origin',(-125.5,315.96076965332,8.85884952545159));
#4404=CARTESIAN_POINT('',(-125.5,316.083639621735,8.38689994812005));
#4405=CARTESIAN_POINT('',(-127.,316.083639621735,8.38689994812005));
#4406=CARTESIAN_POINT('',(-125.5,316.083639621735,8.38689994812005));
#4407=CARTESIAN_POINT('',(-125.5,315.96076965332,8.85884952545159));
#4408=CARTESIAN_POINT('',(-127.,316.083639621735,8.38689994812005));
#4409=CARTESIAN_POINT('Origin',(-125.5,316.083639621735,8.38689994812005));
#4410=CARTESIAN_POINT('',(-125.5,316.124999523163,7.90095996856682));
#4411=CARTESIAN_POINT('',(-127.,316.124999523163,7.90095996856682));
#4412=CARTESIAN_POINT('',(-125.5,316.124999523163,7.90095996856682));
#4413=CARTESIAN_POINT('',(-125.5,316.083639621735,8.38689994812005));
#4414=CARTESIAN_POINT('',(-127.,316.124999523163,7.90095996856682));
#4415=CARTESIAN_POINT('Origin',(-127.,316.124999523163,7.90095996856682));
#4416=CARTESIAN_POINT('',(-127.,316.083639621735,7.4150199890136));
#4417=CARTESIAN_POINT('',(-125.5,316.083639621735,7.4150199890136));
#4418=CARTESIAN_POINT('Origin',(-127.,312.408129692078,10.6502704620361));
#4419=CARTESIAN_POINT('',(-127.,313.053119659424,9.43859004974358));
#4420=CARTESIAN_POINT('',(-127.,313.945299625397,9.28017997741692));
#4421=CARTESIAN_POINT('',(-127.,313.053119659424,9.43859004974358));
#4422=CARTESIAN_POINT('',(-127.,314.364999771118,8.96973037719719));
#4423=CARTESIAN_POINT('',(-127.,313.945299625397,9.28017997741692));
#4424=CARTESIAN_POINT('',(-127.,314.657309532166,8.53717994689934));
#4425=CARTESIAN_POINT('',(-127.,314.364999771118,8.96973037719719));
#4426=CARTESIAN_POINT('',(-127.,314.77769947052,8.16294002532952));
#4427=CARTESIAN_POINT('',(-127.,314.657309532166,8.53717994689934));
#4428=CARTESIAN_POINT('',(-127.,314.788849830627,7.76996994018548));
#4429=CARTESIAN_POINT('',(-127.,314.77769947052,8.16294002532952));
#4430=CARTESIAN_POINT('',(-127.,314.657309532166,7.2647399902343));
#4431=CARTESIAN_POINT('',(-127.,314.788849830627,7.76996994018548));
#4432=CARTESIAN_POINT('',(-127.,314.364999771118,6.83219003677361));
#4433=CARTESIAN_POINT('',(-127.,314.657309532166,7.2647399902343));
#4434=CARTESIAN_POINT('',(-127.,313.945299625397,6.52173995971673));
#4435=CARTESIAN_POINT('',(-127.,314.364999771118,6.83219003677361));
#4436=CARTESIAN_POINT('',(-127.,313.576549530029,6.3855600357055));
#4437=CARTESIAN_POINT('',(-127.,313.945299625397,6.52173995971673));
#4438=CARTESIAN_POINT('',(-127.,313.315779685974,6.35216999053948));
#4439=CARTESIAN_POINT('',(-127.,313.576549530029,6.3855600357055));
#4440=CARTESIAN_POINT('',(-127.,312.440249443054,6.5856800079345));
#4441=CARTESIAN_POINT('',(-127.,312.440249443054,6.5856800079345));
#4442=CARTESIAN_POINT('',(-127.,312.048389434814,6.93061017990105));
#4443=CARTESIAN_POINT('',(-127.,312.440249443054,6.5856800079345));
#4444=CARTESIAN_POINT('',(-127.,311.837589740753,7.26243019103997));
#4445=CARTESIAN_POINT('',(-127.,312.048389434814,6.93061017990105));
#4446=CARTESIAN_POINT('',(-127.,311.750009536743,7.51035022735589));
#4447=CARTESIAN_POINT('',(-127.,311.837589740753,7.26243019103997));
#4448=CARTESIAN_POINT('',(-127.,311.70557975769,7.76948976516717));
#4449=CARTESIAN_POINT('',(-127.,311.750009536743,7.51035022735589));
#4450=CARTESIAN_POINT('',(-127.,311.727799415588,8.16199970245354));
#4451=CARTESIAN_POINT('',(-127.,311.70557975769,7.76948976516717));
#4452=CARTESIAN_POINT('',(-127.,311.901699542999,8.65425014495843));
#4453=CARTESIAN_POINT('',(-127.,311.727799415588,8.16199970245354));
#4454=CARTESIAN_POINT('',(-127.,312.229639530182,9.06044960021966));
#4455=CARTESIAN_POINT('',(-127.,311.901699542999,8.65425014495843));
#4456=CARTESIAN_POINT('',(-127.,312.674149513245,9.33417987823479));
#4457=CARTESIAN_POINT('',(-127.,312.229639530182,9.06044960021966));
#4458=CARTESIAN_POINT('',(-127.,312.674149513245,9.33417987823479));
#4459=CARTESIAN_POINT('Origin',(-125.5,308.5,15.7019100189208));
#4460=CARTESIAN_POINT('',(-125.5,318.250009596348,15.7019100189208));
#4461=CARTESIAN_POINT('',(-139.974999904633,318.250009596348,15.7019100189208));
#4462=CARTESIAN_POINT('',(-125.5,318.250009596348,15.7019100189208));
#4463=CARTESIAN_POINT('',(-140.761970043182,318.306859612465,15.7019100189208));
#4464=CARTESIAN_POINT('',(-139.974999904633,318.250009596348,15.7019100189208));
#4465=CARTESIAN_POINT('',(-141.532639980316,318.476259618998,15.7019100189208));
#4466=CARTESIAN_POINT('',(-140.761970043182,318.306859612465,15.7019100189208));
#4467=CARTESIAN_POINT('',(-142.270949840546,318.754679627717,15.7019100189208));
#4468=CARTESIAN_POINT('',(-141.532639980316,318.476259618998,15.7019100189208));
#4469=CARTESIAN_POINT('',(-142.961579799652,319.136329621077,15.7019100189208));
#4470=CARTESIAN_POINT('',(-142.270949840546,318.754679627717,15.7019100189208));
#4471=CARTESIAN_POINT('',(-143.590169906616,319.613299608231,15.7019100189208));
#4472=CARTESIAN_POINT('',(-142.961579799652,319.136329621077,15.7019100189208));
#4473=CARTESIAN_POINT('',(-144.143670082092,320.175669670105,15.7019100189208));
#4474=CARTESIAN_POINT('',(-143.590169906616,319.613299608231,15.7019100189208));
#4475=CARTESIAN_POINT('',(-144.633179664612,320.842119574547,15.7019100189208));
#4476=CARTESIAN_POINT('',(-144.143670082092,320.175669670105,15.7019100189208));
#4477=CARTESIAN_POINT('',(-144.901329994202,321.02077960968,15.7019100189208));
#4478=CARTESIAN_POINT('',(-144.633179664612,320.842119574547,15.7019100189208));
#4479=CARTESIAN_POINT('',(-145.147669792175,321.017509698868,15.7019100189208));
#4480=CARTESIAN_POINT('',(-144.901329994202,321.02077960968,15.7019100189208));
#4481=CARTESIAN_POINT('',(-145.412859916687,320.82857966423,15.7019100189208));
#4482=CARTESIAN_POINT('',(-145.147669792175,321.017509698868,15.7019100189208));
#4483=CARTESIAN_POINT('',(-145.5,320.555409669876,15.7019100189208));
#4484=CARTESIAN_POINT('',(-125.5,308.5,15.7019100189208));
#4485=CARTESIAN_POINT('',(-145.5,308.5,15.7019100189208));
#4486=CARTESIAN_POINT('',(-125.5,308.5,15.7019100189208));
#4487=CARTESIAN_POINT('Origin',(-145.5,316.549999713898,14.2017202377319));
#4488=CARTESIAN_POINT('',(-130.300000190735,316.549999713898,14.2017202377319));
#4489=CARTESIAN_POINT('',(-130.300000190735,309.949999809265,14.2017202377319));
#4490=CARTESIAN_POINT('',(-130.300000190735,316.549999713898,14.2017202377319));
#4491=CARTESIAN_POINT('',(-145.5,309.949999809265,14.2017202377319));
#4492=CARTESIAN_POINT('',(-145.5,316.549999713898,14.2017202377319));
#4493=CARTESIAN_POINT('Origin',(-143.464419841766,322.28467965126,13.9016895294189));
#4494=CARTESIAN_POINT('',(-137.954200029373,326.913579940796,13.9016895294189));
#4495=CARTESIAN_POINT('',(-138.517469882965,327.20728969574,13.9016895294189));
#4496=CARTESIAN_POINT('',(-137.954200029373,326.913579940796,13.9016895294189));
#4497=CARTESIAN_POINT('',(-139.12202000618,327.402379989624,13.9016895294189));
#4498=CARTESIAN_POINT('',(-138.517469882965,327.20728969574,13.9016895294189));
#4499=CARTESIAN_POINT('',(-139.750720024109,327.493339538574,13.9016895294189));
#4500=CARTESIAN_POINT('',(-139.12202000618,327.402379989624,13.9016895294189));
#4501=CARTESIAN_POINT('',(-140.385759830475,327.477600097656,13.9016895294189));
#4502=CARTESIAN_POINT('',(-139.750720024109,327.493339538574,13.9016895294189));
#4503=CARTESIAN_POINT('',(-141.00918006897,327.355589866638,13.9016895294189));
#4504=CARTESIAN_POINT('',(-140.385759830475,327.477600097656,13.9016895294189));
#4505=CARTESIAN_POINT('',(-141.603310108185,327.130769729614,13.9016895294189));
#4506=CARTESIAN_POINT('',(-141.00918006897,327.355589866638,13.9016895294189));
#4507=CARTESIAN_POINT('',(-142.151340007782,326.809519767761,13.9016895294189));
#4508=CARTESIAN_POINT('',(-141.603310108185,327.130769729614,13.9016895294189));
#4509=CARTESIAN_POINT('',(-142.637730121613,326.400919437409,13.9016895294189));
#4510=CARTESIAN_POINT('',(-142.151340007782,326.809519767761,13.9016895294189));
#4511=CARTESIAN_POINT('',(-143.048729896545,325.916539669037,13.9016895294189));
#4512=CARTESIAN_POINT('',(-142.637730121613,326.400919437409,13.9016895294189));
#4513=CARTESIAN_POINT('',(-143.372690200806,325.370109558106,13.9016895294189));
#4514=CARTESIAN_POINT('',(-143.048729896545,325.916539669037,13.9016895294189));
#4515=CARTESIAN_POINT('',(-143.600429534912,324.777089595795,13.9016895294189));
#4516=CARTESIAN_POINT('',(-143.372690200806,325.370109558106,13.9016895294189));
#4517=CARTESIAN_POINT('',(-143.725509643555,324.154289722443,13.9016895294189));
#4518=CARTESIAN_POINT('',(-143.600429534912,324.777089595795,13.9016895294189));
#4519=CARTESIAN_POINT('',(-143.744389533997,323.519319534302,13.9016895294189));
#4520=CARTESIAN_POINT('',(-143.725509643555,324.154289722443,13.9016895294189));
#4521=CARTESIAN_POINT('',(-143.656530380249,322.890179634094,13.9016895294189));
#4522=CARTESIAN_POINT('',(-143.744389533997,323.519319534302,13.9016895294189));
#4523=CARTESIAN_POINT('',(-143.464419841766,322.28467965126,13.9016895294189));
#4524=CARTESIAN_POINT('',(-143.656530380249,322.890179634094,13.9016895294189));
#4525=CARTESIAN_POINT('',(-143.464419841766,322.28467965126,13.9016895294189));
#4526=CARTESIAN_POINT('',(-136.663020014763,325.536469459534,13.9016895294189));
#4527=CARTESIAN_POINT('',(-136.663020014763,325.536469459534,13.9016895294189));
#4528=CARTESIAN_POINT('',(-137.013659954071,326.06617975235,13.9016895294189));
#4529=CARTESIAN_POINT('',(-136.663020014763,325.536469459534,13.9016895294189));
#4530=CARTESIAN_POINT('',(-137.448150038719,326.529589653015,13.9016895294189));
#4531=CARTESIAN_POINT('',(-137.013659954071,326.06617975235,13.9016895294189));
#4532=CARTESIAN_POINT('',(-137.448150038719,326.529589653015,13.9016895294189));
#4533=CARTESIAN_POINT('Origin',(-136.663020014763,325.536469459534,13.9016895294189));
#4534=CARTESIAN_POINT('',(-136.663020014763,325.536469459534,4.90059995651238));
#4535=CARTESIAN_POINT('',(-136.663020014763,325.536469459534,4.90059995651238));
#4536=CARTESIAN_POINT('',(-136.663020014763,325.536469459534,4.90059995651238));
#4537=CARTESIAN_POINT('Origin',(-136.663020014763,325.536469459534,4.90059995651238));
#4538=CARTESIAN_POINT('',(-136.663020014763,325.536469459534,4.90059995651238));
#4539=CARTESIAN_POINT('Origin',(-133.607540011406,319.950009584427,11.9014501571655));
#4540=CARTESIAN_POINT('',(-133.607540011406,319.950009584427,4.90059995651238));
#4541=CARTESIAN_POINT('',(-136.663020014763,325.536469459534,4.90059995651238));
#4542=CARTESIAN_POINT('',(-133.607540011406,319.950009584427,4.90059995651238));
#4543=CARTESIAN_POINT('Origin',(-133.607540011406,319.950009584427,11.9014501571655));
#4544=CARTESIAN_POINT('',(-139.974999904633,319.950009584427,4.90059995651238));
#4545=CARTESIAN_POINT('',(-139.974999904633,319.950009584427,4.90059995651238));
#4546=CARTESIAN_POINT('',(-133.607540011406,319.950009584427,4.90059995651238));
#4547=CARTESIAN_POINT('Origin',(-143.300000190735,321.937549591065,13.889229774475));
#4548=CARTESIAN_POINT('',(-143.464419841766,322.28467965126,4.90059995651238));
#4549=CARTESIAN_POINT('',(-143.464419841766,322.28467965126,4.90059995651238));
#4550=CARTESIAN_POINT('',(-143.464419841766,322.28467965126,4.90059995651238));
#4551=CARTESIAN_POINT('Origin',(-143.464419841766,322.28467965126,4.90059995651238));
#4552=CARTESIAN_POINT('',(-143.656530380249,322.890179634094,4.90059995651238));
#4553=CARTESIAN_POINT('',(-143.656530380249,322.890179634094,4.90059995651238));
#4554=CARTESIAN_POINT('',(-143.656530380249,322.890179634094,4.90059995651238));
#4555=CARTESIAN_POINT('Origin',(-143.656530380249,322.890179634094,4.90059995651238));
#4556=CARTESIAN_POINT('',(-143.744389533997,323.519319534302,4.90059995651238));
#4557=CARTESIAN_POINT('',(-143.744389533997,323.519319534302,4.90059995651238));
#4558=CARTESIAN_POINT('',(-143.656530380249,322.890179634094,4.90059995651238));
#4559=CARTESIAN_POINT('Origin',(-143.744389533997,323.519319534302,4.90059995651238));
#4560=CARTESIAN_POINT('',(-143.725509643555,324.154289722443,4.90059995651238));
#4561=CARTESIAN_POINT('',(-143.725509643555,324.154289722443,4.90059995651238));
#4562=CARTESIAN_POINT('',(-143.744389533997,323.519319534302,4.90059995651238));
#4563=CARTESIAN_POINT('Origin',(-143.725509643555,324.154289722443,4.90059995651238));
#4564=CARTESIAN_POINT('',(-143.600429534912,324.777089595795,4.90059995651238));
#4565=CARTESIAN_POINT('',(-143.600429534912,324.777089595795,4.90059995651238));
#4566=CARTESIAN_POINT('',(-143.725509643555,324.154289722443,4.90059995651238));
#4567=CARTESIAN_POINT('Origin',(-143.600429534912,324.777089595795,4.90059995651238));
#4568=CARTESIAN_POINT('',(-143.372690200806,325.370109558106,4.90059995651238));
#4569=CARTESIAN_POINT('',(-143.372690200806,325.370109558106,4.90059995651238));
#4570=CARTESIAN_POINT('',(-143.600429534912,324.777089595795,4.90059995651238));
#4571=CARTESIAN_POINT('Origin',(-143.372690200806,325.370109558106,4.90059995651238));
#4572=CARTESIAN_POINT('',(-143.048729896545,325.916539669037,4.90059995651238));
#4573=CARTESIAN_POINT('',(-143.048729896545,325.916539669037,4.90059995651238));
#4574=CARTESIAN_POINT('',(-143.372690200806,325.370109558106,4.90059995651238));
#4575=CARTESIAN_POINT('Origin',(-143.048729896545,325.916539669037,4.90059995651238));
#4576=CARTESIAN_POINT('',(-142.637730121613,326.400919437409,4.90059995651238));
#4577=CARTESIAN_POINT('',(-142.637730121613,326.400919437409,4.90059995651238));
#4578=CARTESIAN_POINT('',(-143.048729896545,325.916539669037,4.90059995651238));
#4579=CARTESIAN_POINT('Origin',(-142.637730121613,326.400919437409,4.90059995651238));
#4580=CARTESIAN_POINT('',(-142.151340007782,326.809519767761,4.90059995651238));
#4581=CARTESIAN_POINT('',(-142.151340007782,326.809519767761,4.90059995651238));
#4582=CARTESIAN_POINT('',(-142.637730121613,326.400919437409,4.90059995651238));
#4583=CARTESIAN_POINT('Origin',(-142.151340007782,326.809519767761,4.90059995651238));
#4584=CARTESIAN_POINT('',(-141.603310108185,327.130769729614,4.90059995651238));
#4585=CARTESIAN_POINT('',(-141.603310108185,327.130769729614,4.90059995651238));
#4586=CARTESIAN_POINT('',(-142.151340007782,326.809519767761,4.90059995651238));
#4587=CARTESIAN_POINT('Origin',(-141.603310108185,327.130769729614,4.90059995651238));
#4588=CARTESIAN_POINT('',(-141.00918006897,327.355589866638,4.90059995651238));
#4589=CARTESIAN_POINT('',(-141.00918006897,327.355589866638,4.90059995651238));
#4590=CARTESIAN_POINT('',(-141.603310108185,327.130769729614,4.90059995651238));
#4591=CARTESIAN_POINT('Origin',(-141.00918006897,327.355589866638,4.90059995651238));
#4592=CARTESIAN_POINT('',(-140.385759830475,327.477600097656,4.90059995651238));
#4593=CARTESIAN_POINT('',(-140.385759830475,327.477600097656,4.90059995651238));
#4594=CARTESIAN_POINT('',(-140.385759830475,327.477600097656,4.90059995651238));
#4595=CARTESIAN_POINT('Origin',(-140.385759830475,327.477600097656,4.90059995651238));
#4596=CARTESIAN_POINT('',(-139.750720024109,327.493339538574,4.90059995651238));
#4597=CARTESIAN_POINT('',(-139.750720024109,327.493339538574,4.90059995651238));
#4598=CARTESIAN_POINT('',(-139.750720024109,327.493339538574,4.90059995651238));
#4599=CARTESIAN_POINT('Origin',(-139.750720024109,327.493339538574,4.90059995651238));
#4600=CARTESIAN_POINT('',(-139.12202000618,327.402379989624,4.90059995651238));
#4601=CARTESIAN_POINT('',(-139.12202000618,327.402379989624,4.90059995651238));
#4602=CARTESIAN_POINT('',(-139.12202000618,327.402379989624,4.90059995651238));
#4603=CARTESIAN_POINT('Origin',(-139.12202000618,327.402379989624,4.90059995651238));
#4604=CARTESIAN_POINT('',(-138.517469882965,327.20728969574,4.90059995651238));
#4605=CARTESIAN_POINT('',(-138.517469882965,327.20728969574,4.90059995651238));
#4606=CARTESIAN_POINT('',(-138.517469882965,327.20728969574,4.90059995651238));
#4607=CARTESIAN_POINT('Origin',(-138.517469882965,327.20728969574,4.90059995651238));
#4608=CARTESIAN_POINT('',(-137.954200029373,326.913579940796,4.90059995651238));
#4609=CARTESIAN_POINT('',(-137.954200029373,326.913579940796,4.90059995651238));
#4610=CARTESIAN_POINT('',(-137.954200029373,326.913579940796,4.90059995651238));
#4611=CARTESIAN_POINT('Origin',(-137.954200029373,326.913579940796,4.90059995651238));
#4612=CARTESIAN_POINT('',(-137.448150038719,326.529589653015,4.90059995651238));
#4613=CARTESIAN_POINT('',(-137.448150038719,326.529589653015,4.90059995651238));
#4614=CARTESIAN_POINT('',(-137.448150038719,326.529589653015,4.90059995651238));
#4615=CARTESIAN_POINT('Origin',(-137.448150038719,326.529589653015,4.90059995651238));
#4616=CARTESIAN_POINT('',(-137.013659954071,326.06617975235,4.90059995651238));
#4617=CARTESIAN_POINT('',(-137.013659954071,326.06617975235,4.90059995651238));
#4618=CARTESIAN_POINT('',(-137.013659954071,326.06617975235,4.90059995651238));
#4619=CARTESIAN_POINT('Origin',(-137.013659954071,326.06617975235,4.90059995651238));
#4620=CARTESIAN_POINT('',(-137.013659954071,326.06617975235,4.90059995651238));
#4621=CARTESIAN_POINT('Origin',(-141.223060131073,320.162289619446,4.90059995651238));
#4622=CARTESIAN_POINT('',(-140.607989788055,320.003459572792,4.90059995651238));
#4623=CARTESIAN_POINT('',(-140.607989788055,320.003459572792,4.90059995651238));
#4624=CARTESIAN_POINT('',(-141.223060131073,320.162289619446,4.90059995651238));
#4625=CARTESIAN_POINT('',(-141.223060131073,320.162289619446,4.90059995651238));
#4626=CARTESIAN_POINT('',(-141.223060131073,320.162289619446,4.90059995651238));
#4627=CARTESIAN_POINT('Origin',(-139.974999904633,319.950009584427,11.9014501571655));
#4628=CARTESIAN_POINT('',(-140.607989788055,320.003459572792,4.90059995651238));
#4629=CARTESIAN_POINT('Origin',(-142.330749988556,320.775259613991,4.90059995651238));
#4630=CARTESIAN_POINT('',(-141.802790164948,320.422009587288,4.90059995651238));
#4631=CARTESIAN_POINT('',(-141.802790164948,320.422009587288,4.90059995651238));
#4632=CARTESIAN_POINT('',(-142.330749988556,320.775259613991,4.90059995651238));
#4633=CARTESIAN_POINT('',(-142.330749988556,320.775259613991,4.90059995651238));
#4634=CARTESIAN_POINT('',(-142.330749988556,320.775259613991,4.90059995651238));
#4635=CARTESIAN_POINT('Origin',(-141.223060131073,320.162289619446,12.1137504577636));
#4636=CARTESIAN_POINT('',(-141.802790164948,320.422009587288,4.90059995651238));
#4637=CARTESIAN_POINT('Origin',(-143.300000190735,321.937549591065,13.889229774475));
#4638=CARTESIAN_POINT('',(-143.173510074615,321.719969511032,4.90059995651238));
#4639=CARTESIAN_POINT('',(-143.173510074615,321.719969511032,4.90059995651238));
#4640=CARTESIAN_POINT('',(-143.173510074615,321.719969511032,4.90059995651238));
#4641=CARTESIAN_POINT('Origin',(-143.173510074615,321.719969511032,4.90059995651238));
#4642=CARTESIAN_POINT('',(-142.792009830475,321.212029695511,4.90059995651238));
#4643=CARTESIAN_POINT('',(-142.792009830475,321.212029695511,4.90059995651238));
#4644=CARTESIAN_POINT('',(-143.173510074615,321.719969511032,4.90059995651238));
#4645=CARTESIAN_POINT('Origin',(-142.330749988556,320.775259613991,12.7267904281616));
#4646=CARTESIAN_POINT('',(-142.792009830475,321.212029695511,4.90059995651238));
#4647=CARTESIAN_POINT('Origin',(-143.464419841766,322.28467965126,4.90059995651238));
#4648=CARTESIAN_POINT('',(-143.464419841766,322.28467965126,4.90059995651238));
#4649=CARTESIAN_POINT('Origin',(-139.000509977341,329.112589836121,13.9016895294189));
#4650=CARTESIAN_POINT('',(-139.808680057526,329.197479248047,13.9016895294189));
#4651=CARTESIAN_POINT('',(-139.808680057526,329.197479248047,13.9016895294189));
#4652=CARTESIAN_POINT('',(-139.000509977341,329.112589836121,13.9016895294189));
#4653=CARTESIAN_POINT('',(-139.808680057526,329.197479248047,13.9016895294189));
#4654=CARTESIAN_POINT('',(-138.213809967041,328.909009933472,13.9016895294189));
#4655=CARTESIAN_POINT('',(-139.000509977341,329.112589836121,13.9016895294189));
#4656=CARTESIAN_POINT('',(-137.465899944305,328.591219902039,13.9016895294189));
#4657=CARTESIAN_POINT('',(-138.213809967041,328.909009933472,13.9016895294189));
#4658=CARTESIAN_POINT('',(-136.773270010948,328.166239738464,13.9016895294189));
#4659=CARTESIAN_POINT('',(-137.465899944305,328.591219902039,13.9016895294189));
#4660=CARTESIAN_POINT('',(-136.151170015335,327.643419265747,13.9016895294189));
#4661=CARTESIAN_POINT('',(-136.773270010948,328.166239738464,13.9016895294189));
#4662=CARTESIAN_POINT('',(-135.613310001791,327.034279823303,13.9016895294189));
#4663=CARTESIAN_POINT('',(-136.151170015335,327.643419265747,13.9016895294189));
#4664=CARTESIAN_POINT('',(-135.171530008316,326.352229595184,13.9016895294189));
#4665=CARTESIAN_POINT('',(-135.613310001791,327.034279823303,13.9016895294189));
#4666=CARTESIAN_POINT('',(-135.171530008316,326.352229595184,13.9016895294189));
#4667=CARTESIAN_POINT('',(-125.5,321.950009584427,13.9016895294189));
#4668=CARTESIAN_POINT('Origin',(-125.5,320.725009679794,12.6765403747558));
#4669=CARTESIAN_POINT('',(-132.09376001358,320.725009679794,4.90059995651238));
#4670=CARTESIAN_POINT('',(-132.09376001358,320.725009679794,4.90059995651238));
#4671=CARTESIAN_POINT('',(-125.5,320.725009679794,4.90059995651238));
#4672=CARTESIAN_POINT('',(-132.09376001358,320.725009679794,4.90059995651238));
#4673=CARTESIAN_POINT('',(-125.5,320.725009679794,4.90059995651238));
#4674=CARTESIAN_POINT('Origin',(-135.171530008316,326.352229595184,13.9016895294189));
#4675=CARTESIAN_POINT('',(-135.171530008316,326.352229595184,4.90059995651238));
#4676=CARTESIAN_POINT('',(-135.171530008316,326.352229595184,4.90059995651238));
#4677=CARTESIAN_POINT('',(-135.171530008316,326.352229595184,4.90059995651238));
#4678=CARTESIAN_POINT('Origin',(-132.763770103455,321.950009584427,13.9016895294189));
#4679=CARTESIAN_POINT('',(-135.171530008316,326.352229595184,4.90059995651238));
#4680=CARTESIAN_POINT('Origin',(-135.171530008316,326.352229595184,4.90059995651238));
#4681=CARTESIAN_POINT('',(-132.09376001358,320.725009679794,4.90059995651238));
#4682=CARTESIAN_POINT('Origin',(-135.171530008316,326.352229595184,4.90059995651238));
#4683=CARTESIAN_POINT('',(-135.613310001791,327.034279823303,4.90059995651238));
#4684=CARTESIAN_POINT('',(-135.613310001791,327.034279823303,4.90059995651238));
#4685=CARTESIAN_POINT('',(-135.171530008316,326.352229595184,4.90059995651238));
#4686=CARTESIAN_POINT('Origin',(-135.613310001791,327.034279823303,4.90059995651238));
#4687=CARTESIAN_POINT('',(-136.151170015335,327.643419265747,4.90059995651238));
#4688=CARTESIAN_POINT('',(-136.151170015335,327.643419265747,4.90059995651238));
#4689=CARTESIAN_POINT('',(-135.613310001791,327.034279823303,4.90059995651238));
#4690=CARTESIAN_POINT('Origin',(-136.151170015335,327.643419265747,4.90059995651238));
#4691=CARTESIAN_POINT('',(-136.773270010948,328.166239738464,4.90059995651238));
#4692=CARTESIAN_POINT('',(-136.773270010948,328.166239738464,4.90059995651238));
#4693=CARTESIAN_POINT('',(-136.151170015335,327.643419265747,4.90059995651238));
#4694=CARTESIAN_POINT('Origin',(-136.773270010948,328.166239738464,4.90059995651238));
#4695=CARTESIAN_POINT('',(-137.465899944305,328.591219902039,4.90059995651238));
#4696=CARTESIAN_POINT('',(-137.465899944305,328.591219902039,4.90059995651238));
#4697=CARTESIAN_POINT('',(-136.773270010948,328.166239738464,4.90059995651238));
#4698=CARTESIAN_POINT('Origin',(-137.465899944305,328.591219902039,4.90059995651238));
#4699=CARTESIAN_POINT('',(-138.213809967041,328.909009933472,4.90059995651238));
#4700=CARTESIAN_POINT('',(-138.213809967041,328.909009933472,4.90059995651238));
#4701=CARTESIAN_POINT('',(-137.465899944305,328.591219902039,4.90059995651238));
#4702=CARTESIAN_POINT('Origin',(-138.213809967041,328.909009933472,4.90059995651238));
#4703=CARTESIAN_POINT('',(-139.000509977341,329.112589836121,4.90059995651238));
#4704=CARTESIAN_POINT('',(-139.000509977341,329.112589836121,4.90059995651238));
#4705=CARTESIAN_POINT('',(-138.213809967041,328.909009933472,4.90059995651238));
#4706=CARTESIAN_POINT('Origin',(-139.000509977341,329.112589836121,4.90059995651238));
#4707=CARTESIAN_POINT('',(-139.808680057526,329.197479248047,4.90059995651238));
#4708=CARTESIAN_POINT('',(-139.808680057526,329.197479248047,4.90059995651238));
#4709=CARTESIAN_POINT('',(-139.000509977341,329.112589836121,4.90059995651238));
#4710=CARTESIAN_POINT('Origin',(-145.5,320.555379629135,4.90059995651238));
#4711=CARTESIAN_POINT('',(-145.47144985199,320.718769669533,4.90059995651238));
#4712=CARTESIAN_POINT('',(-145.47144985199,320.718769669533,4.90059995651238));
#4713=CARTESIAN_POINT('',(-145.47144985199,320.718769669533,4.90059995651238));
#4714=CARTESIAN_POINT('Origin',(-145.5,320.555409669876,15.7019100189208));
#4715=CARTESIAN_POINT('',(-145.47144985199,320.718769669533,4.90059995651238));
#4716=CARTESIAN_POINT('Origin',(-145.412859916687,320.82857966423,15.7019100189208));
#4717=CARTESIAN_POINT('',(-145.47144985199,320.718769669533,4.90059995651238));
#4718=CARTESIAN_POINT('Origin',(-145.47144985199,320.718769669533,4.90059995651238));
#4719=CARTESIAN_POINT('',(-145.296770095825,320.946229696274,4.90059995651238));
#4720=CARTESIAN_POINT('',(-145.296770095825,320.946229696274,4.90059995651238));
#4721=CARTESIAN_POINT('',(-145.47144985199,320.718769669533,4.90059995651238));
#4722=CARTESIAN_POINT('Origin',(-145.296770095825,320.946229696274,4.90059995651238));
#4723=CARTESIAN_POINT('',(-145.12695980072,321.019579648972,4.90059995651238));
#4724=CARTESIAN_POINT('',(-145.12695980072,321.019579648972,4.90059995651238));
#4725=CARTESIAN_POINT('',(-145.296770095825,320.946229696274,4.90059995651238));
#4726=CARTESIAN_POINT('Origin',(-145.147669792175,321.017509698868,15.7019100189208));
#4727=CARTESIAN_POINT('',(-145.12695980072,321.019579648972,4.90059995651238));
#4728=CARTESIAN_POINT('Origin',(-145.12695980072,321.019579648972,4.90059995651238));
#4729=CARTESIAN_POINT('',(-144.825860023499,320.987119674683,4.90059995651238));
#4730=CARTESIAN_POINT('',(-144.825860023499,320.987119674683,4.90059995651238));
#4731=CARTESIAN_POINT('',(-144.825860023499,320.987119674683,4.90059995651238));
#4732=CARTESIAN_POINT('Origin',(-144.901329994202,321.02077960968,15.7019100189208));
#4733=CARTESIAN_POINT('',(-144.825860023499,320.987119674683,4.90059995651238));
#4734=CARTESIAN_POINT('Origin',(-144.825860023499,320.987119674683,4.90059995651238));
#4735=CARTESIAN_POINT('',(-144.633199691772,320.842149615288,4.90059995651238));
#4736=CARTESIAN_POINT('',(-144.633199691772,320.842149615288,4.90059995651238));
#4737=CARTESIAN_POINT('',(-144.825860023499,320.987119674683,4.90059995651238));
#4738=CARTESIAN_POINT('Origin',(-144.633179664612,320.842119574547,15.7019100189208));
#4739=CARTESIAN_POINT('',(-144.143670082092,320.175669670105,4.90059995651238));
#4740=CARTESIAN_POINT('',(-144.633199691772,320.842149615288,4.90059995651238));
#4741=CARTESIAN_POINT('',(-144.143670082092,320.175669670105,4.90059995651238));
#4742=CARTESIAN_POINT('Origin',(-144.633179664612,320.842119574547,15.7019100189208));
#4743=CARTESIAN_POINT('',(-144.143670082092,320.175669670105,4.90059995651238));
#4744=CARTESIAN_POINT('Origin',(-144.143670082092,320.175669670105,4.90059995651238));
#4745=CARTESIAN_POINT('',(-143.590169906616,319.613299608231,4.90059995651238));
#4746=CARTESIAN_POINT('',(-143.590169906616,319.613299608231,4.90059995651238));
#4747=CARTESIAN_POINT('',(-144.143670082092,320.175669670105,4.90059995651238));
#4748=CARTESIAN_POINT('Origin',(-143.590169906616,319.613299608231,4.90059995651238));
#4749=CARTESIAN_POINT('',(-142.961579799652,319.136329621077,4.90059995651238));
#4750=CARTESIAN_POINT('',(-142.961579799652,319.136329621077,4.90059995651238));
#4751=CARTESIAN_POINT('',(-143.590169906616,319.613299608231,4.90059995651238));
#4752=CARTESIAN_POINT('Origin',(-142.961579799652,319.136329621077,4.90059995651238));
#4753=CARTESIAN_POINT('',(-142.270949840546,318.754679627717,4.90059995651238));
#4754=CARTESIAN_POINT('',(-142.270949840546,318.754679627717,4.90059995651238));
#4755=CARTESIAN_POINT('',(-142.961579799652,319.136329621077,4.90059995651238));
#4756=CARTESIAN_POINT('Origin',(-142.270949840546,318.754679627717,4.90059995651238));
#4757=CARTESIAN_POINT('',(-141.532639980316,318.476259618998,4.90059995651238));
#4758=CARTESIAN_POINT('',(-141.532639980316,318.476259618998,4.90059995651238));
#4759=CARTESIAN_POINT('',(-142.270949840546,318.754679627717,4.90059995651238));
#4760=CARTESIAN_POINT('Origin',(-141.532639980316,318.476259618998,4.90059995651238));
#4761=CARTESIAN_POINT('',(-140.761970043182,318.306859612465,4.90059995651238));
#4762=CARTESIAN_POINT('',(-140.761970043182,318.306859612465,4.90059995651238));
#4763=CARTESIAN_POINT('',(-141.532639980316,318.476259618998,4.90059995651238));
#4764=CARTESIAN_POINT('Origin',(-140.761970043182,318.306859612465,15.7019100189208));
#4765=CARTESIAN_POINT('',(-140.761970043182,318.306859612465,4.90059995651238));
#4766=CARTESIAN_POINT('Origin',(-140.761970043182,318.306859612465,4.90059995651238));
#4767=CARTESIAN_POINT('',(-139.974949836731,318.250009596348,4.90059995651238));
#4768=CARTESIAN_POINT('',(-139.974949836731,318.250009596348,4.90059995651238));
#4769=CARTESIAN_POINT('',(-140.761970043182,318.306859612465,4.90059995651238));
#4770=CARTESIAN_POINT('Origin',(-139.974949836731,318.250009596348,4.90059995651238));
#4771=CARTESIAN_POINT('',(-125.5,318.250009596348,4.90059995651238));
#4772=CARTESIAN_POINT('',(-125.5,318.250009596348,4.90059995651238));
#4773=CARTESIAN_POINT('',(-139.974949836731,318.250009596348,4.90059995651238));
#4774=CARTESIAN_POINT('Origin',(-145.5,309.949999809265,14.2017202377319));
#4775=CARTESIAN_POINT('',(-130.300000190735,309.949999809265,1.50018000602715));
#4776=CARTESIAN_POINT('',(-130.300000190735,309.949999809265,1.50018000602715));
#4777=CARTESIAN_POINT('',(-130.300000190735,309.949999809265,1.50018000602715));
#4778=CARTESIAN_POINT('Origin',(-130.300000190735,313.053119659424,9.43859004974358));
#4779=CARTESIAN_POINT('',(-130.300000190735,316.549999713898,1.50018000602715));
#4780=CARTESIAN_POINT('',(-130.300000190735,316.549999713898,1.50018000602715));
#4781=CARTESIAN_POINT('',(-130.300000190735,316.549999713898,1.50018000602715));
#4782=CARTESIAN_POINT('',(-130.300000190735,312.552179813385,9.28516006469719));
#4783=CARTESIAN_POINT('',(-130.300000190735,313.053119659424,9.43859004974358));
#4784=CARTESIAN_POINT('',(-130.300000190735,312.552179813385,9.28516006469719));
#4785=CARTESIAN_POINT('',(-130.300000190735,312.130959510803,8.97358989715569));
#4786=CARTESIAN_POINT('',(-130.300000190735,312.130959510803,8.97358989715569));
#4787=CARTESIAN_POINT('',(-130.300000190735,311.837589740753,8.53948020935051));
#4788=CARTESIAN_POINT('',(-130.300000190735,311.837589740753,8.53948020935051));
#4789=CARTESIAN_POINT('',(-130.300000190735,311.750009536743,8.29156970977776));
#4790=CARTESIAN_POINT('',(-130.300000190735,311.750009536743,8.29156970977776));
#4791=CARTESIAN_POINT('',(-130.300000190735,311.70557975769,7.90095996856682));
#4792=CARTESIAN_POINT('',(-130.300000190735,311.70557975769,7.90095996856682));
#4793=CARTESIAN_POINT('',(-130.300000190735,311.79379940033,7.38639020919793));
#4794=CARTESIAN_POINT('',(-130.300000190735,311.79379940033,7.38639020919793));
#4795=CARTESIAN_POINT('',(-130.300000190735,311.965809822083,7.03288984298699));
#4796=CARTESIAN_POINT('',(-130.300000190735,311.965809822083,7.03288984298699));
#4797=CARTESIAN_POINT('',(-130.300000190735,312.130959510803,6.82832002639763));
#4798=CARTESIAN_POINT('',(-130.300000190735,312.130959510803,6.82832002639763));
#4799=CARTESIAN_POINT('',(-130.300000190735,312.552179813385,6.51675987243645));
#4800=CARTESIAN_POINT('',(-130.300000190735,312.552179813385,6.51675987243645));
#4801=CARTESIAN_POINT('',(-130.300000190735,312.796119689941,6.4187197685241));
#4802=CARTESIAN_POINT('',(-130.300000190735,312.796119689941,6.4187197685241));
#4803=CARTESIAN_POINT('',(-130.300000190735,313.167999744415,6.35739994049065));
#4804=CARTESIAN_POINT('',(-130.300000190735,313.167999744415,6.35739994049065));
#4805=CARTESIAN_POINT('',(-130.300000190735,313.576549530029,6.3855600357055));
#4806=CARTESIAN_POINT('',(-130.300000190735,313.167999744415,6.35739994049065));
#4807=CARTESIAN_POINT('',(-130.300000190735,314.062669754028,6.58093023300164));
#4808=CARTESIAN_POINT('',(-130.300000190735,314.062669754028,6.58093023300164));
#4809=CARTESIAN_POINT('',(-130.300000190735,314.455949783325,6.92710018157952));
#4810=CARTESIAN_POINT('',(-130.300000190735,314.455949783325,6.92710018157952));
#4811=CARTESIAN_POINT('',(-130.300000190735,314.711459636688,7.38453006744378));
#4812=CARTESIAN_POINT('',(-130.300000190735,314.711459636688,7.38453006744378));
#4813=CARTESIAN_POINT('',(-130.300000190735,314.77769947052,7.63897991180413));
#4814=CARTESIAN_POINT('',(-130.300000190735,314.77769947052,7.63897991180413));
#4815=CARTESIAN_POINT('',(-130.300000190735,314.788849830627,8.03194999694817));
#4816=CARTESIAN_POINT('',(-130.300000190735,314.788849830627,8.03194999694817));
#4817=CARTESIAN_POINT('',(-130.300000190735,314.711459636688,8.41738986968987));
#4818=CARTESIAN_POINT('',(-130.300000190735,314.711459636688,8.41738986968987));
#4819=CARTESIAN_POINT('',(-130.300000190735,314.603169441223,8.65697956085198));
#4820=CARTESIAN_POINT('',(-130.300000190735,314.603169441223,8.65697956085198));
#4821=CARTESIAN_POINT('',(-130.300000190735,314.274039745331,9.06464004516594));
#4822=CARTESIAN_POINT('',(-130.300000190735,314.274039745331,9.06464004516594));
#4823=CARTESIAN_POINT('',(-130.300000190735,313.827919483185,9.33936023712151));
#4824=CARTESIAN_POINT('',(-130.300000190735,313.827919483185,9.33936023712151));
#4825=CARTESIAN_POINT('',(-130.300000190735,313.576549530029,9.41635036468499));
#4826=CARTESIAN_POINT('',(-130.300000190735,313.576549530029,9.41635036468499));
#4827=CARTESIAN_POINT('',(-130.300000190735,313.053119659424,9.43859004974358));
#4828=CARTESIAN_POINT('Origin',(-130.300000190735,316.549999713898,14.2017202377319));
#4829=CARTESIAN_POINT('',(-130.300000190735,316.549999713898,1.50018000602715));
#4830=CARTESIAN_POINT('Origin',(-125.5,308.5,15.7019100189208));
#4831=CARTESIAN_POINT('',(-125.5,308.5,-7.07986424206605E-14));
#4832=CARTESIAN_POINT('Origin',(-125.5,324.197479724884,13.9016895294189));
#4833=CARTESIAN_POINT('',(-125.5,320.725009679794,4.90059995651238));
#4834=CARTESIAN_POINT('Origin',(-139.808680057526,329.197479248047,4.90059995651238));
#4835=CARTESIAN_POINT('',(-145.5,329.197479248047,4.90059995651238));
#4836=CARTESIAN_POINT('Origin',(-130.300000190735,309.949999809265,1.50018000602715));
#4837=CARTESIAN_POINT('Origin',(-133.607540011406,319.950009584427,4.90059995651238));
#4838=CARTESIAN_POINT('Origin',(-127.,313.315779685974,6.35216999053948));
#4839=CARTESIAN_POINT('',(-130.300000190735,313.576549530029,6.3855600357055));
#4840=CARTESIAN_POINT('',(-130.300000190735,313.576549530029,6.3855600357055));
#4841=CARTESIAN_POINT('Origin',(-130.300000190735,313.576549530029,6.3855600357055));
#4842=CARTESIAN_POINT('',(-130.300000190735,313.167999744415,6.35739994049065));
#4843=CARTESIAN_POINT('Origin',(-127.,313.576549530029,6.3855600357055));
#4844=CARTESIAN_POINT('',(-127.,313.945299625397,6.52173995971673));
#4845=CARTESIAN_POINT('Origin',(-130.300000190735,313.576549530029,6.3855600357055));
#4846=CARTESIAN_POINT('',(-130.300000190735,314.062669754028,6.58093023300164));
#4847=CARTESIAN_POINT('Origin',(-127.,313.945299625397,6.52173995971673));
#4848=CARTESIAN_POINT('',(-127.,314.364999771118,6.83219003677361));
#4849=CARTESIAN_POINT('Origin',(-130.300000190735,314.062669754028,6.58093023300164));
#4850=CARTESIAN_POINT('',(-130.300000190735,314.455949783325,6.92710018157952));
#4851=CARTESIAN_POINT('Origin',(-127.,314.364999771118,6.83219003677361));
#4852=CARTESIAN_POINT('',(-127.,314.657309532166,7.2647399902343));
#4853=CARTESIAN_POINT('Origin',(-130.300000190735,314.455949783325,6.92710018157952));
#4854=CARTESIAN_POINT('',(-130.300000190735,314.711459636688,7.38453006744378));
#4855=CARTESIAN_POINT('Origin',(-127.,314.657309532166,7.2647399902343));
#4856=CARTESIAN_POINT('',(-127.,314.788849830627,7.76996994018548));
#4857=CARTESIAN_POINT('Origin',(-130.300000190735,314.711459636688,7.38453006744378));
#4858=CARTESIAN_POINT('',(-127.,314.788849830627,7.76996994018548));
#4859=CARTESIAN_POINT('Origin',(-130.300000190735,314.77769947052,7.63897991180413));
#4860=CARTESIAN_POINT('',(-130.300000190735,314.788849830627,8.03194999694817));
#4861=CARTESIAN_POINT('Origin',(-127.,314.788849830627,7.76996994018548));
#4862=CARTESIAN_POINT('',(-127.,314.77769947052,8.16294002532952));
#4863=CARTESIAN_POINT('Origin',(-127.,314.77769947052,8.16294002532952));
#4864=CARTESIAN_POINT('',(-127.,314.657309532166,8.53717994689934));
#4865=CARTESIAN_POINT('Origin',(-130.300000190735,314.788849830627,8.03194999694817));
#4866=CARTESIAN_POINT('',(-127.,314.657309532166,8.53717994689934));
#4867=CARTESIAN_POINT('Origin',(-130.300000190735,314.711459636688,8.41738986968987));
#4868=CARTESIAN_POINT('',(-130.300000190735,314.603169441223,8.65697956085198));
#4869=CARTESIAN_POINT('Origin',(-127.,314.657309532166,8.53717994689934));
#4870=CARTESIAN_POINT('',(-127.,314.364999771118,8.96973037719719));
#4871=CARTESIAN_POINT('Origin',(-130.300000190735,314.603169441223,8.65697956085198));
#4872=CARTESIAN_POINT('',(-130.300000190735,314.274039745331,9.06464004516594));
#4873=CARTESIAN_POINT('Origin',(-127.,314.364999771118,8.96973037719719));
#4874=CARTESIAN_POINT('',(-127.,313.945299625397,9.28017997741692));
#4875=CARTESIAN_POINT('Origin',(-130.300000190735,314.274039745331,9.06464004516594));
#4876=CARTESIAN_POINT('',(-130.300000190735,313.827919483185,9.33936023712151));
#4877=CARTESIAN_POINT('Origin',(-127.,313.945299625397,9.28017997741692));
#4878=CARTESIAN_POINT('',(-127.,313.053119659424,9.43859004974358));
#4879=CARTESIAN_POINT('Origin',(-130.300000190735,313.827919483185,9.33936023712151));
#4880=CARTESIAN_POINT('',(-127.,313.053119659424,9.43859004974358));
#4881=CARTESIAN_POINT('Origin',(-130.300000190735,313.576549530029,9.41635036468499));
#4882=CARTESIAN_POINT('',(-130.300000190735,313.053119659424,9.43859004974358));
#4883=CARTESIAN_POINT('Origin',(-127.,313.053119659424,9.43859004974358));
#4884=CARTESIAN_POINT('',(-127.,312.674149513245,9.33417987823479));
#4885=CARTESIAN_POINT('Origin',(-130.300000190735,313.053119659424,9.43859004974358));
#4886=CARTESIAN_POINT('',(-130.300000190735,312.552179813385,9.28516006469719));
#4887=CARTESIAN_POINT('Origin',(-127.,312.674149513245,9.33417987823479));
#4888=CARTESIAN_POINT('',(-127.,312.229639530182,9.06044960021966));
#4889=CARTESIAN_POINT('Origin',(-130.300000190735,312.552179813385,9.28516006469719));
#4890=CARTESIAN_POINT('',(-130.300000190735,312.130959510803,8.97358989715569));
#4891=CARTESIAN_POINT('Origin',(-127.,312.229639530182,9.06044960021966));
#4892=CARTESIAN_POINT('',(-127.,311.901699542999,8.65425014495843));
#4893=CARTESIAN_POINT('Origin',(-130.300000190735,312.130959510803,8.97358989715569));
#4894=CARTESIAN_POINT('',(-130.300000190735,311.837589740753,8.53948020935051));
#4895=CARTESIAN_POINT('Origin',(-127.,311.901699542999,8.65425014495843));
#4896=CARTESIAN_POINT('',(-127.,311.727799415588,8.16199970245354));
#4897=CARTESIAN_POINT('Origin',(-130.300000190735,311.837589740753,8.53948020935051));
#4898=CARTESIAN_POINT('',(-127.,311.727799415588,8.16199970245354));
#4899=CARTESIAN_POINT('Origin',(-130.300000190735,311.750009536743,8.29156970977776));
#4900=CARTESIAN_POINT('',(-130.300000190735,311.70557975769,7.90095996856682));
#4901=CARTESIAN_POINT('Origin',(-127.,311.727799415588,8.16199970245354));
#4902=CARTESIAN_POINT('',(-127.,311.70557975769,7.76948976516717));
#4903=CARTESIAN_POINT('Origin',(-127.,311.70557975769,7.76948976516717));
#4904=CARTESIAN_POINT('',(-127.,311.750009536743,7.51035022735589));
#4905=CARTESIAN_POINT('Origin',(-130.300000190735,311.70557975769,7.90095996856682));
#4906=CARTESIAN_POINT('',(-130.300000190735,311.79379940033,7.38639020919793));
#4907=CARTESIAN_POINT('Origin',(-127.,311.750009536743,7.51035022735589));
#4908=CARTESIAN_POINT('',(-127.,311.837589740753,7.26243019103997));
#4909=CARTESIAN_POINT('Origin',(-127.,311.837589740753,7.26243019103997));
#4910=CARTESIAN_POINT('',(-127.,312.048389434814,6.93061017990105));
#4911=CARTESIAN_POINT('Origin',(-130.300000190735,311.79379940033,7.38639020919793));
#4912=CARTESIAN_POINT('',(-127.,312.048389434814,6.93061017990105));
#4913=CARTESIAN_POINT('Origin',(-130.300000190735,311.965809822083,7.03288984298699));
#4914=CARTESIAN_POINT('',(-130.300000190735,312.130959510803,6.82832002639763));
#4915=CARTESIAN_POINT('Origin',(-127.,312.048389434814,6.93061017990105));
#4916=CARTESIAN_POINT('',(-127.,312.440249443054,6.5856800079345));
#4917=CARTESIAN_POINT('Origin',(-130.300000190735,312.130959510803,6.82832002639763));
#4918=CARTESIAN_POINT('',(-130.300000190735,312.552179813385,6.51675987243645));
#4919=CARTESIAN_POINT('Origin',(-127.,312.440249443054,6.5856800079345));
#4920=CARTESIAN_POINT('',(-130.300000190735,312.552179813385,6.51675987243645));
#4921=CARTESIAN_POINT('Origin',(-130.300000190735,312.552179813385,6.51675987243645));
#4922=CARTESIAN_POINT('',(-130.300000190735,312.796119689941,6.4187197685241));
#4923=CARTESIAN_POINT('Origin',(-130.300000190735,312.796119689941,6.4187197685241));
#4924=UNCERTAINTY_MEASURE_WITH_UNIT(LENGTH_MEASURE(0.01),#4928,
'DISTANCE_ACCURACY_VALUE',
'Maximum model space distance between geometric entities at asserted c
onnectivities');
#4925=UNCERTAINTY_MEASURE_WITH_UNIT(LENGTH_MEASURE(0.01),#4928,
'DISTANCE_ACCURACY_VALUE',
'Maximum model space distance between geometric entities at asserted c
onnectivities');
#4926=(
GEOMETRIC_REPRESENTATION_CONTEXT(3)
GLOBAL_UNCERTAINTY_ASSIGNED_CONTEXT((#4924))
GLOBAL_UNIT_ASSIGNED_CONTEXT((#4928,#4930,#4931))
REPRESENTATION_CONTEXT('','3D')
);
#4927=(
GEOMETRIC_REPRESENTATION_CONTEXT(3)
GLOBAL_UNCERTAINTY_ASSIGNED_CONTEXT((#4925))
GLOBAL_UNIT_ASSIGNED_CONTEXT((#4928,#4930,#4931))
REPRESENTATION_CONTEXT('','3D')
);
#4928=(
LENGTH_UNIT()
NAMED_UNIT(*)
SI_UNIT(.MILLI.,.METRE.)
);
#4929=(
LENGTH_UNIT()
NAMED_UNIT(*)
SI_UNIT($,.METRE.)
);
#4930=(
NAMED_UNIT(*)
PLANE_ANGLE_UNIT()
SI_UNIT($,.RADIAN.)
);
#4931=(
NAMED_UNIT(*)
SI_UNIT($,.STERADIAN.)
SOLID_ANGLE_UNIT()
);
#4932=SHAPE_DEFINITION_REPRESENTATION(#4933,#4934);
#4933=PRODUCT_DEFINITION_SHAPE('',$,#4936);
#4934=SHAPE_REPRESENTATION('',(#3113),#4926);
#4935=PRODUCT_DEFINITION_CONTEXT('part definition',#4940,'design');
#4936=PRODUCT_DEFINITION('Suporte_x.f3d','Suporte_x.f3d v5',#4937,#4935);
#4937=PRODUCT_DEFINITION_FORMATION('',$,#4942);
#4938=PRODUCT_RELATED_PRODUCT_CATEGORY('Suporte_x.f3d v5',
'Suporte_x.f3d v5',(#4942));
#4939=APPLICATION_PROTOCOL_DEFINITION('international standard',
'automotive_design',2009,#4940);
#4940=APPLICATION_CONTEXT(
'Core Data for Automotive Mechanical Design Process');
#4941=PRODUCT_CONTEXT('part definition',#4940,'mechanical');
#4942=PRODUCT('Suporte_x.f3d','Suporte_x.f3d v5',$,(#4941));
#4943=PRESENTATION_STYLE_ASSIGNMENT((#4944));
#4944=SURFACE_STYLE_USAGE(.BOTH.,#4945);
#4945=SURFACE_SIDE_STYLE('',(#4946));
#4946=SURFACE_STYLE_FILL_AREA(#4947);
#4947=FILL_AREA_STYLE('Pintura - Esmalte com brilho (Amarelo)',(#4948));
#4948=FILL_AREA_STYLE_COLOUR('Pintura - Esmalte com brilho (Amarelo)',#4949);
#4949=COLOUR_RGB('Pintura - Esmalte com brilho (Amarelo)',0.909803921568627,
0.67843137254902,0.137254901960784);
ENDSEC;
END-ISO-10303-21;
