ISO-10303-21;
HEADER;
/* Generated by software containing ST-Developer
 * from STEP Tools, Inc. (www.steptools.com) 
 */

FILE_DESCRIPTION(
/* description */ (''),
/* implementation_level */ '2;1');

FILE_NAME(
/* name */ 'SuporteDoRolamentoEixoX.step',
/* time_stamp */ '2026-04-01T20:52:00-03:00',
/* author */ (''),
/* organization */ (''),
/* preprocessor_version */ 'ST-DEVELOPER v20.1',
/* originating_system */ 'Autodesk Translation Framework v14.24.0.0',
/* authorisation */ '');

FILE_SCHEMA (('AUTOMOTIVE_DESIGN { 1 0 10303 214 3 1 1 }'));
ENDSEC;

DATA;
#10=MECHANICAL_DESIGN_GEOMETRIC_PRESENTATION_REPRESENTATION('',(#13),#17049);
#11=SHAPE_REPRESENTATION_RELATIONSHIP('SRR','None',#17056,#12);
#12=ADVANCED_BREP_SHAPE_REPRESENTATION('',(#14),#17048);
#13=STYLED_ITEM('',(#17066),#14);
#14=MANIFOLD_SOLID_BREP('Corpo1',#10773);
#15=FACE_BOUND('',#646,.T.);
#16=FACE_BOUND('',#647,.T.);
#17=FACE_BOUND('',#648,.T.);
#18=FACE_BOUND('',#649,.T.);
#19=FACE_BOUND('',#650,.T.);
#20=FACE_BOUND('',#651,.T.);
#21=FACE_BOUND('',#693,.T.);
#22=FACE_BOUND('',#713,.T.);
#23=FACE_BOUND('',#765,.T.);
#24=FACE_BOUND('',#785,.T.);
#25=FACE_OUTER_BOUND('',#619,.T.);
#26=FACE_OUTER_BOUND('',#620,.T.);
#27=FACE_OUTER_BOUND('',#621,.T.);
#28=FACE_OUTER_BOUND('',#622,.T.);
#29=FACE_OUTER_BOUND('',#623,.T.);
#30=FACE_OUTER_BOUND('',#624,.T.);
#31=FACE_OUTER_BOUND('',#625,.T.);
#32=FACE_OUTER_BOUND('',#626,.T.);
#33=FACE_OUTER_BOUND('',#627,.T.);
#34=FACE_OUTER_BOUND('',#628,.T.);
#35=FACE_OUTER_BOUND('',#629,.T.);
#36=FACE_OUTER_BOUND('',#630,.T.);
#37=FACE_OUTER_BOUND('',#631,.T.);
#38=FACE_OUTER_BOUND('',#632,.T.);
#39=FACE_OUTER_BOUND('',#633,.T.);
#40=FACE_OUTER_BOUND('',#634,.T.);
#41=FACE_OUTER_BOUND('',#635,.T.);
#42=FACE_OUTER_BOUND('',#636,.T.);
#43=FACE_OUTER_BOUND('',#637,.T.);
#44=FACE_OUTER_BOUND('',#638,.T.);
#45=FACE_OUTER_BOUND('',#639,.T.);
#46=FACE_OUTER_BOUND('',#640,.T.);
#47=FACE_OUTER_BOUND('',#641,.T.);
#48=FACE_OUTER_BOUND('',#642,.T.);
#49=FACE_OUTER_BOUND('',#643,.T.);
#50=FACE_OUTER_BOUND('',#644,.T.);
#51=FACE_OUTER_BOUND('',#645,.T.);
#52=FACE_OUTER_BOUND('',#652,.T.);
#53=FACE_OUTER_BOUND('',#653,.T.);
#54=FACE_OUTER_BOUND('',#654,.T.);
#55=FACE_OUTER_BOUND('',#655,.T.);
#56=FACE_OUTER_BOUND('',#656,.T.);
#57=FACE_OUTER_BOUND('',#657,.T.);
#58=FACE_OUTER_BOUND('',#658,.T.);
#59=FACE_OUTER_BOUND('',#659,.T.);
#60=FACE_OUTER_BOUND('',#660,.T.);
#61=FACE_OUTER_BOUND('',#661,.T.);
#62=FACE_OUTER_BOUND('',#662,.T.);
#63=FACE_OUTER_BOUND('',#663,.T.);
#64=FACE_OUTER_BOUND('',#664,.T.);
#65=FACE_OUTER_BOUND('',#665,.T.);
#66=FACE_OUTER_BOUND('',#666,.T.);
#67=FACE_OUTER_BOUND('',#667,.T.);
#68=FACE_OUTER_BOUND('',#668,.T.);
#69=FACE_OUTER_BOUND('',#669,.T.);
#70=FACE_OUTER_BOUND('',#670,.T.);
#71=FACE_OUTER_BOUND('',#671,.T.);
#72=FACE_OUTER_BOUND('',#672,.T.);
#73=FACE_OUTER_BOUND('',#673,.T.);
#74=FACE_OUTER_BOUND('',#674,.T.);
#75=FACE_OUTER_BOUND('',#675,.T.);
#76=FACE_OUTER_BOUND('',#676,.T.);
#77=FACE_OUTER_BOUND('',#677,.T.);
#78=FACE_OUTER_BOUND('',#678,.T.);
#79=FACE_OUTER_BOUND('',#679,.T.);
#80=FACE_OUTER_BOUND('',#680,.T.);
#81=FACE_OUTER_BOUND('',#681,.T.);
#82=FACE_OUTER_BOUND('',#682,.T.);
#83=FACE_OUTER_BOUND('',#683,.T.);
#84=FACE_OUTER_BOUND('',#684,.T.);
#85=FACE_OUTER_BOUND('',#685,.T.);
#86=FACE_OUTER_BOUND('',#686,.T.);
#87=FACE_OUTER_BOUND('',#687,.T.);
#88=FACE_OUTER_BOUND('',#688,.T.);
#89=FACE_OUTER_BOUND('',#689,.T.);
#90=FACE_OUTER_BOUND('',#690,.T.);
#91=FACE_OUTER_BOUND('',#691,.T.);
#92=FACE_OUTER_BOUND('',#692,.T.);
#93=FACE_OUTER_BOUND('',#694,.T.);
#94=FACE_OUTER_BOUND('',#695,.T.);
#95=FACE_OUTER_BOUND('',#696,.T.);
#96=FACE_OUTER_BOUND('',#697,.T.);
#97=FACE_OUTER_BOUND('',#698,.T.);
#98=FACE_OUTER_BOUND('',#699,.T.);
#99=FACE_OUTER_BOUND('',#700,.T.);
#100=FACE_OUTER_BOUND('',#701,.T.);
#101=FACE_OUTER_BOUND('',#702,.T.);
#102=FACE_OUTER_BOUND('',#703,.T.);
#103=FACE_OUTER_BOUND('',#704,.T.);
#104=FACE_OUTER_BOUND('',#705,.T.);
#105=FACE_OUTER_BOUND('',#706,.T.);
#106=FACE_OUTER_BOUND('',#707,.T.);
#107=FACE_OUTER_BOUND('',#708,.T.);
#108=FACE_OUTER_BOUND('',#709,.T.);
#109=FACE_OUTER_BOUND('',#710,.T.);
#110=FACE_OUTER_BOUND('',#711,.T.);
#111=FACE_OUTER_BOUND('',#712,.T.);
#112=FACE_OUTER_BOUND('',#714,.T.);
#113=FACE_OUTER_BOUND('',#715,.T.);
#114=FACE_OUTER_BOUND('',#716,.T.);
#115=FACE_OUTER_BOUND('',#717,.T.);
#116=FACE_OUTER_BOUND('',#718,.T.);
#117=FACE_OUTER_BOUND('',#719,.T.);
#118=FACE_OUTER_BOUND('',#720,.T.);
#119=FACE_OUTER_BOUND('',#721,.T.);
#120=FACE_OUTER_BOUND('',#722,.T.);
#121=FACE_OUTER_BOUND('',#723,.T.);
#122=FACE_OUTER_BOUND('',#724,.T.);
#123=FACE_OUTER_BOUND('',#725,.T.);
#124=FACE_OUTER_BOUND('',#726,.T.);
#125=FACE_OUTER_BOUND('',#727,.T.);
#126=FACE_OUTER_BOUND('',#728,.T.);
#127=FACE_OUTER_BOUND('',#729,.T.);
#128=FACE_OUTER_BOUND('',#730,.T.);
#129=FACE_OUTER_BOUND('',#731,.T.);
#130=FACE_OUTER_BOUND('',#732,.T.);
#131=FACE_OUTER_BOUND('',#733,.T.);
#132=FACE_OUTER_BOUND('',#734,.T.);
#133=FACE_OUTER_BOUND('',#735,.T.);
#134=FACE_OUTER_BOUND('',#736,.T.);
#135=FACE_OUTER_BOUND('',#737,.T.);
#136=FACE_OUTER_BOUND('',#738,.T.);
#137=FACE_OUTER_BOUND('',#739,.T.);
#138=FACE_OUTER_BOUND('',#740,.T.);
#139=FACE_OUTER_BOUND('',#741,.T.);
#140=FACE_OUTER_BOUND('',#742,.T.);
#141=FACE_OUTER_BOUND('',#743,.T.);
#142=FACE_OUTER_BOUND('',#744,.T.);
#143=FACE_OUTER_BOUND('',#745,.T.);
#144=FACE_OUTER_BOUND('',#746,.T.);
#145=FACE_OUTER_BOUND('',#747,.T.);
#146=FACE_OUTER_BOUND('',#748,.T.);
#147=FACE_OUTER_BOUND('',#749,.T.);
#148=FACE_OUTER_BOUND('',#750,.T.);
#149=FACE_OUTER_BOUND('',#751,.T.);
#150=FACE_OUTER_BOUND('',#752,.T.);
#151=FACE_OUTER_BOUND('',#753,.T.);
#152=FACE_OUTER_BOUND('',#754,.T.);
#153=FACE_OUTER_BOUND('',#755,.T.);
#154=FACE_OUTER_BOUND('',#756,.T.);
#155=FACE_OUTER_BOUND('',#757,.T.);
#156=FACE_OUTER_BOUND('',#758,.T.);
#157=FACE_OUTER_BOUND('',#759,.T.);
#158=FACE_OUTER_BOUND('',#760,.T.);
#159=FACE_OUTER_BOUND('',#761,.T.);
#160=FACE_OUTER_BOUND('',#762,.T.);
#161=FACE_OUTER_BOUND('',#763,.T.);
#162=FACE_OUTER_BOUND('',#764,.T.);
#163=FACE_OUTER_BOUND('',#766,.T.);
#164=FACE_OUTER_BOUND('',#767,.T.);
#165=FACE_OUTER_BOUND('',#768,.T.);
#166=FACE_OUTER_BOUND('',#769,.T.);
#167=FACE_OUTER_BOUND('',#770,.T.);
#168=FACE_OUTER_BOUND('',#771,.T.);
#169=FACE_OUTER_BOUND('',#772,.T.);
#170=FACE_OUTER_BOUND('',#773,.T.);
#171=FACE_OUTER_BOUND('',#774,.T.);
#172=FACE_OUTER_BOUND('',#775,.T.);
#173=FACE_OUTER_BOUND('',#776,.T.);
#174=FACE_OUTER_BOUND('',#777,.T.);
#175=FACE_OUTER_BOUND('',#778,.T.);
#176=FACE_OUTER_BOUND('',#779,.T.);
#177=FACE_OUTER_BOUND('',#780,.T.);
#178=FACE_OUTER_BOUND('',#781,.T.);
#179=FACE_OUTER_BOUND('',#782,.T.);
#180=FACE_OUTER_BOUND('',#783,.T.);
#181=FACE_OUTER_BOUND('',#784,.T.);
#182=FACE_OUTER_BOUND('',#786,.T.);
#183=FACE_OUTER_BOUND('',#787,.T.);
#184=FACE_OUTER_BOUND('',#788,.T.);
#185=FACE_OUTER_BOUND('',#789,.T.);
#186=FACE_OUTER_BOUND('',#790,.T.);
#187=FACE_OUTER_BOUND('',#791,.T.);
#188=FACE_OUTER_BOUND('',#792,.T.);
#189=FACE_OUTER_BOUND('',#793,.T.);
#190=FACE_OUTER_BOUND('',#794,.T.);
#191=FACE_OUTER_BOUND('',#795,.T.);
#192=FACE_OUTER_BOUND('',#796,.T.);
#193=FACE_OUTER_BOUND('',#797,.T.);
#194=FACE_OUTER_BOUND('',#798,.T.);
#195=FACE_OUTER_BOUND('',#799,.T.);
#196=FACE_OUTER_BOUND('',#800,.T.);
#197=FACE_OUTER_BOUND('',#801,.T.);
#198=FACE_OUTER_BOUND('',#802,.T.);
#199=FACE_OUTER_BOUND('',#803,.T.);
#200=FACE_OUTER_BOUND('',#804,.T.);
#201=FACE_OUTER_BOUND('',#805,.T.);
#202=FACE_OUTER_BOUND('',#806,.T.);
#203=FACE_OUTER_BOUND('',#807,.T.);
#204=FACE_OUTER_BOUND('',#808,.T.);
#205=FACE_OUTER_BOUND('',#809,.T.);
#206=FACE_OUTER_BOUND('',#810,.T.);
#207=FACE_OUTER_BOUND('',#811,.T.);
#208=FACE_OUTER_BOUND('',#812,.T.);
#209=FACE_OUTER_BOUND('',#813,.T.);
#210=FACE_OUTER_BOUND('',#814,.T.);
#211=FACE_OUTER_BOUND('',#815,.T.);
#212=FACE_OUTER_BOUND('',#816,.T.);
#213=FACE_OUTER_BOUND('',#817,.T.);
#214=FACE_OUTER_BOUND('',#818,.T.);
#215=FACE_OUTER_BOUND('',#819,.T.);
#216=FACE_OUTER_BOUND('',#820,.T.);
#217=FACE_OUTER_BOUND('',#821,.T.);
#218=FACE_OUTER_BOUND('',#822,.T.);
#219=FACE_OUTER_BOUND('',#823,.T.);
#220=FACE_OUTER_BOUND('',#824,.T.);
#221=FACE_OUTER_BOUND('',#825,.T.);
#222=FACE_OUTER_BOUND('',#826,.T.);
#223=FACE_OUTER_BOUND('',#827,.T.);
#224=FACE_OUTER_BOUND('',#828,.T.);
#225=FACE_OUTER_BOUND('',#829,.T.);
#226=FACE_OUTER_BOUND('',#830,.T.);
#227=FACE_OUTER_BOUND('',#831,.T.);
#228=FACE_OUTER_BOUND('',#832,.T.);
#229=FACE_OUTER_BOUND('',#833,.T.);
#230=FACE_OUTER_BOUND('',#834,.T.);
#231=FACE_OUTER_BOUND('',#835,.T.);
#232=FACE_OUTER_BOUND('',#836,.T.);
#233=FACE_OUTER_BOUND('',#837,.T.);
#234=FACE_OUTER_BOUND('',#838,.T.);
#235=FACE_OUTER_BOUND('',#839,.T.);
#236=FACE_OUTER_BOUND('',#840,.T.);
#237=FACE_OUTER_BOUND('',#841,.T.);
#238=FACE_OUTER_BOUND('',#842,.T.);
#239=FACE_OUTER_BOUND('',#843,.T.);
#240=FACE_OUTER_BOUND('',#844,.T.);
#241=FACE_OUTER_BOUND('',#845,.T.);
#242=FACE_OUTER_BOUND('',#846,.T.);
#243=FACE_OUTER_BOUND('',#847,.T.);
#244=FACE_OUTER_BOUND('',#848,.T.);
#245=FACE_OUTER_BOUND('',#849,.T.);
#246=FACE_OUTER_BOUND('',#850,.T.);
#247=FACE_OUTER_BOUND('',#851,.T.);
#248=FACE_OUTER_BOUND('',#852,.T.);
#249=FACE_OUTER_BOUND('',#853,.T.);
#250=FACE_OUTER_BOUND('',#854,.T.);
#251=FACE_OUTER_BOUND('',#855,.T.);
#252=FACE_OUTER_BOUND('',#856,.T.);
#253=FACE_OUTER_BOUND('',#857,.T.);
#254=FACE_OUTER_BOUND('',#858,.T.);
#255=FACE_OUTER_BOUND('',#859,.T.);
#256=FACE_OUTER_BOUND('',#860,.T.);
#257=FACE_OUTER_BOUND('',#861,.T.);
#258=FACE_OUTER_BOUND('',#862,.T.);
#259=FACE_OUTER_BOUND('',#863,.T.);
#260=FACE_OUTER_BOUND('',#864,.T.);
#261=FACE_OUTER_BOUND('',#865,.T.);
#262=FACE_OUTER_BOUND('',#866,.T.);
#263=FACE_OUTER_BOUND('',#867,.T.);
#264=FACE_OUTER_BOUND('',#868,.T.);
#265=FACE_OUTER_BOUND('',#869,.T.);
#266=FACE_OUTER_BOUND('',#870,.T.);
#267=FACE_OUTER_BOUND('',#871,.T.);
#268=FACE_OUTER_BOUND('',#872,.T.);
#269=FACE_OUTER_BOUND('',#873,.T.);
#270=FACE_OUTER_BOUND('',#874,.T.);
#271=FACE_OUTER_BOUND('',#875,.T.);
#272=FACE_OUTER_BOUND('',#876,.T.);
#273=FACE_OUTER_BOUND('',#877,.T.);
#274=FACE_OUTER_BOUND('',#878,.T.);
#275=FACE_OUTER_BOUND('',#879,.T.);
#276=FACE_OUTER_BOUND('',#880,.T.);
#277=FACE_OUTER_BOUND('',#881,.T.);
#278=FACE_OUTER_BOUND('',#882,.T.);
#279=FACE_OUTER_BOUND('',#883,.T.);
#280=FACE_OUTER_BOUND('',#884,.T.);
#281=FACE_OUTER_BOUND('',#885,.T.);
#282=FACE_OUTER_BOUND('',#886,.T.);
#283=FACE_OUTER_BOUND('',#887,.T.);
#284=FACE_OUTER_BOUND('',#888,.T.);
#285=FACE_OUTER_BOUND('',#889,.T.);
#286=FACE_OUTER_BOUND('',#890,.T.);
#287=FACE_OUTER_BOUND('',#891,.T.);
#288=FACE_OUTER_BOUND('',#892,.T.);
#289=FACE_OUTER_BOUND('',#893,.T.);
#290=FACE_OUTER_BOUND('',#894,.T.);
#291=FACE_OUTER_BOUND('',#895,.T.);
#292=FACE_OUTER_BOUND('',#896,.T.);
#293=FACE_OUTER_BOUND('',#897,.T.);
#294=FACE_OUTER_BOUND('',#898,.T.);
#295=FACE_OUTER_BOUND('',#899,.T.);
#296=FACE_OUTER_BOUND('',#900,.T.);
#297=FACE_OUTER_BOUND('',#901,.T.);
#298=FACE_OUTER_BOUND('',#902,.T.);
#299=FACE_OUTER_BOUND('',#903,.T.);
#300=FACE_OUTER_BOUND('',#904,.T.);
#301=FACE_OUTER_BOUND('',#905,.T.);
#302=FACE_OUTER_BOUND('',#906,.T.);
#303=FACE_OUTER_BOUND('',#907,.T.);
#304=FACE_OUTER_BOUND('',#908,.T.);
#305=FACE_OUTER_BOUND('',#909,.T.);
#306=FACE_OUTER_BOUND('',#910,.T.);
#307=FACE_OUTER_BOUND('',#911,.T.);
#308=FACE_OUTER_BOUND('',#912,.T.);
#309=FACE_OUTER_BOUND('',#913,.T.);
#310=FACE_OUTER_BOUND('',#914,.T.);
#311=FACE_OUTER_BOUND('',#915,.T.);
#312=FACE_OUTER_BOUND('',#916,.T.);
#313=FACE_OUTER_BOUND('',#917,.T.);
#314=FACE_OUTER_BOUND('',#918,.T.);
#315=FACE_OUTER_BOUND('',#919,.T.);
#316=FACE_OUTER_BOUND('',#920,.T.);
#317=FACE_OUTER_BOUND('',#921,.T.);
#318=FACE_OUTER_BOUND('',#922,.T.);
#319=FACE_OUTER_BOUND('',#923,.T.);
#320=FACE_OUTER_BOUND('',#924,.T.);
#321=FACE_OUTER_BOUND('',#925,.T.);
#322=FACE_OUTER_BOUND('',#926,.T.);
#323=FACE_OUTER_BOUND('',#927,.T.);
#324=FACE_OUTER_BOUND('',#928,.T.);
#325=FACE_OUTER_BOUND('',#929,.T.);
#326=FACE_OUTER_BOUND('',#930,.T.);
#327=FACE_OUTER_BOUND('',#931,.T.);
#328=FACE_OUTER_BOUND('',#932,.T.);
#329=FACE_OUTER_BOUND('',#933,.T.);
#330=FACE_OUTER_BOUND('',#934,.T.);
#331=FACE_OUTER_BOUND('',#935,.T.);
#332=FACE_OUTER_BOUND('',#936,.T.);
#333=FACE_OUTER_BOUND('',#937,.T.);
#334=FACE_OUTER_BOUND('',#938,.T.);
#335=FACE_OUTER_BOUND('',#939,.T.);
#336=FACE_OUTER_BOUND('',#940,.T.);
#337=FACE_OUTER_BOUND('',#941,.T.);
#338=FACE_OUTER_BOUND('',#942,.T.);
#339=FACE_OUTER_BOUND('',#943,.T.);
#340=FACE_OUTER_BOUND('',#944,.T.);
#341=FACE_OUTER_BOUND('',#945,.T.);
#342=FACE_OUTER_BOUND('',#946,.T.);
#343=FACE_OUTER_BOUND('',#947,.T.);
#344=FACE_OUTER_BOUND('',#948,.T.);
#345=FACE_OUTER_BOUND('',#949,.T.);
#346=FACE_OUTER_BOUND('',#950,.T.);
#347=FACE_OUTER_BOUND('',#951,.T.);
#348=FACE_OUTER_BOUND('',#952,.T.);
#349=FACE_OUTER_BOUND('',#953,.T.);
#350=FACE_OUTER_BOUND('',#954,.T.);
#351=FACE_OUTER_BOUND('',#955,.T.);
#352=FACE_OUTER_BOUND('',#956,.T.);
#353=FACE_OUTER_BOUND('',#957,.T.);
#354=FACE_OUTER_BOUND('',#958,.T.);
#355=FACE_OUTER_BOUND('',#959,.T.);
#356=FACE_OUTER_BOUND('',#960,.T.);
#357=FACE_OUTER_BOUND('',#961,.T.);
#358=FACE_OUTER_BOUND('',#962,.T.);
#359=FACE_OUTER_BOUND('',#963,.T.);
#360=FACE_OUTER_BOUND('',#964,.T.);
#361=FACE_OUTER_BOUND('',#965,.T.);
#362=FACE_OUTER_BOUND('',#966,.T.);
#363=FACE_OUTER_BOUND('',#967,.T.);
#364=FACE_OUTER_BOUND('',#968,.T.);
#365=FACE_OUTER_BOUND('',#969,.T.);
#366=FACE_OUTER_BOUND('',#970,.T.);
#367=FACE_OUTER_BOUND('',#971,.T.);
#368=FACE_OUTER_BOUND('',#972,.T.);
#369=FACE_OUTER_BOUND('',#973,.T.);
#370=FACE_OUTER_BOUND('',#974,.T.);
#371=FACE_OUTER_BOUND('',#975,.T.);
#372=FACE_OUTER_BOUND('',#976,.T.);
#373=FACE_OUTER_BOUND('',#977,.T.);
#374=FACE_OUTER_BOUND('',#978,.T.);
#375=FACE_OUTER_BOUND('',#979,.T.);
#376=FACE_OUTER_BOUND('',#980,.T.);
#377=FACE_OUTER_BOUND('',#981,.T.);
#378=FACE_OUTER_BOUND('',#982,.T.);
#379=FACE_OUTER_BOUND('',#983,.T.);
#380=FACE_OUTER_BOUND('',#984,.T.);
#381=FACE_OUTER_BOUND('',#985,.T.);
#382=FACE_OUTER_BOUND('',#986,.T.);
#383=FACE_OUTER_BOUND('',#987,.T.);
#384=FACE_OUTER_BOUND('',#988,.T.);
#385=FACE_OUTER_BOUND('',#989,.T.);
#386=FACE_OUTER_BOUND('',#990,.T.);
#387=FACE_OUTER_BOUND('',#991,.T.);
#388=FACE_OUTER_BOUND('',#992,.T.);
#389=FACE_OUTER_BOUND('',#993,.T.);
#390=FACE_OUTER_BOUND('',#994,.T.);
#391=FACE_OUTER_BOUND('',#995,.T.);
#392=FACE_OUTER_BOUND('',#996,.T.);
#393=FACE_OUTER_BOUND('',#997,.T.);
#394=FACE_OUTER_BOUND('',#998,.T.);
#395=FACE_OUTER_BOUND('',#999,.T.);
#396=FACE_OUTER_BOUND('',#1000,.T.);
#397=FACE_OUTER_BOUND('',#1001,.T.);
#398=FACE_OUTER_BOUND('',#1002,.T.);
#399=FACE_OUTER_BOUND('',#1003,.T.);
#400=FACE_OUTER_BOUND('',#1004,.T.);
#401=FACE_OUTER_BOUND('',#1005,.T.);
#402=FACE_OUTER_BOUND('',#1006,.T.);
#403=FACE_OUTER_BOUND('',#1007,.T.);
#404=FACE_OUTER_BOUND('',#1008,.T.);
#405=FACE_OUTER_BOUND('',#1009,.T.);
#406=FACE_OUTER_BOUND('',#1010,.T.);
#407=FACE_OUTER_BOUND('',#1011,.T.);
#408=FACE_OUTER_BOUND('',#1012,.T.);
#409=FACE_OUTER_BOUND('',#1013,.T.);
#410=FACE_OUTER_BOUND('',#1014,.T.);
#411=FACE_OUTER_BOUND('',#1015,.T.);
#412=FACE_OUTER_BOUND('',#1016,.T.);
#413=FACE_OUTER_BOUND('',#1017,.T.);
#414=FACE_OUTER_BOUND('',#1018,.T.);
#415=FACE_OUTER_BOUND('',#1019,.T.);
#416=FACE_OUTER_BOUND('',#1020,.T.);
#417=FACE_OUTER_BOUND('',#1021,.T.);
#418=FACE_OUTER_BOUND('',#1022,.T.);
#419=FACE_OUTER_BOUND('',#1023,.T.);
#420=FACE_OUTER_BOUND('',#1024,.T.);
#421=FACE_OUTER_BOUND('',#1025,.T.);
#422=FACE_OUTER_BOUND('',#1026,.T.);
#423=FACE_OUTER_BOUND('',#1027,.T.);
#424=FACE_OUTER_BOUND('',#1028,.T.);
#425=FACE_OUTER_BOUND('',#1029,.T.);
#426=FACE_OUTER_BOUND('',#1030,.T.);
#427=FACE_OUTER_BOUND('',#1031,.T.);
#428=FACE_OUTER_BOUND('',#1032,.T.);
#429=FACE_OUTER_BOUND('',#1033,.T.);
#430=FACE_OUTER_BOUND('',#1034,.T.);
#431=FACE_OUTER_BOUND('',#1035,.T.);
#432=FACE_OUTER_BOUND('',#1036,.T.);
#433=FACE_OUTER_BOUND('',#1037,.T.);
#434=FACE_OUTER_BOUND('',#1038,.T.);
#435=FACE_OUTER_BOUND('',#1039,.T.);
#436=FACE_OUTER_BOUND('',#1040,.T.);
#437=FACE_OUTER_BOUND('',#1041,.T.);
#438=FACE_OUTER_BOUND('',#1042,.T.);
#439=FACE_OUTER_BOUND('',#1043,.T.);
#440=FACE_OUTER_BOUND('',#1044,.T.);
#441=FACE_OUTER_BOUND('',#1045,.T.);
#442=FACE_OUTER_BOUND('',#1046,.T.);
#443=FACE_OUTER_BOUND('',#1047,.T.);
#444=FACE_OUTER_BOUND('',#1048,.T.);
#445=FACE_OUTER_BOUND('',#1049,.T.);
#446=FACE_OUTER_BOUND('',#1050,.T.);
#447=FACE_OUTER_BOUND('',#1051,.T.);
#448=FACE_OUTER_BOUND('',#1052,.T.);
#449=FACE_OUTER_BOUND('',#1053,.T.);
#450=FACE_OUTER_BOUND('',#1054,.T.);
#451=FACE_OUTER_BOUND('',#1055,.T.);
#452=FACE_OUTER_BOUND('',#1056,.T.);
#453=FACE_OUTER_BOUND('',#1057,.T.);
#454=FACE_OUTER_BOUND('',#1058,.T.);
#455=FACE_OUTER_BOUND('',#1059,.T.);
#456=FACE_OUTER_BOUND('',#1060,.T.);
#457=FACE_OUTER_BOUND('',#1061,.T.);
#458=FACE_OUTER_BOUND('',#1062,.T.);
#459=FACE_OUTER_BOUND('',#1063,.T.);
#460=FACE_OUTER_BOUND('',#1064,.T.);
#461=FACE_OUTER_BOUND('',#1065,.T.);
#462=FACE_OUTER_BOUND('',#1066,.T.);
#463=FACE_OUTER_BOUND('',#1067,.T.);
#464=FACE_OUTER_BOUND('',#1068,.T.);
#465=FACE_OUTER_BOUND('',#1069,.T.);
#466=FACE_OUTER_BOUND('',#1070,.T.);
#467=FACE_OUTER_BOUND('',#1071,.T.);
#468=FACE_OUTER_BOUND('',#1072,.T.);
#469=FACE_OUTER_BOUND('',#1073,.T.);
#470=FACE_OUTER_BOUND('',#1074,.T.);
#471=FACE_OUTER_BOUND('',#1075,.T.);
#472=FACE_OUTER_BOUND('',#1076,.T.);
#473=FACE_OUTER_BOUND('',#1077,.T.);
#474=FACE_OUTER_BOUND('',#1078,.T.);
#475=FACE_OUTER_BOUND('',#1079,.T.);
#476=FACE_OUTER_BOUND('',#1080,.T.);
#477=FACE_OUTER_BOUND('',#1081,.T.);
#478=FACE_OUTER_BOUND('',#1082,.T.);
#479=FACE_OUTER_BOUND('',#1083,.T.);
#480=FACE_OUTER_BOUND('',#1084,.T.);
#481=FACE_OUTER_BOUND('',#1085,.T.);
#482=FACE_OUTER_BOUND('',#1086,.T.);
#483=FACE_OUTER_BOUND('',#1087,.T.);
#484=FACE_OUTER_BOUND('',#1088,.T.);
#485=FACE_OUTER_BOUND('',#1089,.T.);
#486=FACE_OUTER_BOUND('',#1090,.T.);
#487=FACE_OUTER_BOUND('',#1091,.T.);
#488=FACE_OUTER_BOUND('',#1092,.T.);
#489=FACE_OUTER_BOUND('',#1093,.T.);
#490=FACE_OUTER_BOUND('',#1094,.T.);
#491=FACE_OUTER_BOUND('',#1095,.T.);
#492=FACE_OUTER_BOUND('',#1096,.T.);
#493=FACE_OUTER_BOUND('',#1097,.T.);
#494=FACE_OUTER_BOUND('',#1098,.T.);
#495=FACE_OUTER_BOUND('',#1099,.T.);
#496=FACE_OUTER_BOUND('',#1100,.T.);
#497=FACE_OUTER_BOUND('',#1101,.T.);
#498=FACE_OUTER_BOUND('',#1102,.T.);
#499=FACE_OUTER_BOUND('',#1103,.T.);
#500=FACE_OUTER_BOUND('',#1104,.T.);
#501=FACE_OUTER_BOUND('',#1105,.T.);
#502=FACE_OUTER_BOUND('',#1106,.T.);
#503=FACE_OUTER_BOUND('',#1107,.T.);
#504=FACE_OUTER_BOUND('',#1108,.T.);
#505=FACE_OUTER_BOUND('',#1109,.T.);
#506=FACE_OUTER_BOUND('',#1110,.T.);
#507=FACE_OUTER_BOUND('',#1111,.T.);
#508=FACE_OUTER_BOUND('',#1112,.T.);
#509=FACE_OUTER_BOUND('',#1113,.T.);
#510=FACE_OUTER_BOUND('',#1114,.T.);
#511=FACE_OUTER_BOUND('',#1115,.T.);
#512=FACE_OUTER_BOUND('',#1116,.T.);
#513=FACE_OUTER_BOUND('',#1117,.T.);
#514=FACE_OUTER_BOUND('',#1118,.T.);
#515=FACE_OUTER_BOUND('',#1119,.T.);
#516=FACE_OUTER_BOUND('',#1120,.T.);
#517=FACE_OUTER_BOUND('',#1121,.T.);
#518=FACE_OUTER_BOUND('',#1122,.T.);
#519=FACE_OUTER_BOUND('',#1123,.T.);
#520=FACE_OUTER_BOUND('',#1124,.T.);
#521=FACE_OUTER_BOUND('',#1125,.T.);
#522=FACE_OUTER_BOUND('',#1126,.T.);
#523=FACE_OUTER_BOUND('',#1127,.T.);
#524=FACE_OUTER_BOUND('',#1128,.T.);
#525=FACE_OUTER_BOUND('',#1129,.T.);
#526=FACE_OUTER_BOUND('',#1130,.T.);
#527=FACE_OUTER_BOUND('',#1131,.T.);
#528=FACE_OUTER_BOUND('',#1132,.T.);
#529=FACE_OUTER_BOUND('',#1133,.T.);
#530=FACE_OUTER_BOUND('',#1134,.T.);
#531=FACE_OUTER_BOUND('',#1135,.T.);
#532=FACE_OUTER_BOUND('',#1136,.T.);
#533=FACE_OUTER_BOUND('',#1137,.T.);
#534=FACE_OUTER_BOUND('',#1138,.T.);
#535=FACE_OUTER_BOUND('',#1139,.T.);
#536=FACE_OUTER_BOUND('',#1140,.T.);
#537=FACE_OUTER_BOUND('',#1141,.T.);
#538=FACE_OUTER_BOUND('',#1142,.T.);
#539=FACE_OUTER_BOUND('',#1143,.T.);
#540=FACE_OUTER_BOUND('',#1144,.T.);
#541=FACE_OUTER_BOUND('',#1145,.T.);
#542=FACE_OUTER_BOUND('',#1146,.T.);
#543=FACE_OUTER_BOUND('',#1147,.T.);
#544=FACE_OUTER_BOUND('',#1148,.T.);
#545=FACE_OUTER_BOUND('',#1149,.T.);
#546=FACE_OUTER_BOUND('',#1150,.T.);
#547=FACE_OUTER_BOUND('',#1151,.T.);
#548=FACE_OUTER_BOUND('',#1152,.T.);
#549=FACE_OUTER_BOUND('',#1153,.T.);
#550=FACE_OUTER_BOUND('',#1154,.T.);
#551=FACE_OUTER_BOUND('',#1155,.T.);
#552=FACE_OUTER_BOUND('',#1156,.T.);
#553=FACE_OUTER_BOUND('',#1157,.T.);
#554=FACE_OUTER_BOUND('',#1158,.T.);
#555=FACE_OUTER_BOUND('',#1159,.T.);
#556=FACE_OUTER_BOUND('',#1160,.T.);
#557=FACE_OUTER_BOUND('',#1161,.T.);
#558=FACE_OUTER_BOUND('',#1162,.T.);
#559=FACE_OUTER_BOUND('',#1163,.T.);
#560=FACE_OUTER_BOUND('',#1164,.T.);
#561=FACE_OUTER_BOUND('',#1165,.T.);
#562=FACE_OUTER_BOUND('',#1166,.T.);
#563=FACE_OUTER_BOUND('',#1167,.T.);
#564=FACE_OUTER_BOUND('',#1168,.T.);
#565=FACE_OUTER_BOUND('',#1169,.T.);
#566=FACE_OUTER_BOUND('',#1170,.T.);
#567=FACE_OUTER_BOUND('',#1171,.T.);
#568=FACE_OUTER_BOUND('',#1172,.T.);
#569=FACE_OUTER_BOUND('',#1173,.T.);
#570=FACE_OUTER_BOUND('',#1174,.T.);
#571=FACE_OUTER_BOUND('',#1175,.T.);
#572=FACE_OUTER_BOUND('',#1176,.T.);
#573=FACE_OUTER_BOUND('',#1177,.T.);
#574=FACE_OUTER_BOUND('',#1178,.T.);
#575=FACE_OUTER_BOUND('',#1179,.T.);
#576=FACE_OUTER_BOUND('',#1180,.T.);
#577=FACE_OUTER_BOUND('',#1181,.T.);
#578=FACE_OUTER_BOUND('',#1182,.T.);
#579=FACE_OUTER_BOUND('',#1183,.T.);
#580=FACE_OUTER_BOUND('',#1184,.T.);
#581=FACE_OUTER_BOUND('',#1185,.T.);
#582=FACE_OUTER_BOUND('',#1186,.T.);
#583=FACE_OUTER_BOUND('',#1187,.T.);
#584=FACE_OUTER_BOUND('',#1188,.T.);
#585=FACE_OUTER_BOUND('',#1189,.T.);
#586=FACE_OUTER_BOUND('',#1190,.T.);
#587=FACE_OUTER_BOUND('',#1191,.T.);
#588=FACE_OUTER_BOUND('',#1192,.T.);
#589=FACE_OUTER_BOUND('',#1193,.T.);
#590=FACE_OUTER_BOUND('',#1194,.T.);
#591=FACE_OUTER_BOUND('',#1195,.T.);
#592=FACE_OUTER_BOUND('',#1196,.T.);
#593=FACE_OUTER_BOUND('',#1197,.T.);
#594=FACE_OUTER_BOUND('',#1198,.T.);
#595=FACE_OUTER_BOUND('',#1199,.T.);
#596=FACE_OUTER_BOUND('',#1200,.T.);
#597=FACE_OUTER_BOUND('',#1201,.T.);
#598=FACE_OUTER_BOUND('',#1202,.T.);
#599=FACE_OUTER_BOUND('',#1203,.T.);
#600=FACE_OUTER_BOUND('',#1204,.T.);
#601=FACE_OUTER_BOUND('',#1205,.T.);
#602=FACE_OUTER_BOUND('',#1206,.T.);
#603=FACE_OUTER_BOUND('',#1207,.T.);
#604=FACE_OUTER_BOUND('',#1208,.T.);
#605=FACE_OUTER_BOUND('',#1209,.T.);
#606=FACE_OUTER_BOUND('',#1210,.T.);
#607=FACE_OUTER_BOUND('',#1211,.T.);
#608=FACE_OUTER_BOUND('',#1212,.T.);
#609=FACE_OUTER_BOUND('',#1213,.T.);
#610=FACE_OUTER_BOUND('',#1214,.T.);
#611=FACE_OUTER_BOUND('',#1215,.T.);
#612=FACE_OUTER_BOUND('',#1216,.T.);
#613=FACE_OUTER_BOUND('',#1217,.T.);
#614=FACE_OUTER_BOUND('',#1218,.T.);
#615=FACE_OUTER_BOUND('',#1219,.T.);
#616=FACE_OUTER_BOUND('',#1220,.T.);
#617=FACE_OUTER_BOUND('',#1221,.T.);
#618=FACE_OUTER_BOUND('',#1222,.T.);
#619=EDGE_LOOP('',(#6597,#6598,#6599,#6600));
#620=EDGE_LOOP('',(#6601,#6602,#6603,#6604));
#621=EDGE_LOOP('',(#6605,#6606,#6607));
#622=EDGE_LOOP('',(#6608,#6609,#6610,#6611,#6612,#6613));
#623=EDGE_LOOP('',(#6614,#6615,#6616,#6617));
#624=EDGE_LOOP('',(#6618,#6619,#6620,#6621));
#625=EDGE_LOOP('',(#6622,#6623,#6624,#6625));
#626=EDGE_LOOP('',(#6626,#6627,#6628,#6629));
#627=EDGE_LOOP('',(#6630,#6631,#6632));
#628=EDGE_LOOP('',(#6633,#6634,#6635,#6636,#6637,#6638));
#629=EDGE_LOOP('',(#6639,#6640,#6641,#6642));
#630=EDGE_LOOP('',(#6643,#6644,#6645,#6646));
#631=EDGE_LOOP('',(#6647,#6648,#6649,#6650,#6651,#6652,#6653,#6654,#6655,
#6656,#6657,#6658,#6659,#6660,#6661,#6662,#6663));
#632=EDGE_LOOP('',(#6664,#6665,#6666,#6667,#6668,#6669,#6670,#6671,#6672,
#6673,#6674,#6675,#6676,#6677,#6678,#6679,#6680));
#633=EDGE_LOOP('',(#6681,#6682,#6683,#6684,#6685,#6686,#6687,#6688,#6689,
#6690,#6691,#6692,#6693,#6694,#6695,#6696,#6697));
#634=EDGE_LOOP('',(#6698,#6699,#6700,#6701,#6702,#6703,#6704,#6705,#6706,
#6707,#6708,#6709,#6710,#6711,#6712,#6713,#6714));
#635=EDGE_LOOP('',(#6715,#6716,#6717,#6718,#6719,#6720,#6721,#6722,#6723,
#6724,#6725,#6726,#6727,#6728,#6729,#6730,#6731));
#636=EDGE_LOOP('',(#6732,#6733,#6734,#6735,#6736,#6737,#6738,#6739,#6740,
#6741,#6742,#6743,#6744,#6745,#6746,#6747,#6748));
#637=EDGE_LOOP('',(#6749,#6750,#6751,#6752,#6753,#6754,#6755,#6756,#6757,
#6758,#6759,#6760,#6761,#6762,#6763,#6764,#6765));
#638=EDGE_LOOP('',(#6766,#6767,#6768,#6769,#6770,#6771,#6772,#6773,#6774,
#6775,#6776,#6777,#6778,#6779,#6780,#6781,#6782));
#639=EDGE_LOOP('',(#6783,#6784,#6785,#6786,#6787,#6788,#6789,#6790,#6791,
#6792,#6793,#6794,#6795,#6796,#6797,#6798,#6799));
#640=EDGE_LOOP('',(#6800,#6801,#6802,#6803,#6804,#6805,#6806,#6807,#6808,
#6809,#6810,#6811,#6812,#6813,#6814,#6815,#6816));
#641=EDGE_LOOP('',(#6817,#6818,#6819,#6820,#6821,#6822,#6823,#6824,#6825,
#6826,#6827,#6828,#6829,#6830,#6831,#6832,#6833));
#642=EDGE_LOOP('',(#6834,#6835,#6836,#6837,#6838,#6839,#6840,#6841,#6842,
#6843,#6844,#6845,#6846,#6847,#6848,#6849,#6850));
#643=EDGE_LOOP('',(#6851,#6852,#6853,#6854,#6855,#6856,#6857,#6858,#6859,
#6860,#6861,#6862,#6863,#6864,#6865,#6866,#6867));
#644=EDGE_LOOP('',(#6868,#6869,#6870,#6871,#6872,#6873,#6874,#6875,#6876,
#6877,#6878,#6879,#6880,#6881,#6882,#6883,#6884));
#645=EDGE_LOOP('',(#6885,#6886,#6887,#6888,#6889,#6890,#6891,#6892,#6893,
#6894,#6895,#6896,#6897,#6898,#6899,#6900,#6901,#6902,#6903,#6904,#6905,
#6906,#6907,#6908,#6909,#6910,#6911,#6912,#6913,#6914,#6915,#6916,#6917,
#6918,#6919,#6920));
#646=EDGE_LOOP('',(#6921,#6922,#6923,#6924,#6925,#6926,#6927,#6928,#6929,
#6930,#6931,#6932,#6933,#6934,#6935,#6936,#6937,#6938,#6939,#6940,#6941,
#6942,#6943,#6944));
#647=EDGE_LOOP('',(#6945,#6946,#6947,#6948,#6949,#6950,#6951,#6952,#6953,
#6954,#6955,#6956,#6957,#6958,#6959,#6960,#6961,#6962,#6963,#6964,#6965,
#6966,#6967,#6968));
#648=EDGE_LOOP('',(#6969,#6970,#6971,#6972));
#649=EDGE_LOOP('',(#6973,#6974,#6975,#6976));
#650=EDGE_LOOP('',(#6977,#6978,#6979,#6980));
#651=EDGE_LOOP('',(#6981,#6982,#6983,#6984));
#652=EDGE_LOOP('',(#6985,#6986,#6987,#6988,#6989,#6990,#6991,#6992,#6993,
#6994,#6995,#6996,#6997,#6998,#6999,#7000,#7001));
#653=EDGE_LOOP('',(#7002,#7003,#7004,#7005,#7006,#7007,#7008,#7009,#7010,
#7011,#7012,#7013,#7014,#7015,#7016,#7017,#7018));
#654=EDGE_LOOP('',(#7019,#7020,#7021,#7022,#7023,#7024));
#655=EDGE_LOOP('',(#7025,#7026,#7027,#7028,#7029,#7030));
#656=EDGE_LOOP('',(#7031,#7032,#7033,#7034,#7035,#7036,#7037,#7038));
#657=EDGE_LOOP('',(#7039,#7040,#7041,#7042,#7043,#7044,#7045,#7046));
#658=EDGE_LOOP('',(#7047,#7048,#7049,#7050,#7051,#7052,#7053,#7054));
#659=EDGE_LOOP('',(#7055,#7056,#7057,#7058));
#660=EDGE_LOOP('',(#7059,#7060,#7061,#7062));
#661=EDGE_LOOP('',(#7063,#7064,#7065,#7066));
#662=EDGE_LOOP('',(#7067,#7068,#7069,#7070,#7071,#7072,#7073,#7074));
#663=EDGE_LOOP('',(#7075,#7076,#7077,#7078));
#664=EDGE_LOOP('',(#7079,#7080,#7081,#7082));
#665=EDGE_LOOP('',(#7083,#7084,#7085,#7086));
#666=EDGE_LOOP('',(#7087,#7088,#7089,#7090));
#667=EDGE_LOOP('',(#7091,#7092,#7093,#7094,#7095,#7096,#7097,#7098));
#668=EDGE_LOOP('',(#7099,#7100,#7101,#7102));
#669=EDGE_LOOP('',(#7103,#7104,#7105,#7106,#7107,#7108,#7109,#7110));
#670=EDGE_LOOP('',(#7111,#7112,#7113,#7114));
#671=EDGE_LOOP('',(#7115,#7116,#7117,#7118));
#672=EDGE_LOOP('',(#7119,#7120,#7121,#7122));
#673=EDGE_LOOP('',(#7123,#7124,#7125,#7126));
#674=EDGE_LOOP('',(#7127,#7128,#7129,#7130));
#675=EDGE_LOOP('',(#7131,#7132,#7133,#7134));
#676=EDGE_LOOP('',(#7135,#7136,#7137,#7138));
#677=EDGE_LOOP('',(#7139,#7140,#7141,#7142));
#678=EDGE_LOOP('',(#7143,#7144,#7145,#7146));
#679=EDGE_LOOP('',(#7147,#7148,#7149,#7150));
#680=EDGE_LOOP('',(#7151,#7152,#7153,#7154));
#681=EDGE_LOOP('',(#7155,#7156,#7157,#7158));
#682=EDGE_LOOP('',(#7159,#7160,#7161,#7162,#7163,#7164,#7165,#7166));
#683=EDGE_LOOP('',(#7167,#7168,#7169,#7170));
#684=EDGE_LOOP('',(#7171,#7172,#7173,#7174));
#685=EDGE_LOOP('',(#7175,#7176,#7177,#7178));
#686=EDGE_LOOP('',(#7179,#7180,#7181,#7182,#7183,#7184,#7185,#7186));
#687=EDGE_LOOP('',(#7187,#7188,#7189,#7190));
#688=EDGE_LOOP('',(#7191,#7192,#7193,#7194));
#689=EDGE_LOOP('',(#7195,#7196,#7197,#7198));
#690=EDGE_LOOP('',(#7199,#7200,#7201,#7202));
#691=EDGE_LOOP('',(#7203,#7204,#7205,#7206));
#692=EDGE_LOOP('',(#7207,#7208,#7209,#7210,#7211,#7212));
#693=EDGE_LOOP('',(#7213,#7214,#7215,#7216,#7217,#7218,#7219,#7220,#7221,
#7222,#7223,#7224,#7225,#7226));
#694=EDGE_LOOP('',(#7227,#7228,#7229,#7230));
#695=EDGE_LOOP('',(#7231,#7232,#7233,#7234));
#696=EDGE_LOOP('',(#7235,#7236,#7237,#7238));
#697=EDGE_LOOP('',(#7239,#7240,#7241,#7242));
#698=EDGE_LOOP('',(#7243,#7244,#7245));
#699=EDGE_LOOP('',(#7246,#7247,#7248));
#700=EDGE_LOOP('',(#7249,#7250,#7251,#7252));
#701=EDGE_LOOP('',(#7253,#7254,#7255));
#702=EDGE_LOOP('',(#7256,#7257,#7258));
#703=EDGE_LOOP('',(#7259,#7260,#7261,#7262));
#704=EDGE_LOOP('',(#7263,#7264,#7265));
#705=EDGE_LOOP('',(#7266,#7267,#7268,#7269));
#706=EDGE_LOOP('',(#7270,#7271,#7272,#7273));
#707=EDGE_LOOP('',(#7274,#7275,#7276,#7277));
#708=EDGE_LOOP('',(#7278,#7279,#7280));
#709=EDGE_LOOP('',(#7281,#7282,#7283));
#710=EDGE_LOOP('',(#7284,#7285,#7286,#7287));
#711=EDGE_LOOP('',(#7288,#7289,#7290));
#712=EDGE_LOOP('',(#7291,#7292,#7293,#7294,#7295,#7296));
#713=EDGE_LOOP('',(#7297,#7298,#7299,#7300,#7301,#7302,#7303,#7304,#7305,
#7306,#7307,#7308,#7309,#7310,#7311,#7312,#7313,#7314,#7315,#7316,#7317,
#7318,#7319,#7320,#7321));
#714=EDGE_LOOP('',(#7322,#7323,#7324));
#715=EDGE_LOOP('',(#7325,#7326,#7327));
#716=EDGE_LOOP('',(#7328,#7329,#7330));
#717=EDGE_LOOP('',(#7331,#7332,#7333));
#718=EDGE_LOOP('',(#7334,#7335,#7336));
#719=EDGE_LOOP('',(#7337,#7338,#7339));
#720=EDGE_LOOP('',(#7340,#7341,#7342));
#721=EDGE_LOOP('',(#7343,#7344,#7345));
#722=EDGE_LOOP('',(#7346,#7347,#7348));
#723=EDGE_LOOP('',(#7349,#7350,#7351));
#724=EDGE_LOOP('',(#7352,#7353,#7354));
#725=EDGE_LOOP('',(#7355,#7356,#7357));
#726=EDGE_LOOP('',(#7358,#7359,#7360));
#727=EDGE_LOOP('',(#7361,#7362,#7363));
#728=EDGE_LOOP('',(#7364,#7365,#7366));
#729=EDGE_LOOP('',(#7367,#7368,#7369));
#730=EDGE_LOOP('',(#7370,#7371,#7372));
#731=EDGE_LOOP('',(#7373,#7374,#7375));
#732=EDGE_LOOP('',(#7376,#7377,#7378));
#733=EDGE_LOOP('',(#7379,#7380,#7381));
#734=EDGE_LOOP('',(#7382,#7383,#7384));
#735=EDGE_LOOP('',(#7385,#7386,#7387));
#736=EDGE_LOOP('',(#7388,#7389,#7390));
#737=EDGE_LOOP('',(#7391,#7392,#7393));
#738=EDGE_LOOP('',(#7394,#7395,#7396));
#739=EDGE_LOOP('',(#7397,#7398,#7399));
#740=EDGE_LOOP('',(#7400,#7401,#7402));
#741=EDGE_LOOP('',(#7403,#7404,#7405));
#742=EDGE_LOOP('',(#7406,#7407,#7408));
#743=EDGE_LOOP('',(#7409,#7410,#7411));
#744=EDGE_LOOP('',(#7412,#7413,#7414));
#745=EDGE_LOOP('',(#7415,#7416,#7417));
#746=EDGE_LOOP('',(#7418,#7419,#7420));
#747=EDGE_LOOP('',(#7421,#7422,#7423));
#748=EDGE_LOOP('',(#7424,#7425,#7426));
#749=EDGE_LOOP('',(#7427,#7428,#7429));
#750=EDGE_LOOP('',(#7430,#7431,#7432));
#751=EDGE_LOOP('',(#7433,#7434,#7435));
#752=EDGE_LOOP('',(#7436,#7437,#7438));
#753=EDGE_LOOP('',(#7439,#7440,#7441));
#754=EDGE_LOOP('',(#7442,#7443,#7444));
#755=EDGE_LOOP('',(#7445,#7446,#7447));
#756=EDGE_LOOP('',(#7448,#7449,#7450));
#757=EDGE_LOOP('',(#7451,#7452,#7453));
#758=EDGE_LOOP('',(#7454,#7455,#7456));
#759=EDGE_LOOP('',(#7457,#7458,#7459));
#760=EDGE_LOOP('',(#7460,#7461,#7462));
#761=EDGE_LOOP('',(#7463,#7464,#7465));
#762=EDGE_LOOP('',(#7466,#7467,#7468));
#763=EDGE_LOOP('',(#7469,#7470,#7471,#7472));
#764=EDGE_LOOP('',(#7473,#7474,#7475,#7476,#7477,#7478));
#765=EDGE_LOOP('',(#7479,#7480,#7481,#7482,#7483,#7484,#7485,#7486,#7487,
#7488,#7489,#7490,#7491,#7492));
#766=EDGE_LOOP('',(#7493,#7494,#7495,#7496));
#767=EDGE_LOOP('',(#7497,#7498,#7499,#7500));
#768=EDGE_LOOP('',(#7501,#7502,#7503,#7504));
#769=EDGE_LOOP('',(#7505,#7506,#7507,#7508));
#770=EDGE_LOOP('',(#7509,#7510,#7511));
#771=EDGE_LOOP('',(#7512,#7513,#7514));
#772=EDGE_LOOP('',(#7515,#7516,#7517,#7518));
#773=EDGE_LOOP('',(#7519,#7520,#7521));
#774=EDGE_LOOP('',(#7522,#7523,#7524));
#775=EDGE_LOOP('',(#7525,#7526,#7527,#7528));
#776=EDGE_LOOP('',(#7529,#7530,#7531));
#777=EDGE_LOOP('',(#7532,#7533,#7534,#7535));
#778=EDGE_LOOP('',(#7536,#7537,#7538,#7539));
#779=EDGE_LOOP('',(#7540,#7541,#7542,#7543));
#780=EDGE_LOOP('',(#7544,#7545,#7546));
#781=EDGE_LOOP('',(#7547,#7548,#7549));
#782=EDGE_LOOP('',(#7550,#7551,#7552,#7553));
#783=EDGE_LOOP('',(#7554,#7555,#7556));
#784=EDGE_LOOP('',(#7557,#7558,#7559,#7560,#7561,#7562));
#785=EDGE_LOOP('',(#7563,#7564,#7565,#7566,#7567,#7568,#7569,#7570,#7571,
#7572,#7573,#7574,#7575,#7576,#7577,#7578,#7579,#7580,#7581,#7582,#7583,
#7584,#7585,#7586,#7587));
#786=EDGE_LOOP('',(#7588,#7589,#7590));
#787=EDGE_LOOP('',(#7591,#7592,#7593));
#788=EDGE_LOOP('',(#7594,#7595,#7596));
#789=EDGE_LOOP('',(#7597,#7598,#7599));
#790=EDGE_LOOP('',(#7600,#7601,#7602));
#791=EDGE_LOOP('',(#7603,#7604,#7605));
#792=EDGE_LOOP('',(#7606,#7607,#7608));
#793=EDGE_LOOP('',(#7609,#7610,#7611));
#794=EDGE_LOOP('',(#7612,#7613,#7614));
#795=EDGE_LOOP('',(#7615,#7616,#7617));
#796=EDGE_LOOP('',(#7618,#7619,#7620));
#797=EDGE_LOOP('',(#7621,#7622,#7623));
#798=EDGE_LOOP('',(#7624,#7625,#7626));
#799=EDGE_LOOP('',(#7627,#7628,#7629));
#800=EDGE_LOOP('',(#7630,#7631,#7632));
#801=EDGE_LOOP('',(#7633,#7634,#7635));
#802=EDGE_LOOP('',(#7636,#7637,#7638));
#803=EDGE_LOOP('',(#7639,#7640,#7641));
#804=EDGE_LOOP('',(#7642,#7643,#7644));
#805=EDGE_LOOP('',(#7645,#7646,#7647));
#806=EDGE_LOOP('',(#7648,#7649,#7650));
#807=EDGE_LOOP('',(#7651,#7652,#7653));
#808=EDGE_LOOP('',(#7654,#7655,#7656));
#809=EDGE_LOOP('',(#7657,#7658,#7659));
#810=EDGE_LOOP('',(#7660,#7661,#7662));
#811=EDGE_LOOP('',(#7663,#7664,#7665));
#812=EDGE_LOOP('',(#7666,#7667,#7668));
#813=EDGE_LOOP('',(#7669,#7670,#7671));
#814=EDGE_LOOP('',(#7672,#7673,#7674));
#815=EDGE_LOOP('',(#7675,#7676,#7677));
#816=EDGE_LOOP('',(#7678,#7679,#7680));
#817=EDGE_LOOP('',(#7681,#7682,#7683));
#818=EDGE_LOOP('',(#7684,#7685,#7686));
#819=EDGE_LOOP('',(#7687,#7688,#7689));
#820=EDGE_LOOP('',(#7690,#7691,#7692));
#821=EDGE_LOOP('',(#7693,#7694,#7695));
#822=EDGE_LOOP('',(#7696,#7697,#7698));
#823=EDGE_LOOP('',(#7699,#7700,#7701));
#824=EDGE_LOOP('',(#7702,#7703,#7704));
#825=EDGE_LOOP('',(#7705,#7706,#7707));
#826=EDGE_LOOP('',(#7708,#7709,#7710));
#827=EDGE_LOOP('',(#7711,#7712,#7713));
#828=EDGE_LOOP('',(#7714,#7715,#7716));
#829=EDGE_LOOP('',(#7717,#7718,#7719));
#830=EDGE_LOOP('',(#7720,#7721,#7722));
#831=EDGE_LOOP('',(#7723,#7724,#7725));
#832=EDGE_LOOP('',(#7726,#7727,#7728));
#833=EDGE_LOOP('',(#7729,#7730,#7731));
#834=EDGE_LOOP('',(#7732,#7733,#7734));
#835=EDGE_LOOP('',(#7735,#7736,#7737,#7738,#7739,#7740,#7741,#7742,#7743));
#836=EDGE_LOOP('',(#7744,#7745,#7746,#7747,#7748,#7749,#7750,#7751,#7752,
#7753,#7754,#7755,#7756,#7757));
#837=EDGE_LOOP('',(#7758,#7759,#7760,#7761,#7762,#7763,#7764,#7765,#7766,
#7767,#7768,#7769,#7770,#7771));
#838=EDGE_LOOP('',(#7772,#7773,#7774,#7775,#7776,#7777,#7778,#7779,#7780,
#7781,#7782,#7783,#7784,#7785));
#839=EDGE_LOOP('',(#7786,#7787,#7788,#7789,#7790,#7791,#7792,#7793,#7794));
#840=EDGE_LOOP('',(#7795,#7796,#7797,#7798));
#841=EDGE_LOOP('',(#7799,#7800,#7801,#7802,#7803,#7804,#7805,#7806));
#842=EDGE_LOOP('',(#7807,#7808,#7809,#7810,#7811,#7812,#7813,#7814,#7815,
#7816,#7817,#7818,#7819,#7820,#7821,#7822,#7823,#7824,#7825,#7826,#7827,
#7828,#7829));
#843=EDGE_LOOP('',(#7830,#7831,#7832,#7833));
#844=EDGE_LOOP('',(#7834,#7835,#7836));
#845=EDGE_LOOP('',(#7837,#7838,#7839));
#846=EDGE_LOOP('',(#7840,#7841,#7842,#7843));
#847=EDGE_LOOP('',(#7844,#7845,#7846));
#848=EDGE_LOOP('',(#7847,#7848,#7849));
#849=EDGE_LOOP('',(#7850,#7851,#7852,#7853));
#850=EDGE_LOOP('',(#7854,#7855,#7856));
#851=EDGE_LOOP('',(#7857,#7858,#7859,#7860));
#852=EDGE_LOOP('',(#7861,#7862,#7863));
#853=EDGE_LOOP('',(#7864,#7865,#7866));
#854=EDGE_LOOP('',(#7867,#7868,#7869,#7870));
#855=EDGE_LOOP('',(#7871,#7872,#7873));
#856=EDGE_LOOP('',(#7874,#7875,#7876));
#857=EDGE_LOOP('',(#7877,#7878,#7879));
#858=EDGE_LOOP('',(#7880,#7881,#7882,#7883,#7884,#7885,#7886,#7887,#7888,
#7889,#7890,#7891,#7892,#7893,#7894,#7895,#7896,#7897,#7898,#7899,#7900,
#7901,#7902));
#859=EDGE_LOOP('',(#7903,#7904,#7905,#7906,#7907,#7908,#7909,#7910,#7911));
#860=EDGE_LOOP('',(#7912,#7913,#7914,#7915,#7916,#7917,#7918,#7919));
#861=EDGE_LOOP('',(#7920,#7921,#7922,#7923));
#862=EDGE_LOOP('',(#7924,#7925,#7926,#7927,#7928,#7929,#7930,#7931,#7932,
#7933,#7934,#7935,#7936,#7937,#7938,#7939,#7940,#7941,#7942,#7943,#7944,
#7945,#7946,#7947,#7948,#7949,#7950,#7951,#7952,#7953,#7954,#7955,#7956,
#7957,#7958,#7959));
#863=EDGE_LOOP('',(#7960,#7961,#7962,#7963));
#864=EDGE_LOOP('',(#7964,#7965,#7966));
#865=EDGE_LOOP('',(#7967,#7968,#7969));
#866=EDGE_LOOP('',(#7970,#7971,#7972,#7973));
#867=EDGE_LOOP('',(#7974,#7975,#7976,#7977,#7978,#7979,#7980,#7981,#7982,
#7983,#7984,#7985));
#868=EDGE_LOOP('',(#7986,#7987,#7988,#7989));
#869=EDGE_LOOP('',(#7990,#7991,#7992));
#870=EDGE_LOOP('',(#7993,#7994,#7995));
#871=EDGE_LOOP('',(#7996,#7997,#7998,#7999));
#872=EDGE_LOOP('',(#8000,#8001,#8002));
#873=EDGE_LOOP('',(#8003,#8004,#8005));
#874=EDGE_LOOP('',(#8006,#8007,#8008,#8009));
#875=EDGE_LOOP('',(#8010,#8011,#8012,#8013,#8014,#8015,#8016,#8017));
#876=EDGE_LOOP('',(#8018,#8019,#8020,#8021));
#877=EDGE_LOOP('',(#8022,#8023,#8024));
#878=EDGE_LOOP('',(#8025,#8026,#8027));
#879=EDGE_LOOP('',(#8028,#8029,#8030,#8031));
#880=EDGE_LOOP('',(#8032,#8033,#8034));
#881=EDGE_LOOP('',(#8035,#8036,#8037,#8038));
#882=EDGE_LOOP('',(#8039,#8040,#8041));
#883=EDGE_LOOP('',(#8042,#8043,#8044,#8045,#8046,#8047,#8048,#8049));
#884=EDGE_LOOP('',(#8050,#8051,#8052,#8053));
#885=EDGE_LOOP('',(#8054,#8055,#8056));
#886=EDGE_LOOP('',(#8057,#8058,#8059,#8060,#8061,#8062,#8063,#8064));
#887=EDGE_LOOP('',(#8065,#8066,#8067,#8068));
#888=EDGE_LOOP('',(#8069,#8070,#8071));
#889=EDGE_LOOP('',(#8072,#8073,#8074,#8075,#8076,#8077,#8078,#8079));
#890=EDGE_LOOP('',(#8080,#8081,#8082,#8083));
#891=EDGE_LOOP('',(#8084,#8085,#8086));
#892=EDGE_LOOP('',(#8087,#8088,#8089,#8090,#8091,#8092,#8093,#8094));
#893=EDGE_LOOP('',(#8095,#8096,#8097));
#894=EDGE_LOOP('',(#8098,#8099,#8100,#8101));
#895=EDGE_LOOP('',(#8102,#8103,#8104,#8105));
#896=EDGE_LOOP('',(#8106,#8107,#8108));
#897=EDGE_LOOP('',(#8109,#8110,#8111,#8112,#8113,#8114,#8115,#8116));
#898=EDGE_LOOP('',(#8117,#8118,#8119,#8120));
#899=EDGE_LOOP('',(#8121,#8122,#8123));
#900=EDGE_LOOP('',(#8124,#8125,#8126,#8127,#8128,#8129,#8130,#8131));
#901=EDGE_LOOP('',(#8132,#8133,#8134,#8135));
#902=EDGE_LOOP('',(#8136,#8137,#8138));
#903=EDGE_LOOP('',(#8139,#8140,#8141,#8142,#8143,#8144,#8145,#8146));
#904=EDGE_LOOP('',(#8147,#8148,#8149,#8150));
#905=EDGE_LOOP('',(#8151,#8152,#8153));
#906=EDGE_LOOP('',(#8154,#8155,#8156,#8157,#8158,#8159,#8160,#8161));
#907=EDGE_LOOP('',(#8162,#8163,#8164,#8165));
#908=EDGE_LOOP('',(#8166,#8167,#8168,#8169));
#909=EDGE_LOOP('',(#8170,#8171,#8172));
#910=EDGE_LOOP('',(#8173,#8174,#8175,#8176));
#911=EDGE_LOOP('',(#8177,#8178,#8179,#8180));
#912=EDGE_LOOP('',(#8181,#8182,#8183,#8184));
#913=EDGE_LOOP('',(#8185,#8186,#8187,#8188));
#914=EDGE_LOOP('',(#8189,#8190,#8191,#8192));
#915=EDGE_LOOP('',(#8193,#8194,#8195,#8196));
#916=EDGE_LOOP('',(#8197,#8198,#8199,#8200));
#917=EDGE_LOOP('',(#8201,#8202,#8203,#8204));
#918=EDGE_LOOP('',(#8205,#8206,#8207,#8208));
#919=EDGE_LOOP('',(#8209,#8210,#8211,#8212));
#920=EDGE_LOOP('',(#8213,#8214,#8215,#8216));
#921=EDGE_LOOP('',(#8217,#8218,#8219,#8220));
#922=EDGE_LOOP('',(#8221,#8222,#8223,#8224));
#923=EDGE_LOOP('',(#8225,#8226,#8227));
#924=EDGE_LOOP('',(#8228,#8229,#8230));
#925=EDGE_LOOP('',(#8231,#8232,#8233,#8234));
#926=EDGE_LOOP('',(#8235,#8236,#8237));
#927=EDGE_LOOP('',(#8238,#8239,#8240,#8241));
#928=EDGE_LOOP('',(#8242,#8243,#8244));
#929=EDGE_LOOP('',(#8245,#8246,#8247,#8248));
#930=EDGE_LOOP('',(#8249,#8250,#8251));
#931=EDGE_LOOP('',(#8252,#8253,#8254));
#932=EDGE_LOOP('',(#8255,#8256,#8257,#8258,#8259,#8260,#8261,#8262,#8263,
#8264,#8265,#8266,#8267,#8268,#8269,#8270,#8271,#8272,#8273,#8274,#8275,
#8276,#8277,#8278,#8279,#8280,#8281,#8282,#8283,#8284,#8285,#8286,#8287,
#8288,#8289,#8290));
#933=EDGE_LOOP('',(#8291,#8292,#8293,#8294));
#934=EDGE_LOOP('',(#8295,#8296,#8297));
#935=EDGE_LOOP('',(#8298,#8299,#8300));
#936=EDGE_LOOP('',(#8301,#8302,#8303));
#937=EDGE_LOOP('',(#8304,#8305,#8306));
#938=EDGE_LOOP('',(#8307,#8308,#8309));
#939=EDGE_LOOP('',(#8310,#8311,#8312,#8313));
#940=EDGE_LOOP('',(#8314,#8315,#8316));
#941=EDGE_LOOP('',(#8317,#8318,#8319));
#942=EDGE_LOOP('',(#8320,#8321,#8322));
#943=EDGE_LOOP('',(#8323,#8324,#8325));
#944=EDGE_LOOP('',(#8326,#8327,#8328));
#945=EDGE_LOOP('',(#8329,#8330,#8331));
#946=EDGE_LOOP('',(#8332,#8333,#8334));
#947=EDGE_LOOP('',(#8335,#8336,#8337));
#948=EDGE_LOOP('',(#8338,#8339,#8340));
#949=EDGE_LOOP('',(#8341,#8342,#8343));
#950=EDGE_LOOP('',(#8344,#8345,#8346));
#951=EDGE_LOOP('',(#8347,#8348,#8349));
#952=EDGE_LOOP('',(#8350,#8351,#8352));
#953=EDGE_LOOP('',(#8353,#8354,#8355));
#954=EDGE_LOOP('',(#8356,#8357,#8358));
#955=EDGE_LOOP('',(#8359,#8360,#8361));
#956=EDGE_LOOP('',(#8362,#8363,#8364));
#957=EDGE_LOOP('',(#8365,#8366,#8367));
#958=EDGE_LOOP('',(#8368,#8369,#8370));
#959=EDGE_LOOP('',(#8371,#8372,#8373));
#960=EDGE_LOOP('',(#8374,#8375,#8376));
#961=EDGE_LOOP('',(#8377,#8378,#8379));
#962=EDGE_LOOP('',(#8380,#8381,#8382,#8383));
#963=EDGE_LOOP('',(#8384,#8385,#8386,#8387,#8388,#8389,#8390,#8391,#8392));
#964=EDGE_LOOP('',(#8393,#8394,#8395,#8396,#8397,#8398,#8399,#8400,#8401));
#965=EDGE_LOOP('',(#8402,#8403,#8404,#8405));
#966=EDGE_LOOP('',(#8406,#8407,#8408,#8409));
#967=EDGE_LOOP('',(#8410,#8411,#8412,#8413,#8414,#8415,#8416,#8417));
#968=EDGE_LOOP('',(#8418,#8419,#8420,#8421));
#969=EDGE_LOOP('',(#8422,#8423,#8424,#8425));
#970=EDGE_LOOP('',(#8426,#8427,#8428,#8429));
#971=EDGE_LOOP('',(#8430,#8431,#8432,#8433));
#972=EDGE_LOOP('',(#8434,#8435,#8436,#8437));
#973=EDGE_LOOP('',(#8438,#8439,#8440,#8441));
#974=EDGE_LOOP('',(#8442,#8443,#8444,#8445));
#975=EDGE_LOOP('',(#8446,#8447,#8448,#8449,#8450,#8451,#8452,#8453,#8454,
#8455,#8456,#8457));
#976=EDGE_LOOP('',(#8458,#8459,#8460,#8461));
#977=EDGE_LOOP('',(#8462,#8463,#8464,#8465));
#978=EDGE_LOOP('',(#8466,#8467,#8468,#8469));
#979=EDGE_LOOP('',(#8470,#8471,#8472,#8473));
#980=EDGE_LOOP('',(#8474,#8475,#8476,#8477));
#981=EDGE_LOOP('',(#8478,#8479,#8480,#8481));
#982=EDGE_LOOP('',(#8482,#8483,#8484,#8485));
#983=EDGE_LOOP('',(#8486,#8487,#8488,#8489,#8490,#8491,#8492,#8493));
#984=EDGE_LOOP('',(#8494,#8495,#8496,#8497,#8498,#8499,#8500,#8501));
#985=EDGE_LOOP('',(#8502,#8503,#8504,#8505));
#986=EDGE_LOOP('',(#8506,#8507,#8508,#8509));
#987=EDGE_LOOP('',(#8510,#8511,#8512,#8513));
#988=EDGE_LOOP('',(#8514,#8515,#8516,#8517));
#989=EDGE_LOOP('',(#8518,#8519,#8520,#8521));
#990=EDGE_LOOP('',(#8522,#8523,#8524,#8525));
#991=EDGE_LOOP('',(#8526,#8527,#8528,#8529,#8530,#8531,#8532,#8533));
#992=EDGE_LOOP('',(#8534,#8535,#8536,#8537,#8538,#8539,#8540,#8541));
#993=EDGE_LOOP('',(#8542,#8543,#8544,#8545));
#994=EDGE_LOOP('',(#8546,#8547,#8548,#8549));
#995=EDGE_LOOP('',(#8550,#8551,#8552,#8553));
#996=EDGE_LOOP('',(#8554,#8555,#8556,#8557));
#997=EDGE_LOOP('',(#8558,#8559,#8560,#8561));
#998=EDGE_LOOP('',(#8562,#8563,#8564,#8565));
#999=EDGE_LOOP('',(#8566,#8567,#8568,#8569));
#1000=EDGE_LOOP('',(#8570,#8571,#8572,#8573));
#1001=EDGE_LOOP('',(#8574,#8575,#8576,#8577));
#1002=EDGE_LOOP('',(#8578,#8579,#8580,#8581));
#1003=EDGE_LOOP('',(#8582,#8583,#8584,#8585));
#1004=EDGE_LOOP('',(#8586,#8587,#8588,#8589));
#1005=EDGE_LOOP('',(#8590,#8591,#8592,#8593));
#1006=EDGE_LOOP('',(#8594,#8595,#8596,#8597));
#1007=EDGE_LOOP('',(#8598,#8599,#8600,#8601));
#1008=EDGE_LOOP('',(#8602,#8603,#8604));
#1009=EDGE_LOOP('',(#8605,#8606,#8607,#8608));
#1010=EDGE_LOOP('',(#8609,#8610,#8611));
#1011=EDGE_LOOP('',(#8612,#8613,#8614,#8615));
#1012=EDGE_LOOP('',(#8616,#8617,#8618));
#1013=EDGE_LOOP('',(#8619,#8620,#8621,#8622));
#1014=EDGE_LOOP('',(#8623,#8624,#8625));
#1015=EDGE_LOOP('',(#8626,#8627,#8628,#8629));
#1016=EDGE_LOOP('',(#8630,#8631,#8632,#8633));
#1017=EDGE_LOOP('',(#8634,#8635,#8636,#8637));
#1018=EDGE_LOOP('',(#8638,#8639,#8640,#8641,#8642,#8643));
#1019=EDGE_LOOP('',(#8644,#8645,#8646));
#1020=EDGE_LOOP('',(#8647,#8648,#8649,#8650,#8651,#8652));
#1021=EDGE_LOOP('',(#8653,#8654,#8655));
#1022=EDGE_LOOP('',(#8656,#8657,#8658));
#1023=EDGE_LOOP('',(#8659,#8660,#8661));
#1024=EDGE_LOOP('',(#8662,#8663,#8664,#8665));
#1025=EDGE_LOOP('',(#8666,#8667,#8668,#8669));
#1026=EDGE_LOOP('',(#8670,#8671,#8672,#8673));
#1027=EDGE_LOOP('',(#8674,#8675,#8676,#8677));
#1028=EDGE_LOOP('',(#8678,#8679,#8680,#8681));
#1029=EDGE_LOOP('',(#8682,#8683,#8684,#8685,#8686,#8687,#8688,#8689));
#1030=EDGE_LOOP('',(#8690,#8691,#8692,#8693,#8694,#8695,#8696,#8697));
#1031=EDGE_LOOP('',(#8698,#8699,#8700,#8701,#8702,#8703,#8704,#8705,#8706,
#8707,#8708,#8709,#8710,#8711,#8712,#8713,#8714,#8715,#8716,#8717,#8718,
#8719,#8720,#8721,#8722,#8723,#8724,#8725,#8726,#8727,#8728,#8729,#8730,
#8731,#8732,#8733));
#1032=EDGE_LOOP('',(#8734,#8735,#8736));
#1033=EDGE_LOOP('',(#8737,#8738,#8739));
#1034=EDGE_LOOP('',(#8740,#8741,#8742));
#1035=EDGE_LOOP('',(#8743,#8744,#8745,#8746));
#1036=EDGE_LOOP('',(#8747,#8748,#8749));
#1037=EDGE_LOOP('',(#8750,#8751,#8752));
#1038=EDGE_LOOP('',(#8753,#8754,#8755));
#1039=EDGE_LOOP('',(#8756,#8757,#8758));
#1040=EDGE_LOOP('',(#8759,#8760,#8761));
#1041=EDGE_LOOP('',(#8762,#8763,#8764,#8765));
#1042=EDGE_LOOP('',(#8766,#8767,#8768));
#1043=EDGE_LOOP('',(#8769,#8770,#8771));
#1044=EDGE_LOOP('',(#8772,#8773,#8774,#8775));
#1045=EDGE_LOOP('',(#8776,#8777,#8778,#8779));
#1046=EDGE_LOOP('',(#8780,#8781,#8782,#8783));
#1047=EDGE_LOOP('',(#8784,#8785,#8786,#8787));
#1048=EDGE_LOOP('',(#8788,#8789,#8790,#8791));
#1049=EDGE_LOOP('',(#8792,#8793,#8794,#8795));
#1050=EDGE_LOOP('',(#8796,#8797,#8798));
#1051=EDGE_LOOP('',(#8799,#8800,#8801,#8802));
#1052=EDGE_LOOP('',(#8803,#8804,#8805,#8806));
#1053=EDGE_LOOP('',(#8807,#8808,#8809));
#1054=EDGE_LOOP('',(#8810,#8811,#8812,#8813,#8814,#8815));
#1055=EDGE_LOOP('',(#8816,#8817,#8818,#8819));
#1056=EDGE_LOOP('',(#8820,#8821,#8822));
#1057=EDGE_LOOP('',(#8823,#8824,#8825,#8826));
#1058=EDGE_LOOP('',(#8827,#8828,#8829));
#1059=EDGE_LOOP('',(#8830,#8831,#8832,#8833));
#1060=EDGE_LOOP('',(#8834,#8835,#8836));
#1061=EDGE_LOOP('',(#8837,#8838,#8839,#8840));
#1062=EDGE_LOOP('',(#8841,#8842,#8843));
#1063=EDGE_LOOP('',(#8844,#8845,#8846,#8847));
#1064=EDGE_LOOP('',(#8848,#8849,#8850,#8851));
#1065=EDGE_LOOP('',(#8852,#8853,#8854));
#1066=EDGE_LOOP('',(#8855,#8856,#8857));
#1067=EDGE_LOOP('',(#8858,#8859,#8860,#8861));
#1068=EDGE_LOOP('',(#8862,#8863,#8864,#8865));
#1069=EDGE_LOOP('',(#8866,#8867,#8868));
#1070=EDGE_LOOP('',(#8869,#8870,#8871,#8872));
#1071=EDGE_LOOP('',(#8873,#8874,#8875,#8876,#8877,#8878,#8879,#8880,#8881));
#1072=EDGE_LOOP('',(#8882,#8883,#8884));
#1073=EDGE_LOOP('',(#8885,#8886,#8887,#8888));
#1074=EDGE_LOOP('',(#8889,#8890,#8891));
#1075=EDGE_LOOP('',(#8892,#8893,#8894));
#1076=EDGE_LOOP('',(#8895,#8896,#8897));
#1077=EDGE_LOOP('',(#8898,#8899,#8900,#8901));
#1078=EDGE_LOOP('',(#8902,#8903,#8904,#8905,#8906,#8907,#8908,#8909,#8910,
#8911,#8912,#8913));
#1079=EDGE_LOOP('',(#8914,#8915,#8916,#8917));
#1080=EDGE_LOOP('',(#8918,#8919,#8920,#8921));
#1081=EDGE_LOOP('',(#8922,#8923,#8924,#8925));
#1082=EDGE_LOOP('',(#8926,#8927,#8928,#8929));
#1083=EDGE_LOOP('',(#8930,#8931,#8932,#8933));
#1084=EDGE_LOOP('',(#8934,#8935,#8936,#8937));
#1085=EDGE_LOOP('',(#8938,#8939,#8940,#8941));
#1086=EDGE_LOOP('',(#8942,#8943,#8944,#8945));
#1087=EDGE_LOOP('',(#8946,#8947,#8948,#8949));
#1088=EDGE_LOOP('',(#8950,#8951,#8952,#8953));
#1089=EDGE_LOOP('',(#8954,#8955,#8956,#8957));
#1090=EDGE_LOOP('',(#8958,#8959,#8960,#8961,#8962,#8963));
#1091=EDGE_LOOP('',(#8964,#8965,#8966,#8967));
#1092=EDGE_LOOP('',(#8968,#8969,#8970));
#1093=EDGE_LOOP('',(#8971,#8972,#8973));
#1094=EDGE_LOOP('',(#8974,#8975,#8976,#8977));
#1095=EDGE_LOOP('',(#8978,#8979,#8980,#8981,#8982,#8983,#8984,#8985,#8986,
#8987,#8988,#8989,#8990,#8991,#8992,#8993,#8994,#8995,#8996,#8997,#8998,
#8999,#9000,#9001,#9002,#9003,#9004,#9005,#9006,#9007,#9008,#9009,#9010,
#9011,#9012,#9013));
#1096=EDGE_LOOP('',(#9014,#9015,#9016,#9017));
#1097=EDGE_LOOP('',(#9018,#9019,#9020));
#1098=EDGE_LOOP('',(#9021,#9022,#9023));
#1099=EDGE_LOOP('',(#9024,#9025,#9026,#9027));
#1100=EDGE_LOOP('',(#9028,#9029,#9030,#9031));
#1101=EDGE_LOOP('',(#9032,#9033,#9034));
#1102=EDGE_LOOP('',(#9035,#9036,#9037,#9038));
#1103=EDGE_LOOP('',(#9039,#9040,#9041));
#1104=EDGE_LOOP('',(#9042,#9043,#9044));
#1105=EDGE_LOOP('',(#9045,#9046,#9047,#9048,#9049,#9050,#9051,#9052));
#1106=EDGE_LOOP('',(#9053,#9054,#9055,#9056,#9057,#9058,#9059,#9060));
#1107=EDGE_LOOP('',(#9061,#9062,#9063,#9064,#9065,#9066,#9067,#9068));
#1108=EDGE_LOOP('',(#9069,#9070,#9071,#9072,#9073,#9074,#9075,#9076));
#1109=EDGE_LOOP('',(#9077,#9078,#9079));
#1110=EDGE_LOOP('',(#9080,#9081,#9082,#9083,#9084,#9085,#9086,#9087));
#1111=EDGE_LOOP('',(#9088,#9089,#9090,#9091,#9092,#9093,#9094,#9095));
#1112=EDGE_LOOP('',(#9096,#9097,#9098,#9099,#9100,#9101,#9102,#9103));
#1113=EDGE_LOOP('',(#9104,#9105,#9106,#9107,#9108,#9109,#9110,#9111));
#1114=EDGE_LOOP('',(#9112,#9113,#9114,#9115));
#1115=EDGE_LOOP('',(#9116,#9117,#9118,#9119));
#1116=EDGE_LOOP('',(#9120,#9121,#9122,#9123,#9124,#9125,#9126,#9127));
#1117=EDGE_LOOP('',(#9128,#9129,#9130,#9131));
#1118=EDGE_LOOP('',(#9132,#9133,#9134,#9135));
#1119=EDGE_LOOP('',(#9136,#9137,#9138,#9139));
#1120=EDGE_LOOP('',(#9140,#9141,#9142,#9143));
#1121=EDGE_LOOP('',(#9144,#9145,#9146,#9147));
#1122=EDGE_LOOP('',(#9148,#9149,#9150,#9151));
#1123=EDGE_LOOP('',(#9152,#9153,#9154,#9155));
#1124=EDGE_LOOP('',(#9156,#9157,#9158,#9159,#9160,#9161,#9162,#9163,#9164,
#9165,#9166,#9167));
#1125=EDGE_LOOP('',(#9168,#9169,#9170,#9171));
#1126=EDGE_LOOP('',(#9172,#9173,#9174,#9175));
#1127=EDGE_LOOP('',(#9176,#9177,#9178,#9179));
#1128=EDGE_LOOP('',(#9180,#9181,#9182,#9183));
#1129=EDGE_LOOP('',(#9184,#9185,#9186,#9187));
#1130=EDGE_LOOP('',(#9188,#9189,#9190,#9191));
#1131=EDGE_LOOP('',(#9192,#9193,#9194,#9195));
#1132=EDGE_LOOP('',(#9196,#9197,#9198,#9199,#9200,#9201,#9202,#9203));
#1133=EDGE_LOOP('',(#9204,#9205,#9206,#9207));
#1134=EDGE_LOOP('',(#9208,#9209,#9210,#9211));
#1135=EDGE_LOOP('',(#9212,#9213,#9214,#9215));
#1136=EDGE_LOOP('',(#9216,#9217,#9218,#9219));
#1137=EDGE_LOOP('',(#9220,#9221,#9222,#9223));
#1138=EDGE_LOOP('',(#9224,#9225,#9226,#9227));
#1139=EDGE_LOOP('',(#9228,#9229,#9230,#9231,#9232,#9233,#9234,#9235));
#1140=EDGE_LOOP('',(#9236,#9237,#9238,#9239));
#1141=EDGE_LOOP('',(#9240,#9241,#9242,#9243));
#1142=EDGE_LOOP('',(#9244,#9245,#9246,#9247));
#1143=EDGE_LOOP('',(#9248,#9249,#9250,#9251));
#1144=EDGE_LOOP('',(#9252,#9253,#9254,#9255));
#1145=EDGE_LOOP('',(#9256,#9257,#9258,#9259));
#1146=EDGE_LOOP('',(#9260,#9261,#9262,#9263));
#1147=EDGE_LOOP('',(#9264,#9265,#9266,#9267,#9268,#9269,#9270,#9271,#9272,
#9273,#9274,#9275));
#1148=EDGE_LOOP('',(#9276,#9277,#9278,#9279));
#1149=EDGE_LOOP('',(#9280,#9281,#9282,#9283));
#1150=EDGE_LOOP('',(#9284,#9285,#9286,#9287));
#1151=EDGE_LOOP('',(#9288,#9289,#9290,#9291));
#1152=EDGE_LOOP('',(#9292,#9293,#9294,#9295));
#1153=EDGE_LOOP('',(#9296,#9297,#9298,#9299));
#1154=EDGE_LOOP('',(#9300,#9301,#9302,#9303));
#1155=EDGE_LOOP('',(#9304,#9305,#9306,#9307));
#1156=EDGE_LOOP('',(#9308,#9309,#9310,#9311));
#1157=EDGE_LOOP('',(#9312,#9313,#9314,#9315));
#1158=EDGE_LOOP('',(#9316,#9317,#9318,#9319));
#1159=EDGE_LOOP('',(#9320,#9321,#9322));
#1160=EDGE_LOOP('',(#9323,#9324,#9325,#9326));
#1161=EDGE_LOOP('',(#9327,#9328,#9329));
#1162=EDGE_LOOP('',(#9330,#9331,#9332,#9333));
#1163=EDGE_LOOP('',(#9334,#9335,#9336));
#1164=EDGE_LOOP('',(#9337,#9338,#9339,#9340));
#1165=EDGE_LOOP('',(#9341,#9342,#9343));
#1166=EDGE_LOOP('',(#9344,#9345,#9346,#9347));
#1167=EDGE_LOOP('',(#9348,#9349,#9350,#9351));
#1168=EDGE_LOOP('',(#9352,#9353,#9354,#9355));
#1169=EDGE_LOOP('',(#9356,#9357,#9358,#9359,#9360,#9361));
#1170=EDGE_LOOP('',(#9362,#9363,#9364));
#1171=EDGE_LOOP('',(#9365,#9366,#9367,#9368,#9369,#9370));
#1172=EDGE_LOOP('',(#9371,#9372,#9373));
#1173=EDGE_LOOP('',(#9374,#9375,#9376));
#1174=EDGE_LOOP('',(#9377,#9378,#9379));
#1175=EDGE_LOOP('',(#9380,#9381,#9382,#9383));
#1176=EDGE_LOOP('',(#9384,#9385,#9386,#9387));
#1177=EDGE_LOOP('',(#9388,#9389,#9390,#9391));
#1178=EDGE_LOOP('',(#9392,#9393,#9394,#9395));
#1179=EDGE_LOOP('',(#9396,#9397,#9398,#9399));
#1180=EDGE_LOOP('',(#9400,#9401,#9402,#9403,#9404,#9405,#9406,#9407));
#1181=EDGE_LOOP('',(#9408,#9409,#9410,#9411,#9412,#9413,#9414,#9415));
#1182=EDGE_LOOP('',(#9416,#9417,#9418,#9419,#9420,#9421,#9422,#9423));
#1183=EDGE_LOOP('',(#9424,#9425,#9426,#9427));
#1184=EDGE_LOOP('',(#9428,#9429,#9430,#9431));
#1185=EDGE_LOOP('',(#9432,#9433,#9434,#9435,#9436,#9437,#9438,#9439,#9440,
#9441,#9442,#9443,#9444,#9445,#9446,#9447,#9448,#9449,#9450,#9451,#9452,
#9453,#9454,#9455,#9456,#9457,#9458,#9459,#9460,#9461,#9462,#9463,#9464,
#9465,#9466,#9467));
#1186=EDGE_LOOP('',(#9468,#9469,#9470,#9471));
#1187=EDGE_LOOP('',(#9472,#9473,#9474,#9475));
#1188=EDGE_LOOP('',(#9476,#9477,#9478));
#1189=EDGE_LOOP('',(#9479,#9480,#9481));
#1190=EDGE_LOOP('',(#9482,#9483,#9484));
#1191=EDGE_LOOP('',(#9485,#9486,#9487,#9488));
#1192=EDGE_LOOP('',(#9489,#9490,#9491));
#1193=EDGE_LOOP('',(#9492,#9493,#9494));
#1194=EDGE_LOOP('',(#9495,#9496,#9497));
#1195=EDGE_LOOP('',(#9498,#9499,#9500));
#1196=EDGE_LOOP('',(#9501,#9502,#9503));
#1197=EDGE_LOOP('',(#9504,#9505,#9506,#9507));
#1198=EDGE_LOOP('',(#9508,#9509,#9510));
#1199=EDGE_LOOP('',(#9511,#9512,#9513,#9514));
#1200=EDGE_LOOP('',(#9515,#9516,#9517,#9518));
#1201=EDGE_LOOP('',(#9519,#9520,#9521));
#1202=EDGE_LOOP('',(#9522,#9523,#9524));
#1203=EDGE_LOOP('',(#9525,#9526,#9527));
#1204=EDGE_LOOP('',(#9528,#9529,#9530));
#1205=EDGE_LOOP('',(#9531,#9532,#9533));
#1206=EDGE_LOOP('',(#9534,#9535,#9536));
#1207=EDGE_LOOP('',(#9537,#9538,#9539));
#1208=EDGE_LOOP('',(#9540,#9541,#9542));
#1209=EDGE_LOOP('',(#9543,#9544,#9545));
#1210=EDGE_LOOP('',(#9546,#9547,#9548));
#1211=EDGE_LOOP('',(#9549,#9550,#9551));
#1212=EDGE_LOOP('',(#9552,#9553,#9554));
#1213=EDGE_LOOP('',(#9555,#9556,#9557));
#1214=EDGE_LOOP('',(#9558,#9559,#9560));
#1215=EDGE_LOOP('',(#9561,#9562,#9563));
#1216=EDGE_LOOP('',(#9564,#9565,#9566));
#1217=EDGE_LOOP('',(#9567,#9568,#9569));
#1218=EDGE_LOOP('',(#9570,#9571,#9572));
#1219=EDGE_LOOP('',(#9573,#9574,#9575));
#1220=EDGE_LOOP('',(#9576,#9577,#9578));
#1221=EDGE_LOOP('',(#9579,#9580,#9581));
#1222=EDGE_LOOP('',(#9582,#9583,#9584));
#1223=LINE('',#14069,#2717);
#1224=LINE('',#14071,#2718);
#1225=LINE('',#14073,#2719);
#1226=LINE('',#14074,#2720);
#1227=LINE('',#14078,#2721);
#1228=LINE('',#14080,#2722);
#1229=LINE('',#14082,#2723);
#1230=LINE('',#14083,#2724);
#1231=LINE('',#14087,#2725);
#1232=LINE('',#14089,#2726);
#1233=LINE('',#14090,#2727);
#1234=LINE('',#14093,#2728);
#1235=LINE('',#14095,#2729);
#1236=LINE('',#14096,#2730);
#1237=LINE('',#14097,#2731);
#1238=LINE('',#14101,#2732);
#1239=LINE('',#14103,#2733);
#1240=LINE('',#14105,#2734);
#1241=LINE('',#14106,#2735);
#1242=LINE('',#14110,#2736);
#1243=LINE('',#14112,#2737);
#1244=LINE('',#14114,#2738);
#1245=LINE('',#14115,#2739);
#1246=LINE('',#14119,#2740);
#1247=LINE('',#14121,#2741);
#1248=LINE('',#14123,#2742);
#1249=LINE('',#14124,#2743);
#1250=LINE('',#14128,#2744);
#1251=LINE('',#14130,#2745);
#1252=LINE('',#14132,#2746);
#1253=LINE('',#14133,#2747);
#1254=LINE('',#14137,#2748);
#1255=LINE('',#14139,#2749);
#1256=LINE('',#14140,#2750);
#1257=LINE('',#14143,#2751);
#1258=LINE('',#14145,#2752);
#1259=LINE('',#14146,#2753);
#1260=LINE('',#14147,#2754);
#1261=LINE('',#14151,#2755);
#1262=LINE('',#14153,#2756);
#1263=LINE('',#14155,#2757);
#1264=LINE('',#14156,#2758);
#1265=LINE('',#14160,#2759);
#1266=LINE('',#14162,#2760);
#1267=LINE('',#14164,#2761);
#1268=LINE('',#14165,#2762);
#1269=LINE('',#14169,#2763);
#1270=LINE('',#14171,#2764);
#1271=LINE('',#14173,#2765);
#1272=LINE('',#14175,#2766);
#1273=LINE('',#14177,#2767);
#1274=LINE('',#14179,#2768);
#1275=LINE('',#14181,#2769);
#1276=LINE('',#14183,#2770);
#1277=LINE('',#14185,#2771);
#1278=LINE('',#14187,#2772);
#1279=LINE('',#14189,#2773);
#1280=LINE('',#14191,#2774);
#1281=LINE('',#14193,#2775);
#1282=LINE('',#14195,#2776);
#1283=LINE('',#14197,#2777);
#1284=LINE('',#14199,#2778);
#1285=LINE('',#14200,#2779);
#1286=LINE('',#14204,#2780);
#1287=LINE('',#14206,#2781);
#1288=LINE('',#14208,#2782);
#1289=LINE('',#14210,#2783);
#1290=LINE('',#14212,#2784);
#1291=LINE('',#14214,#2785);
#1292=LINE('',#14216,#2786);
#1293=LINE('',#14218,#2787);
#1294=LINE('',#14220,#2788);
#1295=LINE('',#14222,#2789);
#1296=LINE('',#14224,#2790);
#1297=LINE('',#14226,#2791);
#1298=LINE('',#14228,#2792);
#1299=LINE('',#14230,#2793);
#1300=LINE('',#14232,#2794);
#1301=LINE('',#14234,#2795);
#1302=LINE('',#14235,#2796);
#1303=LINE('',#14238,#2797);
#1304=LINE('',#14240,#2798);
#1305=LINE('',#14242,#2799);
#1306=LINE('',#14244,#2800);
#1307=LINE('',#14246,#2801);
#1308=LINE('',#14248,#2802);
#1309=LINE('',#14250,#2803);
#1310=LINE('',#14252,#2804);
#1311=LINE('',#14254,#2805);
#1312=LINE('',#14256,#2806);
#1313=LINE('',#14258,#2807);
#1314=LINE('',#14260,#2808);
#1315=LINE('',#14262,#2809);
#1316=LINE('',#14264,#2810);
#1317=LINE('',#14266,#2811);
#1318=LINE('',#14267,#2812);
#1319=LINE('',#14270,#2813);
#1320=LINE('',#14272,#2814);
#1321=LINE('',#14274,#2815);
#1322=LINE('',#14276,#2816);
#1323=LINE('',#14278,#2817);
#1324=LINE('',#14280,#2818);
#1325=LINE('',#14282,#2819);
#1326=LINE('',#14284,#2820);
#1327=LINE('',#14286,#2821);
#1328=LINE('',#14288,#2822);
#1329=LINE('',#14290,#2823);
#1330=LINE('',#14292,#2824);
#1331=LINE('',#14294,#2825);
#1332=LINE('',#14296,#2826);
#1333=LINE('',#14298,#2827);
#1334=LINE('',#14299,#2828);
#1335=LINE('',#14303,#2829);
#1336=LINE('',#14305,#2830);
#1337=LINE('',#14307,#2831);
#1338=LINE('',#14309,#2832);
#1339=LINE('',#14311,#2833);
#1340=LINE('',#14313,#2834);
#1341=LINE('',#14315,#2835);
#1342=LINE('',#14317,#2836);
#1343=LINE('',#14319,#2837);
#1344=LINE('',#14321,#2838);
#1345=LINE('',#14323,#2839);
#1346=LINE('',#14325,#2840);
#1347=LINE('',#14327,#2841);
#1348=LINE('',#14329,#2842);
#1349=LINE('',#14331,#2843);
#1350=LINE('',#14333,#2844);
#1351=LINE('',#14334,#2845);
#1352=LINE('',#14338,#2846);
#1353=LINE('',#14340,#2847);
#1354=LINE('',#14342,#2848);
#1355=LINE('',#14344,#2849);
#1356=LINE('',#14346,#2850);
#1357=LINE('',#14348,#2851);
#1358=LINE('',#14350,#2852);
#1359=LINE('',#14352,#2853);
#1360=LINE('',#14354,#2854);
#1361=LINE('',#14356,#2855);
#1362=LINE('',#14358,#2856);
#1363=LINE('',#14360,#2857);
#1364=LINE('',#14362,#2858);
#1365=LINE('',#14364,#2859);
#1366=LINE('',#14366,#2860);
#1367=LINE('',#14368,#2861);
#1368=LINE('',#14369,#2862);
#1369=LINE('',#14373,#2863);
#1370=LINE('',#14375,#2864);
#1371=LINE('',#14377,#2865);
#1372=LINE('',#14379,#2866);
#1373=LINE('',#14381,#2867);
#1374=LINE('',#14383,#2868);
#1375=LINE('',#14385,#2869);
#1376=LINE('',#14387,#2870);
#1377=LINE('',#14389,#2871);
#1378=LINE('',#14391,#2872);
#1379=LINE('',#14393,#2873);
#1380=LINE('',#14395,#2874);
#1381=LINE('',#14397,#2875);
#1382=LINE('',#14399,#2876);
#1383=LINE('',#14401,#2877);
#1384=LINE('',#14403,#2878);
#1385=LINE('',#14404,#2879);
#1386=LINE('',#14408,#2880);
#1387=LINE('',#14410,#2881);
#1388=LINE('',#14412,#2882);
#1389=LINE('',#14414,#2883);
#1390=LINE('',#14416,#2884);
#1391=LINE('',#14418,#2885);
#1392=LINE('',#14420,#2886);
#1393=LINE('',#14422,#2887);
#1394=LINE('',#14424,#2888);
#1395=LINE('',#14426,#2889);
#1396=LINE('',#14428,#2890);
#1397=LINE('',#14430,#2891);
#1398=LINE('',#14432,#2892);
#1399=LINE('',#14434,#2893);
#1400=LINE('',#14436,#2894);
#1401=LINE('',#14438,#2895);
#1402=LINE('',#14439,#2896);
#1403=LINE('',#14443,#2897);
#1404=LINE('',#14445,#2898);
#1405=LINE('',#14447,#2899);
#1406=LINE('',#14449,#2900);
#1407=LINE('',#14451,#2901);
#1408=LINE('',#14453,#2902);
#1409=LINE('',#14455,#2903);
#1410=LINE('',#14457,#2904);
#1411=LINE('',#14459,#2905);
#1412=LINE('',#14461,#2906);
#1413=LINE('',#14463,#2907);
#1414=LINE('',#14465,#2908);
#1415=LINE('',#14467,#2909);
#1416=LINE('',#14469,#2910);
#1417=LINE('',#14471,#2911);
#1418=LINE('',#14473,#2912);
#1419=LINE('',#14474,#2913);
#1420=LINE('',#14478,#2914);
#1421=LINE('',#14480,#2915);
#1422=LINE('',#14482,#2916);
#1423=LINE('',#14484,#2917);
#1424=LINE('',#14486,#2918);
#1425=LINE('',#14488,#2919);
#1426=LINE('',#14490,#2920);
#1427=LINE('',#14492,#2921);
#1428=LINE('',#14494,#2922);
#1429=LINE('',#14496,#2923);
#1430=LINE('',#14498,#2924);
#1431=LINE('',#14500,#2925);
#1432=LINE('',#14502,#2926);
#1433=LINE('',#14504,#2927);
#1434=LINE('',#14506,#2928);
#1435=LINE('',#14508,#2929);
#1436=LINE('',#14509,#2930);
#1437=LINE('',#14512,#2931);
#1438=LINE('',#14514,#2932);
#1439=LINE('',#14516,#2933);
#1440=LINE('',#14518,#2934);
#1441=LINE('',#14520,#2935);
#1442=LINE('',#14522,#2936);
#1443=LINE('',#14524,#2937);
#1444=LINE('',#14526,#2938);
#1445=LINE('',#14528,#2939);
#1446=LINE('',#14530,#2940);
#1447=LINE('',#14532,#2941);
#1448=LINE('',#14534,#2942);
#1449=LINE('',#14536,#2943);
#1450=LINE('',#14538,#2944);
#1451=LINE('',#14540,#2945);
#1452=LINE('',#14541,#2946);
#1453=LINE('',#14544,#2947);
#1454=LINE('',#14546,#2948);
#1455=LINE('',#14548,#2949);
#1456=LINE('',#14550,#2950);
#1457=LINE('',#14552,#2951);
#1458=LINE('',#14554,#2952);
#1459=LINE('',#14556,#2953);
#1460=LINE('',#14558,#2954);
#1461=LINE('',#14560,#2955);
#1462=LINE('',#14562,#2956);
#1463=LINE('',#14564,#2957);
#1464=LINE('',#14566,#2958);
#1465=LINE('',#14568,#2959);
#1466=LINE('',#14570,#2960);
#1467=LINE('',#14572,#2961);
#1468=LINE('',#14573,#2962);
#1469=LINE('',#14577,#2963);
#1470=LINE('',#14579,#2964);
#1471=LINE('',#14581,#2965);
#1472=LINE('',#14583,#2966);
#1473=LINE('',#14585,#2967);
#1474=LINE('',#14587,#2968);
#1475=LINE('',#14589,#2969);
#1476=LINE('',#14591,#2970);
#1477=LINE('',#14593,#2971);
#1478=LINE('',#14595,#2972);
#1479=LINE('',#14597,#2973);
#1480=LINE('',#14599,#2974);
#1481=LINE('',#14601,#2975);
#1482=LINE('',#14603,#2976);
#1483=LINE('',#14605,#2977);
#1484=LINE('',#14607,#2978);
#1485=LINE('',#14608,#2979);
#1486=LINE('',#14612,#2980);
#1487=LINE('',#14614,#2981);
#1488=LINE('',#14616,#2982);
#1489=LINE('',#14618,#2983);
#1490=LINE('',#14620,#2984);
#1491=LINE('',#14622,#2985);
#1492=LINE('',#14624,#2986);
#1493=LINE('',#14626,#2987);
#1494=LINE('',#14628,#2988);
#1495=LINE('',#14630,#2989);
#1496=LINE('',#14632,#2990);
#1497=LINE('',#14634,#2991);
#1498=LINE('',#14636,#2992);
#1499=LINE('',#14638,#2993);
#1500=LINE('',#14640,#2994);
#1501=LINE('',#14642,#2995);
#1502=LINE('',#14643,#2996);
#1503=LINE('',#14647,#2997);
#1504=LINE('',#14649,#2998);
#1505=LINE('',#14651,#2999);
#1506=LINE('',#14653,#3000);
#1507=LINE('',#14655,#3001);
#1508=LINE('',#14657,#3002);
#1509=LINE('',#14659,#3003);
#1510=LINE('',#14661,#3004);
#1511=LINE('',#14663,#3005);
#1512=LINE('',#14665,#3006);
#1513=LINE('',#14667,#3007);
#1514=LINE('',#14669,#3008);
#1515=LINE('',#14671,#3009);
#1516=LINE('',#14673,#3010);
#1517=LINE('',#14675,#3011);
#1518=LINE('',#14677,#3012);
#1519=LINE('',#14679,#3013);
#1520=LINE('',#14681,#3014);
#1521=LINE('',#14683,#3015);
#1522=LINE('',#14685,#3016);
#1523=LINE('',#14687,#3017);
#1524=LINE('',#14689,#3018);
#1525=LINE('',#14691,#3019);
#1526=LINE('',#14693,#3020);
#1527=LINE('',#14695,#3021);
#1528=LINE('',#14697,#3022);
#1529=LINE('',#14699,#3023);
#1530=LINE('',#14701,#3024);
#1531=LINE('',#14703,#3025);
#1532=LINE('',#14705,#3026);
#1533=LINE('',#14707,#3027);
#1534=LINE('',#14709,#3028);
#1535=LINE('',#14711,#3029);
#1536=LINE('',#14713,#3030);
#1537=LINE('',#14715,#3031);
#1538=LINE('',#14716,#3032);
#1539=LINE('',#14719,#3033);
#1540=LINE('',#14721,#3034);
#1541=LINE('',#14723,#3035);
#1542=LINE('',#14725,#3036);
#1543=LINE('',#14727,#3037);
#1544=LINE('',#14729,#3038);
#1545=LINE('',#14731,#3039);
#1546=LINE('',#14733,#3040);
#1547=LINE('',#14735,#3041);
#1548=LINE('',#14737,#3042);
#1549=LINE('',#14739,#3043);
#1550=LINE('',#14741,#3044);
#1551=LINE('',#14743,#3045);
#1552=LINE('',#14745,#3046);
#1553=LINE('',#14747,#3047);
#1554=LINE('',#14749,#3048);
#1555=LINE('',#14751,#3049);
#1556=LINE('',#14753,#3050);
#1557=LINE('',#14755,#3051);
#1558=LINE('',#14757,#3052);
#1559=LINE('',#14759,#3053);
#1560=LINE('',#14761,#3054);
#1561=LINE('',#14763,#3055);
#1562=LINE('',#14764,#3056);
#1563=LINE('',#14767,#3057);
#1564=LINE('',#14769,#3058);
#1565=LINE('',#14771,#3059);
#1566=LINE('',#14773,#3060);
#1567=LINE('',#14775,#3061);
#1568=LINE('',#14777,#3062);
#1569=LINE('',#14779,#3063);
#1570=LINE('',#14781,#3064);
#1571=LINE('',#14783,#3065);
#1572=LINE('',#14785,#3066);
#1573=LINE('',#14787,#3067);
#1574=LINE('',#14789,#3068);
#1575=LINE('',#14791,#3069);
#1576=LINE('',#14793,#3070);
#1577=LINE('',#14795,#3071);
#1578=LINE('',#14797,#3072);
#1579=LINE('',#14799,#3073);
#1580=LINE('',#14801,#3074);
#1581=LINE('',#14803,#3075);
#1582=LINE('',#14805,#3076);
#1583=LINE('',#14807,#3077);
#1584=LINE('',#14809,#3078);
#1585=LINE('',#14811,#3079);
#1586=LINE('',#14812,#3080);
#1587=LINE('',#14813,#3081);
#1588=LINE('',#14814,#3082);
#1589=LINE('',#14815,#3083);
#1590=LINE('',#14816,#3084);
#1591=LINE('',#14817,#3085);
#1592=LINE('',#14818,#3086);
#1593=LINE('',#14819,#3087);
#1594=LINE('',#14820,#3088);
#1595=LINE('',#14824,#3089);
#1596=LINE('',#14826,#3090);
#1597=LINE('',#14828,#3091);
#1598=LINE('',#14830,#3092);
#1599=LINE('',#14832,#3093);
#1600=LINE('',#14834,#3094);
#1601=LINE('',#14836,#3095);
#1602=LINE('',#14838,#3096);
#1603=LINE('',#14840,#3097);
#1604=LINE('',#14842,#3098);
#1605=LINE('',#14844,#3099);
#1606=LINE('',#14846,#3100);
#1607=LINE('',#14848,#3101);
#1608=LINE('',#14850,#3102);
#1609=LINE('',#14852,#3103);
#1610=LINE('',#14854,#3104);
#1611=LINE('',#14855,#3105);
#1612=LINE('',#14859,#3106);
#1613=LINE('',#14861,#3107);
#1614=LINE('',#14863,#3108);
#1615=LINE('',#14865,#3109);
#1616=LINE('',#14867,#3110);
#1617=LINE('',#14869,#3111);
#1618=LINE('',#14871,#3112);
#1619=LINE('',#14873,#3113);
#1620=LINE('',#14875,#3114);
#1621=LINE('',#14877,#3115);
#1622=LINE('',#14879,#3116);
#1623=LINE('',#14881,#3117);
#1624=LINE('',#14883,#3118);
#1625=LINE('',#14885,#3119);
#1626=LINE('',#14887,#3120);
#1627=LINE('',#14889,#3121);
#1628=LINE('',#14890,#3122);
#1629=LINE('',#14892,#3123);
#1630=LINE('',#14893,#3124);
#1631=LINE('',#14895,#3125);
#1632=LINE('',#14897,#3126);
#1633=LINE('',#14899,#3127);
#1634=LINE('',#14901,#3128);
#1635=LINE('',#14902,#3129);
#1636=LINE('',#14903,#3130);
#1637=LINE('',#14905,#3131);
#1638=LINE('',#14906,#3132);
#1639=LINE('',#14908,#3133);
#1640=LINE('',#14910,#3134);
#1641=LINE('',#14911,#3135);
#1642=LINE('',#14913,#3136);
#1643=LINE('',#14914,#3137);
#1644=LINE('',#14915,#3138);
#1645=LINE('',#14917,#3139);
#1646=LINE('',#14919,#3140);
#1647=LINE('',#14920,#3141);
#1648=LINE('',#14922,#3142);
#1649=LINE('',#14924,#3143);
#1650=LINE('',#14925,#3144);
#1651=LINE('',#14927,#3145);
#1652=LINE('',#14928,#3146);
#1653=LINE('',#14929,#3147);
#1654=LINE('',#14931,#3148);
#1655=LINE('',#14933,#3149);
#1656=LINE('',#14934,#3150);
#1657=LINE('',#14935,#3151);
#1658=LINE('',#14937,#3152);
#1659=LINE('',#14938,#3153);
#1660=LINE('',#14940,#3154);
#1661=LINE('',#14942,#3155);
#1662=LINE('',#14943,#3156);
#1663=LINE('',#14945,#3157);
#1664=LINE('',#14947,#3158);
#1665=LINE('',#14949,#3159);
#1666=LINE('',#14951,#3160);
#1667=LINE('',#14954,#3161);
#1668=LINE('',#14956,#3162);
#1669=LINE('',#14958,#3163);
#1670=LINE('',#14960,#3164);
#1671=LINE('',#14962,#3165);
#1672=LINE('',#14963,#3166);
#1673=LINE('',#14964,#3167);
#1674=LINE('',#14966,#3168);
#1675=LINE('',#14967,#3169);
#1676=LINE('',#14969,#3170);
#1677=LINE('',#14971,#3171);
#1678=LINE('',#14972,#3172);
#1679=LINE('',#14974,#3173);
#1680=LINE('',#14975,#3174);
#1681=LINE('',#14976,#3175);
#1682=LINE('',#14978,#3176);
#1683=LINE('',#14980,#3177);
#1684=LINE('',#14982,#3178);
#1685=LINE('',#14984,#3179);
#1686=LINE('',#14987,#3180);
#1687=LINE('',#14989,#3181);
#1688=LINE('',#14990,#3182);
#1689=LINE('',#14993,#3183);
#1690=LINE('',#14995,#3184);
#1691=LINE('',#14997,#3185);
#1692=LINE('',#14999,#3186);
#1693=LINE('',#15000,#3187);
#1694=LINE('',#15003,#3188);
#1695=LINE('',#15005,#3189);
#1696=LINE('',#15007,#3190);
#1697=LINE('',#15009,#3191);
#1698=LINE('',#15011,#3192);
#1699=LINE('',#15013,#3193);
#1700=LINE('',#15015,#3194);
#1701=LINE('',#15017,#3195);
#1702=LINE('',#15019,#3196);
#1703=LINE('',#15021,#3197);
#1704=LINE('',#15023,#3198);
#1705=LINE('',#15025,#3199);
#1706=LINE('',#15027,#3200);
#1707=LINE('',#15028,#3201);
#1708=LINE('',#15030,#3202);
#1709=LINE('',#15032,#3203);
#1710=LINE('',#15034,#3204);
#1711=LINE('',#15036,#3205);
#1712=LINE('',#15039,#3206);
#1713=LINE('',#15040,#3207);
#1714=LINE('',#15042,#3208);
#1715=LINE('',#15045,#3209);
#1716=LINE('',#15046,#3210);
#1717=LINE('',#15048,#3211);
#1718=LINE('',#15050,#3212);
#1719=LINE('',#15053,#3213);
#1720=LINE('',#15054,#3214);
#1721=LINE('',#15056,#3215);
#1722=LINE('',#15059,#3216);
#1723=LINE('',#15060,#3217);
#1724=LINE('',#15063,#3218);
#1725=LINE('',#15065,#3219);
#1726=LINE('',#15066,#3220);
#1727=LINE('',#15068,#3221);
#1728=LINE('',#15069,#3222);
#1729=LINE('',#15070,#3223);
#1730=LINE('',#15074,#3224);
#1731=LINE('',#15075,#3225);
#1732=LINE('',#15080,#3226);
#1733=LINE('',#15082,#3227);
#1734=LINE('',#15084,#3228);
#1735=LINE('',#15086,#3229);
#1736=LINE('',#15088,#3230);
#1737=LINE('',#15090,#3231);
#1738=LINE('',#15092,#3232);
#1739=LINE('',#15094,#3233);
#1740=LINE('',#15096,#3234);
#1741=LINE('',#15098,#3235);
#1742=LINE('',#15100,#3236);
#1743=LINE('',#15102,#3237);
#1744=LINE('',#15104,#3238);
#1745=LINE('',#15106,#3239);
#1746=LINE('',#15108,#3240);
#1747=LINE('',#15110,#3241);
#1748=LINE('',#15112,#3242);
#1749=LINE('',#15114,#3243);
#1750=LINE('',#15116,#3244);
#1751=LINE('',#15118,#3245);
#1752=LINE('',#15120,#3246);
#1753=LINE('',#15122,#3247);
#1754=LINE('',#15124,#3248);
#1755=LINE('',#15126,#3249);
#1756=LINE('',#15127,#3250);
#1757=LINE('',#15129,#3251);
#1758=LINE('',#15130,#3252);
#1759=LINE('',#15132,#3253);
#1760=LINE('',#15133,#3254);
#1761=LINE('',#15135,#3255);
#1762=LINE('',#15137,#3256);
#1763=LINE('',#15138,#3257);
#1764=LINE('',#15141,#3258);
#1765=LINE('',#15142,#3259);
#1766=LINE('',#15145,#3260);
#1767=LINE('',#15147,#3261);
#1768=LINE('',#15149,#3262);
#1769=LINE('',#15151,#3263);
#1770=LINE('',#15153,#3264);
#1771=LINE('',#15155,#3265);
#1772=LINE('',#15157,#3266);
#1773=LINE('',#15159,#3267);
#1774=LINE('',#15161,#3268);
#1775=LINE('',#15162,#3269);
#1776=LINE('',#15165,#3270);
#1777=LINE('',#15166,#3271);
#1778=LINE('',#15169,#3272);
#1779=LINE('',#15170,#3273);
#1780=LINE('',#15173,#3274);
#1781=LINE('',#15174,#3275);
#1782=LINE('',#15177,#3276);
#1783=LINE('',#15178,#3277);
#1784=LINE('',#15181,#3278);
#1785=LINE('',#15182,#3279);
#1786=LINE('',#15185,#3280);
#1787=LINE('',#15186,#3281);
#1788=LINE('',#15189,#3282);
#1789=LINE('',#15190,#3283);
#1790=LINE('',#15193,#3284);
#1791=LINE('',#15194,#3285);
#1792=LINE('',#15197,#3286);
#1793=LINE('',#15198,#3287);
#1794=LINE('',#15200,#3288);
#1795=LINE('',#15202,#3289);
#1796=LINE('',#15203,#3290);
#1797=LINE('',#15205,#3291);
#1798=LINE('',#15206,#3292);
#1799=LINE('',#15210,#3293);
#1800=LINE('',#15211,#3294);
#1801=LINE('',#15214,#3295);
#1802=LINE('',#15215,#3296);
#1803=LINE('',#15218,#3297);
#1804=LINE('',#15219,#3298);
#1805=LINE('',#15222,#3299);
#1806=LINE('',#15228,#3300);
#1807=LINE('',#15230,#3301);
#1808=LINE('',#15231,#3302);
#1809=LINE('',#15234,#3303);
#1810=LINE('',#15236,#3304);
#1811=LINE('',#15238,#3305);
#1812=LINE('',#15240,#3306);
#1813=LINE('',#15241,#3307);
#1814=LINE('',#15244,#3308);
#1815=LINE('',#15246,#3309);
#1816=LINE('',#15248,#3310);
#1817=LINE('',#15250,#3311);
#1818=LINE('',#15252,#3312);
#1819=LINE('',#15254,#3313);
#1820=LINE('',#15256,#3314);
#1821=LINE('',#15258,#3315);
#1822=LINE('',#15260,#3316);
#1823=LINE('',#15262,#3317);
#1824=LINE('',#15264,#3318);
#1825=LINE('',#15266,#3319);
#1826=LINE('',#15268,#3320);
#1827=LINE('',#15269,#3321);
#1828=LINE('',#15271,#3322);
#1829=LINE('',#15273,#3323);
#1830=LINE('',#15275,#3324);
#1831=LINE('',#15277,#3325);
#1832=LINE('',#15280,#3326);
#1833=LINE('',#15281,#3327);
#1834=LINE('',#15283,#3328);
#1835=LINE('',#15286,#3329);
#1836=LINE('',#15287,#3330);
#1837=LINE('',#15289,#3331);
#1838=LINE('',#15291,#3332);
#1839=LINE('',#15294,#3333);
#1840=LINE('',#15295,#3334);
#1841=LINE('',#15297,#3335);
#1842=LINE('',#15300,#3336);
#1843=LINE('',#15301,#3337);
#1844=LINE('',#15304,#3338);
#1845=LINE('',#15306,#3339);
#1846=LINE('',#15307,#3340);
#1847=LINE('',#15309,#3341);
#1848=LINE('',#15310,#3342);
#1849=LINE('',#15311,#3343);
#1850=LINE('',#15315,#3344);
#1851=LINE('',#15316,#3345);
#1852=LINE('',#15321,#3346);
#1853=LINE('',#15323,#3347);
#1854=LINE('',#15325,#3348);
#1855=LINE('',#15327,#3349);
#1856=LINE('',#15329,#3350);
#1857=LINE('',#15331,#3351);
#1858=LINE('',#15333,#3352);
#1859=LINE('',#15335,#3353);
#1860=LINE('',#15337,#3354);
#1861=LINE('',#15339,#3355);
#1862=LINE('',#15341,#3356);
#1863=LINE('',#15343,#3357);
#1864=LINE('',#15345,#3358);
#1865=LINE('',#15347,#3359);
#1866=LINE('',#15349,#3360);
#1867=LINE('',#15351,#3361);
#1868=LINE('',#15353,#3362);
#1869=LINE('',#15355,#3363);
#1870=LINE('',#15357,#3364);
#1871=LINE('',#15359,#3365);
#1872=LINE('',#15361,#3366);
#1873=LINE('',#15363,#3367);
#1874=LINE('',#15365,#3368);
#1875=LINE('',#15367,#3369);
#1876=LINE('',#15368,#3370);
#1877=LINE('',#15370,#3371);
#1878=LINE('',#15371,#3372);
#1879=LINE('',#15373,#3373);
#1880=LINE('',#15374,#3374);
#1881=LINE('',#15376,#3375);
#1882=LINE('',#15378,#3376);
#1883=LINE('',#15379,#3377);
#1884=LINE('',#15382,#3378);
#1885=LINE('',#15383,#3379);
#1886=LINE('',#15386,#3380);
#1887=LINE('',#15388,#3381);
#1888=LINE('',#15390,#3382);
#1889=LINE('',#15392,#3383);
#1890=LINE('',#15394,#3384);
#1891=LINE('',#15396,#3385);
#1892=LINE('',#15398,#3386);
#1893=LINE('',#15400,#3387);
#1894=LINE('',#15402,#3388);
#1895=LINE('',#15403,#3389);
#1896=LINE('',#15406,#3390);
#1897=LINE('',#15407,#3391);
#1898=LINE('',#15410,#3392);
#1899=LINE('',#15411,#3393);
#1900=LINE('',#15414,#3394);
#1901=LINE('',#15415,#3395);
#1902=LINE('',#15418,#3396);
#1903=LINE('',#15419,#3397);
#1904=LINE('',#15422,#3398);
#1905=LINE('',#15423,#3399);
#1906=LINE('',#15426,#3400);
#1907=LINE('',#15427,#3401);
#1908=LINE('',#15430,#3402);
#1909=LINE('',#15431,#3403);
#1910=LINE('',#15434,#3404);
#1911=LINE('',#15435,#3405);
#1912=LINE('',#15438,#3406);
#1913=LINE('',#15439,#3407);
#1914=LINE('',#15441,#3408);
#1915=LINE('',#15443,#3409);
#1916=LINE('',#15444,#3410);
#1917=LINE('',#15446,#3411);
#1918=LINE('',#15447,#3412);
#1919=LINE('',#15451,#3413);
#1920=LINE('',#15452,#3414);
#1921=LINE('',#15455,#3415);
#1922=LINE('',#15456,#3416);
#1923=LINE('',#15459,#3417);
#1924=LINE('',#15460,#3418);
#1925=LINE('',#15463,#3419);
#1926=LINE('',#15470,#3420);
#1927=LINE('',#15472,#3421);
#1928=LINE('',#15474,#3422);
#1929=LINE('',#15475,#3423);
#1930=LINE('',#15477,#3424);
#1931=LINE('',#15479,#3425);
#1932=LINE('',#15481,#3426);
#1933=LINE('',#15482,#3427);
#1934=LINE('',#15486,#3428);
#1935=LINE('',#15488,#3429);
#1936=LINE('',#15490,#3430);
#1937=LINE('',#15492,#3431);
#1938=LINE('',#15494,#3432);
#1939=LINE('',#15495,#3433);
#1940=LINE('',#15497,#3434);
#1941=LINE('',#15499,#3435);
#1942=LINE('',#15501,#3436);
#1943=LINE('',#15503,#3437);
#1944=LINE('',#15505,#3438);
#1945=LINE('',#15507,#3439);
#1946=LINE('',#15508,#3440);
#1947=LINE('',#15512,#3441);
#1948=LINE('',#15514,#3442);
#1949=LINE('',#15515,#3443);
#1950=LINE('',#15517,#3444);
#1951=LINE('',#15519,#3445);
#1952=LINE('',#15521,#3446);
#1953=LINE('',#15523,#3447);
#1954=LINE('',#15525,#3448);
#1955=LINE('',#15527,#3449);
#1956=LINE('',#15529,#3450);
#1957=LINE('',#15531,#3451);
#1958=LINE('',#15533,#3452);
#1959=LINE('',#15534,#3453);
#1960=LINE('',#15537,#3454);
#1961=LINE('',#15539,#3455);
#1962=LINE('',#15541,#3456);
#1963=LINE('',#15543,#3457);
#1964=LINE('',#15545,#3458);
#1965=LINE('',#15547,#3459);
#1966=LINE('',#15549,#3460);
#1967=LINE('',#15551,#3461);
#1968=LINE('',#15553,#3462);
#1969=LINE('',#15555,#3463);
#1970=LINE('',#15557,#3464);
#1971=LINE('',#15559,#3465);
#1972=LINE('',#15560,#3466);
#1973=LINE('',#15563,#3467);
#1974=LINE('',#15565,#3468);
#1975=LINE('',#15567,#3469);
#1976=LINE('',#15569,#3470);
#1977=LINE('',#15571,#3471);
#1978=LINE('',#15573,#3472);
#1979=LINE('',#15575,#3473);
#1980=LINE('',#15576,#3474);
#1981=LINE('',#15579,#3475);
#1982=LINE('',#15581,#3476);
#1983=LINE('',#15582,#3477);
#1984=LINE('',#15585,#3478);
#1985=LINE('',#15587,#3479);
#1986=LINE('',#15589,#3480);
#1987=LINE('',#15590,#3481);
#1988=LINE('',#15591,#3482);
#1989=LINE('',#15594,#3483);
#1990=LINE('',#15596,#3484);
#1991=LINE('',#15598,#3485);
#1992=LINE('',#15600,#3486);
#1993=LINE('',#15602,#3487);
#1994=LINE('',#15604,#3488);
#1995=LINE('',#15606,#3489);
#1996=LINE('',#15608,#3490);
#1997=LINE('',#15610,#3491);
#1998=LINE('',#15612,#3492);
#1999=LINE('',#15614,#3493);
#2000=LINE('',#15616,#3494);
#2001=LINE('',#15618,#3495);
#2002=LINE('',#15620,#3496);
#2003=LINE('',#15622,#3497);
#2004=LINE('',#15623,#3498);
#2005=LINE('',#15626,#3499);
#2006=LINE('',#15628,#3500);
#2007=LINE('',#15629,#3501);
#2008=LINE('',#15631,#3502);
#2009=LINE('',#15633,#3503);
#2010=LINE('',#15635,#3504);
#2011=LINE('',#15637,#3505);
#2012=LINE('',#15638,#3506);
#2013=LINE('',#15642,#3507);
#2014=LINE('',#15643,#3508);
#2015=LINE('',#15645,#3509);
#2016=LINE('',#15647,#3510);
#2017=LINE('',#15648,#3511);
#2018=LINE('',#15652,#3512);
#2019=LINE('',#15653,#3513);
#2020=LINE('',#15655,#3514);
#2021=LINE('',#15657,#3515);
#2022=LINE('',#15660,#3516);
#2023=LINE('',#15661,#3517);
#2024=LINE('',#15663,#3518);
#2025=LINE('',#15666,#3519);
#2026=LINE('',#15667,#3520);
#2027=LINE('',#15669,#3521);
#2028=LINE('',#15672,#3522);
#2029=LINE('',#15674,#3523);
#2030=LINE('',#15676,#3524);
#2031=LINE('',#15678,#3525);
#2032=LINE('',#15680,#3526);
#2033=LINE('',#15682,#3527);
#2034=LINE('',#15684,#3528);
#2035=LINE('',#15686,#3529);
#2036=LINE('',#15688,#3530);
#2037=LINE('',#15690,#3531);
#2038=LINE('',#15692,#3532);
#2039=LINE('',#15694,#3533);
#2040=LINE('',#15696,#3534);
#2041=LINE('',#15698,#3535);
#2042=LINE('',#15700,#3536);
#2043=LINE('',#15702,#3537);
#2044=LINE('',#15703,#3538);
#2045=LINE('',#15706,#3539);
#2046=LINE('',#15707,#3540);
#2047=LINE('',#15709,#3541);
#2048=LINE('',#15711,#3542);
#2049=LINE('',#15712,#3543);
#2050=LINE('',#15715,#3544);
#2051=LINE('',#15716,#3545);
#2052=LINE('',#15718,#3546);
#2053=LINE('',#15720,#3547);
#2054=LINE('',#15721,#3548);
#2055=LINE('',#15723,#3549);
#2056=LINE('',#15724,#3550);
#2057=LINE('',#15728,#3551);
#2058=LINE('',#15730,#3552);
#2059=LINE('',#15732,#3553);
#2060=LINE('',#15734,#3554);
#2061=LINE('',#15736,#3555);
#2062=LINE('',#15738,#3556);
#2063=LINE('',#15740,#3557);
#2064=LINE('',#15742,#3558);
#2065=LINE('',#15744,#3559);
#2066=LINE('',#15746,#3560);
#2067=LINE('',#15748,#3561);
#2068=LINE('',#15750,#3562);
#2069=LINE('',#15752,#3563);
#2070=LINE('',#15754,#3564);
#2071=LINE('',#15756,#3565);
#2072=LINE('',#15758,#3566);
#2073=LINE('',#15760,#3567);
#2074=LINE('',#15762,#3568);
#2075=LINE('',#15764,#3569);
#2076=LINE('',#15766,#3570);
#2077=LINE('',#15768,#3571);
#2078=LINE('',#15770,#3572);
#2079=LINE('',#15772,#3573);
#2080=LINE('',#15774,#3574);
#2081=LINE('',#15776,#3575);
#2082=LINE('',#15778,#3576);
#2083=LINE('',#15780,#3577);
#2084=LINE('',#15782,#3578);
#2085=LINE('',#15784,#3579);
#2086=LINE('',#15786,#3580);
#2087=LINE('',#15787,#3581);
#2088=LINE('',#15789,#3582);
#2089=LINE('',#15790,#3583);
#2090=LINE('',#15793,#3584);
#2091=LINE('',#15795,#3585);
#2092=LINE('',#15796,#3586);
#2093=LINE('',#15798,#3587);
#2094=LINE('',#15800,#3588);
#2095=LINE('',#15803,#3589);
#2096=LINE('',#15804,#3590);
#2097=LINE('',#15807,#3591);
#2098=LINE('',#15808,#3592);
#2099=LINE('',#15810,#3593);
#2100=LINE('',#15812,#3594);
#2101=LINE('',#15814,#3595);
#2102=LINE('',#15816,#3596);
#2103=LINE('',#15817,#3597);
#2104=LINE('',#15818,#3598);
#2105=LINE('',#15821,#3599);
#2106=LINE('',#15822,#3600);
#2107=LINE('',#15824,#3601);
#2108=LINE('',#15826,#3602);
#2109=LINE('',#15829,#3603);
#2110=LINE('',#15830,#3604);
#2111=LINE('',#15832,#3605);
#2112=LINE('',#15834,#3606);
#2113=LINE('',#15837,#3607);
#2114=LINE('',#15838,#3608);
#2115=LINE('',#15841,#3609);
#2116=LINE('',#15842,#3610);
#2117=LINE('',#15843,#3611);
#2118=LINE('',#15844,#3612);
#2119=LINE('',#15847,#3613);
#2120=LINE('',#15848,#3614);
#2121=LINE('',#15850,#3615);
#2122=LINE('',#15852,#3616);
#2123=LINE('',#15855,#3617);
#2124=LINE('',#15856,#3618);
#2125=LINE('',#15858,#3619);
#2126=LINE('',#15862,#3620);
#2127=LINE('',#15864,#3621);
#2128=LINE('',#15866,#3622);
#2129=LINE('',#15867,#3623);
#2130=LINE('',#15871,#3624);
#2131=LINE('',#15873,#3625);
#2132=LINE('',#15874,#3626);
#2133=LINE('',#15877,#3627);
#2134=LINE('',#15878,#3628);
#2135=LINE('',#15880,#3629);
#2136=LINE('',#15882,#3630);
#2137=LINE('',#15884,#3631);
#2138=LINE('',#15886,#3632);
#2139=LINE('',#15887,#3633);
#2140=LINE('',#15890,#3634);
#2141=LINE('',#15892,#3635);
#2142=LINE('',#15894,#3636);
#2143=LINE('',#15895,#3637);
#2144=LINE('',#15898,#3638);
#2145=LINE('',#15899,#3639);
#2146=LINE('',#15902,#3640);
#2147=LINE('',#15903,#3641);
#2148=LINE('',#15905,#3642);
#2149=LINE('',#15907,#3643);
#2150=LINE('',#15909,#3644);
#2151=LINE('',#15911,#3645);
#2152=LINE('',#15912,#3646);
#2153=LINE('',#15915,#3647);
#2154=LINE('',#15917,#3648);
#2155=LINE('',#15919,#3649);
#2156=LINE('',#15920,#3650);
#2157=LINE('',#15923,#3651);
#2158=LINE('',#15924,#3652);
#2159=LINE('',#15927,#3653);
#2160=LINE('',#15928,#3654);
#2161=LINE('',#15930,#3655);
#2162=LINE('',#15932,#3656);
#2163=LINE('',#15934,#3657);
#2164=LINE('',#15936,#3658);
#2165=LINE('',#15937,#3659);
#2166=LINE('',#15940,#3660);
#2167=LINE('',#15942,#3661);
#2168=LINE('',#15944,#3662);
#2169=LINE('',#15945,#3663);
#2170=LINE('',#15948,#3664);
#2171=LINE('',#15949,#3665);
#2172=LINE('',#15952,#3666);
#2173=LINE('',#15953,#3667);
#2174=LINE('',#15955,#3668);
#2175=LINE('',#15957,#3669);
#2176=LINE('',#15959,#3670);
#2177=LINE('',#15961,#3671);
#2178=LINE('',#15962,#3672);
#2179=LINE('',#15965,#3673);
#2180=LINE('',#15966,#3674);
#2181=LINE('',#15969,#3675);
#2182=LINE('',#15971,#3676);
#2183=LINE('',#15972,#3677);
#2184=LINE('',#15976,#3678);
#2185=LINE('',#15978,#3679);
#2186=LINE('',#15980,#3680);
#2187=LINE('',#15981,#3681);
#2188=LINE('',#15985,#3682);
#2189=LINE('',#15987,#3683);
#2190=LINE('',#15988,#3684);
#2191=LINE('',#15991,#3685);
#2192=LINE('',#15992,#3686);
#2193=LINE('',#15994,#3687);
#2194=LINE('',#15996,#3688);
#2195=LINE('',#15998,#3689);
#2196=LINE('',#16000,#3690);
#2197=LINE('',#16001,#3691);
#2198=LINE('',#16004,#3692);
#2199=LINE('',#16006,#3693);
#2200=LINE('',#16008,#3694);
#2201=LINE('',#16009,#3695);
#2202=LINE('',#16012,#3696);
#2203=LINE('',#16013,#3697);
#2204=LINE('',#16016,#3698);
#2205=LINE('',#16017,#3699);
#2206=LINE('',#16019,#3700);
#2207=LINE('',#16021,#3701);
#2208=LINE('',#16023,#3702);
#2209=LINE('',#16025,#3703);
#2210=LINE('',#16026,#3704);
#2211=LINE('',#16029,#3705);
#2212=LINE('',#16031,#3706);
#2213=LINE('',#16033,#3707);
#2214=LINE('',#16034,#3708);
#2215=LINE('',#16037,#3709);
#2216=LINE('',#16038,#3710);
#2217=LINE('',#16041,#3711);
#2218=LINE('',#16042,#3712);
#2219=LINE('',#16044,#3713);
#2220=LINE('',#16046,#3714);
#2221=LINE('',#16048,#3715);
#2222=LINE('',#16050,#3716);
#2223=LINE('',#16051,#3717);
#2224=LINE('',#16054,#3718);
#2225=LINE('',#16056,#3719);
#2226=LINE('',#16058,#3720);
#2227=LINE('',#16059,#3721);
#2228=LINE('',#16062,#3722);
#2229=LINE('',#16063,#3723);
#2230=LINE('',#16066,#3724);
#2231=LINE('',#16067,#3725);
#2232=LINE('',#16069,#3726);
#2233=LINE('',#16071,#3727);
#2234=LINE('',#16073,#3728);
#2235=LINE('',#16075,#3729);
#2236=LINE('',#16076,#3730);
#2237=LINE('',#16080,#3731);
#2238=LINE('',#16082,#3732);
#2239=LINE('',#16083,#3733);
#2240=LINE('',#16084,#3734);
#2241=LINE('',#16087,#3735);
#2242=LINE('',#16089,#3736);
#2243=LINE('',#16091,#3737);
#2244=LINE('',#16092,#3738);
#2245=LINE('',#16094,#3739);
#2246=LINE('',#16097,#3740);
#2247=LINE('',#16099,#3741);
#2248=LINE('',#16100,#3742);
#2249=LINE('',#16103,#3743);
#2250=LINE('',#16105,#3744);
#2251=LINE('',#16106,#3745);
#2252=LINE('',#16109,#3746);
#2253=LINE('',#16111,#3747);
#2254=LINE('',#16112,#3748);
#2255=LINE('',#16115,#3749);
#2256=LINE('',#16117,#3750);
#2257=LINE('',#16118,#3751);
#2258=LINE('',#16121,#3752);
#2259=LINE('',#16123,#3753);
#2260=LINE('',#16124,#3754);
#2261=LINE('',#16128,#3755);
#2262=LINE('',#16130,#3756);
#2263=LINE('',#16131,#3757);
#2264=LINE('',#16132,#3758);
#2265=LINE('',#16135,#3759);
#2266=LINE('',#16137,#3760);
#2267=LINE('',#16138,#3761);
#2268=LINE('',#16141,#3762);
#2269=LINE('',#16143,#3763);
#2270=LINE('',#16144,#3764);
#2271=LINE('',#16147,#3765);
#2272=LINE('',#16149,#3766);
#2273=LINE('',#16150,#3767);
#2274=LINE('',#16154,#3768);
#2275=LINE('',#16155,#3769);
#2276=LINE('',#16156,#3770);
#2277=LINE('',#16160,#3771);
#2278=LINE('',#16161,#3772);
#2279=LINE('',#16162,#3773);
#2280=LINE('',#16165,#3774);
#2281=LINE('',#16166,#3775);
#2282=LINE('',#16168,#3776);
#2283=LINE('',#16171,#3777);
#2284=LINE('',#16172,#3778);
#2285=LINE('',#16174,#3779);
#2286=LINE('',#16177,#3780);
#2287=LINE('',#16178,#3781);
#2288=LINE('',#16180,#3782);
#2289=LINE('',#16182,#3783);
#2290=LINE('',#16184,#3784);
#2291=LINE('',#16185,#3785);
#2292=LINE('',#16189,#3786);
#2293=LINE('',#16191,#3787);
#2294=LINE('',#16192,#3788);
#2295=LINE('',#16194,#3789);
#2296=LINE('',#16196,#3790);
#2297=LINE('',#16200,#3791);
#2298=LINE('',#16202,#3792);
#2299=LINE('',#16204,#3793);
#2300=LINE('',#16206,#3794);
#2301=LINE('',#16208,#3795);
#2302=LINE('',#16210,#3796);
#2303=LINE('',#16212,#3797);
#2304=LINE('',#16214,#3798);
#2305=LINE('',#16216,#3799);
#2306=LINE('',#16218,#3800);
#2307=LINE('',#16220,#3801);
#2308=LINE('',#16222,#3802);
#2309=LINE('',#16224,#3803);
#2310=LINE('',#16226,#3804);
#2311=LINE('',#16228,#3805);
#2312=LINE('',#16229,#3806);
#2313=LINE('',#16231,#3807);
#2314=LINE('',#16233,#3808);
#2315=LINE('',#16235,#3809);
#2316=LINE('',#16237,#3810);
#2317=LINE('',#16239,#3811);
#2318=LINE('',#16241,#3812);
#2319=LINE('',#16243,#3813);
#2320=LINE('',#16245,#3814);
#2321=LINE('',#16247,#3815);
#2322=LINE('',#16249,#3816);
#2323=LINE('',#16251,#3817);
#2324=LINE('',#16252,#3818);
#2325=LINE('',#16254,#3819);
#2326=LINE('',#16256,#3820);
#2327=LINE('',#16257,#3821);
#2328=LINE('',#16260,#3822);
#2329=LINE('',#16262,#3823);
#2330=LINE('',#16263,#3824);
#2331=LINE('',#16265,#3825);
#2332=LINE('',#16267,#3826);
#2333=LINE('',#16269,#3827);
#2334=LINE('',#16270,#3828);
#2335=LINE('',#16273,#3829);
#2336=LINE('',#16276,#3830);
#2337=LINE('',#16277,#3831);
#2338=LINE('',#16279,#3832);
#2339=LINE('',#16280,#3833);
#2340=LINE('',#16283,#3834);
#2341=LINE('',#16284,#3835);
#2342=LINE('',#16287,#3836);
#2343=LINE('',#16288,#3837);
#2344=LINE('',#16291,#3838);
#2345=LINE('',#16292,#3839);
#2346=LINE('',#16295,#3840);
#2347=LINE('',#16296,#3841);
#2348=LINE('',#16299,#3842);
#2349=LINE('',#16300,#3843);
#2350=LINE('',#16302,#3844);
#2351=LINE('',#16305,#3845);
#2352=LINE('',#16306,#3846);
#2353=LINE('',#16309,#3847);
#2354=LINE('',#16310,#3848);
#2355=LINE('',#16313,#3849);
#2356=LINE('',#16314,#3850);
#2357=LINE('',#16317,#3851);
#2358=LINE('',#16318,#3852);
#2359=LINE('',#16322,#3853);
#2360=LINE('',#16324,#3854);
#2361=LINE('',#16326,#3855);
#2362=LINE('',#16328,#3856);
#2363=LINE('',#16329,#3857);
#2364=LINE('',#16331,#3858);
#2365=LINE('',#16333,#3859);
#2366=LINE('',#16335,#3860);
#2367=LINE('',#16336,#3861);
#2368=LINE('',#16338,#3862);
#2369=LINE('',#16340,#3863);
#2370=LINE('',#16341,#3864);
#2371=LINE('',#16343,#3865);
#2372=LINE('',#16346,#3866);
#2373=LINE('',#16347,#3867);
#2374=LINE('',#16350,#3868);
#2375=LINE('',#16351,#3869);
#2376=LINE('',#16353,#3870);
#2377=LINE('',#16354,#3871);
#2378=LINE('',#16356,#3872);
#2379=LINE('',#16359,#3873);
#2380=LINE('',#16361,#3874);
#2381=LINE('',#16363,#3875);
#2382=LINE('',#16366,#3876);
#2383=LINE('',#16368,#3877);
#2384=LINE('',#16370,#3878);
#2385=LINE('',#16372,#3879);
#2386=LINE('',#16376,#3880);
#2387=LINE('',#16377,#3881);
#2388=LINE('',#16378,#3882);
#2389=LINE('',#16381,#3883);
#2390=LINE('',#16382,#3884);
#2391=LINE('',#16384,#3885);
#2392=LINE('',#16385,#3886);
#2393=LINE('',#16387,#3887);
#2394=LINE('',#16388,#3888);
#2395=LINE('',#16390,#3889);
#2396=LINE('',#16392,#3890);
#2397=LINE('',#16394,#3891);
#2398=LINE('',#16395,#3892);
#2399=LINE('',#16398,#3893);
#2400=LINE('',#16400,#3894);
#2401=LINE('',#16401,#3895);
#2402=LINE('',#16403,#3896);
#2403=LINE('',#16405,#3897);
#2404=LINE('',#16407,#3898);
#2405=LINE('',#16409,#3899);
#2406=LINE('',#16411,#3900);
#2407=LINE('',#16412,#3901);
#2408=LINE('',#16414,#3902);
#2409=LINE('',#16418,#3903);
#2410=LINE('',#16420,#3904);
#2411=LINE('',#16422,#3905);
#2412=LINE('',#16424,#3906);
#2413=LINE('',#16428,#3907);
#2414=LINE('',#16429,#3908);
#2415=LINE('',#16430,#3909);
#2416=LINE('',#16433,#3910);
#2417=LINE('',#16434,#3911);
#2418=LINE('',#16437,#3912);
#2419=LINE('',#16438,#3913);
#2420=LINE('',#16441,#3914);
#2421=LINE('',#16442,#3915);
#2422=LINE('',#16445,#3916);
#2423=LINE('',#16446,#3917);
#2424=LINE('',#16448,#3918);
#2425=LINE('',#16449,#3919);
#2426=LINE('',#16452,#3920);
#2427=LINE('',#16453,#3921);
#2428=LINE('',#16457,#3922);
#2429=LINE('',#16458,#3923);
#2430=LINE('',#16460,#3924);
#2431=LINE('',#16461,#3925);
#2432=LINE('',#16464,#3926);
#2433=LINE('',#16465,#3927);
#2434=LINE('',#16468,#3928);
#2435=LINE('',#16472,#3929);
#2436=LINE('',#16473,#3930);
#2437=LINE('',#16474,#3931);
#2438=LINE('',#16476,#3932);
#2439=LINE('',#16477,#3933);
#2440=LINE('',#16479,#3934);
#2441=LINE('',#16481,#3935);
#2442=LINE('',#16482,#3936);
#2443=LINE('',#16483,#3937);
#2444=LINE('',#16486,#3938);
#2445=LINE('',#16488,#3939);
#2446=LINE('',#16492,#3940);
#2447=LINE('',#16494,#3941);
#2448=LINE('',#16495,#3942);
#2449=LINE('',#16497,#3943);
#2450=LINE('',#16499,#3944);
#2451=LINE('',#16501,#3945);
#2452=LINE('',#16503,#3946);
#2453=LINE('',#16505,#3947);
#2454=LINE('',#16509,#3948);
#2455=LINE('',#16511,#3949);
#2456=LINE('',#16512,#3950);
#2457=LINE('',#16513,#3951);
#2458=LINE('',#16515,#3952);
#2459=LINE('',#16517,#3953);
#2460=LINE('',#16518,#3954);
#2461=LINE('',#16520,#3955);
#2462=LINE('',#16521,#3956);
#2463=LINE('',#16523,#3957);
#2464=LINE('',#16525,#3958);
#2465=LINE('',#16527,#3959);
#2466=LINE('',#16531,#3960);
#2467=LINE('',#16532,#3961);
#2468=LINE('',#16534,#3962);
#2469=LINE('',#16536,#3963);
#2470=LINE('',#16538,#3964);
#2471=LINE('',#16545,#3965);
#2472=LINE('',#16546,#3966);
#2473=LINE('',#16548,#3967);
#2474=LINE('',#16550,#3968);
#2475=LINE('',#16551,#3969);
#2476=LINE('',#16553,#3970);
#2477=LINE('',#16556,#3971);
#2478=LINE('',#16558,#3972);
#2479=LINE('',#16559,#3973);
#2480=LINE('',#16561,#3974);
#2481=LINE('',#16562,#3975);
#2482=LINE('',#16565,#3976);
#2483=LINE('',#16567,#3977);
#2484=LINE('',#16568,#3978);
#2485=LINE('',#16570,#3979);
#2486=LINE('',#16572,#3980);
#2487=LINE('',#16575,#3981);
#2488=LINE('',#16576,#3982);
#2489=LINE('',#16578,#3983);
#2490=LINE('',#16581,#3984);
#2491=LINE('',#16582,#3985);
#2492=LINE('',#16584,#3986);
#2493=LINE('',#16587,#3987);
#2494=LINE('',#16588,#3988);
#2495=LINE('',#16590,#3989);
#2496=LINE('',#16593,#3990);
#2497=LINE('',#16594,#3991);
#2498=LINE('',#16596,#3992);
#2499=LINE('',#16599,#3993);
#2500=LINE('',#16600,#3994);
#2501=LINE('',#16602,#3995);
#2502=LINE('',#16603,#3996);
#2503=LINE('',#16606,#3997);
#2504=LINE('',#16607,#3998);
#2505=LINE('',#16609,#3999);
#2506=LINE('',#16611,#4000);
#2507=LINE('',#16614,#4001);
#2508=LINE('',#16615,#4002);
#2509=LINE('',#16617,#4003);
#2510=LINE('',#16620,#4004);
#2511=LINE('',#16621,#4005);
#2512=LINE('',#16623,#4006);
#2513=LINE('',#16626,#4007);
#2514=LINE('',#16628,#4008);
#2515=LINE('',#16629,#4009);
#2516=LINE('',#16631,#4010);
#2517=LINE('',#16633,#4011);
#2518=LINE('',#16634,#4012);
#2519=LINE('',#16637,#4013);
#2520=LINE('',#16638,#4014);
#2521=LINE('',#16640,#4015);
#2522=LINE('',#16642,#4016);
#2523=LINE('',#16644,#4017);
#2524=LINE('',#16647,#4018);
#2525=LINE('',#16648,#4019);
#2526=LINE('',#16650,#4020);
#2527=LINE('',#16653,#4021);
#2528=LINE('',#16655,#4022);
#2529=LINE('',#16656,#4023);
#2530=LINE('',#16658,#4024);
#2531=LINE('',#16659,#4025);
#2532=LINE('',#16661,#4026);
#2533=LINE('',#16673,#4027);
#2534=LINE('',#16674,#4028);
#2535=LINE('',#16677,#4029);
#2536=LINE('',#16678,#4030);
#2537=LINE('',#16679,#4031);
#2538=LINE('',#16682,#4032);
#2539=LINE('',#16683,#4033);
#2540=LINE('',#16685,#4034);
#2541=LINE('',#16687,#4035);
#2542=LINE('',#16692,#4036);
#2543=LINE('',#16694,#4037);
#2544=LINE('',#16696,#4038);
#2545=LINE('',#16698,#4039);
#2546=LINE('',#16700,#4040);
#2547=LINE('',#16702,#4041);
#2548=LINE('',#16704,#4042);
#2549=LINE('',#16706,#4043);
#2550=LINE('',#16708,#4044);
#2551=LINE('',#16710,#4045);
#2552=LINE('',#16712,#4046);
#2553=LINE('',#16714,#4047);
#2554=LINE('',#16716,#4048);
#2555=LINE('',#16718,#4049);
#2556=LINE('',#16720,#4050);
#2557=LINE('',#16721,#4051);
#2558=LINE('',#16722,#4052);
#2559=LINE('',#16723,#4053);
#2560=LINE('',#16724,#4054);
#2561=LINE('',#16725,#4055);
#2562=LINE('',#16726,#4056);
#2563=LINE('',#16727,#4057);
#2564=LINE('',#16728,#4058);
#2565=LINE('',#16729,#4059);
#2566=LINE('',#16731,#4060);
#2567=LINE('',#16732,#4061);
#2568=LINE('',#16735,#4062);
#2569=LINE('',#16736,#4063);
#2570=LINE('',#16738,#4064);
#2571=LINE('',#16740,#4065);
#2572=LINE('',#16743,#4066);
#2573=LINE('',#16744,#4067);
#2574=LINE('',#16746,#4068);
#2575=LINE('',#16748,#4069);
#2576=LINE('',#16751,#4070);
#2577=LINE('',#16752,#4071);
#2578=LINE('',#16754,#4072);
#2579=LINE('',#16761,#4073);
#2580=LINE('',#16767,#4074);
#2581=LINE('',#16769,#4075);
#2582=LINE('',#16770,#4076);
#2583=LINE('',#16772,#4077);
#2584=LINE('',#16775,#4078);
#2585=LINE('',#16777,#4079);
#2586=LINE('',#16778,#4080);
#2587=LINE('',#16781,#4081);
#2588=LINE('',#16782,#4082);
#2589=LINE('',#16784,#4083);
#2590=LINE('',#16785,#4084);
#2591=LINE('',#16787,#4085);
#2592=LINE('',#16790,#4086);
#2593=LINE('',#16792,#4087);
#2594=LINE('',#16794,#4088);
#2595=LINE('',#16797,#4089);
#2596=LINE('',#16799,#4090);
#2597=LINE('',#16801,#4091);
#2598=LINE('',#16803,#4092);
#2599=LINE('',#16807,#4093);
#2600=LINE('',#16808,#4094);
#2601=LINE('',#16809,#4095);
#2602=LINE('',#16811,#4096);
#2603=LINE('',#16813,#4097);
#2604=LINE('',#16815,#4098);
#2605=LINE('',#16817,#4099);
#2606=LINE('',#16819,#4100);
#2607=LINE('',#16820,#4101);
#2608=LINE('',#16823,#4102);
#2609=LINE('',#16824,#4103);
#2610=LINE('',#16826,#4104);
#2611=LINE('',#16829,#4105);
#2612=LINE('',#16831,#4106);
#2613=LINE('',#16833,#4107);
#2614=LINE('',#16834,#4108);
#2615=LINE('',#16836,#4109);
#2616=LINE('',#16838,#4110);
#2617=LINE('',#16841,#4111);
#2618=LINE('',#16843,#4112);
#2619=LINE('',#16845,#4113);
#2620=LINE('',#16848,#4114);
#2621=LINE('',#16850,#4115);
#2622=LINE('',#16852,#4116);
#2623=LINE('',#16854,#4117);
#2624=LINE('',#16858,#4118);
#2625=LINE('',#16859,#4119);
#2626=LINE('',#16860,#4120);
#2627=LINE('',#16863,#4121);
#2628=LINE('',#16864,#4122);
#2629=LINE('',#16867,#4123);
#2630=LINE('',#16868,#4124);
#2631=LINE('',#16871,#4125);
#2632=LINE('',#16872,#4126);
#2633=LINE('',#16875,#4127);
#2634=LINE('',#16876,#4128);
#2635=LINE('',#16878,#4129);
#2636=LINE('',#16879,#4130);
#2637=LINE('',#16882,#4131);
#2638=LINE('',#16883,#4132);
#2639=LINE('',#16887,#4133);
#2640=LINE('',#16888,#4134);
#2641=LINE('',#16890,#4135);
#2642=LINE('',#16891,#4136);
#2643=LINE('',#16894,#4137);
#2644=LINE('',#16895,#4138);
#2645=LINE('',#16898,#4139);
#2646=LINE('',#16902,#4140);
#2647=LINE('',#16903,#4141);
#2648=LINE('',#16904,#4142);
#2649=LINE('',#16906,#4143);
#2650=LINE('',#16907,#4144);
#2651=LINE('',#16909,#4145);
#2652=LINE('',#16911,#4146);
#2653=LINE('',#16912,#4147);
#2654=LINE('',#16913,#4148);
#2655=LINE('',#16916,#4149);
#2656=LINE('',#16918,#4150);
#2657=LINE('',#16922,#4151);
#2658=LINE('',#16924,#4152);
#2659=LINE('',#16925,#4153);
#2660=LINE('',#16927,#4154);
#2661=LINE('',#16929,#4155);
#2662=LINE('',#16931,#4156);
#2663=LINE('',#16933,#4157);
#2664=LINE('',#16935,#4158);
#2665=LINE('',#16939,#4159);
#2666=LINE('',#16940,#4160);
#2667=LINE('',#16943,#4161);
#2668=LINE('',#16944,#4162);
#2669=LINE('',#16947,#4163);
#2670=LINE('',#16948,#4164);
#2671=LINE('',#16951,#4165);
#2672=LINE('',#16953,#4166);
#2673=LINE('',#16955,#4167);
#2674=LINE('',#16957,#4168);
#2675=LINE('',#16959,#4169);
#2676=LINE('',#16961,#4170);
#2677=LINE('',#16963,#4171);
#2678=LINE('',#16965,#4172);
#2679=LINE('',#16967,#4173);
#2680=LINE('',#16969,#4174);
#2681=LINE('',#16971,#4175);
#2682=LINE('',#16973,#4176);
#2683=LINE('',#16975,#4177);
#2684=LINE('',#16976,#4178);
#2685=LINE('',#16978,#4179);
#2686=LINE('',#16979,#4180);
#2687=LINE('',#16982,#4181);
#2688=LINE('',#16984,#4182);
#2689=LINE('',#16985,#4183);
#2690=LINE('',#16987,#4184);
#2691=LINE('',#16991,#4185);
#2692=LINE('',#16993,#4186);
#2693=LINE('',#16994,#4187);
#2694=LINE('',#16996,#4188);
#2695=LINE('',#16998,#4189);
#2696=LINE('',#17004,#4190);
#2697=LINE('',#17006,#4191);
#2698=LINE('',#17007,#4192);
#2699=LINE('',#17010,#4193);
#2700=LINE('',#17011,#4194);
#2701=LINE('',#17014,#4195);
#2702=LINE('',#17015,#4196);
#2703=LINE('',#17018,#4197);
#2704=LINE('',#17019,#4198);
#2705=LINE('',#17022,#4199);
#2706=LINE('',#17023,#4200);
#2707=LINE('',#17026,#4201);
#2708=LINE('',#17028,#4202);
#2709=LINE('',#17029,#4203);
#2710=LINE('',#17032,#4204);
#2711=LINE('',#17033,#4205);
#2712=LINE('',#17036,#4206);
#2713=LINE('',#17037,#4207);
#2714=LINE('',#17040,#4208);
#2715=LINE('',#17041,#4209);
#2716=LINE('',#17044,#4210);
#2717=VECTOR('',#11385,10.);
#2718=VECTOR('',#11386,10.);
#2719=VECTOR('',#11387,10.);
#2720=VECTOR('',#11388,10.);
#2721=VECTOR('',#11391,10.);
#2722=VECTOR('',#11392,10.);
#2723=VECTOR('',#11393,10.);
#2724=VECTOR('',#11394,10.);
#2725=VECTOR('',#11397,1.);
#2726=VECTOR('',#11398,1.);
#2727=VECTOR('',#11399,10.);
#2728=VECTOR('',#11402,10.);
#2729=VECTOR('',#11403,10.);
#2730=VECTOR('',#11404,10.);
#2731=VECTOR('',#11405,10.);
#2732=VECTOR('',#11408,10.);
#2733=VECTOR('',#11409,10.);
#2734=VECTOR('',#11410,10.);
#2735=VECTOR('',#11411,10.);
#2736=VECTOR('',#11414,10.);
#2737=VECTOR('',#11415,10.);
#2738=VECTOR('',#11416,10.);
#2739=VECTOR('',#11417,10.);
#2740=VECTOR('',#11420,10.);
#2741=VECTOR('',#11421,10.);
#2742=VECTOR('',#11422,10.);
#2743=VECTOR('',#11423,10.);
#2744=VECTOR('',#11426,10.);
#2745=VECTOR('',#11427,10.);
#2746=VECTOR('',#11428,10.);
#2747=VECTOR('',#11429,10.);
#2748=VECTOR('',#11432,1.);
#2749=VECTOR('',#11433,1.);
#2750=VECTOR('',#11434,10.);
#2751=VECTOR('',#11437,10.);
#2752=VECTOR('',#11438,10.);
#2753=VECTOR('',#11439,10.);
#2754=VECTOR('',#11440,10.);
#2755=VECTOR('',#11443,10.);
#2756=VECTOR('',#11444,10.);
#2757=VECTOR('',#11445,10.);
#2758=VECTOR('',#11446,10.);
#2759=VECTOR('',#11449,10.);
#2760=VECTOR('',#11450,10.);
#2761=VECTOR('',#11451,10.);
#2762=VECTOR('',#11452,10.);
#2763=VECTOR('',#11455,10.);
#2764=VECTOR('',#11456,1.);
#2765=VECTOR('',#11457,1.);
#2766=VECTOR('',#11458,1.);
#2767=VECTOR('',#11459,1.);
#2768=VECTOR('',#11460,1.);
#2769=VECTOR('',#11461,1.);
#2770=VECTOR('',#11462,1.);
#2771=VECTOR('',#11463,1.);
#2772=VECTOR('',#11464,1.);
#2773=VECTOR('',#11465,1.);
#2774=VECTOR('',#11466,1.);
#2775=VECTOR('',#11467,10.);
#2776=VECTOR('',#11468,10.);
#2777=VECTOR('',#11469,1.);
#2778=VECTOR('',#11470,1.);
#2779=VECTOR('',#11471,10.);
#2780=VECTOR('',#11474,10.);
#2781=VECTOR('',#11475,10.);
#2782=VECTOR('',#11476,1.);
#2783=VECTOR('',#11477,1.);
#2784=VECTOR('',#11478,10.);
#2785=VECTOR('',#11479,10.);
#2786=VECTOR('',#11480,1.);
#2787=VECTOR('',#11481,1.);
#2788=VECTOR('',#11482,1.);
#2789=VECTOR('',#11483,1.);
#2790=VECTOR('',#11484,1.);
#2791=VECTOR('',#11485,1.);
#2792=VECTOR('',#11486,1.);
#2793=VECTOR('',#11487,1.);
#2794=VECTOR('',#11488,1.);
#2795=VECTOR('',#11489,1.);
#2796=VECTOR('',#11490,1.);
#2797=VECTOR('',#11493,1.);
#2798=VECTOR('',#11494,1.);
#2799=VECTOR('',#11495,10.);
#2800=VECTOR('',#11496,10.);
#2801=VECTOR('',#11497,1.);
#2802=VECTOR('',#11498,1.);
#2803=VECTOR('',#11499,1.);
#2804=VECTOR('',#11500,1.);
#2805=VECTOR('',#11501,1.);
#2806=VECTOR('',#11502,1.);
#2807=VECTOR('',#11503,1.);
#2808=VECTOR('',#11504,1.);
#2809=VECTOR('',#11505,1.);
#2810=VECTOR('',#11506,1.);
#2811=VECTOR('',#11507,1.);
#2812=VECTOR('',#11508,10.);
#2813=VECTOR('',#11511,10.);
#2814=VECTOR('',#11512,1.);
#2815=VECTOR('',#11513,1.);
#2816=VECTOR('',#11514,1.);
#2817=VECTOR('',#11515,1.);
#2818=VECTOR('',#11516,1.);
#2819=VECTOR('',#11517,1.);
#2820=VECTOR('',#11518,1.);
#2821=VECTOR('',#11519,1.);
#2822=VECTOR('',#11520,1.);
#2823=VECTOR('',#11521,1.);
#2824=VECTOR('',#11522,1.);
#2825=VECTOR('',#11523,10.);
#2826=VECTOR('',#11524,10.);
#2827=VECTOR('',#11525,1.);
#2828=VECTOR('',#11526,1.);
#2829=VECTOR('',#11529,10.);
#2830=VECTOR('',#11530,1.);
#2831=VECTOR('',#11531,1.);
#2832=VECTOR('',#11532,1.);
#2833=VECTOR('',#11533,1.);
#2834=VECTOR('',#11534,1.);
#2835=VECTOR('',#11535,1.);
#2836=VECTOR('',#11536,1.);
#2837=VECTOR('',#11537,1.);
#2838=VECTOR('',#11538,1.);
#2839=VECTOR('',#11539,1.);
#2840=VECTOR('',#11540,1.);
#2841=VECTOR('',#11541,10.);
#2842=VECTOR('',#11542,10.);
#2843=VECTOR('',#11543,1.);
#2844=VECTOR('',#11544,1.);
#2845=VECTOR('',#11545,10.);
#2846=VECTOR('',#11548,10.);
#2847=VECTOR('',#11549,10.);
#2848=VECTOR('',#11550,1.);
#2849=VECTOR('',#11551,1.);
#2850=VECTOR('',#11552,10.);
#2851=VECTOR('',#11553,10.);
#2852=VECTOR('',#11554,1.);
#2853=VECTOR('',#11555,1.);
#2854=VECTOR('',#11556,1.);
#2855=VECTOR('',#11557,1.);
#2856=VECTOR('',#11558,1.);
#2857=VECTOR('',#11559,1.);
#2858=VECTOR('',#11560,1.);
#2859=VECTOR('',#11561,1.);
#2860=VECTOR('',#11562,1.);
#2861=VECTOR('',#11563,1.);
#2862=VECTOR('',#11564,1.);
#2863=VECTOR('',#11567,10.);
#2864=VECTOR('',#11568,1.);
#2865=VECTOR('',#11569,1.);
#2866=VECTOR('',#11570,1.);
#2867=VECTOR('',#11571,1.);
#2868=VECTOR('',#11572,1.);
#2869=VECTOR('',#11573,1.);
#2870=VECTOR('',#11574,1.);
#2871=VECTOR('',#11575,1.);
#2872=VECTOR('',#11576,1.);
#2873=VECTOR('',#11577,1.);
#2874=VECTOR('',#11578,1.);
#2875=VECTOR('',#11579,10.);
#2876=VECTOR('',#11580,10.);
#2877=VECTOR('',#11581,1.);
#2878=VECTOR('',#11582,1.);
#2879=VECTOR('',#11583,10.);
#2880=VECTOR('',#11586,10.);
#2881=VECTOR('',#11587,10.);
#2882=VECTOR('',#11588,1.);
#2883=VECTOR('',#11589,1.);
#2884=VECTOR('',#11590,10.);
#2885=VECTOR('',#11591,10.);
#2886=VECTOR('',#11592,1.);
#2887=VECTOR('',#11593,1.);
#2888=VECTOR('',#11594,1.);
#2889=VECTOR('',#11595,1.);
#2890=VECTOR('',#11596,1.);
#2891=VECTOR('',#11597,1.);
#2892=VECTOR('',#11598,1.);
#2893=VECTOR('',#11599,1.);
#2894=VECTOR('',#11600,1.);
#2895=VECTOR('',#11601,1.);
#2896=VECTOR('',#11602,1.);
#2897=VECTOR('',#11605,10.);
#2898=VECTOR('',#11606,1.);
#2899=VECTOR('',#11607,1.);
#2900=VECTOR('',#11608,1.);
#2901=VECTOR('',#11609,1.);
#2902=VECTOR('',#11610,1.);
#2903=VECTOR('',#11611,1.);
#2904=VECTOR('',#11612,1.);
#2905=VECTOR('',#11613,1.);
#2906=VECTOR('',#11614,1.);
#2907=VECTOR('',#11615,1.);
#2908=VECTOR('',#11616,1.);
#2909=VECTOR('',#11617,10.);
#2910=VECTOR('',#11618,10.);
#2911=VECTOR('',#11619,1.);
#2912=VECTOR('',#11620,1.);
#2913=VECTOR('',#11621,10.);
#2914=VECTOR('',#11624,10.);
#2915=VECTOR('',#11625,10.);
#2916=VECTOR('',#11626,1.);
#2917=VECTOR('',#11627,1.);
#2918=VECTOR('',#11628,10.);
#2919=VECTOR('',#11629,10.);
#2920=VECTOR('',#11630,1.);
#2921=VECTOR('',#11631,1.);
#2922=VECTOR('',#11632,1.);
#2923=VECTOR('',#11633,1.);
#2924=VECTOR('',#11634,1.);
#2925=VECTOR('',#11635,1.);
#2926=VECTOR('',#11636,1.);
#2927=VECTOR('',#11637,1.);
#2928=VECTOR('',#11638,1.);
#2929=VECTOR('',#11639,1.);
#2930=VECTOR('',#11640,1.);
#2931=VECTOR('',#11643,1.);
#2932=VECTOR('',#11644,1.);
#2933=VECTOR('',#11645,10.);
#2934=VECTOR('',#11646,10.);
#2935=VECTOR('',#11647,1.);
#2936=VECTOR('',#11648,1.);
#2937=VECTOR('',#11649,1.);
#2938=VECTOR('',#11650,1.);
#2939=VECTOR('',#11651,1.);
#2940=VECTOR('',#11652,1.);
#2941=VECTOR('',#11653,1.);
#2942=VECTOR('',#11654,1.);
#2943=VECTOR('',#11655,1.);
#2944=VECTOR('',#11656,1.);
#2945=VECTOR('',#11657,1.);
#2946=VECTOR('',#11658,10.);
#2947=VECTOR('',#11661,10.);
#2948=VECTOR('',#11662,1.);
#2949=VECTOR('',#11663,1.);
#2950=VECTOR('',#11664,1.);
#2951=VECTOR('',#11665,1.);
#2952=VECTOR('',#11666,1.);
#2953=VECTOR('',#11667,1.);
#2954=VECTOR('',#11668,1.);
#2955=VECTOR('',#11669,1.);
#2956=VECTOR('',#11670,1.);
#2957=VECTOR('',#11671,1.);
#2958=VECTOR('',#11672,1.);
#2959=VECTOR('',#11673,10.);
#2960=VECTOR('',#11674,10.);
#2961=VECTOR('',#11675,1.);
#2962=VECTOR('',#11676,1.);
#2963=VECTOR('',#11679,10.);
#2964=VECTOR('',#11680,1.);
#2965=VECTOR('',#11681,1.);
#2966=VECTOR('',#11682,1.);
#2967=VECTOR('',#11683,1.);
#2968=VECTOR('',#11684,1.);
#2969=VECTOR('',#11685,1.);
#2970=VECTOR('',#11686,1.);
#2971=VECTOR('',#11687,1.);
#2972=VECTOR('',#11688,1.);
#2973=VECTOR('',#11689,1.);
#2974=VECTOR('',#11690,1.);
#2975=VECTOR('',#11691,10.);
#2976=VECTOR('',#11692,10.);
#2977=VECTOR('',#11693,1.);
#2978=VECTOR('',#11694,1.);
#2979=VECTOR('',#11695,10.);
#2980=VECTOR('',#11698,10.);
#2981=VECTOR('',#11699,10.);
#2982=VECTOR('',#11700,1.);
#2983=VECTOR('',#11701,1.);
#2984=VECTOR('',#11702,10.);
#2985=VECTOR('',#11703,10.);
#2986=VECTOR('',#11704,1.);
#2987=VECTOR('',#11705,1.);
#2988=VECTOR('',#11706,1.);
#2989=VECTOR('',#11707,1.);
#2990=VECTOR('',#11708,1.);
#2991=VECTOR('',#11709,1.);
#2992=VECTOR('',#11710,1.);
#2993=VECTOR('',#11711,1.);
#2994=VECTOR('',#11712,1.);
#2995=VECTOR('',#11713,1.);
#2996=VECTOR('',#11714,1.);
#2997=VECTOR('',#11717,1.);
#2998=VECTOR('',#11718,1.);
#2999=VECTOR('',#11719,1.);
#3000=VECTOR('',#11720,1.);
#3001=VECTOR('',#11721,1.);
#3002=VECTOR('',#11722,1.);
#3003=VECTOR('',#11723,1.);
#3004=VECTOR('',#11724,1.);
#3005=VECTOR('',#11725,1.);
#3006=VECTOR('',#11726,1.);
#3007=VECTOR('',#11727,1.);
#3008=VECTOR('',#11728,1.);
#3009=VECTOR('',#11729,1.);
#3010=VECTOR('',#11730,1.);
#3011=VECTOR('',#11731,1.);
#3012=VECTOR('',#11732,1.);
#3013=VECTOR('',#11733,1.);
#3014=VECTOR('',#11734,1.);
#3015=VECTOR('',#11735,1.);
#3016=VECTOR('',#11736,1.);
#3017=VECTOR('',#11737,1.);
#3018=VECTOR('',#11738,1.);
#3019=VECTOR('',#11739,1.);
#3020=VECTOR('',#11740,1.);
#3021=VECTOR('',#11741,1.);
#3022=VECTOR('',#11742,1.);
#3023=VECTOR('',#11743,1.);
#3024=VECTOR('',#11744,1.);
#3025=VECTOR('',#11745,1.);
#3026=VECTOR('',#11746,1.);
#3027=VECTOR('',#11747,1.);
#3028=VECTOR('',#11748,1.);
#3029=VECTOR('',#11749,1.);
#3030=VECTOR('',#11750,1.);
#3031=VECTOR('',#11751,1.);
#3032=VECTOR('',#11752,1.);
#3033=VECTOR('',#11753,1.);
#3034=VECTOR('',#11754,1.);
#3035=VECTOR('',#11755,1.);
#3036=VECTOR('',#11756,1.);
#3037=VECTOR('',#11757,1.);
#3038=VECTOR('',#11758,1.);
#3039=VECTOR('',#11759,1.);
#3040=VECTOR('',#11760,1.);
#3041=VECTOR('',#11761,1.);
#3042=VECTOR('',#11762,1.);
#3043=VECTOR('',#11763,1.);
#3044=VECTOR('',#11764,1.);
#3045=VECTOR('',#11765,1.);
#3046=VECTOR('',#11766,1.);
#3047=VECTOR('',#11767,1.);
#3048=VECTOR('',#11768,1.);
#3049=VECTOR('',#11769,1.);
#3050=VECTOR('',#11770,1.);
#3051=VECTOR('',#11771,1.);
#3052=VECTOR('',#11772,1.);
#3053=VECTOR('',#11773,1.);
#3054=VECTOR('',#11774,1.);
#3055=VECTOR('',#11775,1.);
#3056=VECTOR('',#11776,1.);
#3057=VECTOR('',#11777,1.);
#3058=VECTOR('',#11778,1.);
#3059=VECTOR('',#11779,1.);
#3060=VECTOR('',#11780,1.);
#3061=VECTOR('',#11781,1.);
#3062=VECTOR('',#11782,1.);
#3063=VECTOR('',#11783,1.);
#3064=VECTOR('',#11784,1.);
#3065=VECTOR('',#11785,1.);
#3066=VECTOR('',#11786,1.);
#3067=VECTOR('',#11787,1.);
#3068=VECTOR('',#11788,1.);
#3069=VECTOR('',#11789,1.);
#3070=VECTOR('',#11790,1.);
#3071=VECTOR('',#11791,1.);
#3072=VECTOR('',#11792,1.);
#3073=VECTOR('',#11793,1.);
#3074=VECTOR('',#11794,1.);
#3075=VECTOR('',#11795,1.);
#3076=VECTOR('',#11796,1.);
#3077=VECTOR('',#11797,1.);
#3078=VECTOR('',#11798,1.);
#3079=VECTOR('',#11799,1.);
#3080=VECTOR('',#11800,1.);
#3081=VECTOR('',#11801,10.);
#3082=VECTOR('',#11802,10.);
#3083=VECTOR('',#11803,10.);
#3084=VECTOR('',#11804,10.);
#3085=VECTOR('',#11805,10.);
#3086=VECTOR('',#11806,10.);
#3087=VECTOR('',#11807,10.);
#3088=VECTOR('',#11808,10.);
#3089=VECTOR('',#11811,10.);
#3090=VECTOR('',#11812,1.);
#3091=VECTOR('',#11813,1.);
#3092=VECTOR('',#11814,1.);
#3093=VECTOR('',#11815,1.);
#3094=VECTOR('',#11816,1.);
#3095=VECTOR('',#11817,1.);
#3096=VECTOR('',#11818,1.);
#3097=VECTOR('',#11819,1.);
#3098=VECTOR('',#11820,1.);
#3099=VECTOR('',#11821,1.);
#3100=VECTOR('',#11822,1.);
#3101=VECTOR('',#11823,10.);
#3102=VECTOR('',#11824,10.);
#3103=VECTOR('',#11825,1.);
#3104=VECTOR('',#11826,1.);
#3105=VECTOR('',#11827,10.);
#3106=VECTOR('',#11830,10.);
#3107=VECTOR('',#11831,10.);
#3108=VECTOR('',#11832,1.);
#3109=VECTOR('',#11833,1.);
#3110=VECTOR('',#11834,10.);
#3111=VECTOR('',#11835,10.);
#3112=VECTOR('',#11836,1.);
#3113=VECTOR('',#11837,1.);
#3114=VECTOR('',#11838,1.);
#3115=VECTOR('',#11839,1.);
#3116=VECTOR('',#11840,1.);
#3117=VECTOR('',#11841,1.);
#3118=VECTOR('',#11842,1.);
#3119=VECTOR('',#11843,1.);
#3120=VECTOR('',#11844,1.);
#3121=VECTOR('',#11845,1.);
#3122=VECTOR('',#11846,1.);
#3123=VECTOR('',#11849,10.);
#3124=VECTOR('',#11850,1.);
#3125=VECTOR('',#11853,1.);
#3126=VECTOR('',#11856,10.);
#3127=VECTOR('',#11859,10.);
#3128=VECTOR('',#11862,10.);
#3129=VECTOR('',#11863,10.);
#3130=VECTOR('',#11864,10.);
#3131=VECTOR('',#11867,10.);
#3132=VECTOR('',#11868,10.);
#3133=VECTOR('',#11871,10.);
#3134=VECTOR('',#11874,10.);
#3135=VECTOR('',#11875,10.);
#3136=VECTOR('',#11878,10.);
#3137=VECTOR('',#11879,10.);
#3138=VECTOR('',#11880,10.);
#3139=VECTOR('',#11883,10.);
#3140=VECTOR('',#11886,10.);
#3141=VECTOR('',#11887,10.);
#3142=VECTOR('',#11890,10.);
#3143=VECTOR('',#11893,10.);
#3144=VECTOR('',#11894,10.);
#3145=VECTOR('',#11897,10.);
#3146=VECTOR('',#11898,10.);
#3147=VECTOR('',#11899,10.);
#3148=VECTOR('',#11902,10.);
#3149=VECTOR('',#11905,10.);
#3150=VECTOR('',#11906,10.);
#3151=VECTOR('',#11907,10.);
#3152=VECTOR('',#11910,10.);
#3153=VECTOR('',#11911,10.);
#3154=VECTOR('',#11914,10.);
#3155=VECTOR('',#11917,10.);
#3156=VECTOR('',#11918,10.);
#3157=VECTOR('',#11921,10.);
#3158=VECTOR('',#11924,1.);
#3159=VECTOR('',#11927,1.);
#3160=VECTOR('',#11930,1.);
#3161=VECTOR('',#11935,1.);
#3162=VECTOR('',#11938,1.);
#3163=VECTOR('',#11941,1.);
#3164=VECTOR('',#11944,1.);
#3165=VECTOR('',#11947,10.);
#3166=VECTOR('',#11948,10.);
#3167=VECTOR('',#11949,10.);
#3168=VECTOR('',#11952,10.);
#3169=VECTOR('',#11953,10.);
#3170=VECTOR('',#11956,10.);
#3171=VECTOR('',#11959,10.);
#3172=VECTOR('',#11960,10.);
#3173=VECTOR('',#11963,10.);
#3174=VECTOR('',#11964,10.);
#3175=VECTOR('',#11965,10.);
#3176=VECTOR('',#11968,10.);
#3177=VECTOR('',#11971,1.);
#3178=VECTOR('',#11974,1.);
#3179=VECTOR('',#11977,1.);
#3180=VECTOR('',#11980,1.);
#3181=VECTOR('',#11981,1.);
#3182=VECTOR('',#11982,1.);
#3183=VECTOR('',#11985,1.);
#3184=VECTOR('',#11986,1.);
#3185=VECTOR('',#11987,1.);
#3186=VECTOR('',#11988,1.);
#3187=VECTOR('',#11989,1.);
#3188=VECTOR('',#11990,1.);
#3189=VECTOR('',#11991,1.);
#3190=VECTOR('',#11992,1.);
#3191=VECTOR('',#11993,1.);
#3192=VECTOR('',#11994,1.);
#3193=VECTOR('',#11995,1.);
#3194=VECTOR('',#11996,1.);
#3195=VECTOR('',#11997,1.);
#3196=VECTOR('',#11998,1.);
#3197=VECTOR('',#11999,1.);
#3198=VECTOR('',#12000,1.);
#3199=VECTOR('',#12001,1.);
#3200=VECTOR('',#12002,1.);
#3201=VECTOR('',#12003,1.);
#3202=VECTOR('',#12006,1.);
#3203=VECTOR('',#12009,1.);
#3204=VECTOR('',#12012,1.);
#3205=VECTOR('',#12015,1.);
#3206=VECTOR('',#12018,1.);
#3207=VECTOR('',#12019,1.);
#3208=VECTOR('',#12022,1.);
#3209=VECTOR('',#12025,1.);
#3210=VECTOR('',#12026,1.);
#3211=VECTOR('',#12029,1.);
#3212=VECTOR('',#12032,1.);
#3213=VECTOR('',#12035,1.);
#3214=VECTOR('',#12036,1.);
#3215=VECTOR('',#12039,1.);
#3216=VECTOR('',#12042,1.);
#3217=VECTOR('',#12043,1.);
#3218=VECTOR('',#12046,1.);
#3219=VECTOR('',#12047,1.);
#3220=VECTOR('',#12048,1.);
#3221=VECTOR('',#12051,1.);
#3222=VECTOR('',#12052,1.);
#3223=VECTOR('',#12053,1.);
#3224=VECTOR('',#12060,1.);
#3225=VECTOR('',#12061,1.);
#3226=VECTOR('',#12066,1.);
#3227=VECTOR('',#12067,1.);
#3228=VECTOR('',#12068,1.);
#3229=VECTOR('',#12069,1.);
#3230=VECTOR('',#12070,1.);
#3231=VECTOR('',#12071,1.);
#3232=VECTOR('',#12072,1.);
#3233=VECTOR('',#12073,1.);
#3234=VECTOR('',#12074,1.);
#3235=VECTOR('',#12075,1.);
#3236=VECTOR('',#12076,1.);
#3237=VECTOR('',#12077,1.);
#3238=VECTOR('',#12078,1.);
#3239=VECTOR('',#12079,1.);
#3240=VECTOR('',#12080,1.);
#3241=VECTOR('',#12081,1.);
#3242=VECTOR('',#12082,1.);
#3243=VECTOR('',#12083,1.);
#3244=VECTOR('',#12084,1.);
#3245=VECTOR('',#12085,1.);
#3246=VECTOR('',#12086,1.);
#3247=VECTOR('',#12087,1.);
#3248=VECTOR('',#12088,1.);
#3249=VECTOR('',#12089,1.);
#3250=VECTOR('',#12090,1.);
#3251=VECTOR('',#12093,1.);
#3252=VECTOR('',#12094,1.);
#3253=VECTOR('',#12097,1.);
#3254=VECTOR('',#12098,1.);
#3255=VECTOR('',#12101,1.);
#3256=VECTOR('',#12104,1.);
#3257=VECTOR('',#12105,1.);
#3258=VECTOR('',#12110,1.);
#3259=VECTOR('',#12111,1.);
#3260=VECTOR('',#12116,1.);
#3261=VECTOR('',#12119,1.);
#3262=VECTOR('',#12122,1.);
#3263=VECTOR('',#12125,1.);
#3264=VECTOR('',#12128,1.);
#3265=VECTOR('',#12131,1.);
#3266=VECTOR('',#12134,1.);
#3267=VECTOR('',#12137,1.);
#3268=VECTOR('',#12140,1.);
#3269=VECTOR('',#12141,1.);
#3270=VECTOR('',#12146,1.);
#3271=VECTOR('',#12147,1.);
#3272=VECTOR('',#12152,1.);
#3273=VECTOR('',#12153,1.);
#3274=VECTOR('',#12158,1.);
#3275=VECTOR('',#12159,1.);
#3276=VECTOR('',#12164,1.);
#3277=VECTOR('',#12165,1.);
#3278=VECTOR('',#12170,1.);
#3279=VECTOR('',#12171,1.);
#3280=VECTOR('',#12176,1.);
#3281=VECTOR('',#12177,1.);
#3282=VECTOR('',#12182,1.);
#3283=VECTOR('',#12183,1.);
#3284=VECTOR('',#12188,1.);
#3285=VECTOR('',#12189,1.);
#3286=VECTOR('',#12194,1.);
#3287=VECTOR('',#12195,1.);
#3288=VECTOR('',#12198,1.);
#3289=VECTOR('',#12201,1.);
#3290=VECTOR('',#12202,1.);
#3291=VECTOR('',#12205,1.);
#3292=VECTOR('',#12206,1.);
#3293=VECTOR('',#12213,1.);
#3294=VECTOR('',#12214,1.);
#3295=VECTOR('',#12219,1.);
#3296=VECTOR('',#12220,1.);
#3297=VECTOR('',#12225,1.);
#3298=VECTOR('',#12226,1.);
#3299=VECTOR('',#12231,1.);
#3300=VECTOR('',#12240,1.);
#3301=VECTOR('',#12241,1.);
#3302=VECTOR('',#12242,1.);
#3303=VECTOR('',#12245,1.);
#3304=VECTOR('',#12246,1.);
#3305=VECTOR('',#12247,1.);
#3306=VECTOR('',#12248,1.);
#3307=VECTOR('',#12249,1.);
#3308=VECTOR('',#12250,1.);
#3309=VECTOR('',#12251,1.);
#3310=VECTOR('',#12252,1.);
#3311=VECTOR('',#12253,1.);
#3312=VECTOR('',#12254,1.);
#3313=VECTOR('',#12255,1.);
#3314=VECTOR('',#12256,1.);
#3315=VECTOR('',#12257,1.);
#3316=VECTOR('',#12258,1.);
#3317=VECTOR('',#12259,1.);
#3318=VECTOR('',#12260,1.);
#3319=VECTOR('',#12261,1.);
#3320=VECTOR('',#12262,1.);
#3321=VECTOR('',#12263,1.);
#3322=VECTOR('',#12266,1.);
#3323=VECTOR('',#12269,1.);
#3324=VECTOR('',#12272,1.);
#3325=VECTOR('',#12275,1.);
#3326=VECTOR('',#12278,1.);
#3327=VECTOR('',#12279,1.);
#3328=VECTOR('',#12282,1.);
#3329=VECTOR('',#12285,1.);
#3330=VECTOR('',#12286,1.);
#3331=VECTOR('',#12289,1.);
#3332=VECTOR('',#12292,1.);
#3333=VECTOR('',#12295,1.);
#3334=VECTOR('',#12296,1.);
#3335=VECTOR('',#12299,1.);
#3336=VECTOR('',#12302,1.);
#3337=VECTOR('',#12303,1.);
#3338=VECTOR('',#12306,1.);
#3339=VECTOR('',#12307,1.);
#3340=VECTOR('',#12308,1.);
#3341=VECTOR('',#12311,1.);
#3342=VECTOR('',#12312,1.);
#3343=VECTOR('',#12313,1.);
#3344=VECTOR('',#12320,1.);
#3345=VECTOR('',#12321,1.);
#3346=VECTOR('',#12326,1.);
#3347=VECTOR('',#12327,1.);
#3348=VECTOR('',#12328,1.);
#3349=VECTOR('',#12329,1.);
#3350=VECTOR('',#12330,1.);
#3351=VECTOR('',#12331,1.);
#3352=VECTOR('',#12332,1.);
#3353=VECTOR('',#12333,1.);
#3354=VECTOR('',#12334,1.);
#3355=VECTOR('',#12335,1.);
#3356=VECTOR('',#12336,1.);
#3357=VECTOR('',#12337,1.);
#3358=VECTOR('',#12338,1.);
#3359=VECTOR('',#12339,1.);
#3360=VECTOR('',#12340,1.);
#3361=VECTOR('',#12341,1.);
#3362=VECTOR('',#12342,1.);
#3363=VECTOR('',#12343,1.);
#3364=VECTOR('',#12344,1.);
#3365=VECTOR('',#12345,1.);
#3366=VECTOR('',#12346,1.);
#3367=VECTOR('',#12347,1.);
#3368=VECTOR('',#12348,1.);
#3369=VECTOR('',#12349,1.);
#3370=VECTOR('',#12350,1.);
#3371=VECTOR('',#12353,1.);
#3372=VECTOR('',#12354,1.);
#3373=VECTOR('',#12357,1.);
#3374=VECTOR('',#12358,1.);
#3375=VECTOR('',#12361,1.);
#3376=VECTOR('',#12364,1.);
#3377=VECTOR('',#12365,1.);
#3378=VECTOR('',#12370,1.);
#3379=VECTOR('',#12371,1.);
#3380=VECTOR('',#12376,1.);
#3381=VECTOR('',#12379,1.);
#3382=VECTOR('',#12382,1.);
#3383=VECTOR('',#12385,1.);
#3384=VECTOR('',#12388,1.);
#3385=VECTOR('',#12391,1.);
#3386=VECTOR('',#12394,1.);
#3387=VECTOR('',#12397,1.);
#3388=VECTOR('',#12400,1.);
#3389=VECTOR('',#12401,1.);
#3390=VECTOR('',#12406,1.);
#3391=VECTOR('',#12407,1.);
#3392=VECTOR('',#12412,1.);
#3393=VECTOR('',#12413,1.);
#3394=VECTOR('',#12418,1.);
#3395=VECTOR('',#12419,1.);
#3396=VECTOR('',#12424,1.);
#3397=VECTOR('',#12425,1.);
#3398=VECTOR('',#12430,1.);
#3399=VECTOR('',#12431,1.);
#3400=VECTOR('',#12436,1.);
#3401=VECTOR('',#12437,1.);
#3402=VECTOR('',#12442,1.);
#3403=VECTOR('',#12443,1.);
#3404=VECTOR('',#12448,1.);
#3405=VECTOR('',#12449,1.);
#3406=VECTOR('',#12454,1.);
#3407=VECTOR('',#12455,1.);
#3408=VECTOR('',#12458,1.);
#3409=VECTOR('',#12461,1.);
#3410=VECTOR('',#12462,1.);
#3411=VECTOR('',#12465,1.);
#3412=VECTOR('',#12466,1.);
#3413=VECTOR('',#12473,1.);
#3414=VECTOR('',#12474,1.);
#3415=VECTOR('',#12479,1.);
#3416=VECTOR('',#12480,1.);
#3417=VECTOR('',#12485,1.);
#3418=VECTOR('',#12486,1.);
#3419=VECTOR('',#12491,1.);
#3420=VECTOR('',#12500,1.);
#3421=VECTOR('',#12501,1.);
#3422=VECTOR('',#12502,1.);
#3423=VECTOR('',#12503,1.);
#3424=VECTOR('',#12504,1.);
#3425=VECTOR('',#12505,1.);
#3426=VECTOR('',#12506,1.);
#3427=VECTOR('',#12507,1.);
#3428=VECTOR('',#12510,1.);
#3429=VECTOR('',#12511,1.);
#3430=VECTOR('',#12512,1.);
#3431=VECTOR('',#12513,1.);
#3432=VECTOR('',#12514,1.);
#3433=VECTOR('',#12515,1.);
#3434=VECTOR('',#12516,1.);
#3435=VECTOR('',#12517,1.);
#3436=VECTOR('',#12518,1.);
#3437=VECTOR('',#12519,1.);
#3438=VECTOR('',#12520,1.);
#3439=VECTOR('',#12521,1.);
#3440=VECTOR('',#12522,1.);
#3441=VECTOR('',#12525,1.);
#3442=VECTOR('',#12526,1.);
#3443=VECTOR('',#12527,1.);
#3444=VECTOR('',#12528,1.);
#3445=VECTOR('',#12529,1.);
#3446=VECTOR('',#12530,1.);
#3447=VECTOR('',#12531,1.);
#3448=VECTOR('',#12532,1.);
#3449=VECTOR('',#12533,1.);
#3450=VECTOR('',#12534,1.);
#3451=VECTOR('',#12535,1.);
#3452=VECTOR('',#12536,1.);
#3453=VECTOR('',#12537,1.);
#3454=VECTOR('',#12540,1.);
#3455=VECTOR('',#12541,1.);
#3456=VECTOR('',#12542,1.);
#3457=VECTOR('',#12543,1.);
#3458=VECTOR('',#12544,1.);
#3459=VECTOR('',#12545,1.);
#3460=VECTOR('',#12546,1.);
#3461=VECTOR('',#12547,1.);
#3462=VECTOR('',#12548,1.);
#3463=VECTOR('',#12549,1.);
#3464=VECTOR('',#12550,1.);
#3465=VECTOR('',#12551,1.);
#3466=VECTOR('',#12552,1.);
#3467=VECTOR('',#12555,1.);
#3468=VECTOR('',#12556,1.);
#3469=VECTOR('',#12557,1.);
#3470=VECTOR('',#12558,1.);
#3471=VECTOR('',#12559,1.);
#3472=VECTOR('',#12560,1.);
#3473=VECTOR('',#12561,1.);
#3474=VECTOR('',#12562,1.);
#3475=VECTOR('',#12565,1.);
#3476=VECTOR('',#12566,1.);
#3477=VECTOR('',#12567,1.);
#3478=VECTOR('',#12570,1.);
#3479=VECTOR('',#12571,1.);
#3480=VECTOR('',#12572,1.);
#3481=VECTOR('',#12573,1.);
#3482=VECTOR('',#12574,1.);
#3483=VECTOR('',#12577,1.);
#3484=VECTOR('',#12578,1.);
#3485=VECTOR('',#12579,1.);
#3486=VECTOR('',#12580,1.);
#3487=VECTOR('',#12581,1.);
#3488=VECTOR('',#12582,1.);
#3489=VECTOR('',#12583,1.);
#3490=VECTOR('',#12584,1.);
#3491=VECTOR('',#12585,1.);
#3492=VECTOR('',#12586,1.);
#3493=VECTOR('',#12587,1.);
#3494=VECTOR('',#12588,1.);
#3495=VECTOR('',#12589,1.);
#3496=VECTOR('',#12590,1.);
#3497=VECTOR('',#12591,1.);
#3498=VECTOR('',#12592,1.);
#3499=VECTOR('',#12595,1.);
#3500=VECTOR('',#12596,1.);
#3501=VECTOR('',#12597,1.);
#3502=VECTOR('',#12600,1.);
#3503=VECTOR('',#12603,1.);
#3504=VECTOR('',#12606,1.);
#3505=VECTOR('',#12607,1.);
#3506=VECTOR('',#12608,1.);
#3507=VECTOR('',#12613,1.);
#3508=VECTOR('',#12614,1.);
#3509=VECTOR('',#12617,1.);
#3510=VECTOR('',#12618,1.);
#3511=VECTOR('',#12619,1.);
#3512=VECTOR('',#12624,1.);
#3513=VECTOR('',#12625,1.);
#3514=VECTOR('',#12628,1.);
#3515=VECTOR('',#12631,1.);
#3516=VECTOR('',#12634,1.);
#3517=VECTOR('',#12635,1.);
#3518=VECTOR('',#12638,1.);
#3519=VECTOR('',#12641,1.);
#3520=VECTOR('',#12642,1.);
#3521=VECTOR('',#12645,1.);
#3522=VECTOR('',#12648,1.);
#3523=VECTOR('',#12649,1.);
#3524=VECTOR('',#12650,1.);
#3525=VECTOR('',#12651,1.);
#3526=VECTOR('',#12652,1.);
#3527=VECTOR('',#12653,1.);
#3528=VECTOR('',#12654,1.);
#3529=VECTOR('',#12655,1.);
#3530=VECTOR('',#12656,1.);
#3531=VECTOR('',#12657,1.);
#3532=VECTOR('',#12658,1.);
#3533=VECTOR('',#12659,1.);
#3534=VECTOR('',#12660,1.);
#3535=VECTOR('',#12661,1.);
#3536=VECTOR('',#12662,1.);
#3537=VECTOR('',#12663,1.);
#3538=VECTOR('',#12664,1.);
#3539=VECTOR('',#12667,1.);
#3540=VECTOR('',#12668,1.);
#3541=VECTOR('',#12669,1.);
#3542=VECTOR('',#12670,1.);
#3543=VECTOR('',#12671,1.);
#3544=VECTOR('',#12674,1.);
#3545=VECTOR('',#12675,1.);
#3546=VECTOR('',#12676,1.);
#3547=VECTOR('',#12677,1.);
#3548=VECTOR('',#12678,1.);
#3549=VECTOR('',#12681,1.);
#3550=VECTOR('',#12682,1.);
#3551=VECTOR('',#12685,1.);
#3552=VECTOR('',#12686,1.);
#3553=VECTOR('',#12687,1.);
#3554=VECTOR('',#12688,1.);
#3555=VECTOR('',#12689,1.);
#3556=VECTOR('',#12690,1.);
#3557=VECTOR('',#12691,1.);
#3558=VECTOR('',#12692,1.);
#3559=VECTOR('',#12693,1.);
#3560=VECTOR('',#12694,1.);
#3561=VECTOR('',#12695,1.);
#3562=VECTOR('',#12696,1.);
#3563=VECTOR('',#12697,1.);
#3564=VECTOR('',#12698,1.);
#3565=VECTOR('',#12699,1.);
#3566=VECTOR('',#12700,1.);
#3567=VECTOR('',#12701,1.);
#3568=VECTOR('',#12702,1.);
#3569=VECTOR('',#12703,1.);
#3570=VECTOR('',#12704,1.);
#3571=VECTOR('',#12705,1.);
#3572=VECTOR('',#12706,1.);
#3573=VECTOR('',#12707,1.);
#3574=VECTOR('',#12708,1.);
#3575=VECTOR('',#12709,1.);
#3576=VECTOR('',#12710,1.);
#3577=VECTOR('',#12711,1.);
#3578=VECTOR('',#12712,1.);
#3579=VECTOR('',#12713,1.);
#3580=VECTOR('',#12714,1.);
#3581=VECTOR('',#12715,1.);
#3582=VECTOR('',#12716,1.);
#3583=VECTOR('',#12717,1.);
#3584=VECTOR('',#12720,1.);
#3585=VECTOR('',#12721,1.);
#3586=VECTOR('',#12722,1.);
#3587=VECTOR('',#12725,1.);
#3588=VECTOR('',#12728,1.);
#3589=VECTOR('',#12731,1.);
#3590=VECTOR('',#12732,1.);
#3591=VECTOR('',#12735,1.);
#3592=VECTOR('',#12736,1.);
#3593=VECTOR('',#12737,1.);
#3594=VECTOR('',#12738,1.);
#3595=VECTOR('',#12739,1.);
#3596=VECTOR('',#12740,1.);
#3597=VECTOR('',#12741,1.);
#3598=VECTOR('',#12742,1.);
#3599=VECTOR('',#12745,1.);
#3600=VECTOR('',#12746,1.);
#3601=VECTOR('',#12749,1.);
#3602=VECTOR('',#12752,1.);
#3603=VECTOR('',#12755,1.);
#3604=VECTOR('',#12756,1.);
#3605=VECTOR('',#12759,1.);
#3606=VECTOR('',#12762,1.);
#3607=VECTOR('',#12765,1.);
#3608=VECTOR('',#12766,1.);
#3609=VECTOR('',#12769,1.);
#3610=VECTOR('',#12770,1.);
#3611=VECTOR('',#12771,1.);
#3612=VECTOR('',#12772,1.);
#3613=VECTOR('',#12775,1.);
#3614=VECTOR('',#12776,1.);
#3615=VECTOR('',#12779,1.);
#3616=VECTOR('',#12782,1.);
#3617=VECTOR('',#12785,1.);
#3618=VECTOR('',#12786,1.);
#3619=VECTOR('',#12789,1.);
#3620=VECTOR('',#12792,1.);
#3621=VECTOR('',#12793,1.);
#3622=VECTOR('',#12794,1.);
#3623=VECTOR('',#12795,1.);
#3624=VECTOR('',#12798,1.);
#3625=VECTOR('',#12799,1.);
#3626=VECTOR('',#12800,1.);
#3627=VECTOR('',#12803,1.);
#3628=VECTOR('',#12804,1.);
#3629=VECTOR('',#12805,1.);
#3630=VECTOR('',#12806,1.);
#3631=VECTOR('',#12807,1.);
#3632=VECTOR('',#12808,1.);
#3633=VECTOR('',#12809,1.);
#3634=VECTOR('',#12812,1.);
#3635=VECTOR('',#12813,1.);
#3636=VECTOR('',#12814,1.);
#3637=VECTOR('',#12815,1.);
#3638=VECTOR('',#12818,1.);
#3639=VECTOR('',#12819,1.);
#3640=VECTOR('',#12822,1.);
#3641=VECTOR('',#12823,1.);
#3642=VECTOR('',#12824,1.);
#3643=VECTOR('',#12825,1.);
#3644=VECTOR('',#12826,1.);
#3645=VECTOR('',#12827,1.);
#3646=VECTOR('',#12828,1.);
#3647=VECTOR('',#12831,1.);
#3648=VECTOR('',#12832,1.);
#3649=VECTOR('',#12833,1.);
#3650=VECTOR('',#12834,1.);
#3651=VECTOR('',#12837,1.);
#3652=VECTOR('',#12838,1.);
#3653=VECTOR('',#12841,1.);
#3654=VECTOR('',#12842,1.);
#3655=VECTOR('',#12843,1.);
#3656=VECTOR('',#12844,1.);
#3657=VECTOR('',#12845,1.);
#3658=VECTOR('',#12846,1.);
#3659=VECTOR('',#12847,1.);
#3660=VECTOR('',#12850,1.);
#3661=VECTOR('',#12851,1.);
#3662=VECTOR('',#12852,1.);
#3663=VECTOR('',#12853,1.);
#3664=VECTOR('',#12856,1.);
#3665=VECTOR('',#12857,1.);
#3666=VECTOR('',#12860,1.);
#3667=VECTOR('',#12861,1.);
#3668=VECTOR('',#12862,1.);
#3669=VECTOR('',#12863,1.);
#3670=VECTOR('',#12864,1.);
#3671=VECTOR('',#12865,1.);
#3672=VECTOR('',#12866,1.);
#3673=VECTOR('',#12869,1.);
#3674=VECTOR('',#12870,1.);
#3675=VECTOR('',#12873,1.);
#3676=VECTOR('',#12874,1.);
#3677=VECTOR('',#12875,1.);
#3678=VECTOR('',#12878,1.);
#3679=VECTOR('',#12879,1.);
#3680=VECTOR('',#12880,1.);
#3681=VECTOR('',#12881,1.);
#3682=VECTOR('',#12884,1.);
#3683=VECTOR('',#12885,1.);
#3684=VECTOR('',#12886,1.);
#3685=VECTOR('',#12889,1.);
#3686=VECTOR('',#12890,1.);
#3687=VECTOR('',#12891,1.);
#3688=VECTOR('',#12892,1.);
#3689=VECTOR('',#12893,1.);
#3690=VECTOR('',#12894,1.);
#3691=VECTOR('',#12895,1.);
#3692=VECTOR('',#12898,1.);
#3693=VECTOR('',#12899,1.);
#3694=VECTOR('',#12900,1.);
#3695=VECTOR('',#12901,1.);
#3696=VECTOR('',#12904,1.);
#3697=VECTOR('',#12905,1.);
#3698=VECTOR('',#12908,1.);
#3699=VECTOR('',#12909,1.);
#3700=VECTOR('',#12910,1.);
#3701=VECTOR('',#12911,1.);
#3702=VECTOR('',#12912,1.);
#3703=VECTOR('',#12913,1.);
#3704=VECTOR('',#12914,1.);
#3705=VECTOR('',#12917,1.);
#3706=VECTOR('',#12918,1.);
#3707=VECTOR('',#12919,1.);
#3708=VECTOR('',#12920,1.);
#3709=VECTOR('',#12923,1.);
#3710=VECTOR('',#12924,1.);
#3711=VECTOR('',#12927,1.);
#3712=VECTOR('',#12928,1.);
#3713=VECTOR('',#12929,1.);
#3714=VECTOR('',#12930,1.);
#3715=VECTOR('',#12931,1.);
#3716=VECTOR('',#12932,1.);
#3717=VECTOR('',#12933,1.);
#3718=VECTOR('',#12936,1.);
#3719=VECTOR('',#12937,1.);
#3720=VECTOR('',#12938,1.);
#3721=VECTOR('',#12939,1.);
#3722=VECTOR('',#12942,1.);
#3723=VECTOR('',#12943,1.);
#3724=VECTOR('',#12946,1.);
#3725=VECTOR('',#12947,1.);
#3726=VECTOR('',#12948,1.);
#3727=VECTOR('',#12949,1.);
#3728=VECTOR('',#12950,1.);
#3729=VECTOR('',#12951,1.);
#3730=VECTOR('',#12952,1.);
#3731=VECTOR('',#12955,1.);
#3732=VECTOR('',#12956,1.);
#3733=VECTOR('',#12957,1.);
#3734=VECTOR('',#12958,1.);
#3735=VECTOR('',#12961,1.);
#3736=VECTOR('',#12962,1.);
#3737=VECTOR('',#12963,1.);
#3738=VECTOR('',#12964,1.);
#3739=VECTOR('',#12967,1.);
#3740=VECTOR('',#12970,1.);
#3741=VECTOR('',#12971,1.);
#3742=VECTOR('',#12972,1.);
#3743=VECTOR('',#12975,1.);
#3744=VECTOR('',#12976,1.);
#3745=VECTOR('',#12977,1.);
#3746=VECTOR('',#12980,1.);
#3747=VECTOR('',#12981,1.);
#3748=VECTOR('',#12982,1.);
#3749=VECTOR('',#12985,1.);
#3750=VECTOR('',#12986,1.);
#3751=VECTOR('',#12987,1.);
#3752=VECTOR('',#12990,1.);
#3753=VECTOR('',#12991,1.);
#3754=VECTOR('',#12992,1.);
#3755=VECTOR('',#12995,1.);
#3756=VECTOR('',#12996,1.);
#3757=VECTOR('',#12997,1.);
#3758=VECTOR('',#12998,1.);
#3759=VECTOR('',#13001,1.);
#3760=VECTOR('',#13002,1.);
#3761=VECTOR('',#13003,1.);
#3762=VECTOR('',#13006,1.);
#3763=VECTOR('',#13007,1.);
#3764=VECTOR('',#13008,1.);
#3765=VECTOR('',#13011,1.);
#3766=VECTOR('',#13012,1.);
#3767=VECTOR('',#13013,1.);
#3768=VECTOR('',#13016,1.);
#3769=VECTOR('',#13017,1.);
#3770=VECTOR('',#13018,1.);
#3771=VECTOR('',#13021,1.);
#3772=VECTOR('',#13022,1.);
#3773=VECTOR('',#13023,1.);
#3774=VECTOR('',#13026,1.);
#3775=VECTOR('',#13027,1.);
#3776=VECTOR('',#13030,1.);
#3777=VECTOR('',#13033,1.);
#3778=VECTOR('',#13034,1.);
#3779=VECTOR('',#13037,1.);
#3780=VECTOR('',#13040,1.);
#3781=VECTOR('',#13041,1.);
#3782=VECTOR('',#13044,1.);
#3783=VECTOR('',#13047,1.);
#3784=VECTOR('',#13048,1.);
#3785=VECTOR('',#13049,1.);
#3786=VECTOR('',#13054,1.);
#3787=VECTOR('',#13055,1.);
#3788=VECTOR('',#13056,1.);
#3789=VECTOR('',#13059,1.);
#3790=VECTOR('',#13062,1.);
#3791=VECTOR('',#13065,1.);
#3792=VECTOR('',#13066,1.);
#3793=VECTOR('',#13067,1.);
#3794=VECTOR('',#13068,1.);
#3795=VECTOR('',#13069,1.);
#3796=VECTOR('',#13070,1.);
#3797=VECTOR('',#13071,1.);
#3798=VECTOR('',#13072,1.);
#3799=VECTOR('',#13073,1.);
#3800=VECTOR('',#13074,1.);
#3801=VECTOR('',#13075,1.);
#3802=VECTOR('',#13076,1.);
#3803=VECTOR('',#13077,1.);
#3804=VECTOR('',#13078,1.);
#3805=VECTOR('',#13079,1.);
#3806=VECTOR('',#13080,1.);
#3807=VECTOR('',#13081,1.);
#3808=VECTOR('',#13082,1.);
#3809=VECTOR('',#13083,1.);
#3810=VECTOR('',#13084,1.);
#3811=VECTOR('',#13085,1.);
#3812=VECTOR('',#13086,1.);
#3813=VECTOR('',#13087,1.);
#3814=VECTOR('',#13088,1.);
#3815=VECTOR('',#13089,1.);
#3816=VECTOR('',#13090,1.);
#3817=VECTOR('',#13091,1.);
#3818=VECTOR('',#13092,1.);
#3819=VECTOR('',#13093,1.);
#3820=VECTOR('',#13094,1.);
#3821=VECTOR('',#13095,1.);
#3822=VECTOR('',#13098,1.);
#3823=VECTOR('',#13099,1.);
#3824=VECTOR('',#13100,1.);
#3825=VECTOR('',#13103,1.);
#3826=VECTOR('',#13106,1.);
#3827=VECTOR('',#13109,1.);
#3828=VECTOR('',#13110,1.);
#3829=VECTOR('',#13115,1.);
#3830=VECTOR('',#13118,1.);
#3831=VECTOR('',#13119,1.);
#3832=VECTOR('',#13122,1.);
#3833=VECTOR('',#13123,1.);
#3834=VECTOR('',#13128,1.);
#3835=VECTOR('',#13129,1.);
#3836=VECTOR('',#13134,1.);
#3837=VECTOR('',#13135,1.);
#3838=VECTOR('',#13140,1.);
#3839=VECTOR('',#13141,1.);
#3840=VECTOR('',#13146,1.);
#3841=VECTOR('',#13147,1.);
#3842=VECTOR('',#13152,1.);
#3843=VECTOR('',#13153,1.);
#3844=VECTOR('',#13156,1.);
#3845=VECTOR('',#13161,1.);
#3846=VECTOR('',#13162,1.);
#3847=VECTOR('',#13167,1.);
#3848=VECTOR('',#13168,1.);
#3849=VECTOR('',#13173,1.);
#3850=VECTOR('',#13174,1.);
#3851=VECTOR('',#13179,1.);
#3852=VECTOR('',#13180,1.);
#3853=VECTOR('',#13187,1.);
#3854=VECTOR('',#13190,1.);
#3855=VECTOR('',#13191,1.);
#3856=VECTOR('',#13192,1.);
#3857=VECTOR('',#13193,1.);
#3858=VECTOR('',#13196,1.);
#3859=VECTOR('',#13197,1.);
#3860=VECTOR('',#13198,1.);
#3861=VECTOR('',#13199,1.);
#3862=VECTOR('',#13202,1.);
#3863=VECTOR('',#13205,1.);
#3864=VECTOR('',#13206,1.);
#3865=VECTOR('',#13209,1.);
#3866=VECTOR('',#13212,1.);
#3867=VECTOR('',#13213,1.);
#3868=VECTOR('',#13216,1.);
#3869=VECTOR('',#13217,1.);
#3870=VECTOR('',#13220,1.);
#3871=VECTOR('',#13221,1.);
#3872=VECTOR('',#13224,1.);
#3873=VECTOR('',#13229,1.);
#3874=VECTOR('',#13232,1.);
#3875=VECTOR('',#13235,1.);
#3876=VECTOR('',#13240,1.);
#3877=VECTOR('',#13243,1.);
#3878=VECTOR('',#13246,1.);
#3879=VECTOR('',#13249,1.);
#3880=VECTOR('',#13252,1.);
#3881=VECTOR('',#13253,1.);
#3882=VECTOR('',#13254,1.);
#3883=VECTOR('',#13257,1.);
#3884=VECTOR('',#13258,1.);
#3885=VECTOR('',#13261,1.);
#3886=VECTOR('',#13262,1.);
#3887=VECTOR('',#13265,1.);
#3888=VECTOR('',#13266,1.);
#3889=VECTOR('',#13269,1.);
#3890=VECTOR('',#13272,1.);
#3891=VECTOR('',#13275,1.);
#3892=VECTOR('',#13276,1.);
#3893=VECTOR('',#13281,1.);
#3894=VECTOR('',#13284,1.);
#3895=VECTOR('',#13285,1.);
#3896=VECTOR('',#13288,1.);
#3897=VECTOR('',#13291,1.);
#3898=VECTOR('',#13294,1.);
#3899=VECTOR('',#13297,1.);
#3900=VECTOR('',#13300,1.);
#3901=VECTOR('',#13301,1.);
#3902=VECTOR('',#13304,1.);
#3903=VECTOR('',#13311,1.);
#3904=VECTOR('',#13314,1.);
#3905=VECTOR('',#13317,1.);
#3906=VECTOR('',#13320,1.);
#3907=VECTOR('',#13323,1.);
#3908=VECTOR('',#13324,1.);
#3909=VECTOR('',#13325,1.);
#3910=VECTOR('',#13328,1.);
#3911=VECTOR('',#13329,1.);
#3912=VECTOR('',#13332,1.);
#3913=VECTOR('',#13333,1.);
#3914=VECTOR('',#13336,1.);
#3915=VECTOR('',#13337,1.);
#3916=VECTOR('',#13340,1.);
#3917=VECTOR('',#13341,1.);
#3918=VECTOR('',#13344,1.);
#3919=VECTOR('',#13345,1.);
#3920=VECTOR('',#13348,1.);
#3921=VECTOR('',#13349,1.);
#3922=VECTOR('',#13354,1.);
#3923=VECTOR('',#13355,1.);
#3924=VECTOR('',#13358,1.);
#3925=VECTOR('',#13359,1.);
#3926=VECTOR('',#13362,1.);
#3927=VECTOR('',#13363,1.);
#3928=VECTOR('',#13368,1.);
#3929=VECTOR('',#13371,1.);
#3930=VECTOR('',#13372,1.);
#3931=VECTOR('',#13373,1.);
#3932=VECTOR('',#13376,1.);
#3933=VECTOR('',#13377,1.);
#3934=VECTOR('',#13380,1.);
#3935=VECTOR('',#13383,1.);
#3936=VECTOR('',#13384,1.);
#3937=VECTOR('',#13385,1.);
#3938=VECTOR('',#13390,1.);
#3939=VECTOR('',#13393,1.);
#3940=VECTOR('',#13398,1.);
#3941=VECTOR('',#13399,1.);
#3942=VECTOR('',#13400,1.);
#3943=VECTOR('',#13403,1.);
#3944=VECTOR('',#13406,1.);
#3945=VECTOR('',#13409,1.);
#3946=VECTOR('',#13412,1.);
#3947=VECTOR('',#13415,1.);
#3948=VECTOR('',#13420,1.);
#3949=VECTOR('',#13421,1.);
#3950=VECTOR('',#13422,1.);
#3951=VECTOR('',#13423,1.);
#3952=VECTOR('',#13424,1.);
#3953=VECTOR('',#13425,1.);
#3954=VECTOR('',#13426,1.);
#3955=VECTOR('',#13429,1.);
#3956=VECTOR('',#13430,1.);
#3957=VECTOR('',#13433,1.);
#3958=VECTOR('',#13436,1.);
#3959=VECTOR('',#13439,1.);
#3960=VECTOR('',#13446,1.);
#3961=VECTOR('',#13447,1.);
#3962=VECTOR('',#13450,1.);
#3963=VECTOR('',#13453,1.);
#3964=VECTOR('',#13456,1.);
#3965=VECTOR('',#13467,1.);
#3966=VECTOR('',#13468,1.);
#3967=VECTOR('',#13471,1.);
#3968=VECTOR('',#13472,1.);
#3969=VECTOR('',#13473,1.);
#3970=VECTOR('',#13476,1.);
#3971=VECTOR('',#13479,1.);
#3972=VECTOR('',#13480,1.);
#3973=VECTOR('',#13481,1.);
#3974=VECTOR('',#13484,1.);
#3975=VECTOR('',#13485,1.);
#3976=VECTOR('',#13488,1.);
#3977=VECTOR('',#13489,1.);
#3978=VECTOR('',#13490,1.);
#3979=VECTOR('',#13493,1.);
#3980=VECTOR('',#13496,1.);
#3981=VECTOR('',#13499,1.);
#3982=VECTOR('',#13500,1.);
#3983=VECTOR('',#13503,1.);
#3984=VECTOR('',#13506,1.);
#3985=VECTOR('',#13507,1.);
#3986=VECTOR('',#13510,1.);
#3987=VECTOR('',#13513,1.);
#3988=VECTOR('',#13514,1.);
#3989=VECTOR('',#13517,1.);
#3990=VECTOR('',#13520,1.);
#3991=VECTOR('',#13521,1.);
#3992=VECTOR('',#13524,1.);
#3993=VECTOR('',#13527,1.);
#3994=VECTOR('',#13528,1.);
#3995=VECTOR('',#13531,1.);
#3996=VECTOR('',#13532,1.);
#3997=VECTOR('',#13535,1.);
#3998=VECTOR('',#13536,1.);
#3999=VECTOR('',#13539,1.);
#4000=VECTOR('',#13542,1.);
#4001=VECTOR('',#13545,1.);
#4002=VECTOR('',#13546,1.);
#4003=VECTOR('',#13549,1.);
#4004=VECTOR('',#13552,1.);
#4005=VECTOR('',#13553,1.);
#4006=VECTOR('',#13556,1.);
#4007=VECTOR('',#13559,1.);
#4008=VECTOR('',#13560,1.);
#4009=VECTOR('',#13561,1.);
#4010=VECTOR('',#13562,1.);
#4011=VECTOR('',#13563,1.);
#4012=VECTOR('',#13564,1.);
#4013=VECTOR('',#13567,1.);
#4014=VECTOR('',#13568,1.);
#4015=VECTOR('',#13571,1.);
#4016=VECTOR('',#13574,1.);
#4017=VECTOR('',#13577,1.);
#4018=VECTOR('',#13580,1.);
#4019=VECTOR('',#13581,1.);
#4020=VECTOR('',#13584,1.);
#4021=VECTOR('',#13587,1.);
#4022=VECTOR('',#13588,1.);
#4023=VECTOR('',#13589,1.);
#4024=VECTOR('',#13590,1.);
#4025=VECTOR('',#13591,1.);
#4026=VECTOR('',#13594,1.);
#4027=VECTOR('',#13615,1.);
#4028=VECTOR('',#13616,1.);
#4029=VECTOR('',#13619,1.);
#4030=VECTOR('',#13620,1.);
#4031=VECTOR('',#13621,1.);
#4032=VECTOR('',#13624,1.);
#4033=VECTOR('',#13625,1.);
#4034=VECTOR('',#13628,1.);
#4035=VECTOR('',#13631,1.);
#4036=VECTOR('',#13636,1.);
#4037=VECTOR('',#13637,1.);
#4038=VECTOR('',#13638,1.);
#4039=VECTOR('',#13639,1.);
#4040=VECTOR('',#13640,1.);
#4041=VECTOR('',#13641,1.);
#4042=VECTOR('',#13642,1.);
#4043=VECTOR('',#13643,1.);
#4044=VECTOR('',#13644,1.);
#4045=VECTOR('',#13645,1.);
#4046=VECTOR('',#13646,1.);
#4047=VECTOR('',#13647,1.);
#4048=VECTOR('',#13648,1.);
#4049=VECTOR('',#13649,1.);
#4050=VECTOR('',#13650,1.);
#4051=VECTOR('',#13651,1.);
#4052=VECTOR('',#13652,1.);
#4053=VECTOR('',#13653,1.);
#4054=VECTOR('',#13654,1.);
#4055=VECTOR('',#13655,1.);
#4056=VECTOR('',#13656,1.);
#4057=VECTOR('',#13657,1.);
#4058=VECTOR('',#13658,1.);
#4059=VECTOR('',#13659,1.);
#4060=VECTOR('',#13660,1.);
#4061=VECTOR('',#13661,1.);
#4062=VECTOR('',#13664,1.);
#4063=VECTOR('',#13665,1.);
#4064=VECTOR('',#13668,1.);
#4065=VECTOR('',#13671,1.);
#4066=VECTOR('',#13674,1.);
#4067=VECTOR('',#13675,1.);
#4068=VECTOR('',#13678,1.);
#4069=VECTOR('',#13681,1.);
#4070=VECTOR('',#13684,1.);
#4071=VECTOR('',#13685,1.);
#4072=VECTOR('',#13688,1.);
#4073=VECTOR('',#13701,1.);
#4074=VECTOR('',#13712,1.);
#4075=VECTOR('',#13715,1.);
#4076=VECTOR('',#13716,1.);
#4077=VECTOR('',#13719,1.);
#4078=VECTOR('',#13722,1.);
#4079=VECTOR('',#13723,1.);
#4080=VECTOR('',#13724,1.);
#4081=VECTOR('',#13727,1.);
#4082=VECTOR('',#13728,1.);
#4083=VECTOR('',#13731,1.);
#4084=VECTOR('',#13732,1.);
#4085=VECTOR('',#13735,1.);
#4086=VECTOR('',#13740,1.);
#4087=VECTOR('',#13743,1.);
#4088=VECTOR('',#13746,1.);
#4089=VECTOR('',#13751,1.);
#4090=VECTOR('',#13754,1.);
#4091=VECTOR('',#13757,1.);
#4092=VECTOR('',#13760,1.);
#4093=VECTOR('',#13763,1.);
#4094=VECTOR('',#13764,1.);
#4095=VECTOR('',#13765,1.);
#4096=VECTOR('',#13768,1.);
#4097=VECTOR('',#13771,1.);
#4098=VECTOR('',#13774,1.);
#4099=VECTOR('',#13777,1.);
#4100=VECTOR('',#13780,1.);
#4101=VECTOR('',#13781,1.);
#4102=VECTOR('',#13786,1.);
#4103=VECTOR('',#13787,1.);
#4104=VECTOR('',#13790,1.);
#4105=VECTOR('',#13795,1.);
#4106=VECTOR('',#13798,1.);
#4107=VECTOR('',#13801,1.);
#4108=VECTOR('',#13802,1.);
#4109=VECTOR('',#13805,1.);
#4110=VECTOR('',#13808,1.);
#4111=VECTOR('',#13813,1.);
#4112=VECTOR('',#13816,1.);
#4113=VECTOR('',#13819,1.);
#4114=VECTOR('',#13824,1.);
#4115=VECTOR('',#13827,1.);
#4116=VECTOR('',#13830,1.);
#4117=VECTOR('',#13833,1.);
#4118=VECTOR('',#13836,1.);
#4119=VECTOR('',#13837,1.);
#4120=VECTOR('',#13838,1.);
#4121=VECTOR('',#13841,1.);
#4122=VECTOR('',#13842,1.);
#4123=VECTOR('',#13845,1.);
#4124=VECTOR('',#13846,1.);
#4125=VECTOR('',#13849,1.);
#4126=VECTOR('',#13850,1.);
#4127=VECTOR('',#13853,1.);
#4128=VECTOR('',#13854,1.);
#4129=VECTOR('',#13857,1.);
#4130=VECTOR('',#13858,1.);
#4131=VECTOR('',#13861,1.);
#4132=VECTOR('',#13862,1.);
#4133=VECTOR('',#13867,1.);
#4134=VECTOR('',#13868,1.);
#4135=VECTOR('',#13871,1.);
#4136=VECTOR('',#13872,1.);
#4137=VECTOR('',#13875,1.);
#4138=VECTOR('',#13876,1.);
#4139=VECTOR('',#13881,1.);
#4140=VECTOR('',#13884,1.);
#4141=VECTOR('',#13885,1.);
#4142=VECTOR('',#13886,1.);
#4143=VECTOR('',#13889,1.);
#4144=VECTOR('',#13890,1.);
#4145=VECTOR('',#13893,1.);
#4146=VECTOR('',#13896,1.);
#4147=VECTOR('',#13897,1.);
#4148=VECTOR('',#13898,1.);
#4149=VECTOR('',#13903,1.);
#4150=VECTOR('',#13906,1.);
#4151=VECTOR('',#13911,1.);
#4152=VECTOR('',#13912,1.);
#4153=VECTOR('',#13913,1.);
#4154=VECTOR('',#13916,1.);
#4155=VECTOR('',#13919,1.);
#4156=VECTOR('',#13922,1.);
#4157=VECTOR('',#13925,1.);
#4158=VECTOR('',#13928,1.);
#4159=VECTOR('',#13933,1.);
#4160=VECTOR('',#13934,1.);
#4161=VECTOR('',#13937,1.);
#4162=VECTOR('',#13938,1.);
#4163=VECTOR('',#13941,1.);
#4164=VECTOR('',#13942,1.);
#4165=VECTOR('',#13945,1.);
#4166=VECTOR('',#13946,1.);
#4167=VECTOR('',#13947,1.);
#4168=VECTOR('',#13948,1.);
#4169=VECTOR('',#13949,1.);
#4170=VECTOR('',#13950,1.);
#4171=VECTOR('',#13951,1.);
#4172=VECTOR('',#13952,1.);
#4173=VECTOR('',#13953,1.);
#4174=VECTOR('',#13954,1.);
#4175=VECTOR('',#13955,1.);
#4176=VECTOR('',#13956,1.);
#4177=VECTOR('',#13957,1.);
#4178=VECTOR('',#13958,1.);
#4179=VECTOR('',#13961,1.);
#4180=VECTOR('',#13962,1.);
#4181=VECTOR('',#13967,1.);
#4182=VECTOR('',#13970,1.);
#4183=VECTOR('',#13971,1.);
#4184=VECTOR('',#13974,1.);
#4185=VECTOR('',#13981,1.);
#4186=VECTOR('',#13984,1.);
#4187=VECTOR('',#13985,1.);
#4188=VECTOR('',#13988,1.);
#4189=VECTOR('',#13991,1.);
#4190=VECTOR('',#14002,1.);
#4191=VECTOR('',#14005,1.);
#4192=VECTOR('',#14006,1.);
#4193=VECTOR('',#14011,1.);
#4194=VECTOR('',#14012,1.);
#4195=VECTOR('',#14017,1.);
#4196=VECTOR('',#14018,1.);
#4197=VECTOR('',#14023,1.);
#4198=VECTOR('',#14024,1.);
#4199=VECTOR('',#14029,1.);
#4200=VECTOR('',#14030,1.);
#4201=VECTOR('',#14035,1.);
#4202=VECTOR('',#14038,1.);
#4203=VECTOR('',#14039,1.);
#4204=VECTOR('',#14044,1.);
#4205=VECTOR('',#14045,1.);
#4206=VECTOR('',#14050,1.);
#4207=VECTOR('',#14051,1.);
#4208=VECTOR('',#14056,1.);
#4209=VECTOR('',#14057,1.);
#4210=VECTOR('',#14062,1.);
#4211=VERTEX_POINT('',#14067);
#4212=VERTEX_POINT('',#14068);
#4213=VERTEX_POINT('',#14070);
#4214=VERTEX_POINT('',#14072);
#4215=VERTEX_POINT('',#14076);
#4216=VERTEX_POINT('',#14077);
#4217=VERTEX_POINT('',#14079);
#4218=VERTEX_POINT('',#14081);
#4219=VERTEX_POINT('',#14085);
#4220=VERTEX_POINT('',#14086);
#4221=VERTEX_POINT('',#14088);
#4222=VERTEX_POINT('',#14092);
#4223=VERTEX_POINT('',#14094);
#4224=VERTEX_POINT('',#14099);
#4225=VERTEX_POINT('',#14100);
#4226=VERTEX_POINT('',#14102);
#4227=VERTEX_POINT('',#14104);
#4228=VERTEX_POINT('',#14108);
#4229=VERTEX_POINT('',#14109);
#4230=VERTEX_POINT('',#14111);
#4231=VERTEX_POINT('',#14113);
#4232=VERTEX_POINT('',#14117);
#4233=VERTEX_POINT('',#14118);
#4234=VERTEX_POINT('',#14120);
#4235=VERTEX_POINT('',#14122);
#4236=VERTEX_POINT('',#14126);
#4237=VERTEX_POINT('',#14127);
#4238=VERTEX_POINT('',#14129);
#4239=VERTEX_POINT('',#14131);
#4240=VERTEX_POINT('',#14135);
#4241=VERTEX_POINT('',#14136);
#4242=VERTEX_POINT('',#14138);
#4243=VERTEX_POINT('',#14142);
#4244=VERTEX_POINT('',#14144);
#4245=VERTEX_POINT('',#14149);
#4246=VERTEX_POINT('',#14150);
#4247=VERTEX_POINT('',#14152);
#4248=VERTEX_POINT('',#14154);
#4249=VERTEX_POINT('',#14158);
#4250=VERTEX_POINT('',#14159);
#4251=VERTEX_POINT('',#14161);
#4252=VERTEX_POINT('',#14163);
#4253=VERTEX_POINT('',#14167);
#4254=VERTEX_POINT('',#14168);
#4255=VERTEX_POINT('',#14170);
#4256=VERTEX_POINT('',#14172);
#4257=VERTEX_POINT('',#14174);
#4258=VERTEX_POINT('',#14176);
#4259=VERTEX_POINT('',#14178);
#4260=VERTEX_POINT('',#14180);
#4261=VERTEX_POINT('',#14182);
#4262=VERTEX_POINT('',#14184);
#4263=VERTEX_POINT('',#14186);
#4264=VERTEX_POINT('',#14188);
#4265=VERTEX_POINT('',#14190);
#4266=VERTEX_POINT('',#14192);
#4267=VERTEX_POINT('',#14194);
#4268=VERTEX_POINT('',#14196);
#4269=VERTEX_POINT('',#14198);
#4270=VERTEX_POINT('',#14202);
#4271=VERTEX_POINT('',#14203);
#4272=VERTEX_POINT('',#14205);
#4273=VERTEX_POINT('',#14207);
#4274=VERTEX_POINT('',#14209);
#4275=VERTEX_POINT('',#14211);
#4276=VERTEX_POINT('',#14213);
#4277=VERTEX_POINT('',#14215);
#4278=VERTEX_POINT('',#14217);
#4279=VERTEX_POINT('',#14219);
#4280=VERTEX_POINT('',#14221);
#4281=VERTEX_POINT('',#14223);
#4282=VERTEX_POINT('',#14225);
#4283=VERTEX_POINT('',#14227);
#4284=VERTEX_POINT('',#14229);
#4285=VERTEX_POINT('',#14231);
#4286=VERTEX_POINT('',#14233);
#4287=VERTEX_POINT('',#14237);
#4288=VERTEX_POINT('',#14239);
#4289=VERTEX_POINT('',#14241);
#4290=VERTEX_POINT('',#14243);
#4291=VERTEX_POINT('',#14245);
#4292=VERTEX_POINT('',#14247);
#4293=VERTEX_POINT('',#14249);
#4294=VERTEX_POINT('',#14251);
#4295=VERTEX_POINT('',#14253);
#4296=VERTEX_POINT('',#14255);
#4297=VERTEX_POINT('',#14257);
#4298=VERTEX_POINT('',#14259);
#4299=VERTEX_POINT('',#14261);
#4300=VERTEX_POINT('',#14263);
#4301=VERTEX_POINT('',#14265);
#4302=VERTEX_POINT('',#14269);
#4303=VERTEX_POINT('',#14271);
#4304=VERTEX_POINT('',#14273);
#4305=VERTEX_POINT('',#14275);
#4306=VERTEX_POINT('',#14277);
#4307=VERTEX_POINT('',#14279);
#4308=VERTEX_POINT('',#14281);
#4309=VERTEX_POINT('',#14283);
#4310=VERTEX_POINT('',#14285);
#4311=VERTEX_POINT('',#14287);
#4312=VERTEX_POINT('',#14289);
#4313=VERTEX_POINT('',#14291);
#4314=VERTEX_POINT('',#14293);
#4315=VERTEX_POINT('',#14295);
#4316=VERTEX_POINT('',#14297);
#4317=VERTEX_POINT('',#14301);
#4318=VERTEX_POINT('',#14302);
#4319=VERTEX_POINT('',#14304);
#4320=VERTEX_POINT('',#14306);
#4321=VERTEX_POINT('',#14308);
#4322=VERTEX_POINT('',#14310);
#4323=VERTEX_POINT('',#14312);
#4324=VERTEX_POINT('',#14314);
#4325=VERTEX_POINT('',#14316);
#4326=VERTEX_POINT('',#14318);
#4327=VERTEX_POINT('',#14320);
#4328=VERTEX_POINT('',#14322);
#4329=VERTEX_POINT('',#14324);
#4330=VERTEX_POINT('',#14326);
#4331=VERTEX_POINT('',#14328);
#4332=VERTEX_POINT('',#14330);
#4333=VERTEX_POINT('',#14332);
#4334=VERTEX_POINT('',#14336);
#4335=VERTEX_POINT('',#14337);
#4336=VERTEX_POINT('',#14339);
#4337=VERTEX_POINT('',#14341);
#4338=VERTEX_POINT('',#14343);
#4339=VERTEX_POINT('',#14345);
#4340=VERTEX_POINT('',#14347);
#4341=VERTEX_POINT('',#14349);
#4342=VERTEX_POINT('',#14351);
#4343=VERTEX_POINT('',#14353);
#4344=VERTEX_POINT('',#14355);
#4345=VERTEX_POINT('',#14357);
#4346=VERTEX_POINT('',#14359);
#4347=VERTEX_POINT('',#14361);
#4348=VERTEX_POINT('',#14363);
#4349=VERTEX_POINT('',#14365);
#4350=VERTEX_POINT('',#14367);
#4351=VERTEX_POINT('',#14371);
#4352=VERTEX_POINT('',#14372);
#4353=VERTEX_POINT('',#14374);
#4354=VERTEX_POINT('',#14376);
#4355=VERTEX_POINT('',#14378);
#4356=VERTEX_POINT('',#14380);
#4357=VERTEX_POINT('',#14382);
#4358=VERTEX_POINT('',#14384);
#4359=VERTEX_POINT('',#14386);
#4360=VERTEX_POINT('',#14388);
#4361=VERTEX_POINT('',#14390);
#4362=VERTEX_POINT('',#14392);
#4363=VERTEX_POINT('',#14394);
#4364=VERTEX_POINT('',#14396);
#4365=VERTEX_POINT('',#14398);
#4366=VERTEX_POINT('',#14400);
#4367=VERTEX_POINT('',#14402);
#4368=VERTEX_POINT('',#14406);
#4369=VERTEX_POINT('',#14407);
#4370=VERTEX_POINT('',#14409);
#4371=VERTEX_POINT('',#14411);
#4372=VERTEX_POINT('',#14413);
#4373=VERTEX_POINT('',#14415);
#4374=VERTEX_POINT('',#14417);
#4375=VERTEX_POINT('',#14419);
#4376=VERTEX_POINT('',#14421);
#4377=VERTEX_POINT('',#14423);
#4378=VERTEX_POINT('',#14425);
#4379=VERTEX_POINT('',#14427);
#4380=VERTEX_POINT('',#14429);
#4381=VERTEX_POINT('',#14431);
#4382=VERTEX_POINT('',#14433);
#4383=VERTEX_POINT('',#14435);
#4384=VERTEX_POINT('',#14437);
#4385=VERTEX_POINT('',#14441);
#4386=VERTEX_POINT('',#14442);
#4387=VERTEX_POINT('',#14444);
#4388=VERTEX_POINT('',#14446);
#4389=VERTEX_POINT('',#14448);
#4390=VERTEX_POINT('',#14450);
#4391=VERTEX_POINT('',#14452);
#4392=VERTEX_POINT('',#14454);
#4393=VERTEX_POINT('',#14456);
#4394=VERTEX_POINT('',#14458);
#4395=VERTEX_POINT('',#14460);
#4396=VERTEX_POINT('',#14462);
#4397=VERTEX_POINT('',#14464);
#4398=VERTEX_POINT('',#14466);
#4399=VERTEX_POINT('',#14468);
#4400=VERTEX_POINT('',#14470);
#4401=VERTEX_POINT('',#14472);
#4402=VERTEX_POINT('',#14476);
#4403=VERTEX_POINT('',#14477);
#4404=VERTEX_POINT('',#14479);
#4405=VERTEX_POINT('',#14481);
#4406=VERTEX_POINT('',#14483);
#4407=VERTEX_POINT('',#14485);
#4408=VERTEX_POINT('',#14487);
#4409=VERTEX_POINT('',#14489);
#4410=VERTEX_POINT('',#14491);
#4411=VERTEX_POINT('',#14493);
#4412=VERTEX_POINT('',#14495);
#4413=VERTEX_POINT('',#14497);
#4414=VERTEX_POINT('',#14499);
#4415=VERTEX_POINT('',#14501);
#4416=VERTEX_POINT('',#14503);
#4417=VERTEX_POINT('',#14505);
#4418=VERTEX_POINT('',#14507);
#4419=VERTEX_POINT('',#14511);
#4420=VERTEX_POINT('',#14513);
#4421=VERTEX_POINT('',#14515);
#4422=VERTEX_POINT('',#14517);
#4423=VERTEX_POINT('',#14519);
#4424=VERTEX_POINT('',#14521);
#4425=VERTEX_POINT('',#14523);
#4426=VERTEX_POINT('',#14525);
#4427=VERTEX_POINT('',#14527);
#4428=VERTEX_POINT('',#14529);
#4429=VERTEX_POINT('',#14531);
#4430=VERTEX_POINT('',#14533);
#4431=VERTEX_POINT('',#14535);
#4432=VERTEX_POINT('',#14537);
#4433=VERTEX_POINT('',#14539);
#4434=VERTEX_POINT('',#14543);
#4435=VERTEX_POINT('',#14545);
#4436=VERTEX_POINT('',#14547);
#4437=VERTEX_POINT('',#14549);
#4438=VERTEX_POINT('',#14551);
#4439=VERTEX_POINT('',#14553);
#4440=VERTEX_POINT('',#14555);
#4441=VERTEX_POINT('',#14557);
#4442=VERTEX_POINT('',#14559);
#4443=VERTEX_POINT('',#14561);
#4444=VERTEX_POINT('',#14563);
#4445=VERTEX_POINT('',#14565);
#4446=VERTEX_POINT('',#14567);
#4447=VERTEX_POINT('',#14569);
#4448=VERTEX_POINT('',#14571);
#4449=VERTEX_POINT('',#14575);
#4450=VERTEX_POINT('',#14576);
#4451=VERTEX_POINT('',#14578);
#4452=VERTEX_POINT('',#14580);
#4453=VERTEX_POINT('',#14582);
#4454=VERTEX_POINT('',#14584);
#4455=VERTEX_POINT('',#14586);
#4456=VERTEX_POINT('',#14588);
#4457=VERTEX_POINT('',#14590);
#4458=VERTEX_POINT('',#14592);
#4459=VERTEX_POINT('',#14594);
#4460=VERTEX_POINT('',#14596);
#4461=VERTEX_POINT('',#14598);
#4462=VERTEX_POINT('',#14600);
#4463=VERTEX_POINT('',#14602);
#4464=VERTEX_POINT('',#14604);
#4465=VERTEX_POINT('',#14606);
#4466=VERTEX_POINT('',#14610);
#4467=VERTEX_POINT('',#14611);
#4468=VERTEX_POINT('',#14613);
#4469=VERTEX_POINT('',#14615);
#4470=VERTEX_POINT('',#14617);
#4471=VERTEX_POINT('',#14619);
#4472=VERTEX_POINT('',#14621);
#4473=VERTEX_POINT('',#14623);
#4474=VERTEX_POINT('',#14625);
#4475=VERTEX_POINT('',#14627);
#4476=VERTEX_POINT('',#14629);
#4477=VERTEX_POINT('',#14631);
#4478=VERTEX_POINT('',#14633);
#4479=VERTEX_POINT('',#14635);
#4480=VERTEX_POINT('',#14637);
#4481=VERTEX_POINT('',#14639);
#4482=VERTEX_POINT('',#14641);
#4483=VERTEX_POINT('',#14645);
#4484=VERTEX_POINT('',#14646);
#4485=VERTEX_POINT('',#14648);
#4486=VERTEX_POINT('',#14650);
#4487=VERTEX_POINT('',#14652);
#4488=VERTEX_POINT('',#14654);
#4489=VERTEX_POINT('',#14656);
#4490=VERTEX_POINT('',#14658);
#4491=VERTEX_POINT('',#14660);
#4492=VERTEX_POINT('',#14662);
#4493=VERTEX_POINT('',#14664);
#4494=VERTEX_POINT('',#14666);
#4495=VERTEX_POINT('',#14668);
#4496=VERTEX_POINT('',#14670);
#4497=VERTEX_POINT('',#14672);
#4498=VERTEX_POINT('',#14674);
#4499=VERTEX_POINT('',#14676);
#4500=VERTEX_POINT('',#14678);
#4501=VERTEX_POINT('',#14680);
#4502=VERTEX_POINT('',#14682);
#4503=VERTEX_POINT('',#14684);
#4504=VERTEX_POINT('',#14686);
#4505=VERTEX_POINT('',#14688);
#4506=VERTEX_POINT('',#14690);
#4507=VERTEX_POINT('',#14692);
#4508=VERTEX_POINT('',#14694);
#4509=VERTEX_POINT('',#14696);
#4510=VERTEX_POINT('',#14698);
#4511=VERTEX_POINT('',#14700);
#4512=VERTEX_POINT('',#14702);
#4513=VERTEX_POINT('',#14704);
#4514=VERTEX_POINT('',#14706);
#4515=VERTEX_POINT('',#14708);
#4516=VERTEX_POINT('',#14710);
#4517=VERTEX_POINT('',#14712);
#4518=VERTEX_POINT('',#14714);
#4519=VERTEX_POINT('',#14717);
#4520=VERTEX_POINT('',#14718);
#4521=VERTEX_POINT('',#14720);
#4522=VERTEX_POINT('',#14722);
#4523=VERTEX_POINT('',#14724);
#4524=VERTEX_POINT('',#14726);
#4525=VERTEX_POINT('',#14728);
#4526=VERTEX_POINT('',#14730);
#4527=VERTEX_POINT('',#14732);
#4528=VERTEX_POINT('',#14734);
#4529=VERTEX_POINT('',#14736);
#4530=VERTEX_POINT('',#14738);
#4531=VERTEX_POINT('',#14740);
#4532=VERTEX_POINT('',#14742);
#4533=VERTEX_POINT('',#14744);
#4534=VERTEX_POINT('',#14746);
#4535=VERTEX_POINT('',#14748);
#4536=VERTEX_POINT('',#14750);
#4537=VERTEX_POINT('',#14752);
#4538=VERTEX_POINT('',#14754);
#4539=VERTEX_POINT('',#14756);
#4540=VERTEX_POINT('',#14758);
#4541=VERTEX_POINT('',#14760);
#4542=VERTEX_POINT('',#14762);
#4543=VERTEX_POINT('',#14765);
#4544=VERTEX_POINT('',#14766);
#4545=VERTEX_POINT('',#14768);
#4546=VERTEX_POINT('',#14770);
#4547=VERTEX_POINT('',#14772);
#4548=VERTEX_POINT('',#14774);
#4549=VERTEX_POINT('',#14776);
#4550=VERTEX_POINT('',#14778);
#4551=VERTEX_POINT('',#14780);
#4552=VERTEX_POINT('',#14782);
#4553=VERTEX_POINT('',#14784);
#4554=VERTEX_POINT('',#14786);
#4555=VERTEX_POINT('',#14788);
#4556=VERTEX_POINT('',#14790);
#4557=VERTEX_POINT('',#14792);
#4558=VERTEX_POINT('',#14794);
#4559=VERTEX_POINT('',#14796);
#4560=VERTEX_POINT('',#14798);
#4561=VERTEX_POINT('',#14800);
#4562=VERTEX_POINT('',#14802);
#4563=VERTEX_POINT('',#14804);
#4564=VERTEX_POINT('',#14806);
#4565=VERTEX_POINT('',#14808);
#4566=VERTEX_POINT('',#14810);
#4567=VERTEX_POINT('',#14822);
#4568=VERTEX_POINT('',#14823);
#4569=VERTEX_POINT('',#14825);
#4570=VERTEX_POINT('',#14827);
#4571=VERTEX_POINT('',#14829);
#4572=VERTEX_POINT('',#14831);
#4573=VERTEX_POINT('',#14833);
#4574=VERTEX_POINT('',#14835);
#4575=VERTEX_POINT('',#14837);
#4576=VERTEX_POINT('',#14839);
#4577=VERTEX_POINT('',#14841);
#4578=VERTEX_POINT('',#14843);
#4579=VERTEX_POINT('',#14845);
#4580=VERTEX_POINT('',#14847);
#4581=VERTEX_POINT('',#14849);
#4582=VERTEX_POINT('',#14851);
#4583=VERTEX_POINT('',#14853);
#4584=VERTEX_POINT('',#14857);
#4585=VERTEX_POINT('',#14858);
#4586=VERTEX_POINT('',#14860);
#4587=VERTEX_POINT('',#14862);
#4588=VERTEX_POINT('',#14864);
#4589=VERTEX_POINT('',#14866);
#4590=VERTEX_POINT('',#14868);
#4591=VERTEX_POINT('',#14870);
#4592=VERTEX_POINT('',#14872);
#4593=VERTEX_POINT('',#14874);
#4594=VERTEX_POINT('',#14876);
#4595=VERTEX_POINT('',#14878);
#4596=VERTEX_POINT('',#14880);
#4597=VERTEX_POINT('',#14882);
#4598=VERTEX_POINT('',#14884);
#4599=VERTEX_POINT('',#14886);
#4600=VERTEX_POINT('',#14888);
#4601=VERTEX_POINT('',#14986);
#4602=VERTEX_POINT('',#14988);
#4603=VERTEX_POINT('',#14992);
#4604=VERTEX_POINT('',#14994);
#4605=VERTEX_POINT('',#14996);
#4606=VERTEX_POINT('',#14998);
#4607=VERTEX_POINT('',#15001);
#4608=VERTEX_POINT('',#15002);
#4609=VERTEX_POINT('',#15004);
#4610=VERTEX_POINT('',#15006);
#4611=VERTEX_POINT('',#15008);
#4612=VERTEX_POINT('',#15010);
#4613=VERTEX_POINT('',#15012);
#4614=VERTEX_POINT('',#15014);
#4615=VERTEX_POINT('',#15016);
#4616=VERTEX_POINT('',#15018);
#4617=VERTEX_POINT('',#15020);
#4618=VERTEX_POINT('',#15022);
#4619=VERTEX_POINT('',#15024);
#4620=VERTEX_POINT('',#15026);
#4621=VERTEX_POINT('',#15038);
#4622=VERTEX_POINT('',#15044);
#4623=VERTEX_POINT('',#15052);
#4624=VERTEX_POINT('',#15058);
#4625=VERTEX_POINT('',#15062);
#4626=VERTEX_POINT('',#15064);
#4627=VERTEX_POINT('',#15078);
#4628=VERTEX_POINT('',#15079);
#4629=VERTEX_POINT('',#15081);
#4630=VERTEX_POINT('',#15083);
#4631=VERTEX_POINT('',#15085);
#4632=VERTEX_POINT('',#15087);
#4633=VERTEX_POINT('',#15089);
#4634=VERTEX_POINT('',#15091);
#4635=VERTEX_POINT('',#15093);
#4636=VERTEX_POINT('',#15095);
#4637=VERTEX_POINT('',#15097);
#4638=VERTEX_POINT('',#15099);
#4639=VERTEX_POINT('',#15101);
#4640=VERTEX_POINT('',#15103);
#4641=VERTEX_POINT('',#15105);
#4642=VERTEX_POINT('',#15107);
#4643=VERTEX_POINT('',#15109);
#4644=VERTEX_POINT('',#15111);
#4645=VERTEX_POINT('',#15113);
#4646=VERTEX_POINT('',#15115);
#4647=VERTEX_POINT('',#15117);
#4648=VERTEX_POINT('',#15119);
#4649=VERTEX_POINT('',#15121);
#4650=VERTEX_POINT('',#15123);
#4651=VERTEX_POINT('',#15125);
#4652=VERTEX_POINT('',#15227);
#4653=VERTEX_POINT('',#15229);
#4654=VERTEX_POINT('',#15233);
#4655=VERTEX_POINT('',#15235);
#4656=VERTEX_POINT('',#15237);
#4657=VERTEX_POINT('',#15239);
#4658=VERTEX_POINT('',#15242);
#4659=VERTEX_POINT('',#15243);
#4660=VERTEX_POINT('',#15245);
#4661=VERTEX_POINT('',#15247);
#4662=VERTEX_POINT('',#15249);
#4663=VERTEX_POINT('',#15251);
#4664=VERTEX_POINT('',#15253);
#4665=VERTEX_POINT('',#15255);
#4666=VERTEX_POINT('',#15257);
#4667=VERTEX_POINT('',#15259);
#4668=VERTEX_POINT('',#15261);
#4669=VERTEX_POINT('',#15263);
#4670=VERTEX_POINT('',#15265);
#4671=VERTEX_POINT('',#15267);
#4672=VERTEX_POINT('',#15279);
#4673=VERTEX_POINT('',#15285);
#4674=VERTEX_POINT('',#15293);
#4675=VERTEX_POINT('',#15299);
#4676=VERTEX_POINT('',#15303);
#4677=VERTEX_POINT('',#15305);
#4678=VERTEX_POINT('',#15319);
#4679=VERTEX_POINT('',#15320);
#4680=VERTEX_POINT('',#15322);
#4681=VERTEX_POINT('',#15324);
#4682=VERTEX_POINT('',#15326);
#4683=VERTEX_POINT('',#15328);
#4684=VERTEX_POINT('',#15330);
#4685=VERTEX_POINT('',#15332);
#4686=VERTEX_POINT('',#15334);
#4687=VERTEX_POINT('',#15336);
#4688=VERTEX_POINT('',#15338);
#4689=VERTEX_POINT('',#15340);
#4690=VERTEX_POINT('',#15342);
#4691=VERTEX_POINT('',#15344);
#4692=VERTEX_POINT('',#15346);
#4693=VERTEX_POINT('',#15348);
#4694=VERTEX_POINT('',#15350);
#4695=VERTEX_POINT('',#15352);
#4696=VERTEX_POINT('',#15354);
#4697=VERTEX_POINT('',#15356);
#4698=VERTEX_POINT('',#15358);
#4699=VERTEX_POINT('',#15360);
#4700=VERTEX_POINT('',#15362);
#4701=VERTEX_POINT('',#15364);
#4702=VERTEX_POINT('',#15366);
#4703=VERTEX_POINT('',#15468);
#4704=VERTEX_POINT('',#15469);
#4705=VERTEX_POINT('',#15471);
#4706=VERTEX_POINT('',#15473);
#4707=VERTEX_POINT('',#15476);
#4708=VERTEX_POINT('',#15478);
#4709=VERTEX_POINT('',#15480);
#4710=VERTEX_POINT('',#15484);
#4711=VERTEX_POINT('',#15485);
#4712=VERTEX_POINT('',#15487);
#4713=VERTEX_POINT('',#15489);
#4714=VERTEX_POINT('',#15491);
#4715=VERTEX_POINT('',#15493);
#4716=VERTEX_POINT('',#15496);
#4717=VERTEX_POINT('',#15498);
#4718=VERTEX_POINT('',#15500);
#4719=VERTEX_POINT('',#15502);
#4720=VERTEX_POINT('',#15504);
#4721=VERTEX_POINT('',#15506);
#4722=VERTEX_POINT('',#15510);
#4723=VERTEX_POINT('',#15511);
#4724=VERTEX_POINT('',#15513);
#4725=VERTEX_POINT('',#15516);
#4726=VERTEX_POINT('',#15518);
#4727=VERTEX_POINT('',#15520);
#4728=VERTEX_POINT('',#15522);
#4729=VERTEX_POINT('',#15524);
#4730=VERTEX_POINT('',#15526);
#4731=VERTEX_POINT('',#15528);
#4732=VERTEX_POINT('',#15530);
#4733=VERTEX_POINT('',#15532);
#4734=VERTEX_POINT('',#15536);
#4735=VERTEX_POINT('',#15538);
#4736=VERTEX_POINT('',#15540);
#4737=VERTEX_POINT('',#15542);
#4738=VERTEX_POINT('',#15544);
#4739=VERTEX_POINT('',#15546);
#4740=VERTEX_POINT('',#15548);
#4741=VERTEX_POINT('',#15550);
#4742=VERTEX_POINT('',#15552);
#4743=VERTEX_POINT('',#15554);
#4744=VERTEX_POINT('',#15556);
#4745=VERTEX_POINT('',#15558);
#4746=VERTEX_POINT('',#15562);
#4747=VERTEX_POINT('',#15564);
#4748=VERTEX_POINT('',#15566);
#4749=VERTEX_POINT('',#15568);
#4750=VERTEX_POINT('',#15570);
#4751=VERTEX_POINT('',#15572);
#4752=VERTEX_POINT('',#15574);
#4753=VERTEX_POINT('',#15578);
#4754=VERTEX_POINT('',#15580);
#4755=VERTEX_POINT('',#15584);
#4756=VERTEX_POINT('',#15586);
#4757=VERTEX_POINT('',#15588);
#4758=VERTEX_POINT('',#15593);
#4759=VERTEX_POINT('',#15595);
#4760=VERTEX_POINT('',#15597);
#4761=VERTEX_POINT('',#15599);
#4762=VERTEX_POINT('',#15601);
#4763=VERTEX_POINT('',#15603);
#4764=VERTEX_POINT('',#15605);
#4765=VERTEX_POINT('',#15607);
#4766=VERTEX_POINT('',#15609);
#4767=VERTEX_POINT('',#15611);
#4768=VERTEX_POINT('',#15613);
#4769=VERTEX_POINT('',#15615);
#4770=VERTEX_POINT('',#15617);
#4771=VERTEX_POINT('',#15619);
#4772=VERTEX_POINT('',#15621);
#4773=VERTEX_POINT('',#15625);
#4774=VERTEX_POINT('',#15627);
#4775=VERTEX_POINT('',#15636);
#4776=VERTEX_POINT('',#15641);
#4777=VERTEX_POINT('',#15646);
#4778=VERTEX_POINT('',#15651);
#4779=VERTEX_POINT('',#15659);
#4780=VERTEX_POINT('',#15665);
#4781=VERTEX_POINT('',#15671);
#4782=VERTEX_POINT('',#15673);
#4783=VERTEX_POINT('',#15675);
#4784=VERTEX_POINT('',#15677);
#4785=VERTEX_POINT('',#15679);
#4786=VERTEX_POINT('',#15681);
#4787=VERTEX_POINT('',#15683);
#4788=VERTEX_POINT('',#15685);
#4789=VERTEX_POINT('',#15687);
#4790=VERTEX_POINT('',#15689);
#4791=VERTEX_POINT('',#15691);
#4792=VERTEX_POINT('',#15693);
#4793=VERTEX_POINT('',#15695);
#4794=VERTEX_POINT('',#15697);
#4795=VERTEX_POINT('',#15699);
#4796=VERTEX_POINT('',#15701);
#4797=VERTEX_POINT('',#15705);
#4798=VERTEX_POINT('',#15708);
#4799=VERTEX_POINT('',#15710);
#4800=VERTEX_POINT('',#15714);
#4801=VERTEX_POINT('',#15717);
#4802=VERTEX_POINT('',#15719);
#4803=VERTEX_POINT('',#15726);
#4804=VERTEX_POINT('',#15727);
#4805=VERTEX_POINT('',#15729);
#4806=VERTEX_POINT('',#15731);
#4807=VERTEX_POINT('',#15733);
#4808=VERTEX_POINT('',#15735);
#4809=VERTEX_POINT('',#15737);
#4810=VERTEX_POINT('',#15739);
#4811=VERTEX_POINT('',#15741);
#4812=VERTEX_POINT('',#15743);
#4813=VERTEX_POINT('',#15745);
#4814=VERTEX_POINT('',#15747);
#4815=VERTEX_POINT('',#15749);
#4816=VERTEX_POINT('',#15751);
#4817=VERTEX_POINT('',#15753);
#4818=VERTEX_POINT('',#15755);
#4819=VERTEX_POINT('',#15757);
#4820=VERTEX_POINT('',#15759);
#4821=VERTEX_POINT('',#15761);
#4822=VERTEX_POINT('',#15763);
#4823=VERTEX_POINT('',#15765);
#4824=VERTEX_POINT('',#15767);
#4825=VERTEX_POINT('',#15769);
#4826=VERTEX_POINT('',#15771);
#4827=VERTEX_POINT('',#15773);
#4828=VERTEX_POINT('',#15775);
#4829=VERTEX_POINT('',#15777);
#4830=VERTEX_POINT('',#15779);
#4831=VERTEX_POINT('',#15781);
#4832=VERTEX_POINT('',#15783);
#4833=VERTEX_POINT('',#15785);
#4834=VERTEX_POINT('',#15788);
#4835=VERTEX_POINT('',#15792);
#4836=VERTEX_POINT('',#15794);
#4837=VERTEX_POINT('',#15802);
#4838=VERTEX_POINT('',#15806);
#4839=VERTEX_POINT('',#15809);
#4840=VERTEX_POINT('',#15811);
#4841=VERTEX_POINT('',#15813);
#4842=VERTEX_POINT('',#15815);
#4843=VERTEX_POINT('',#15820);
#4844=VERTEX_POINT('',#15828);
#4845=VERTEX_POINT('',#15836);
#4846=VERTEX_POINT('',#15840);
#4847=VERTEX_POINT('',#15846);
#4848=VERTEX_POINT('',#15854);
#4849=VERTEX_POINT('',#15860);
#4850=VERTEX_POINT('',#15861);
#4851=VERTEX_POINT('',#15863);
#4852=VERTEX_POINT('',#15865);
#4853=VERTEX_POINT('',#15869);
#4854=VERTEX_POINT('',#15870);
#4855=VERTEX_POINT('',#15872);
#4856=VERTEX_POINT('',#15876);
#4857=VERTEX_POINT('',#15879);
#4858=VERTEX_POINT('',#15881);
#4859=VERTEX_POINT('',#15883);
#4860=VERTEX_POINT('',#15885);
#4861=VERTEX_POINT('',#15889);
#4862=VERTEX_POINT('',#15891);
#4863=VERTEX_POINT('',#15893);
#4864=VERTEX_POINT('',#15897);
#4865=VERTEX_POINT('',#15901);
#4866=VERTEX_POINT('',#15904);
#4867=VERTEX_POINT('',#15906);
#4868=VERTEX_POINT('',#15908);
#4869=VERTEX_POINT('',#15910);
#4870=VERTEX_POINT('',#15914);
#4871=VERTEX_POINT('',#15916);
#4872=VERTEX_POINT('',#15918);
#4873=VERTEX_POINT('',#15922);
#4874=VERTEX_POINT('',#15926);
#4875=VERTEX_POINT('',#15929);
#4876=VERTEX_POINT('',#15931);
#4877=VERTEX_POINT('',#15933);
#4878=VERTEX_POINT('',#15935);
#4879=VERTEX_POINT('',#15939);
#4880=VERTEX_POINT('',#15941);
#4881=VERTEX_POINT('',#15943);
#4882=VERTEX_POINT('',#15947);
#4883=VERTEX_POINT('',#15951);
#4884=VERTEX_POINT('',#15954);
#4885=VERTEX_POINT('',#15956);
#4886=VERTEX_POINT('',#15958);
#4887=VERTEX_POINT('',#15960);
#4888=VERTEX_POINT('',#15964);
#4889=VERTEX_POINT('',#15968);
#4890=VERTEX_POINT('',#15970);
#4891=VERTEX_POINT('',#15974);
#4892=VERTEX_POINT('',#15975);
#4893=VERTEX_POINT('',#15977);
#4894=VERTEX_POINT('',#15979);
#4895=VERTEX_POINT('',#15983);
#4896=VERTEX_POINT('',#15984);
#4897=VERTEX_POINT('',#15986);
#4898=VERTEX_POINT('',#15990);
#4899=VERTEX_POINT('',#15993);
#4900=VERTEX_POINT('',#15995);
#4901=VERTEX_POINT('',#15997);
#4902=VERTEX_POINT('',#15999);
#4903=VERTEX_POINT('',#16003);
#4904=VERTEX_POINT('',#16005);
#4905=VERTEX_POINT('',#16007);
#4906=VERTEX_POINT('',#16011);
#4907=VERTEX_POINT('',#16015);
#4908=VERTEX_POINT('',#16018);
#4909=VERTEX_POINT('',#16020);
#4910=VERTEX_POINT('',#16022);
#4911=VERTEX_POINT('',#16024);
#4912=VERTEX_POINT('',#16028);
#4913=VERTEX_POINT('',#16030);
#4914=VERTEX_POINT('',#16032);
#4915=VERTEX_POINT('',#16036);
#4916=VERTEX_POINT('',#16040);
#4917=VERTEX_POINT('',#16043);
#4918=VERTEX_POINT('',#16045);
#4919=VERTEX_POINT('',#16047);
#4920=VERTEX_POINT('',#16049);
#4921=VERTEX_POINT('',#16053);
#4922=VERTEX_POINT('',#16055);
#4923=VERTEX_POINT('',#16057);
#4924=VERTEX_POINT('',#16061);
#4925=VERTEX_POINT('',#16065);
#4926=VERTEX_POINT('',#16068);
#4927=VERTEX_POINT('',#16070);
#4928=VERTEX_POINT('',#16072);
#4929=VERTEX_POINT('',#16074);
#4930=VERTEX_POINT('',#16078);
#4931=VERTEX_POINT('',#16079);
#4932=VERTEX_POINT('',#16081);
#4933=VERTEX_POINT('',#16086);
#4934=VERTEX_POINT('',#16088);
#4935=VERTEX_POINT('',#16090);
#4936=VERTEX_POINT('',#16096);
#4937=VERTEX_POINT('',#16098);
#4938=VERTEX_POINT('',#16102);
#4939=VERTEX_POINT('',#16104);
#4940=VERTEX_POINT('',#16108);
#4941=VERTEX_POINT('',#16110);
#4942=VERTEX_POINT('',#16114);
#4943=VERTEX_POINT('',#16116);
#4944=VERTEX_POINT('',#16120);
#4945=VERTEX_POINT('',#16122);
#4946=VERTEX_POINT('',#16126);
#4947=VERTEX_POINT('',#16127);
#4948=VERTEX_POINT('',#16129);
#4949=VERTEX_POINT('',#16134);
#4950=VERTEX_POINT('',#16136);
#4951=VERTEX_POINT('',#16140);
#4952=VERTEX_POINT('',#16142);
#4953=VERTEX_POINT('',#16146);
#4954=VERTEX_POINT('',#16148);
#4955=VERTEX_POINT('',#16152);
#4956=VERTEX_POINT('',#16153);
#4957=VERTEX_POINT('',#16158);
#4958=VERTEX_POINT('',#16159);
#4959=VERTEX_POINT('',#16164);
#4960=VERTEX_POINT('',#16170);
#4961=VERTEX_POINT('',#16176);
#4962=VERTEX_POINT('',#16183);
#4963=VERTEX_POINT('',#16188);
#4964=VERTEX_POINT('',#16190);
#4965=VERTEX_POINT('',#16198);
#4966=VERTEX_POINT('',#16199);
#4967=VERTEX_POINT('',#16201);
#4968=VERTEX_POINT('',#16203);
#4969=VERTEX_POINT('',#16205);
#4970=VERTEX_POINT('',#16207);
#4971=VERTEX_POINT('',#16209);
#4972=VERTEX_POINT('',#16211);
#4973=VERTEX_POINT('',#16213);
#4974=VERTEX_POINT('',#16215);
#4975=VERTEX_POINT('',#16217);
#4976=VERTEX_POINT('',#16219);
#4977=VERTEX_POINT('',#16221);
#4978=VERTEX_POINT('',#16223);
#4979=VERTEX_POINT('',#16225);
#4980=VERTEX_POINT('',#16227);
#4981=VERTEX_POINT('',#16230);
#4982=VERTEX_POINT('',#16232);
#4983=VERTEX_POINT('',#16234);
#4984=VERTEX_POINT('',#16236);
#4985=VERTEX_POINT('',#16238);
#4986=VERTEX_POINT('',#16240);
#4987=VERTEX_POINT('',#16242);
#4988=VERTEX_POINT('',#16244);
#4989=VERTEX_POINT('',#16246);
#4990=VERTEX_POINT('',#16248);
#4991=VERTEX_POINT('',#16250);
#4992=VERTEX_POINT('',#16253);
#4993=VERTEX_POINT('',#16255);
#4994=VERTEX_POINT('',#16259);
#4995=VERTEX_POINT('',#16261);
#4996=VERTEX_POINT('',#16275);
#4997=VERTEX_POINT('',#16325);
#4998=VERTEX_POINT('',#16327);
#4999=VERTEX_POINT('',#16332);
#5000=VERTEX_POINT('',#16334);
#5001=VERTEX_POINT('',#16345);
#5002=VERTEX_POINT('',#16349);
#5003=VERTEX_POINT('',#16374);
#5004=VERTEX_POINT('',#16375);
#5005=VERTEX_POINT('',#16380);
#5006=VERTEX_POINT('',#16426);
#5007=VERTEX_POINT('',#16427);
#5008=VERTEX_POINT('',#16432);
#5009=VERTEX_POINT('',#16436);
#5010=VERTEX_POINT('',#16440);
#5011=VERTEX_POINT('',#16444);
#5012=VERTEX_POINT('',#16451);
#5013=VERTEX_POINT('',#16456);
#5014=VERTEX_POINT('',#16463);
#5015=VERTEX_POINT('',#16470);
#5016=VERTEX_POINT('',#16471);
#5017=VERTEX_POINT('',#16491);
#5018=VERTEX_POINT('',#16493);
#5019=VERTEX_POINT('',#16508);
#5020=VERTEX_POINT('',#16510);
#5021=VERTEX_POINT('',#16514);
#5022=VERTEX_POINT('',#16516);
#5023=VERTEX_POINT('',#16544);
#5024=VERTEX_POINT('',#16549);
#5025=VERTEX_POINT('',#16555);
#5026=VERTEX_POINT('',#16557);
#5027=VERTEX_POINT('',#16564);
#5028=VERTEX_POINT('',#16566);
#5029=VERTEX_POINT('',#16574);
#5030=VERTEX_POINT('',#16580);
#5031=VERTEX_POINT('',#16586);
#5032=VERTEX_POINT('',#16592);
#5033=VERTEX_POINT('',#16598);
#5034=VERTEX_POINT('',#16605);
#5035=VERTEX_POINT('',#16613);
#5036=VERTEX_POINT('',#16619);
#5037=VERTEX_POINT('',#16625);
#5038=VERTEX_POINT('',#16627);
#5039=VERTEX_POINT('',#16630);
#5040=VERTEX_POINT('',#16632);
#5041=VERTEX_POINT('',#16636);
#5042=VERTEX_POINT('',#16646);
#5043=VERTEX_POINT('',#16652);
#5044=VERTEX_POINT('',#16654);
#5045=VERTEX_POINT('',#16657);
#5046=VERTEX_POINT('',#16672);
#5047=VERTEX_POINT('',#16676);
#5048=VERTEX_POINT('',#16681);
#5049=VERTEX_POINT('',#16690);
#5050=VERTEX_POINT('',#16691);
#5051=VERTEX_POINT('',#16693);
#5052=VERTEX_POINT('',#16695);
#5053=VERTEX_POINT('',#16697);
#5054=VERTEX_POINT('',#16699);
#5055=VERTEX_POINT('',#16701);
#5056=VERTEX_POINT('',#16703);
#5057=VERTEX_POINT('',#16705);
#5058=VERTEX_POINT('',#16707);
#5059=VERTEX_POINT('',#16709);
#5060=VERTEX_POINT('',#16711);
#5061=VERTEX_POINT('',#16713);
#5062=VERTEX_POINT('',#16715);
#5063=VERTEX_POINT('',#16717);
#5064=VERTEX_POINT('',#16719);
#5065=VERTEX_POINT('',#16730);
#5066=VERTEX_POINT('',#16734);
#5067=VERTEX_POINT('',#16742);
#5068=VERTEX_POINT('',#16750);
#5069=VERTEX_POINT('',#16774);
#5070=VERTEX_POINT('',#16776);
#5071=VERTEX_POINT('',#16780);
#5072=VERTEX_POINT('',#16805);
#5073=VERTEX_POINT('',#16806);
#5074=VERTEX_POINT('',#16856);
#5075=VERTEX_POINT('',#16857);
#5076=VERTEX_POINT('',#16862);
#5077=VERTEX_POINT('',#16866);
#5078=VERTEX_POINT('',#16870);
#5079=VERTEX_POINT('',#16874);
#5080=VERTEX_POINT('',#16881);
#5081=VERTEX_POINT('',#16886);
#5082=VERTEX_POINT('',#16893);
#5083=VERTEX_POINT('',#16900);
#5084=VERTEX_POINT('',#16901);
#5085=VERTEX_POINT('',#16921);
#5086=VERTEX_POINT('',#16923);
#5087=VERTEX_POINT('',#16938);
#5088=VERTEX_POINT('',#16942);
#5089=VERTEX_POINT('',#16946);
#5090=VERTEX_POINT('',#16950);
#5091=VERTEX_POINT('',#16952);
#5092=VERTEX_POINT('',#16954);
#5093=VERTEX_POINT('',#16956);
#5094=VERTEX_POINT('',#16958);
#5095=VERTEX_POINT('',#16960);
#5096=VERTEX_POINT('',#16962);
#5097=VERTEX_POINT('',#16964);
#5098=VERTEX_POINT('',#16966);
#5099=VERTEX_POINT('',#16968);
#5100=VERTEX_POINT('',#16970);
#5101=VERTEX_POINT('',#16972);
#5102=VERTEX_POINT('',#16974);
#5103=EDGE_CURVE('',#4211,#4212,#1223,.T.);
#5104=EDGE_CURVE('',#4211,#4213,#1224,.T.);
#5105=EDGE_CURVE('',#4213,#4214,#1225,.T.);
#5106=EDGE_CURVE('',#4212,#4214,#1226,.T.);
#5107=EDGE_CURVE('',#4215,#4216,#1227,.T.);
#5108=EDGE_CURVE('',#4215,#4217,#1228,.T.);
#5109=EDGE_CURVE('',#4217,#4218,#1229,.T.);
#5110=EDGE_CURVE('',#4216,#4218,#1230,.T.);
#5111=EDGE_CURVE('',#4219,#4220,#1231,.T.);
#5112=EDGE_CURVE('',#4221,#4219,#1232,.T.);
#5113=EDGE_CURVE('',#4221,#4220,#1233,.T.);
#5114=EDGE_CURVE('',#4218,#4222,#1234,.T.);
#5115=EDGE_CURVE('',#4223,#4217,#1235,.T.);
#5116=EDGE_CURVE('',#4220,#4223,#1236,.T.);
#5117=EDGE_CURVE('',#4222,#4221,#1237,.T.);
#5118=EDGE_CURVE('',#4224,#4225,#1238,.T.);
#5119=EDGE_CURVE('',#4224,#4226,#1239,.T.);
#5120=EDGE_CURVE('',#4226,#4227,#1240,.T.);
#5121=EDGE_CURVE('',#4225,#4227,#1241,.T.);
#5122=EDGE_CURVE('',#4228,#4229,#1242,.T.);
#5123=EDGE_CURVE('',#4228,#4230,#1243,.T.);
#5124=EDGE_CURVE('',#4230,#4231,#1244,.T.);
#5125=EDGE_CURVE('',#4229,#4231,#1245,.T.);
#5126=EDGE_CURVE('',#4232,#4233,#1246,.T.);
#5127=EDGE_CURVE('',#4232,#4234,#1247,.T.);
#5128=EDGE_CURVE('',#4234,#4235,#1248,.T.);
#5129=EDGE_CURVE('',#4233,#4235,#1249,.T.);
#5130=EDGE_CURVE('',#4236,#4237,#1250,.T.);
#5131=EDGE_CURVE('',#4236,#4238,#1251,.T.);
#5132=EDGE_CURVE('',#4238,#4239,#1252,.T.);
#5133=EDGE_CURVE('',#4237,#4239,#1253,.T.);
#5134=EDGE_CURVE('',#4240,#4241,#1254,.T.);
#5135=EDGE_CURVE('',#4241,#4242,#1255,.T.);
#5136=EDGE_CURVE('',#4242,#4240,#1256,.T.);
#5137=EDGE_CURVE('',#4239,#4243,#1257,.T.);
#5138=EDGE_CURVE('',#4244,#4238,#1258,.T.);
#5139=EDGE_CURVE('',#4240,#4244,#1259,.T.);
#5140=EDGE_CURVE('',#4243,#4242,#1260,.T.);
#5141=EDGE_CURVE('',#4245,#4246,#1261,.T.);
#5142=EDGE_CURVE('',#4245,#4247,#1262,.T.);
#5143=EDGE_CURVE('',#4247,#4248,#1263,.T.);
#5144=EDGE_CURVE('',#4246,#4248,#1264,.T.);
#5145=EDGE_CURVE('',#4249,#4250,#1265,.T.);
#5146=EDGE_CURVE('',#4249,#4251,#1266,.T.);
#5147=EDGE_CURVE('',#4251,#4252,#1267,.T.);
#5148=EDGE_CURVE('',#4250,#4252,#1268,.T.);
#5149=EDGE_CURVE('',#4253,#4254,#1269,.T.);
#5150=EDGE_CURVE('',#4254,#4255,#1270,.T.);
#5151=EDGE_CURVE('',#4256,#4255,#1271,.T.);
#5152=EDGE_CURVE('',#4257,#4256,#1272,.T.);
#5153=EDGE_CURVE('',#4257,#4258,#1273,.T.);
#5154=EDGE_CURVE('',#4259,#4258,#1274,.T.);
#5155=EDGE_CURVE('',#4259,#4260,#1275,.T.);
#5156=EDGE_CURVE('',#4260,#4261,#1276,.T.);
#5157=EDGE_CURVE('',#4261,#4262,#1277,.T.);
#5158=EDGE_CURVE('',#4262,#4263,#1278,.T.);
#5159=EDGE_CURVE('',#4263,#4264,#1279,.T.);
#5160=EDGE_CURVE('',#4265,#4264,#1280,.T.);
#5161=EDGE_CURVE('',#4265,#4266,#1281,.T.);
#5162=EDGE_CURVE('',#4267,#4266,#1282,.T.);
#5163=EDGE_CURVE('',#4268,#4267,#1283,.T.);
#5164=EDGE_CURVE('',#4269,#4268,#1284,.T.);
#5165=EDGE_CURVE('',#4269,#4253,#1285,.T.);
#5166=EDGE_CURVE('',#4270,#4271,#1286,.T.);
#5167=EDGE_CURVE('',#4271,#4272,#1287,.T.);
#5168=EDGE_CURVE('',#4273,#4272,#1288,.T.);
#5169=EDGE_CURVE('',#4274,#4273,#1289,.T.);
#5170=EDGE_CURVE('',#4274,#4275,#1290,.T.);
#5171=EDGE_CURVE('',#4275,#4276,#1291,.T.);
#5172=EDGE_CURVE('',#4277,#4276,#1292,.T.);
#5173=EDGE_CURVE('',#4278,#4277,#1293,.T.);
#5174=EDGE_CURVE('',#4279,#4278,#1294,.T.);
#5175=EDGE_CURVE('',#4280,#4279,#1295,.T.);
#5176=EDGE_CURVE('',#4281,#4280,#1296,.T.);
#5177=EDGE_CURVE('',#4282,#4281,#1297,.T.);
#5178=EDGE_CURVE('',#4282,#4283,#1298,.T.);
#5179=EDGE_CURVE('',#4283,#4284,#1299,.T.);
#5180=EDGE_CURVE('',#4284,#4285,#1300,.T.);
#5181=EDGE_CURVE('',#4285,#4286,#1301,.T.);
#5182=EDGE_CURVE('',#4270,#4286,#1302,.T.);
#5183=EDGE_CURVE('',#4287,#4221,#1303,.T.);
#5184=EDGE_CURVE('',#4288,#4287,#1304,.T.);
#5185=EDGE_CURVE('',#4288,#4289,#1305,.T.);
#5186=EDGE_CURVE('',#4289,#4290,#1306,.T.);
#5187=EDGE_CURVE('',#4291,#4290,#1307,.T.);
#5188=EDGE_CURVE('',#4292,#4291,#1308,.T.);
#5189=EDGE_CURVE('',#4293,#4292,#1309,.T.);
#5190=EDGE_CURVE('',#4294,#4293,#1310,.T.);
#5191=EDGE_CURVE('',#4295,#4294,#1311,.T.);
#5192=EDGE_CURVE('',#4296,#4295,#1312,.T.);
#5193=EDGE_CURVE('',#4296,#4297,#1313,.T.);
#5194=EDGE_CURVE('',#4297,#4298,#1314,.T.);
#5195=EDGE_CURVE('',#4298,#4299,#1315,.T.);
#5196=EDGE_CURVE('',#4299,#4300,#1316,.T.);
#5197=EDGE_CURVE('',#4301,#4300,#1317,.T.);
#5198=EDGE_CURVE('',#4301,#4222,#1318,.T.);
#5199=EDGE_CURVE('',#4223,#4302,#1319,.T.);
#5200=EDGE_CURVE('',#4302,#4303,#1320,.T.);
#5201=EDGE_CURVE('',#4304,#4303,#1321,.T.);
#5202=EDGE_CURVE('',#4305,#4304,#1322,.T.);
#5203=EDGE_CURVE('',#4305,#4306,#1323,.T.);
#5204=EDGE_CURVE('',#4307,#4306,#1324,.T.);
#5205=EDGE_CURVE('',#4307,#4308,#1325,.T.);
#5206=EDGE_CURVE('',#4308,#4309,#1326,.T.);
#5207=EDGE_CURVE('',#4309,#4310,#1327,.T.);
#5208=EDGE_CURVE('',#4310,#4311,#1328,.T.);
#5209=EDGE_CURVE('',#4311,#4312,#1329,.T.);
#5210=EDGE_CURVE('',#4313,#4312,#1330,.T.);
#5211=EDGE_CURVE('',#4313,#4314,#1331,.T.);
#5212=EDGE_CURVE('',#4315,#4314,#1332,.T.);
#5213=EDGE_CURVE('',#4316,#4315,#1333,.T.);
#5214=EDGE_CURVE('',#4220,#4316,#1334,.T.);
#5215=EDGE_CURVE('',#4317,#4318,#1335,.T.);
#5216=EDGE_CURVE('',#4318,#4319,#1336,.T.);
#5217=EDGE_CURVE('',#4320,#4319,#1337,.T.);
#5218=EDGE_CURVE('',#4321,#4320,#1338,.T.);
#5219=EDGE_CURVE('',#4321,#4322,#1339,.T.);
#5220=EDGE_CURVE('',#4322,#4323,#1340,.T.);
#5221=EDGE_CURVE('',#4323,#4324,#1341,.T.);
#5222=EDGE_CURVE('',#4324,#4325,#1342,.T.);
#5223=EDGE_CURVE('',#4325,#4326,#1343,.T.);
#5224=EDGE_CURVE('',#4326,#4327,#1344,.T.);
#5225=EDGE_CURVE('',#4327,#4328,#1345,.T.);
#5226=EDGE_CURVE('',#4328,#4329,#1346,.T.);
#5227=EDGE_CURVE('',#4329,#4330,#1347,.T.);
#5228=EDGE_CURVE('',#4331,#4330,#1348,.T.);
#5229=EDGE_CURVE('',#4331,#4332,#1349,.T.);
#5230=EDGE_CURVE('',#4332,#4333,#1350,.T.);
#5231=EDGE_CURVE('',#4333,#4317,#1351,.T.);
#5232=EDGE_CURVE('',#4334,#4335,#1352,.T.);
#5233=EDGE_CURVE('',#4335,#4336,#1353,.T.);
#5234=EDGE_CURVE('',#4336,#4337,#1354,.T.);
#5235=EDGE_CURVE('',#4337,#4338,#1355,.T.);
#5236=EDGE_CURVE('',#4338,#4339,#1356,.T.);
#5237=EDGE_CURVE('',#4339,#4340,#1357,.T.);
#5238=EDGE_CURVE('',#4340,#4341,#1358,.T.);
#5239=EDGE_CURVE('',#4341,#4342,#1359,.T.);
#5240=EDGE_CURVE('',#4343,#4342,#1360,.T.);
#5241=EDGE_CURVE('',#4344,#4343,#1361,.T.);
#5242=EDGE_CURVE('',#4345,#4344,#1362,.T.);
#5243=EDGE_CURVE('',#4346,#4345,#1363,.T.);
#5244=EDGE_CURVE('',#4346,#4347,#1364,.T.);
#5245=EDGE_CURVE('',#4347,#4348,#1365,.T.);
#5246=EDGE_CURVE('',#4348,#4349,#1366,.T.);
#5247=EDGE_CURVE('',#4350,#4349,#1367,.T.);
#5248=EDGE_CURVE('',#4334,#4350,#1368,.T.);
#5249=EDGE_CURVE('',#4351,#4352,#1369,.T.);
#5250=EDGE_CURVE('',#4352,#4353,#1370,.T.);
#5251=EDGE_CURVE('',#4354,#4353,#1371,.T.);
#5252=EDGE_CURVE('',#4355,#4354,#1372,.T.);
#5253=EDGE_CURVE('',#4355,#4356,#1373,.T.);
#5254=EDGE_CURVE('',#4356,#4357,#1374,.T.);
#5255=EDGE_CURVE('',#4357,#4358,#1375,.T.);
#5256=EDGE_CURVE('',#4358,#4359,#1376,.T.);
#5257=EDGE_CURVE('',#4359,#4360,#1377,.T.);
#5258=EDGE_CURVE('',#4360,#4361,#1378,.T.);
#5259=EDGE_CURVE('',#4361,#4362,#1379,.T.);
#5260=EDGE_CURVE('',#4362,#4363,#1380,.T.);
#5261=EDGE_CURVE('',#4363,#4364,#1381,.T.);
#5262=EDGE_CURVE('',#4365,#4364,#1382,.T.);
#5263=EDGE_CURVE('',#4365,#4366,#1383,.T.);
#5264=EDGE_CURVE('',#4366,#4367,#1384,.T.);
#5265=EDGE_CURVE('',#4367,#4351,#1385,.T.);
#5266=EDGE_CURVE('',#4368,#4369,#1386,.T.);
#5267=EDGE_CURVE('',#4369,#4370,#1387,.T.);
#5268=EDGE_CURVE('',#4370,#4371,#1388,.T.);
#5269=EDGE_CURVE('',#4371,#4372,#1389,.T.);
#5270=EDGE_CURVE('',#4372,#4373,#1390,.T.);
#5271=EDGE_CURVE('',#4373,#4374,#1391,.T.);
#5272=EDGE_CURVE('',#4374,#4375,#1392,.T.);
#5273=EDGE_CURVE('',#4375,#4376,#1393,.T.);
#5274=EDGE_CURVE('',#4377,#4376,#1394,.T.);
#5275=EDGE_CURVE('',#4378,#4377,#1395,.T.);
#5276=EDGE_CURVE('',#4379,#4378,#1396,.T.);
#5277=EDGE_CURVE('',#4380,#4379,#1397,.T.);
#5278=EDGE_CURVE('',#4380,#4381,#1398,.T.);
#5279=EDGE_CURVE('',#4381,#4382,#1399,.T.);
#5280=EDGE_CURVE('',#4382,#4383,#1400,.T.);
#5281=EDGE_CURVE('',#4384,#4383,#1401,.T.);
#5282=EDGE_CURVE('',#4368,#4384,#1402,.T.);
#5283=EDGE_CURVE('',#4385,#4386,#1403,.T.);
#5284=EDGE_CURVE('',#4386,#4387,#1404,.T.);
#5285=EDGE_CURVE('',#4388,#4387,#1405,.T.);
#5286=EDGE_CURVE('',#4389,#4388,#1406,.T.);
#5287=EDGE_CURVE('',#4389,#4390,#1407,.T.);
#5288=EDGE_CURVE('',#4390,#4391,#1408,.T.);
#5289=EDGE_CURVE('',#4391,#4392,#1409,.T.);
#5290=EDGE_CURVE('',#4392,#4393,#1410,.T.);
#5291=EDGE_CURVE('',#4393,#4394,#1411,.T.);
#5292=EDGE_CURVE('',#4394,#4395,#1412,.T.);
#5293=EDGE_CURVE('',#4395,#4396,#1413,.T.);
#5294=EDGE_CURVE('',#4396,#4397,#1414,.T.);
#5295=EDGE_CURVE('',#4397,#4398,#1415,.T.);
#5296=EDGE_CURVE('',#4399,#4398,#1416,.T.);
#5297=EDGE_CURVE('',#4399,#4400,#1417,.T.);
#5298=EDGE_CURVE('',#4400,#4401,#1418,.T.);
#5299=EDGE_CURVE('',#4401,#4385,#1419,.T.);
#5300=EDGE_CURVE('',#4402,#4403,#1420,.T.);
#5301=EDGE_CURVE('',#4403,#4404,#1421,.T.);
#5302=EDGE_CURVE('',#4404,#4405,#1422,.T.);
#5303=EDGE_CURVE('',#4405,#4406,#1423,.T.);
#5304=EDGE_CURVE('',#4406,#4407,#1424,.T.);
#5305=EDGE_CURVE('',#4407,#4408,#1425,.T.);
#5306=EDGE_CURVE('',#4408,#4409,#1426,.T.);
#5307=EDGE_CURVE('',#4409,#4410,#1427,.T.);
#5308=EDGE_CURVE('',#4411,#4410,#1428,.T.);
#5309=EDGE_CURVE('',#4412,#4411,#1429,.T.);
#5310=EDGE_CURVE('',#4413,#4412,#1430,.T.);
#5311=EDGE_CURVE('',#4414,#4413,#1431,.T.);
#5312=EDGE_CURVE('',#4414,#4415,#1432,.T.);
#5313=EDGE_CURVE('',#4415,#4416,#1433,.T.);
#5314=EDGE_CURVE('',#4416,#4417,#1434,.T.);
#5315=EDGE_CURVE('',#4418,#4417,#1435,.T.);
#5316=EDGE_CURVE('',#4402,#4418,#1436,.T.);
#5317=EDGE_CURVE('',#4242,#4419,#1437,.T.);
#5318=EDGE_CURVE('',#4419,#4420,#1438,.T.);
#5319=EDGE_CURVE('',#4420,#4421,#1439,.T.);
#5320=EDGE_CURVE('',#4421,#4422,#1440,.T.);
#5321=EDGE_CURVE('',#4422,#4423,#1441,.T.);
#5322=EDGE_CURVE('',#4423,#4424,#1442,.T.);
#5323=EDGE_CURVE('',#4425,#4424,#1443,.T.);
#5324=EDGE_CURVE('',#4426,#4425,#1444,.T.);
#5325=EDGE_CURVE('',#4427,#4426,#1445,.T.);
#5326=EDGE_CURVE('',#4428,#4427,#1446,.T.);
#5327=EDGE_CURVE('',#4428,#4429,#1447,.T.);
#5328=EDGE_CURVE('',#4429,#4430,#1448,.T.);
#5329=EDGE_CURVE('',#4430,#4431,#1449,.T.);
#5330=EDGE_CURVE('',#4432,#4431,#1450,.T.);
#5331=EDGE_CURVE('',#4433,#4432,#1451,.T.);
#5332=EDGE_CURVE('',#4433,#4243,#1452,.T.);
#5333=EDGE_CURVE('',#4244,#4434,#1453,.T.);
#5334=EDGE_CURVE('',#4434,#4435,#1454,.T.);
#5335=EDGE_CURVE('',#4436,#4435,#1455,.T.);
#5336=EDGE_CURVE('',#4437,#4436,#1456,.T.);
#5337=EDGE_CURVE('',#4437,#4438,#1457,.T.);
#5338=EDGE_CURVE('',#4438,#4439,#1458,.T.);
#5339=EDGE_CURVE('',#4439,#4440,#1459,.T.);
#5340=EDGE_CURVE('',#4440,#4441,#1460,.T.);
#5341=EDGE_CURVE('',#4441,#4442,#1461,.T.);
#5342=EDGE_CURVE('',#4442,#4443,#1462,.T.);
#5343=EDGE_CURVE('',#4443,#4444,#1463,.T.);
#5344=EDGE_CURVE('',#4444,#4445,#1464,.T.);
#5345=EDGE_CURVE('',#4445,#4446,#1465,.T.);
#5346=EDGE_CURVE('',#4447,#4446,#1466,.T.);
#5347=EDGE_CURVE('',#4447,#4448,#1467,.T.);
#5348=EDGE_CURVE('',#4448,#4240,#1468,.T.);
#5349=EDGE_CURVE('',#4449,#4450,#1469,.T.);
#5350=EDGE_CURVE('',#4450,#4451,#1470,.T.);
#5351=EDGE_CURVE('',#4452,#4451,#1471,.T.);
#5352=EDGE_CURVE('',#4453,#4452,#1472,.T.);
#5353=EDGE_CURVE('',#4453,#4454,#1473,.T.);
#5354=EDGE_CURVE('',#4455,#4454,#1474,.T.);
#5355=EDGE_CURVE('',#4455,#4456,#1475,.T.);
#5356=EDGE_CURVE('',#4456,#4457,#1476,.T.);
#5357=EDGE_CURVE('',#4457,#4458,#1477,.T.);
#5358=EDGE_CURVE('',#4458,#4459,#1478,.T.);
#5359=EDGE_CURVE('',#4459,#4460,#1479,.T.);
#5360=EDGE_CURVE('',#4461,#4460,#1480,.T.);
#5361=EDGE_CURVE('',#4461,#4462,#1481,.T.);
#5362=EDGE_CURVE('',#4463,#4462,#1482,.T.);
#5363=EDGE_CURVE('',#4464,#4463,#1483,.T.);
#5364=EDGE_CURVE('',#4465,#4464,#1484,.T.);
#5365=EDGE_CURVE('',#4465,#4449,#1485,.T.);
#5366=EDGE_CURVE('',#4466,#4467,#1486,.T.);
#5367=EDGE_CURVE('',#4467,#4468,#1487,.T.);
#5368=EDGE_CURVE('',#4469,#4468,#1488,.T.);
#5369=EDGE_CURVE('',#4470,#4469,#1489,.T.);
#5370=EDGE_CURVE('',#4470,#4471,#1490,.T.);
#5371=EDGE_CURVE('',#4471,#4472,#1491,.T.);
#5372=EDGE_CURVE('',#4473,#4472,#1492,.T.);
#5373=EDGE_CURVE('',#4474,#4473,#1493,.T.);
#5374=EDGE_CURVE('',#4475,#4474,#1494,.T.);
#5375=EDGE_CURVE('',#4476,#4475,#1495,.T.);
#5376=EDGE_CURVE('',#4477,#4476,#1496,.T.);
#5377=EDGE_CURVE('',#4478,#4477,#1497,.T.);
#5378=EDGE_CURVE('',#4478,#4479,#1498,.T.);
#5379=EDGE_CURVE('',#4479,#4480,#1499,.T.);
#5380=EDGE_CURVE('',#4480,#4481,#1500,.T.);
#5381=EDGE_CURVE('',#4481,#4482,#1501,.T.);
#5382=EDGE_CURVE('',#4466,#4482,#1502,.T.);
#5383=EDGE_CURVE('',#4483,#4484,#1503,.T.);
#5384=EDGE_CURVE('',#4484,#4485,#1504,.T.);
#5385=EDGE_CURVE('',#4485,#4486,#1505,.T.);
#5386=EDGE_CURVE('',#4486,#4487,#1506,.T.);
#5387=EDGE_CURVE('',#4487,#4488,#1507,.T.);
#5388=EDGE_CURVE('',#4488,#4489,#1508,.T.);
#5389=EDGE_CURVE('',#4489,#4490,#1509,.T.);
#5390=EDGE_CURVE('',#4490,#4491,#1510,.T.);
#5391=EDGE_CURVE('',#4491,#4492,#1511,.T.);
#5392=EDGE_CURVE('',#4492,#4493,#1512,.T.);
#5393=EDGE_CURVE('',#4494,#4493,#1513,.T.);
#5394=EDGE_CURVE('',#4495,#4494,#1514,.T.);
#5395=EDGE_CURVE('',#4496,#4495,#1515,.T.);
#5396=EDGE_CURVE('',#4497,#4496,#1516,.T.);
#5397=EDGE_CURVE('',#4497,#4498,#1517,.T.);
#5398=EDGE_CURVE('',#4499,#4498,#1518,.T.);
#5399=EDGE_CURVE('',#4500,#4499,#1519,.T.);
#5400=EDGE_CURVE('',#4501,#4500,#1520,.T.);
#5401=EDGE_CURVE('',#4502,#4501,#1521,.T.);
#5402=EDGE_CURVE('',#4502,#4503,#1522,.T.);
#5403=EDGE_CURVE('',#4504,#4503,#1523,.T.);
#5404=EDGE_CURVE('',#4505,#4504,#1524,.T.);
#5405=EDGE_CURVE('',#4506,#4505,#1525,.T.);
#5406=EDGE_CURVE('',#4507,#4506,#1526,.T.);
#5407=EDGE_CURVE('',#4507,#4508,#1527,.T.);
#5408=EDGE_CURVE('',#4509,#4508,#1528,.T.);
#5409=EDGE_CURVE('',#4510,#4509,#1529,.T.);
#5410=EDGE_CURVE('',#4511,#4510,#1530,.T.);
#5411=EDGE_CURVE('',#4512,#4511,#1531,.T.);
#5412=EDGE_CURVE('',#4512,#4513,#1532,.T.);
#5413=EDGE_CURVE('',#4513,#4514,#1533,.T.);
#5414=EDGE_CURVE('',#4514,#4515,#1534,.T.);
#5415=EDGE_CURVE('',#4515,#4516,#1535,.T.);
#5416=EDGE_CURVE('',#4516,#4517,#1536,.T.);
#5417=EDGE_CURVE('',#4517,#4518,#1537,.T.);
#5418=EDGE_CURVE('',#4518,#4483,#1538,.T.);
#5419=EDGE_CURVE('',#4519,#4520,#1539,.T.);
#5420=EDGE_CURVE('',#4520,#4521,#1540,.T.);
#5421=EDGE_CURVE('',#4521,#4522,#1541,.T.);
#5422=EDGE_CURVE('',#4522,#4523,#1542,.T.);
#5423=EDGE_CURVE('',#4523,#4524,#1543,.T.);
#5424=EDGE_CURVE('',#4524,#4525,#1544,.T.);
#5425=EDGE_CURVE('',#4526,#4525,#1545,.T.);
#5426=EDGE_CURVE('',#4527,#4526,#1546,.T.);
#5427=EDGE_CURVE('',#4527,#4528,#1547,.T.);
#5428=EDGE_CURVE('',#4528,#4529,#1548,.T.);
#5429=EDGE_CURVE('',#4530,#4529,#1549,.T.);
#5430=EDGE_CURVE('',#4531,#4530,#1550,.T.);
#5431=EDGE_CURVE('',#4532,#4531,#1551,.T.);
#5432=EDGE_CURVE('',#4533,#4532,#1552,.T.);
#5433=EDGE_CURVE('',#4534,#4533,#1553,.T.);
#5434=EDGE_CURVE('',#4535,#4534,#1554,.T.);
#5435=EDGE_CURVE('',#4536,#4535,#1555,.T.);
#5436=EDGE_CURVE('',#4537,#4536,#1556,.T.);
#5437=EDGE_CURVE('',#4538,#4537,#1557,.T.);
#5438=EDGE_CURVE('',#4539,#4538,#1558,.T.);
#5439=EDGE_CURVE('',#4540,#4539,#1559,.T.);
#5440=EDGE_CURVE('',#4541,#4540,#1560,.T.);
#5441=EDGE_CURVE('',#4542,#4541,#1561,.T.);
#5442=EDGE_CURVE('',#4519,#4542,#1562,.T.);
#5443=EDGE_CURVE('',#4543,#4544,#1563,.T.);
#5444=EDGE_CURVE('',#4544,#4545,#1564,.T.);
#5445=EDGE_CURVE('',#4545,#4546,#1565,.T.);
#5446=EDGE_CURVE('',#4546,#4547,#1566,.T.);
#5447=EDGE_CURVE('',#4547,#4548,#1567,.T.);
#5448=EDGE_CURVE('',#4548,#4549,#1568,.T.);
#5449=EDGE_CURVE('',#4550,#4549,#1569,.T.);
#5450=EDGE_CURVE('',#4551,#4550,#1570,.T.);
#5451=EDGE_CURVE('',#4551,#4552,#1571,.T.);
#5452=EDGE_CURVE('',#4552,#4553,#1572,.T.);
#5453=EDGE_CURVE('',#4554,#4553,#1573,.T.);
#5454=EDGE_CURVE('',#4555,#4554,#1574,.T.);
#5455=EDGE_CURVE('',#4556,#4555,#1575,.T.);
#5456=EDGE_CURVE('',#4557,#4556,#1576,.T.);
#5457=EDGE_CURVE('',#4558,#4557,#1577,.T.);
#5458=EDGE_CURVE('',#4559,#4558,#1578,.T.);
#5459=EDGE_CURVE('',#4560,#4559,#1579,.T.);
#5460=EDGE_CURVE('',#4561,#4560,#1580,.T.);
#5461=EDGE_CURVE('',#4562,#4561,#1581,.T.);
#5462=EDGE_CURVE('',#4563,#4562,#1582,.T.);
#5463=EDGE_CURVE('',#4564,#4563,#1583,.T.);
#5464=EDGE_CURVE('',#4565,#4564,#1584,.T.);
#5465=EDGE_CURVE('',#4566,#4565,#1585,.T.);
#5466=EDGE_CURVE('',#4543,#4566,#1586,.T.);
#5467=EDGE_CURVE('',#4237,#4215,#1587,.T.);
#5468=EDGE_CURVE('',#4216,#4236,#1588,.T.);
#5469=EDGE_CURVE('',#4229,#4249,#1589,.T.);
#5470=EDGE_CURVE('',#4250,#4228,#1590,.T.);
#5471=EDGE_CURVE('',#4225,#4245,#1591,.T.);
#5472=EDGE_CURVE('',#4246,#4224,#1592,.T.);
#5473=EDGE_CURVE('',#4212,#4232,#1593,.T.);
#5474=EDGE_CURVE('',#4233,#4211,#1594,.T.);
#5475=EDGE_CURVE('',#4567,#4568,#1595,.T.);
#5476=EDGE_CURVE('',#4568,#4569,#1596,.T.);
#5477=EDGE_CURVE('',#4570,#4569,#1597,.T.);
#5478=EDGE_CURVE('',#4571,#4570,#1598,.T.);
#5479=EDGE_CURVE('',#4571,#4572,#1599,.T.);
#5480=EDGE_CURVE('',#4573,#4572,#1600,.T.);
#5481=EDGE_CURVE('',#4573,#4574,#1601,.T.);
#5482=EDGE_CURVE('',#4574,#4575,#1602,.T.);
#5483=EDGE_CURVE('',#4575,#4576,#1603,.T.);
#5484=EDGE_CURVE('',#4576,#4577,#1604,.T.);
#5485=EDGE_CURVE('',#4577,#4578,#1605,.T.);
#5486=EDGE_CURVE('',#4579,#4578,#1606,.T.);
#5487=EDGE_CURVE('',#4579,#4580,#1607,.T.);
#5488=EDGE_CURVE('',#4581,#4580,#1608,.T.);
#5489=EDGE_CURVE('',#4582,#4581,#1609,.T.);
#5490=EDGE_CURVE('',#4583,#4582,#1610,.T.);
#5491=EDGE_CURVE('',#4583,#4567,#1611,.T.);
#5492=EDGE_CURVE('',#4584,#4585,#1612,.T.);
#5493=EDGE_CURVE('',#4585,#4586,#1613,.T.);
#5494=EDGE_CURVE('',#4587,#4586,#1614,.T.);
#5495=EDGE_CURVE('',#4588,#4587,#1615,.T.);
#5496=EDGE_CURVE('',#4588,#4589,#1616,.T.);
#5497=EDGE_CURVE('',#4589,#4590,#1617,.T.);
#5498=EDGE_CURVE('',#4591,#4590,#1618,.T.);
#5499=EDGE_CURVE('',#4592,#4591,#1619,.T.);
#5500=EDGE_CURVE('',#4593,#4592,#1620,.T.);
#5501=EDGE_CURVE('',#4594,#4593,#1621,.T.);
#5502=EDGE_CURVE('',#4595,#4594,#1622,.T.);
#5503=EDGE_CURVE('',#4596,#4595,#1623,.T.);
#5504=EDGE_CURVE('',#4596,#4597,#1624,.T.);
#5505=EDGE_CURVE('',#4597,#4598,#1625,.T.);
#5506=EDGE_CURVE('',#4598,#4599,#1626,.T.);
#5507=EDGE_CURVE('',#4599,#4600,#1627,.T.);
#5508=EDGE_CURVE('',#4584,#4600,#1628,.T.);
#5509=EDGE_CURVE('',#4241,#4219,#1629,.T.);
#5510=EDGE_CURVE('',#4287,#4448,#1630,.T.);
#5511=EDGE_CURVE('',#4316,#4419,#1631,.T.);
#5512=EDGE_CURVE('',#4302,#4433,#1632,.T.);
#5513=EDGE_CURVE('',#4434,#4301,#1633,.T.);
#5514=EDGE_CURVE('',#4318,#4466,#1634,.T.);
#5515=EDGE_CURVE('',#4317,#4226,#1635,.T.);
#5516=EDGE_CURVE('',#4248,#4467,#1636,.T.);
#5517=EDGE_CURVE('',#4331,#4470,#1637,.T.);
#5518=EDGE_CURVE('',#4330,#4471,#1638,.T.);
#5519=EDGE_CURVE('',#4472,#4329,#1639,.T.);
#5520=EDGE_CURVE('',#4399,#4274,#1640,.T.);
#5521=EDGE_CURVE('',#4398,#4275,#1641,.T.);
#5522=EDGE_CURVE('',#4386,#4270,#1642,.T.);
#5523=EDGE_CURVE('',#4385,#4234,#1643,.T.);
#5524=EDGE_CURVE('',#4214,#4271,#1644,.T.);
#5525=EDGE_CURVE('',#4276,#4397,#1645,.T.);
#5526=EDGE_CURVE('',#4447,#4288,#1646,.T.);
#5527=EDGE_CURVE('',#4446,#4289,#1647,.T.);
#5528=EDGE_CURVE('',#4290,#4445,#1648,.T.);
#5529=EDGE_CURVE('',#4340,#4461,#1649,.T.);
#5530=EDGE_CURVE('',#4462,#4339,#1650,.T.);
#5531=EDGE_CURVE('',#4450,#4334,#1651,.T.);
#5532=EDGE_CURVE('',#4449,#4247,#1652,.T.);
#5533=EDGE_CURVE('',#4227,#4335,#1653,.T.);
#5534=EDGE_CURVE('',#4463,#4338,#1654,.T.);
#5535=EDGE_CURVE('',#4254,#4402,#1655,.T.);
#5536=EDGE_CURVE('',#4253,#4213,#1656,.T.);
#5537=EDGE_CURVE('',#4235,#4403,#1657,.T.);
#5538=EDGE_CURVE('',#4267,#4406,#1658,.T.);
#5539=EDGE_CURVE('',#4266,#4407,#1659,.T.);
#5540=EDGE_CURVE('',#4408,#4265,#1660,.T.);
#5541=EDGE_CURVE('',#4422,#4313,#1661,.T.);
#5542=EDGE_CURVE('',#4314,#4421,#1662,.T.);
#5543=EDGE_CURVE('',#4315,#4420,#1663,.T.);
#5544=EDGE_CURVE('',#4482,#4319,#1664,.T.);
#5545=EDGE_CURVE('',#4469,#4332,#1665,.T.);
#5546=EDGE_CURVE('',#4300,#4435,#1666,.T.);
#5547=EDGE_CURVE('',#4460,#4341,#1667,.T.);
#5548=EDGE_CURVE('',#4255,#4418,#1668,.T.);
#5549=EDGE_CURVE('',#4268,#4405,#1669,.T.);
#5550=EDGE_CURVE('',#4312,#4423,#1670,.T.);
#5551=EDGE_CURVE('',#4352,#4584,#1671,.T.);
#5552=EDGE_CURVE('',#4351,#4230,#1672,.T.);
#5553=EDGE_CURVE('',#4252,#4585,#1673,.T.);
#5554=EDGE_CURVE('',#4365,#4588,#1674,.T.);
#5555=EDGE_CURVE('',#4364,#4589,#1675,.T.);
#5556=EDGE_CURVE('',#4590,#4363,#1676,.T.);
#5557=EDGE_CURVE('',#4374,#4579,#1677,.T.);
#5558=EDGE_CURVE('',#4580,#4373,#1678,.T.);
#5559=EDGE_CURVE('',#4568,#4368,#1679,.T.);
#5560=EDGE_CURVE('',#4567,#4251,#1680,.T.);
#5561=EDGE_CURVE('',#4231,#4369,#1681,.T.);
#5562=EDGE_CURVE('',#4581,#4372,#1682,.T.);
#5563=EDGE_CURVE('',#4600,#4353,#1683,.T.);
#5564=EDGE_CURVE('',#4587,#4366,#1684,.T.);
#5565=EDGE_CURVE('',#4578,#4375,#1685,.T.);
#5566=EDGE_CURVE('',#4601,#4514,#1686,.T.);
#5567=EDGE_CURVE('',#4601,#4602,#1687,.T.);
#5568=EDGE_CURVE('',#4602,#4515,#1688,.T.);
#5569=EDGE_CURVE('',#4603,#4601,#1689,.T.);
#5570=EDGE_CURVE('',#4604,#4603,#1690,.T.);
#5571=EDGE_CURVE('',#4605,#4604,#1691,.T.);
#5572=EDGE_CURVE('',#4606,#4605,#1692,.T.);
#5573=EDGE_CURVE('',#4606,#4602,#1693,.T.);
#5574=EDGE_CURVE('',#4607,#4608,#1694,.T.);
#5575=EDGE_CURVE('',#4609,#4607,#1695,.T.);
#5576=EDGE_CURVE('',#4610,#4609,#1696,.T.);
#5577=EDGE_CURVE('',#4611,#4610,#1697,.T.);
#5578=EDGE_CURVE('',#4612,#4611,#1698,.T.);
#5579=EDGE_CURVE('',#4613,#4612,#1699,.T.);
#5580=EDGE_CURVE('',#4614,#4613,#1700,.T.);
#5581=EDGE_CURVE('',#4615,#4614,#1701,.T.);
#5582=EDGE_CURVE('',#4616,#4615,#1702,.T.);
#5583=EDGE_CURVE('',#4617,#4616,#1703,.T.);
#5584=EDGE_CURVE('',#4618,#4617,#1704,.T.);
#5585=EDGE_CURVE('',#4619,#4618,#1705,.T.);
#5586=EDGE_CURVE('',#4620,#4619,#1706,.T.);
#5587=EDGE_CURVE('',#4608,#4620,#1707,.T.);
#5588=EDGE_CURVE('',#4516,#4606,#1708,.T.);
#5589=EDGE_CURVE('',#4517,#4605,#1709,.T.);
#5590=EDGE_CURVE('',#4518,#4604,#1710,.T.);
#5591=EDGE_CURVE('',#4483,#4603,#1711,.T.);
#5592=EDGE_CURVE('',#4614,#4621,#1712,.T.);
#5593=EDGE_CURVE('',#4621,#4615,#1713,.T.);
#5594=EDGE_CURVE('',#4613,#4621,#1714,.T.);
#5595=EDGE_CURVE('',#4612,#4622,#1715,.T.);
#5596=EDGE_CURVE('',#4621,#4622,#1716,.T.);
#5597=EDGE_CURVE('',#4622,#4611,#1717,.T.);
#5598=EDGE_CURVE('',#4622,#4610,#1718,.T.);
#5599=EDGE_CURVE('',#4623,#4609,#1719,.T.);
#5600=EDGE_CURVE('',#4622,#4623,#1720,.T.);
#5601=EDGE_CURVE('',#4607,#4623,#1721,.T.);
#5602=EDGE_CURVE('',#4621,#4624,#1722,.T.);
#5603=EDGE_CURVE('',#4624,#4616,#1723,.T.);
#5604=EDGE_CURVE('',#4619,#4625,#1724,.T.);
#5605=EDGE_CURVE('',#4625,#4626,#1725,.T.);
#5606=EDGE_CURVE('',#4620,#4626,#1726,.T.);
#5607=EDGE_CURVE('',#4617,#4624,#1727,.T.);
#5608=EDGE_CURVE('',#4625,#4624,#1728,.T.);
#5609=EDGE_CURVE('',#4618,#4625,#1729,.T.);
#5610=EDGE_CURVE('',#4608,#4626,#1730,.T.);
#5611=EDGE_CURVE('',#4626,#4623,#1731,.T.);
#5612=EDGE_CURVE('',#4627,#4628,#1732,.T.);
#5613=EDGE_CURVE('',#4628,#4629,#1733,.T.);
#5614=EDGE_CURVE('',#4629,#4630,#1734,.T.);
#5615=EDGE_CURVE('',#4631,#4630,#1735,.T.);
#5616=EDGE_CURVE('',#4631,#4632,#1736,.T.);
#5617=EDGE_CURVE('',#4633,#4632,#1737,.T.);
#5618=EDGE_CURVE('',#4633,#4634,#1738,.T.);
#5619=EDGE_CURVE('',#4634,#4635,#1739,.T.);
#5620=EDGE_CURVE('',#4635,#4636,#1740,.T.);
#5621=EDGE_CURVE('',#4637,#4636,#1741,.T.);
#5622=EDGE_CURVE('',#4638,#4637,#1742,.T.);
#5623=EDGE_CURVE('',#4638,#4639,#1743,.T.);
#5624=EDGE_CURVE('',#4639,#4640,#1744,.T.);
#5625=EDGE_CURVE('',#4640,#4641,#1745,.T.);
#5626=EDGE_CURVE('',#4641,#4642,#1746,.T.);
#5627=EDGE_CURVE('',#4642,#4643,#1747,.T.);
#5628=EDGE_CURVE('',#4643,#4644,#1748,.T.);
#5629=EDGE_CURVE('',#4644,#4645,#1749,.T.);
#5630=EDGE_CURVE('',#4645,#4646,#1750,.T.);
#5631=EDGE_CURVE('',#4646,#4647,#1751,.T.);
#5632=EDGE_CURVE('',#4647,#4648,#1752,.T.);
#5633=EDGE_CURVE('',#4648,#4649,#1753,.T.);
#5634=EDGE_CURVE('',#4649,#4650,#1754,.T.);
#5635=EDGE_CURVE('',#4650,#4651,#1755,.T.);
#5636=EDGE_CURVE('',#4651,#4627,#1756,.T.);
#5637=EDGE_CURVE('',#4539,#4631,#1757,.T.);
#5638=EDGE_CURVE('',#4539,#4632,#1758,.T.);
#5639=EDGE_CURVE('',#4541,#4630,#1759,.T.);
#5640=EDGE_CURVE('',#4540,#4630,#1760,.T.);
#5641=EDGE_CURVE('',#4540,#4631,#1761,.T.);
#5642=EDGE_CURVE('',#4542,#4629,#1762,.T.);
#5643=EDGE_CURVE('',#4541,#4629,#1763,.T.);
#5644=EDGE_CURVE('',#4519,#4628,#1764,.T.);
#5645=EDGE_CURVE('',#4542,#4628,#1765,.T.);
#5646=EDGE_CURVE('',#4519,#4627,#1766,.T.);
#5647=EDGE_CURVE('',#4520,#4627,#1767,.T.);
#5648=EDGE_CURVE('',#4520,#4651,#1768,.T.);
#5649=EDGE_CURVE('',#4521,#4651,#1769,.T.);
#5650=EDGE_CURVE('',#4521,#4650,#1770,.T.);
#5651=EDGE_CURVE('',#4522,#4650,#1771,.T.);
#5652=EDGE_CURVE('',#4522,#4649,#1772,.T.);
#5653=EDGE_CURVE('',#4523,#4649,#1773,.T.);
#5654=EDGE_CURVE('',#4524,#4648,#1774,.T.);
#5655=EDGE_CURVE('',#4523,#4648,#1775,.T.);
#5656=EDGE_CURVE('',#4525,#4647,#1776,.T.);
#5657=EDGE_CURVE('',#4524,#4647,#1777,.T.);
#5658=EDGE_CURVE('',#4526,#4646,#1778,.T.);
#5659=EDGE_CURVE('',#4525,#4646,#1779,.T.);
#5660=EDGE_CURVE('',#4527,#4645,#1780,.T.);
#5661=EDGE_CURVE('',#4526,#4645,#1781,.T.);
#5662=EDGE_CURVE('',#4528,#4644,#1782,.T.);
#5663=EDGE_CURVE('',#4527,#4644,#1783,.T.);
#5664=EDGE_CURVE('',#4529,#4643,#1784,.T.);
#5665=EDGE_CURVE('',#4528,#4643,#1785,.T.);
#5666=EDGE_CURVE('',#4530,#4642,#1786,.T.);
#5667=EDGE_CURVE('',#4529,#4642,#1787,.T.);
#5668=EDGE_CURVE('',#4531,#4641,#1788,.T.);
#5669=EDGE_CURVE('',#4530,#4641,#1789,.T.);
#5670=EDGE_CURVE('',#4532,#4640,#1790,.T.);
#5671=EDGE_CURVE('',#4531,#4640,#1791,.T.);
#5672=EDGE_CURVE('',#4535,#4636,#1792,.T.);
#5673=EDGE_CURVE('',#4534,#4636,#1793,.T.);
#5674=EDGE_CURVE('',#4534,#4637,#1794,.T.);
#5675=EDGE_CURVE('',#4536,#4635,#1795,.T.);
#5676=EDGE_CURVE('',#4535,#4635,#1796,.T.);
#5677=EDGE_CURVE('',#4533,#4639,#1797,.T.);
#5678=EDGE_CURVE('',#4532,#4639,#1798,.T.);
#5679=EDGE_CURVE('',#4537,#4634,#1799,.T.);
#5680=EDGE_CURVE('',#4536,#4634,#1800,.T.);
#5681=EDGE_CURVE('',#4534,#4638,#1801,.T.);
#5682=EDGE_CURVE('',#4533,#4638,#1802,.T.);
#5683=EDGE_CURVE('',#4538,#4633,#1803,.T.);
#5684=EDGE_CURVE('',#4537,#4633,#1804,.T.);
#5685=EDGE_CURVE('',#4538,#4632,#1805,.T.);
#5686=EDGE_CURVE('',#4652,#4486,#1806,.T.);
#5687=EDGE_CURVE('',#4652,#4653,#1807,.T.);
#5688=EDGE_CURVE('',#4653,#4487,#1808,.T.);
#5689=EDGE_CURVE('',#4654,#4652,#1809,.T.);
#5690=EDGE_CURVE('',#4655,#4654,#1810,.T.);
#5691=EDGE_CURVE('',#4656,#4655,#1811,.T.);
#5692=EDGE_CURVE('',#4657,#4656,#1812,.T.);
#5693=EDGE_CURVE('',#4657,#4653,#1813,.T.);
#5694=EDGE_CURVE('',#4658,#4659,#1814,.T.);
#5695=EDGE_CURVE('',#4660,#4658,#1815,.T.);
#5696=EDGE_CURVE('',#4661,#4660,#1816,.T.);
#5697=EDGE_CURVE('',#4662,#4661,#1817,.T.);
#5698=EDGE_CURVE('',#4663,#4662,#1818,.T.);
#5699=EDGE_CURVE('',#4664,#4663,#1819,.T.);
#5700=EDGE_CURVE('',#4665,#4664,#1820,.T.);
#5701=EDGE_CURVE('',#4666,#4665,#1821,.T.);
#5702=EDGE_CURVE('',#4667,#4666,#1822,.T.);
#5703=EDGE_CURVE('',#4668,#4667,#1823,.T.);
#5704=EDGE_CURVE('',#4669,#4668,#1824,.T.);
#5705=EDGE_CURVE('',#4670,#4669,#1825,.T.);
#5706=EDGE_CURVE('',#4671,#4670,#1826,.T.);
#5707=EDGE_CURVE('',#4659,#4671,#1827,.T.);
#5708=EDGE_CURVE('',#4488,#4657,#1828,.T.);
#5709=EDGE_CURVE('',#4489,#4656,#1829,.T.);
#5710=EDGE_CURVE('',#4490,#4655,#1830,.T.);
#5711=EDGE_CURVE('',#4491,#4654,#1831,.T.);
#5712=EDGE_CURVE('',#4665,#4672,#1832,.T.);
#5713=EDGE_CURVE('',#4672,#4666,#1833,.T.);
#5714=EDGE_CURVE('',#4664,#4672,#1834,.T.);
#5715=EDGE_CURVE('',#4663,#4673,#1835,.T.);
#5716=EDGE_CURVE('',#4672,#4673,#1836,.T.);
#5717=EDGE_CURVE('',#4673,#4662,#1837,.T.);
#5718=EDGE_CURVE('',#4673,#4661,#1838,.T.);
#5719=EDGE_CURVE('',#4674,#4660,#1839,.T.);
#5720=EDGE_CURVE('',#4673,#4674,#1840,.T.);
#5721=EDGE_CURVE('',#4658,#4674,#1841,.T.);
#5722=EDGE_CURVE('',#4672,#4675,#1842,.T.);
#5723=EDGE_CURVE('',#4675,#4667,#1843,.T.);
#5724=EDGE_CURVE('',#4670,#4676,#1844,.T.);
#5725=EDGE_CURVE('',#4676,#4677,#1845,.T.);
#5726=EDGE_CURVE('',#4671,#4677,#1846,.T.);
#5727=EDGE_CURVE('',#4668,#4675,#1847,.T.);
#5728=EDGE_CURVE('',#4676,#4675,#1848,.T.);
#5729=EDGE_CURVE('',#4669,#4676,#1849,.T.);
#5730=EDGE_CURVE('',#4659,#4677,#1850,.T.);
#5731=EDGE_CURVE('',#4677,#4674,#1851,.T.);
#5732=EDGE_CURVE('',#4678,#4679,#1852,.T.);
#5733=EDGE_CURVE('',#4679,#4680,#1853,.T.);
#5734=EDGE_CURVE('',#4680,#4681,#1854,.T.);
#5735=EDGE_CURVE('',#4682,#4681,#1855,.T.);
#5736=EDGE_CURVE('',#4682,#4683,#1856,.T.);
#5737=EDGE_CURVE('',#4684,#4683,#1857,.T.);
#5738=EDGE_CURVE('',#4684,#4685,#1858,.T.);
#5739=EDGE_CURVE('',#4685,#4686,#1859,.T.);
#5740=EDGE_CURVE('',#4686,#4687,#1860,.T.);
#5741=EDGE_CURVE('',#4688,#4687,#1861,.T.);
#5742=EDGE_CURVE('',#4689,#4688,#1862,.T.);
#5743=EDGE_CURVE('',#4689,#4690,#1863,.T.);
#5744=EDGE_CURVE('',#4690,#4691,#1864,.T.);
#5745=EDGE_CURVE('',#4691,#4692,#1865,.T.);
#5746=EDGE_CURVE('',#4692,#4693,#1866,.T.);
#5747=EDGE_CURVE('',#4693,#4694,#1867,.T.);
#5748=EDGE_CURVE('',#4694,#4695,#1868,.T.);
#5749=EDGE_CURVE('',#4695,#4696,#1869,.T.);
#5750=EDGE_CURVE('',#4696,#4697,#1870,.T.);
#5751=EDGE_CURVE('',#4697,#4698,#1871,.T.);
#5752=EDGE_CURVE('',#4698,#4699,#1872,.T.);
#5753=EDGE_CURVE('',#4699,#4700,#1873,.T.);
#5754=EDGE_CURVE('',#4700,#4701,#1874,.T.);
#5755=EDGE_CURVE('',#4701,#4702,#1875,.T.);
#5756=EDGE_CURVE('',#4702,#4678,#1876,.T.);
#5757=EDGE_CURVE('',#4563,#4682,#1877,.T.);
#5758=EDGE_CURVE('',#4563,#4683,#1878,.T.);
#5759=EDGE_CURVE('',#4565,#4681,#1879,.T.);
#5760=EDGE_CURVE('',#4564,#4681,#1880,.T.);
#5761=EDGE_CURVE('',#4564,#4682,#1881,.T.);
#5762=EDGE_CURVE('',#4566,#4680,#1882,.T.);
#5763=EDGE_CURVE('',#4565,#4680,#1883,.T.);
#5764=EDGE_CURVE('',#4543,#4679,#1884,.T.);
#5765=EDGE_CURVE('',#4566,#4679,#1885,.T.);
#5766=EDGE_CURVE('',#4543,#4678,#1886,.T.);
#5767=EDGE_CURVE('',#4544,#4678,#1887,.T.);
#5768=EDGE_CURVE('',#4544,#4702,#1888,.T.);
#5769=EDGE_CURVE('',#4545,#4702,#1889,.T.);
#5770=EDGE_CURVE('',#4545,#4701,#1890,.T.);
#5771=EDGE_CURVE('',#4546,#4701,#1891,.T.);
#5772=EDGE_CURVE('',#4546,#4700,#1892,.T.);
#5773=EDGE_CURVE('',#4547,#4700,#1893,.T.);
#5774=EDGE_CURVE('',#4548,#4699,#1894,.T.);
#5775=EDGE_CURVE('',#4547,#4699,#1895,.T.);
#5776=EDGE_CURVE('',#4549,#4698,#1896,.T.);
#5777=EDGE_CURVE('',#4548,#4698,#1897,.T.);
#5778=EDGE_CURVE('',#4550,#4697,#1898,.T.);
#5779=EDGE_CURVE('',#4549,#4697,#1899,.T.);
#5780=EDGE_CURVE('',#4551,#4696,#1900,.T.);
#5781=EDGE_CURVE('',#4550,#4696,#1901,.T.);
#5782=EDGE_CURVE('',#4552,#4695,#1902,.T.);
#5783=EDGE_CURVE('',#4551,#4695,#1903,.T.);
#5784=EDGE_CURVE('',#4553,#4694,#1904,.T.);
#5785=EDGE_CURVE('',#4552,#4694,#1905,.T.);
#5786=EDGE_CURVE('',#4554,#4693,#1906,.T.);
#5787=EDGE_CURVE('',#4553,#4693,#1907,.T.);
#5788=EDGE_CURVE('',#4555,#4692,#1908,.T.);
#5789=EDGE_CURVE('',#4554,#4692,#1909,.T.);
#5790=EDGE_CURVE('',#4556,#4691,#1910,.T.);
#5791=EDGE_CURVE('',#4555,#4691,#1911,.T.);
#5792=EDGE_CURVE('',#4559,#4687,#1912,.T.);
#5793=EDGE_CURVE('',#4558,#4687,#1913,.T.);
#5794=EDGE_CURVE('',#4558,#4688,#1914,.T.);
#5795=EDGE_CURVE('',#4560,#4686,#1915,.T.);
#5796=EDGE_CURVE('',#4559,#4686,#1916,.T.);
#5797=EDGE_CURVE('',#4557,#4690,#1917,.T.);
#5798=EDGE_CURVE('',#4556,#4690,#1918,.T.);
#5799=EDGE_CURVE('',#4561,#4685,#1919,.T.);
#5800=EDGE_CURVE('',#4560,#4685,#1920,.T.);
#5801=EDGE_CURVE('',#4558,#4689,#1921,.T.);
#5802=EDGE_CURVE('',#4557,#4689,#1922,.T.);
#5803=EDGE_CURVE('',#4562,#4684,#1923,.T.);
#5804=EDGE_CURVE('',#4561,#4684,#1924,.T.);
#5805=EDGE_CURVE('',#4562,#4683,#1925,.T.);
#5806=EDGE_CURVE('',#4703,#4704,#1926,.T.);
#5807=EDGE_CURVE('',#4705,#4703,#1927,.T.);
#5808=EDGE_CURVE('',#4706,#4705,#1928,.T.);
#5809=EDGE_CURVE('',#4513,#4706,#1929,.T.);
#5810=EDGE_CURVE('',#4707,#4512,#1930,.T.);
#5811=EDGE_CURVE('',#4708,#4707,#1931,.T.);
#5812=EDGE_CURVE('',#4709,#4708,#1932,.T.);
#5813=EDGE_CURVE('',#4704,#4709,#1933,.T.);
#5814=EDGE_CURVE('',#4710,#4711,#1934,.T.);
#5815=EDGE_CURVE('',#4712,#4710,#1935,.T.);
#5816=EDGE_CURVE('',#4713,#4712,#1936,.T.);
#5817=EDGE_CURVE('',#4714,#4713,#1937,.T.);
#5818=EDGE_CURVE('',#4715,#4714,#1938,.T.);
#5819=EDGE_CURVE('',#4508,#4715,#1939,.T.);
#5820=EDGE_CURVE('',#4716,#4507,#1940,.T.);
#5821=EDGE_CURVE('',#4717,#4716,#1941,.T.);
#5822=EDGE_CURVE('',#4718,#4717,#1942,.T.);
#5823=EDGE_CURVE('',#4719,#4718,#1943,.T.);
#5824=EDGE_CURVE('',#4720,#4719,#1944,.T.);
#5825=EDGE_CURVE('',#4721,#4720,#1945,.T.);
#5826=EDGE_CURVE('',#4711,#4721,#1946,.T.);
#5827=EDGE_CURVE('',#4722,#4723,#1947,.T.);
#5828=EDGE_CURVE('',#4724,#4722,#1948,.T.);
#5829=EDGE_CURVE('',#4503,#4724,#1949,.T.);
#5830=EDGE_CURVE('',#4725,#4502,#1950,.T.);
#5831=EDGE_CURVE('',#4726,#4725,#1951,.T.);
#5832=EDGE_CURVE('',#4727,#4726,#1952,.T.);
#5833=EDGE_CURVE('',#4728,#4727,#1953,.T.);
#5834=EDGE_CURVE('',#4729,#4728,#1954,.T.);
#5835=EDGE_CURVE('',#4730,#4729,#1955,.T.);
#5836=EDGE_CURVE('',#4731,#4730,#1956,.T.);
#5837=EDGE_CURVE('',#4732,#4731,#1957,.T.);
#5838=EDGE_CURVE('',#4733,#4732,#1958,.T.);
#5839=EDGE_CURVE('',#4723,#4733,#1959,.T.);
#5840=EDGE_CURVE('',#4498,#4734,#1960,.T.);
#5841=EDGE_CURVE('',#4735,#4497,#1961,.T.);
#5842=EDGE_CURVE('',#4736,#4735,#1962,.T.);
#5843=EDGE_CURVE('',#4737,#4736,#1963,.T.);
#5844=EDGE_CURVE('',#4738,#4737,#1964,.T.);
#5845=EDGE_CURVE('',#4739,#4738,#1965,.T.);
#5846=EDGE_CURVE('',#4740,#4739,#1966,.T.);
#5847=EDGE_CURVE('',#4741,#4740,#1967,.T.);
#5848=EDGE_CURVE('',#4742,#4741,#1968,.T.);
#5849=EDGE_CURVE('',#4743,#4742,#1969,.T.);
#5850=EDGE_CURVE('',#4744,#4743,#1970,.T.);
#5851=EDGE_CURVE('',#4745,#4744,#1971,.T.);
#5852=EDGE_CURVE('',#4734,#4745,#1972,.T.);
#5853=EDGE_CURVE('',#4493,#4746,#1973,.T.);
#5854=EDGE_CURVE('',#4747,#4492,#1974,.T.);
#5855=EDGE_CURVE('',#4748,#4747,#1975,.T.);
#5856=EDGE_CURVE('',#4749,#4748,#1976,.T.);
#5857=EDGE_CURVE('',#4750,#4749,#1977,.T.);
#5858=EDGE_CURVE('',#4751,#4750,#1978,.T.);
#5859=EDGE_CURVE('',#4752,#4751,#1979,.T.);
#5860=EDGE_CURVE('',#4746,#4752,#1980,.T.);
#5861=EDGE_CURVE('',#4753,#4748,#1981,.T.);
#5862=EDGE_CURVE('',#4753,#4754,#1982,.T.);
#5863=EDGE_CURVE('',#4754,#4749,#1983,.T.);
#5864=EDGE_CURVE('',#4755,#4747,#1984,.T.);
#5865=EDGE_CURVE('',#4756,#4755,#1985,.T.);
#5866=EDGE_CURVE('',#4757,#4756,#1986,.T.);
#5867=EDGE_CURVE('',#4438,#4757,#1987,.T.);
#5868=EDGE_CURVE('',#4437,#4753,#1988,.T.);
#5869=EDGE_CURVE('',#4485,#4758,#1989,.T.);
#5870=EDGE_CURVE('',#4759,#4758,#1990,.T.);
#5871=EDGE_CURVE('',#4759,#4760,#1991,.T.);
#5872=EDGE_CURVE('',#4761,#4760,#1992,.T.);
#5873=EDGE_CURVE('',#4762,#4761,#1993,.T.);
#5874=EDGE_CURVE('',#4763,#4762,#1994,.T.);
#5875=EDGE_CURVE('',#4764,#4763,#1995,.T.);
#5876=EDGE_CURVE('',#4764,#4765,#1996,.T.);
#5877=EDGE_CURVE('',#4766,#4765,#1997,.T.);
#5878=EDGE_CURVE('',#4767,#4766,#1998,.T.);
#5879=EDGE_CURVE('',#4768,#4767,#1999,.T.);
#5880=EDGE_CURVE('',#4768,#4769,#2000,.T.);
#5881=EDGE_CURVE('',#4770,#4769,#2001,.T.);
#5882=EDGE_CURVE('',#4770,#4771,#2002,.T.);
#5883=EDGE_CURVE('',#4771,#4772,#2003,.T.);
#5884=EDGE_CURVE('',#4755,#4772,#2004,.T.);
#5885=EDGE_CURVE('',#4773,#4739,#2005,.T.);
#5886=EDGE_CURVE('',#4774,#4773,#2006,.T.);
#5887=EDGE_CURVE('',#4774,#4740,#2007,.T.);
#5888=EDGE_CURVE('',#4773,#4738,#2008,.T.);
#5889=EDGE_CURVE('',#4773,#4737,#2009,.T.);
#5890=EDGE_CURVE('',#4496,#4735,#2010,.T.);
#5891=EDGE_CURVE('',#4496,#4775,#2011,.T.);
#5892=EDGE_CURVE('',#4736,#4775,#2012,.T.);
#5893=EDGE_CURVE('',#4776,#4727,#2013,.T.);
#5894=EDGE_CURVE('',#4728,#4776,#2014,.T.);
#5895=EDGE_CURVE('',#4501,#4725,#2015,.T.);
#5896=EDGE_CURVE('',#4501,#4777,#2016,.T.);
#5897=EDGE_CURVE('',#4726,#4777,#2017,.T.);
#5898=EDGE_CURVE('',#4724,#4778,#2018,.T.);
#5899=EDGE_CURVE('',#4504,#4778,#2019,.T.);
#5900=EDGE_CURVE('',#4722,#4778,#2020,.T.);
#5901=EDGE_CURVE('',#4506,#4716,#2021,.T.);
#5902=EDGE_CURVE('',#4715,#4779,#2022,.T.);
#5903=EDGE_CURVE('',#4509,#4779,#2023,.T.);
#5904=EDGE_CURVE('',#4714,#4779,#2024,.T.);
#5905=EDGE_CURVE('',#4780,#4712,#2025,.T.);
#5906=EDGE_CURVE('',#4780,#4713,#2026,.T.);
#5907=EDGE_CURVE('',#4710,#4780,#2027,.T.);
#5908=EDGE_CURVE('',#4706,#4781,#2028,.T.);
#5909=EDGE_CURVE('',#4782,#4781,#2029,.T.);
#5910=EDGE_CURVE('',#4782,#4783,#2030,.T.);
#5911=EDGE_CURVE('',#4783,#4784,#2031,.T.);
#5912=EDGE_CURVE('',#4784,#4785,#2032,.T.);
#5913=EDGE_CURVE('',#4786,#4785,#2033,.T.);
#5914=EDGE_CURVE('',#4786,#4787,#2034,.T.);
#5915=EDGE_CURVE('',#4787,#4788,#2035,.T.);
#5916=EDGE_CURVE('',#4788,#4789,#2036,.T.);
#5917=EDGE_CURVE('',#4790,#4789,#2037,.T.);
#5918=EDGE_CURVE('',#4790,#4791,#2038,.T.);
#5919=EDGE_CURVE('',#4791,#4792,#2039,.T.);
#5920=EDGE_CURVE('',#4792,#4793,#2040,.T.);
#5921=EDGE_CURVE('',#4793,#4794,#2041,.T.);
#5922=EDGE_CURVE('',#4794,#4795,#2042,.T.);
#5923=EDGE_CURVE('',#4796,#4795,#2043,.T.);
#5924=EDGE_CURVE('',#4796,#4484,#2044,.T.);
#5925=EDGE_CURVE('',#4780,#4797,#2045,.T.);
#5926=EDGE_CURVE('',#4797,#4709,#2046,.T.);
#5927=EDGE_CURVE('',#4708,#4798,#2047,.T.);
#5928=EDGE_CURVE('',#4799,#4798,#2048,.T.);
#5929=EDGE_CURVE('',#4799,#4779,#2049,.T.);
#5930=EDGE_CURVE('',#4705,#4800,#2050,.T.);
#5931=EDGE_CURVE('',#4598,#4800,#2051,.T.);
#5932=EDGE_CURVE('',#4597,#4801,#2052,.T.);
#5933=EDGE_CURVE('',#4802,#4801,#2053,.T.);
#5934=EDGE_CURVE('',#4781,#4802,#2054,.T.);
#5935=EDGE_CURVE('',#4703,#4797,#2055,.T.);
#5936=EDGE_CURVE('',#4800,#4797,#2056,.T.);
#5937=EDGE_CURVE('',#4803,#4804,#2057,.T.);
#5938=EDGE_CURVE('',#4805,#4803,#2058,.T.);
#5939=EDGE_CURVE('',#4806,#4805,#2059,.T.);
#5940=EDGE_CURVE('',#4807,#4806,#2060,.T.);
#5941=EDGE_CURVE('',#4808,#4807,#2061,.T.);
#5942=EDGE_CURVE('',#4809,#4808,#2062,.T.);
#5943=EDGE_CURVE('',#4810,#4809,#2063,.T.);
#5944=EDGE_CURVE('',#4811,#4810,#2064,.T.);
#5945=EDGE_CURVE('',#4812,#4811,#2065,.T.);
#5946=EDGE_CURVE('',#4813,#4812,#2066,.T.);
#5947=EDGE_CURVE('',#4814,#4813,#2067,.T.);
#5948=EDGE_CURVE('',#4815,#4814,#2068,.T.);
#5949=EDGE_CURVE('',#4816,#4815,#2069,.T.);
#5950=EDGE_CURVE('',#4817,#4816,#2070,.T.);
#5951=EDGE_CURVE('',#4818,#4817,#2071,.T.);
#5952=EDGE_CURVE('',#4819,#4818,#2072,.T.);
#5953=EDGE_CURVE('',#4820,#4819,#2073,.T.);
#5954=EDGE_CURVE('',#4821,#4820,#2074,.T.);
#5955=EDGE_CURVE('',#4822,#4821,#2075,.T.);
#5956=EDGE_CURVE('',#4823,#4822,#2076,.T.);
#5957=EDGE_CURVE('',#4824,#4823,#2077,.T.);
#5958=EDGE_CURVE('',#4825,#4824,#2078,.T.);
#5959=EDGE_CURVE('',#4826,#4825,#2079,.T.);
#5960=EDGE_CURVE('',#4827,#4826,#2080,.T.);
#5961=EDGE_CURVE('',#4828,#4827,#2081,.T.);
#5962=EDGE_CURVE('',#4829,#4828,#2082,.T.);
#5963=EDGE_CURVE('',#4830,#4829,#2083,.T.);
#5964=EDGE_CURVE('',#4831,#4830,#2084,.T.);
#5965=EDGE_CURVE('',#4832,#4831,#2085,.T.);
#5966=EDGE_CURVE('',#4833,#4832,#2086,.T.);
#5967=EDGE_CURVE('',#4758,#4833,#2087,.T.);
#5968=EDGE_CURVE('',#4834,#4796,#2088,.T.);
#5969=EDGE_CURVE('',#4804,#4834,#2089,.T.);
#5970=EDGE_CURVE('',#4835,#4821,#2090,.T.);
#5971=EDGE_CURVE('',#4835,#4836,#2091,.T.);
#5972=EDGE_CURVE('',#4836,#4822,#2092,.T.);
#5973=EDGE_CURVE('',#4820,#4835,#2093,.T.);
#5974=EDGE_CURVE('',#4819,#4835,#2094,.T.);
#5975=EDGE_CURVE('',#4818,#4837,#2095,.T.);
#5976=EDGE_CURVE('',#4837,#4835,#2096,.T.);
#5977=EDGE_CURVE('',#4838,#4817,#2097,.T.);
#5978=EDGE_CURVE('',#4416,#4838,#2098,.T.);
#5979=EDGE_CURVE('',#4415,#4839,#2099,.T.);
#5980=EDGE_CURVE('',#4839,#4840,#2100,.T.);
#5981=EDGE_CURVE('',#4840,#4841,#2101,.T.);
#5982=EDGE_CURVE('',#4841,#4842,#2102,.T.);
#5983=EDGE_CURVE('',#4454,#4842,#2103,.T.);
#5984=EDGE_CURVE('',#4453,#4837,#2104,.T.);
#5985=EDGE_CURVE('',#4843,#4816,#2105,.T.);
#5986=EDGE_CURVE('',#4838,#4843,#2106,.T.);
#5987=EDGE_CURVE('',#4843,#4815,#2107,.T.);
#5988=EDGE_CURVE('',#4843,#4814,#2108,.T.);
#5989=EDGE_CURVE('',#4844,#4813,#2109,.T.);
#5990=EDGE_CURVE('',#4844,#4843,#2110,.T.);
#5991=EDGE_CURVE('',#4844,#4812,#2111,.T.);
#5992=EDGE_CURVE('',#4811,#4844,#2112,.T.);
#5993=EDGE_CURVE('',#4845,#4810,#2113,.T.);
#5994=EDGE_CURVE('',#4845,#4844,#2114,.T.);
#5995=EDGE_CURVE('',#4846,#4809,#2115,.T.);
#5996=EDGE_CURVE('',#4382,#4846,#2116,.T.);
#5997=EDGE_CURVE('',#4258,#4381,#2117,.T.);
#5998=EDGE_CURVE('',#4257,#4845,#2118,.T.);
#5999=EDGE_CURVE('',#4808,#4847,#2119,.T.);
#6000=EDGE_CURVE('',#4846,#4847,#2120,.T.);
#6001=EDGE_CURVE('',#4847,#4807,#2121,.T.);
#6002=EDGE_CURVE('',#4847,#4806,#2122,.T.);
#6003=EDGE_CURVE('',#4848,#4805,#2123,.T.);
#6004=EDGE_CURVE('',#4848,#4847,#2124,.T.);
#6005=EDGE_CURVE('',#4803,#4848,#2125,.T.);
#6006=EDGE_CURVE('',#4849,#4850,#2126,.T.);
#6007=EDGE_CURVE('',#4851,#4849,#2127,.T.);
#6008=EDGE_CURVE('',#4852,#4851,#2128,.T.);
#6009=EDGE_CURVE('',#4850,#4852,#2129,.T.);
#6010=EDGE_CURVE('',#4853,#4854,#2130,.T.);
#6011=EDGE_CURVE('',#4853,#4855,#2131,.T.);
#6012=EDGE_CURVE('',#4854,#4855,#2132,.T.);
#6013=EDGE_CURVE('',#4856,#4853,#2133,.T.);
#6014=EDGE_CURVE('',#4849,#4856,#2134,.T.);
#6015=EDGE_CURVE('',#4857,#4849,#2135,.T.);
#6016=EDGE_CURVE('',#4858,#4857,#2136,.T.);
#6017=EDGE_CURVE('',#4859,#4858,#2137,.T.);
#6018=EDGE_CURVE('',#4859,#4860,#2138,.T.);
#6019=EDGE_CURVE('',#4860,#4855,#2139,.T.);
#6020=EDGE_CURVE('',#4861,#4857,#2140,.T.);
#6021=EDGE_CURVE('',#4862,#4861,#2141,.T.);
#6022=EDGE_CURVE('',#4863,#4862,#2142,.T.);
#6023=EDGE_CURVE('',#4857,#4863,#2143,.T.);
#6024=EDGE_CURVE('',#4864,#4859,#2144,.T.);
#6025=EDGE_CURVE('',#4864,#4860,#2145,.T.);
#6026=EDGE_CURVE('',#4865,#4864,#2146,.T.);
#6027=EDGE_CURVE('',#4863,#4865,#2147,.T.);
#6028=EDGE_CURVE('',#4866,#4863,#2148,.T.);
#6029=EDGE_CURVE('',#4867,#4866,#2149,.T.);
#6030=EDGE_CURVE('',#4868,#4867,#2150,.T.);
#6031=EDGE_CURVE('',#4868,#4869,#2151,.T.);
#6032=EDGE_CURVE('',#4869,#4860,#2152,.T.);
#6033=EDGE_CURVE('',#4870,#4866,#2153,.T.);
#6034=EDGE_CURVE('',#4871,#4870,#2154,.T.);
#6035=EDGE_CURVE('',#4872,#4871,#2155,.T.);
#6036=EDGE_CURVE('',#4866,#4872,#2156,.T.);
#6037=EDGE_CURVE('',#4873,#4868,#2157,.T.);
#6038=EDGE_CURVE('',#4873,#4869,#2158,.T.);
#6039=EDGE_CURVE('',#4874,#4873,#2159,.T.);
#6040=EDGE_CURVE('',#4872,#4874,#2160,.T.);
#6041=EDGE_CURVE('',#4875,#4872,#2161,.T.);
#6042=EDGE_CURVE('',#4876,#4875,#2162,.T.);
#6043=EDGE_CURVE('',#4877,#4876,#2163,.T.);
#6044=EDGE_CURVE('',#4877,#4878,#2164,.T.);
#6045=EDGE_CURVE('',#4878,#4869,#2165,.T.);
#6046=EDGE_CURVE('',#4879,#4875,#2166,.T.);
#6047=EDGE_CURVE('',#4879,#4880,#2167,.T.);
#6048=EDGE_CURVE('',#4881,#4880,#2168,.T.);
#6049=EDGE_CURVE('',#4875,#4881,#2169,.T.);
#6050=EDGE_CURVE('',#4882,#4877,#2170,.T.);
#6051=EDGE_CURVE('',#4882,#4878,#2171,.T.);
#6052=EDGE_CURVE('',#4883,#4882,#2172,.T.);
#6053=EDGE_CURVE('',#4881,#4883,#2173,.T.);
#6054=EDGE_CURVE('',#4884,#4881,#2174,.T.);
#6055=EDGE_CURVE('',#4885,#4884,#2175,.T.);
#6056=EDGE_CURVE('',#4886,#4885,#2176,.T.);
#6057=EDGE_CURVE('',#4886,#4887,#2177,.T.);
#6058=EDGE_CURVE('',#4887,#4878,#2178,.T.);
#6059=EDGE_CURVE('',#4888,#4886,#2179,.T.);
#6060=EDGE_CURVE('',#4888,#4887,#2180,.T.);
#6061=EDGE_CURVE('',#4889,#4888,#2181,.T.);
#6062=EDGE_CURVE('',#4889,#4890,#2182,.T.);
#6063=EDGE_CURVE('',#4890,#4887,#2183,.T.);
#6064=EDGE_CURVE('',#4891,#4892,#2184,.T.);
#6065=EDGE_CURVE('',#4893,#4891,#2185,.T.);
#6066=EDGE_CURVE('',#4894,#4893,#2186,.T.);
#6067=EDGE_CURVE('',#4892,#4894,#2187,.T.);
#6068=EDGE_CURVE('',#4895,#4896,#2188,.T.);
#6069=EDGE_CURVE('',#4895,#4897,#2189,.T.);
#6070=EDGE_CURVE('',#4896,#4897,#2190,.T.);
#6071=EDGE_CURVE('',#4898,#4895,#2191,.T.);
#6072=EDGE_CURVE('',#4891,#4898,#2192,.T.);
#6073=EDGE_CURVE('',#4899,#4891,#2193,.T.);
#6074=EDGE_CURVE('',#4900,#4899,#2194,.T.);
#6075=EDGE_CURVE('',#4901,#4900,#2195,.T.);
#6076=EDGE_CURVE('',#4901,#4902,#2196,.T.);
#6077=EDGE_CURVE('',#4902,#4897,#2197,.T.);
#6078=EDGE_CURVE('',#4903,#4899,#2198,.T.);
#6079=EDGE_CURVE('',#4904,#4903,#2199,.T.);
#6080=EDGE_CURVE('',#4905,#4904,#2200,.T.);
#6081=EDGE_CURVE('',#4899,#4905,#2201,.T.);
#6082=EDGE_CURVE('',#4906,#4901,#2202,.T.);
#6083=EDGE_CURVE('',#4906,#4902,#2203,.T.);
#6084=EDGE_CURVE('',#4907,#4906,#2204,.T.);
#6085=EDGE_CURVE('',#4905,#4907,#2205,.T.);
#6086=EDGE_CURVE('',#4908,#4905,#2206,.T.);
#6087=EDGE_CURVE('',#4909,#4908,#2207,.T.);
#6088=EDGE_CURVE('',#4910,#4909,#2208,.T.);
#6089=EDGE_CURVE('',#4910,#4911,#2209,.T.);
#6090=EDGE_CURVE('',#4911,#4902,#2210,.T.);
#6091=EDGE_CURVE('',#4912,#4908,#2211,.T.);
#6092=EDGE_CURVE('',#4912,#4913,#2212,.T.);
#6093=EDGE_CURVE('',#4914,#4913,#2213,.T.);
#6094=EDGE_CURVE('',#4908,#4914,#2214,.T.);
#6095=EDGE_CURVE('',#4915,#4910,#2215,.T.);
#6096=EDGE_CURVE('',#4915,#4911,#2216,.T.);
#6097=EDGE_CURVE('',#4916,#4915,#2217,.T.);
#6098=EDGE_CURVE('',#4914,#4916,#2218,.T.);
#6099=EDGE_CURVE('',#4917,#4914,#2219,.T.);
#6100=EDGE_CURVE('',#4918,#4917,#2220,.T.);
#6101=EDGE_CURVE('',#4919,#4918,#2221,.T.);
#6102=EDGE_CURVE('',#4919,#4920,#2222,.T.);
#6103=EDGE_CURVE('',#4920,#4911,#2223,.T.);
#6104=EDGE_CURVE('',#4921,#4917,#2224,.T.);
#6105=EDGE_CURVE('',#4922,#4921,#2225,.T.);
#6106=EDGE_CURVE('',#4923,#4922,#2226,.T.);
#6107=EDGE_CURVE('',#4917,#4923,#2227,.T.);
#6108=EDGE_CURVE('',#4924,#4919,#2228,.T.);
#6109=EDGE_CURVE('',#4924,#4920,#2229,.T.);
#6110=EDGE_CURVE('',#4925,#4924,#2230,.T.);
#6111=EDGE_CURVE('',#4923,#4925,#2231,.T.);
#6112=EDGE_CURVE('',#4926,#4923,#2232,.T.);
#6113=EDGE_CURVE('',#4927,#4926,#2233,.T.);
#6114=EDGE_CURVE('',#4928,#4927,#2234,.T.);
#6115=EDGE_CURVE('',#4928,#4929,#2235,.T.);
#6116=EDGE_CURVE('',#4929,#4920,#2236,.T.);
#6117=EDGE_CURVE('',#4930,#4931,#2237,.T.);
#6118=EDGE_CURVE('',#4930,#4932,#2238,.T.);
#6119=EDGE_CURVE('',#4932,#4929,#2239,.T.);
#6120=EDGE_CURVE('',#4931,#4929,#2240,.T.);
#6121=EDGE_CURVE('',#4926,#4933,#2241,.T.);
#6122=EDGE_CURVE('',#4934,#4926,#2242,.T.);
#6123=EDGE_CURVE('',#4935,#4934,#2243,.T.);
#6124=EDGE_CURVE('',#4933,#4935,#2244,.T.);
#6125=EDGE_CURVE('',#4931,#4928,#2245,.T.);
#6126=EDGE_CURVE('',#4936,#4934,#2246,.T.);
#6127=EDGE_CURVE('',#4937,#4936,#2247,.T.);
#6128=EDGE_CURVE('',#4935,#4937,#2248,.T.);
#6129=EDGE_CURVE('',#4938,#4912,#2249,.T.);
#6130=EDGE_CURVE('',#4939,#4938,#2250,.T.);
#6131=EDGE_CURVE('',#4913,#4939,#2251,.T.);
#6132=EDGE_CURVE('',#4940,#4921,#2252,.T.);
#6133=EDGE_CURVE('',#4941,#4940,#2253,.T.);
#6134=EDGE_CURVE('',#4922,#4941,#2254,.T.);
#6135=EDGE_CURVE('',#4942,#4903,#2255,.T.);
#6136=EDGE_CURVE('',#4943,#4942,#2256,.T.);
#6137=EDGE_CURVE('',#4904,#4943,#2257,.T.);
#6138=EDGE_CURVE('',#4944,#4894,#2258,.T.);
#6139=EDGE_CURVE('',#4945,#4944,#2259,.T.);
#6140=EDGE_CURVE('',#4892,#4945,#2260,.T.);
#6141=EDGE_CURVE('',#4946,#4947,#2261,.T.);
#6142=EDGE_CURVE('',#4948,#4946,#2262,.T.);
#6143=EDGE_CURVE('',#4894,#4948,#2263,.T.);
#6144=EDGE_CURVE('',#4894,#4947,#2264,.T.);
#6145=EDGE_CURVE('',#4949,#4870,#2265,.T.);
#6146=EDGE_CURVE('',#4950,#4949,#2266,.T.);
#6147=EDGE_CURVE('',#4871,#4950,#2267,.T.);
#6148=EDGE_CURVE('',#4951,#4879,#2268,.T.);
#6149=EDGE_CURVE('',#4952,#4951,#2269,.T.);
#6150=EDGE_CURVE('',#4880,#4952,#2270,.T.);
#6151=EDGE_CURVE('',#4953,#4861,#2271,.T.);
#6152=EDGE_CURVE('',#4954,#4953,#2272,.T.);
#6153=EDGE_CURVE('',#4862,#4954,#2273,.T.);
#6154=EDGE_CURVE('',#4955,#4956,#2274,.T.);
#6155=EDGE_CURVE('',#4955,#4761,#2275,.T.);
#6156=EDGE_CURVE('',#4760,#4956,#2276,.T.);
#6157=EDGE_CURVE('',#4957,#4958,#2277,.T.);
#6158=EDGE_CURVE('',#4772,#4958,#2278,.T.);
#6159=EDGE_CURVE('',#4771,#4957,#2279,.T.);
#6160=EDGE_CURVE('',#4959,#4956,#2280,.T.);
#6161=EDGE_CURVE('',#4959,#4759,#2281,.T.);
#6162=EDGE_CURVE('',#4756,#4958,#2282,.T.);
#6163=EDGE_CURVE('',#4960,#4831,#2283,.T.);
#6164=EDGE_CURVE('',#4960,#4832,#2284,.T.);
#6165=EDGE_CURVE('',#4960,#4830,#2285,.T.);
#6166=EDGE_CURVE('',#4961,#4960,#2286,.T.);
#6167=EDGE_CURVE('',#4961,#4833,#2287,.T.);
#6168=EDGE_CURVE('',#4836,#4823,#2288,.T.);
#6169=EDGE_CURVE('',#4824,#4836,#2289,.T.);
#6170=EDGE_CURVE('',#4962,#4836,#2290,.T.);
#6171=EDGE_CURVE('',#4962,#4825,#2291,.T.);
#6172=EDGE_CURVE('',#4963,#4826,#2292,.T.);
#6173=EDGE_CURVE('',#4963,#4964,#2293,.T.);
#6174=EDGE_CURVE('',#4827,#4964,#2294,.T.);
#6175=EDGE_CURVE('',#4964,#4828,#2295,.T.);
#6176=EDGE_CURVE('',#4964,#4829,#2296,.T.);
#6177=EDGE_CURVE('',#4965,#4966,#2297,.T.);
#6178=EDGE_CURVE('',#4967,#4965,#2298,.T.);
#6179=EDGE_CURVE('',#4968,#4967,#2299,.T.);
#6180=EDGE_CURVE('',#4969,#4968,#2300,.T.);
#6181=EDGE_CURVE('',#4970,#4969,#2301,.T.);
#6182=EDGE_CURVE('',#4970,#4971,#2302,.T.);
#6183=EDGE_CURVE('',#4972,#4971,#2303,.T.);
#6184=EDGE_CURVE('',#4973,#4972,#2304,.T.);
#6185=EDGE_CURVE('',#4974,#4973,#2305,.T.);
#6186=EDGE_CURVE('',#4975,#4974,#2306,.T.);
#6187=EDGE_CURVE('',#4976,#4975,#2307,.T.);
#6188=EDGE_CURVE('',#4977,#4976,#2308,.T.);
#6189=EDGE_CURVE('',#4978,#4977,#2309,.T.);
#6190=EDGE_CURVE('',#4979,#4978,#2310,.T.);
#6191=EDGE_CURVE('',#4979,#4980,#2311,.T.);
#6192=EDGE_CURVE('',#4757,#4980,#2312,.T.);
#6193=EDGE_CURVE('',#4981,#4957,#2313,.T.);
#6194=EDGE_CURVE('',#4981,#4982,#2314,.T.);
#6195=EDGE_CURVE('',#4982,#4983,#2315,.T.);
#6196=EDGE_CURVE('',#4983,#4984,#2316,.T.);
#6197=EDGE_CURVE('',#4984,#4985,#2317,.T.);
#6198=EDGE_CURVE('',#4985,#4986,#2318,.T.);
#6199=EDGE_CURVE('',#4986,#4987,#2319,.T.);
#6200=EDGE_CURVE('',#4987,#4988,#2320,.T.);
#6201=EDGE_CURVE('',#4988,#4989,#2321,.T.);
#6202=EDGE_CURVE('',#4989,#4990,#2322,.T.);
#6203=EDGE_CURVE('',#4990,#4991,#2323,.T.);
#6204=EDGE_CURVE('',#4991,#4955,#2324,.T.);
#6205=EDGE_CURVE('',#4992,#4959,#2325,.T.);
#6206=EDGE_CURVE('',#4993,#4992,#2326,.T.);
#6207=EDGE_CURVE('',#4966,#4993,#2327,.T.);
#6208=EDGE_CURVE('',#4994,#4741,#2328,.T.);
#6209=EDGE_CURVE('',#4994,#4995,#2329,.T.);
#6210=EDGE_CURVE('',#4742,#4995,#2330,.T.);
#6211=EDGE_CURVE('',#4995,#4743,#2331,.T.);
#6212=EDGE_CURVE('',#4995,#4744,#2332,.T.);
#6213=EDGE_CURVE('',#4754,#4750,#2333,.T.);
#6214=EDGE_CURVE('',#4754,#4751,#2334,.T.);
#6215=EDGE_CURVE('',#4729,#4776,#2335,.T.);
#6216=EDGE_CURVE('',#4996,#4776,#2336,.T.);
#6217=EDGE_CURVE('',#4730,#4996,#2337,.T.);
#6218=EDGE_CURVE('',#4991,#4762,#2338,.T.);
#6219=EDGE_CURVE('',#4991,#4761,#2339,.T.);
#6220=EDGE_CURVE('',#4990,#4763,#2340,.T.);
#6221=EDGE_CURVE('',#4990,#4762,#2341,.T.);
#6222=EDGE_CURVE('',#4764,#4989,#2342,.T.);
#6223=EDGE_CURVE('',#4989,#4763,#2343,.T.);
#6224=EDGE_CURVE('',#4765,#4988,#2344,.T.);
#6225=EDGE_CURVE('',#4764,#4988,#2345,.T.);
#6226=EDGE_CURVE('',#4766,#4987,#2346,.T.);
#6227=EDGE_CURVE('',#4765,#4987,#2347,.T.);
#6228=EDGE_CURVE('',#4767,#4985,#2348,.T.);
#6229=EDGE_CURVE('',#4766,#4985,#2349,.T.);
#6230=EDGE_CURVE('',#4766,#4986,#2350,.T.);
#6231=EDGE_CURVE('',#4768,#4984,#2351,.T.);
#6232=EDGE_CURVE('',#4767,#4984,#2352,.T.);
#6233=EDGE_CURVE('',#4769,#4983,#2353,.T.);
#6234=EDGE_CURVE('',#4768,#4983,#2354,.T.);
#6235=EDGE_CURVE('',#4770,#4982,#2355,.T.);
#6236=EDGE_CURVE('',#4769,#4982,#2356,.T.);
#6237=EDGE_CURVE('',#4771,#4981,#2357,.T.);
#6238=EDGE_CURVE('',#4770,#4981,#2358,.T.);
#6239=EDGE_CURVE('',#4964,#4960,#2359,.T.);
#6240=EDGE_CURVE('',#4773,#4754,#2360,.T.);
#6241=EDGE_CURVE('',#4997,#4775,#2361,.T.);
#6242=EDGE_CURVE('',#4997,#4998,#2362,.T.);
#6243=EDGE_CURVE('',#4752,#4998,#2363,.T.);
#6244=EDGE_CURVE('',#4995,#4776,#2364,.T.);
#6245=EDGE_CURVE('',#4999,#4777,#2365,.T.);
#6246=EDGE_CURVE('',#4999,#5000,#2366,.T.);
#6247=EDGE_CURVE('',#4745,#5000,#2367,.T.);
#6248=EDGE_CURVE('',#4481,#4320,#2368,.T.);
#6249=EDGE_CURVE('',#4451,#4350,#2369,.T.);
#6250=EDGE_CURVE('',#4452,#4349,#2370,.T.);
#6251=EDGE_CURVE('',#4348,#4962,#2371,.T.);
#6252=EDGE_CURVE('',#4842,#5001,#2372,.T.);
#6253=EDGE_CURVE('',#4455,#5001,#2373,.T.);
#6254=EDGE_CURVE('',#5002,#5001,#2374,.T.);
#6255=EDGE_CURVE('',#4456,#5002,#2375,.T.);
#6256=EDGE_CURVE('',#4458,#4343,#2376,.T.);
#6257=EDGE_CURVE('',#4457,#4344,#2377,.T.);
#6258=EDGE_CURVE('',#4459,#4342,#2378,.T.);
#6259=EDGE_CURVE('',#4464,#4337,#2379,.T.);
#6260=EDGE_CURVE('',#4465,#4336,#2380,.T.);
#6261=EDGE_CURVE('',#4468,#4333,#2381,.T.);
#6262=EDGE_CURVE('',#4473,#4328,#2382,.T.);
#6263=EDGE_CURVE('',#4474,#4327,#2383,.T.);
#6264=EDGE_CURVE('',#4475,#4326,#2384,.T.);
#6265=EDGE_CURVE('',#4476,#4325,#2385,.T.);
#6266=EDGE_CURVE('',#5003,#5004,#2386,.T.);
#6267=EDGE_CURVE('',#4478,#5004,#2387,.T.);
#6268=EDGE_CURVE('',#4477,#5003,#2388,.T.);
#6269=EDGE_CURVE('',#5005,#5004,#2389,.T.);
#6270=EDGE_CURVE('',#4479,#5005,#2390,.T.);
#6271=EDGE_CURVE('',#4321,#4994,#2391,.T.);
#6272=EDGE_CURVE('',#4480,#4996,#2392,.T.);
#6273=EDGE_CURVE('',#4430,#4961,#2393,.T.);
#6274=EDGE_CURVE('',#4429,#4992,#2394,.T.);
#6275=EDGE_CURVE('',#4428,#4993,#2395,.T.);
#6276=EDGE_CURVE('',#4427,#4966,#2396,.T.);
#6277=EDGE_CURVE('',#4439,#4980,#2397,.T.);
#6278=EDGE_CURVE('',#4440,#4979,#2398,.T.);
#6279=EDGE_CURVE('',#4299,#4436,#2399,.T.);
#6280=EDGE_CURVE('',#4303,#4432,#2400,.T.);
#6281=EDGE_CURVE('',#4304,#4431,#2401,.T.);
#6282=EDGE_CURVE('',#4305,#4963,#2402,.T.);
#6283=EDGE_CURVE('',#4306,#4347,#2403,.T.);
#6284=EDGE_CURVE('',#4307,#4346,#2404,.T.);
#6285=EDGE_CURVE('',#4308,#4345,#2405,.T.);
#6286=EDGE_CURVE('',#4310,#4425,#2406,.T.);
#6287=EDGE_CURVE('',#4309,#4426,#2407,.T.);
#6288=EDGE_CURVE('',#4311,#4424,#2408,.T.);
#6289=EDGE_CURVE('',#4291,#4444,#2409,.T.);
#6290=EDGE_CURVE('',#4292,#4443,#2410,.T.);
#6291=EDGE_CURVE('',#4293,#4442,#2411,.T.);
#6292=EDGE_CURVE('',#4294,#4441,#2412,.T.);
#6293=EDGE_CURVE('',#5006,#5007,#2413,.T.);
#6294=EDGE_CURVE('',#5007,#4971,#2414,.T.);
#6295=EDGE_CURVE('',#5006,#4970,#2415,.T.);
#6296=EDGE_CURVE('',#5007,#5008,#2416,.T.);
#6297=EDGE_CURVE('',#5008,#4972,#2417,.T.);
#6298=EDGE_CURVE('',#5009,#5008,#2418,.T.);
#6299=EDGE_CURVE('',#5009,#4973,#2419,.T.);
#6300=EDGE_CURVE('',#5009,#5010,#2420,.T.);
#6301=EDGE_CURVE('',#5010,#4974,#2421,.T.);
#6302=EDGE_CURVE('',#5010,#5011,#2422,.T.);
#6303=EDGE_CURVE('',#5011,#4975,#2423,.T.);
#6304=EDGE_CURVE('',#4426,#4965,#2424,.T.);
#6305=EDGE_CURVE('',#4426,#4966,#2425,.T.);
#6306=EDGE_CURVE('',#5011,#5012,#2426,.T.);
#6307=EDGE_CURVE('',#5012,#4976,#2427,.T.);
#6308=EDGE_CURVE('',#5013,#5012,#2428,.T.);
#6309=EDGE_CURVE('',#5013,#4977,#2429,.T.);
#6310=EDGE_CURVE('',#4441,#4979,#2430,.T.);
#6311=EDGE_CURVE('',#4441,#4978,#2431,.T.);
#6312=EDGE_CURVE('',#5014,#5013,#2432,.T.);
#6313=EDGE_CURVE('',#5014,#4978,#2433,.T.);
#6314=EDGE_CURVE('',#4309,#4344,#2434,.T.);
#6315=EDGE_CURVE('',#5015,#5016,#2435,.T.);
#6316=EDGE_CURVE('',#5015,#4967,#2436,.T.);
#6317=EDGE_CURVE('',#5016,#4965,#2437,.T.);
#6318=EDGE_CURVE('',#4295,#4324,#2438,.T.);
#6319=EDGE_CURVE('',#4294,#4325,#2439,.T.);
#6320=EDGE_CURVE('',#4457,#5016,#2440,.T.);
#6321=EDGE_CURVE('',#4476,#5003,#2441,.T.);
#6322=EDGE_CURVE('',#4476,#5014,#2442,.T.);
#6323=EDGE_CURVE('',#5014,#5003,#2443,.T.);
#6324=EDGE_CURVE('',#4457,#5002,#2444,.T.);
#6325=EDGE_CURVE('',#5016,#5002,#2445,.T.);
#6326=EDGE_CURVE('',#5017,#4968,#2446,.T.);
#6327=EDGE_CURVE('',#5018,#5017,#2447,.T.);
#6328=EDGE_CURVE('',#5018,#4969,#2448,.T.);
#6329=EDGE_CURVE('',#5017,#5015,#2449,.T.);
#6330=EDGE_CURVE('',#5018,#5006,#2450,.T.);
#6331=EDGE_CURVE('',#4296,#4323,#2451,.T.);
#6332=EDGE_CURVE('',#4297,#4322,#2452,.T.);
#6333=EDGE_CURVE('',#4298,#4774,#2453,.T.);
#6334=EDGE_CURVE('',#5019,#4841,#2454,.T.);
#6335=EDGE_CURVE('',#5020,#5019,#2455,.T.);
#6336=EDGE_CURVE('',#4855,#5020,#2456,.T.);
#6337=EDGE_CURVE('',#4897,#4890,#2457,.T.);
#6338=EDGE_CURVE('',#4932,#5021,#2458,.T.);
#6339=EDGE_CURVE('',#5022,#5021,#2459,.T.);
#6340=EDGE_CURVE('',#5022,#5005,#2460,.T.);
#6341=EDGE_CURVE('',#4494,#4997,#2461,.T.);
#6342=EDGE_CURVE('',#4494,#4998,#2462,.T.);
#6343=EDGE_CURVE('',#4495,#4775,#2463,.T.);
#6344=EDGE_CURVE('',#4495,#4997,#2464,.T.);
#6345=EDGE_CURVE('',#4746,#4998,#2465,.T.);
#6346=EDGE_CURVE('',#4499,#4999,#2466,.T.);
#6347=EDGE_CURVE('',#4499,#5000,#2467,.T.);
#6348=EDGE_CURVE('',#4500,#4777,#2468,.T.);
#6349=EDGE_CURVE('',#4500,#4999,#2469,.T.);
#6350=EDGE_CURVE('',#4734,#5000,#2470,.T.);
#6351=EDGE_CURVE('',#4854,#5023,#2471,.T.);
#6352=EDGE_CURVE('',#5023,#5020,#2472,.T.);
#6353=EDGE_CURVE('',#4947,#4884,#2473,.T.);
#6354=EDGE_CURVE('',#5024,#4894,#2474,.T.);
#6355=EDGE_CURVE('',#4884,#5024,#2475,.T.);
#6356=EDGE_CURVE('',#4896,#4889,#2476,.T.);
#6357=EDGE_CURVE('',#4850,#5025,#2477,.T.);
#6358=EDGE_CURVE('',#5026,#4852,#2478,.T.);
#6359=EDGE_CURVE('',#5025,#5026,#2479,.T.);
#6360=EDGE_CURVE('',#4851,#5023,#2480,.T.);
#6361=EDGE_CURVE('',#4852,#5023,#2481,.T.);
#6362=EDGE_CURVE('',#5027,#4852,#2482,.T.);
#6363=EDGE_CURVE('',#5028,#5027,#2483,.T.);
#6364=EDGE_CURVE('',#5028,#5026,#2484,.T.);
#6365=EDGE_CURVE('',#4856,#5023,#2485,.T.);
#6366=EDGE_CURVE('',#5028,#5025,#2486,.T.);
#6367=EDGE_CURVE('',#5019,#5029,#2487,.T.);
#6368=EDGE_CURVE('',#5027,#5029,#2488,.T.);
#6369=EDGE_CURVE('',#4840,#5029,#2489,.T.);
#6370=EDGE_CURVE('',#5030,#4953,#2490,.T.);
#6371=EDGE_CURVE('',#5030,#4954,#2491,.T.);
#6372=EDGE_CURVE('',#4865,#4858,#2492,.T.);
#6373=EDGE_CURVE('',#5031,#4949,#2493,.T.);
#6374=EDGE_CURVE('',#4950,#5031,#2494,.T.);
#6375=EDGE_CURVE('',#4874,#4867,#2495,.T.);
#6376=EDGE_CURVE('',#4951,#5032,#2496,.T.);
#6377=EDGE_CURVE('',#4952,#5032,#2497,.T.);
#6378=EDGE_CURVE('',#4876,#4883,#2498,.T.);
#6379=EDGE_CURVE('',#4946,#5033,#2499,.T.);
#6380=EDGE_CURVE('',#4948,#5033,#2500,.T.);
#6381=EDGE_CURVE('',#4889,#5024,#2501,.T.);
#6382=EDGE_CURVE('',#4889,#4885,#2502,.T.);
#6383=EDGE_CURVE('',#5034,#5033,#2503,.T.);
#6384=EDGE_CURVE('',#4894,#5034,#2504,.T.);
#6385=EDGE_CURVE('',#4889,#4894,#2505,.T.);
#6386=EDGE_CURVE('',#4889,#4893,#2506,.T.);
#6387=EDGE_CURVE('',#5035,#5034,#2507,.T.);
#6388=EDGE_CURVE('',#4944,#5035,#2508,.T.);
#6389=EDGE_CURVE('',#4898,#4889,#2509,.T.);
#6390=EDGE_CURVE('',#4942,#5036,#2510,.T.);
#6391=EDGE_CURVE('',#4943,#5036,#2511,.T.);
#6392=EDGE_CURVE('',#4907,#4900,#2512,.T.);
#6393=EDGE_CURVE('',#5037,#4723,#2513,.T.);
#6394=EDGE_CURVE('',#5038,#5037,#2514,.T.);
#6395=EDGE_CURVE('',#5038,#4718,#2515,.T.);
#6396=EDGE_CURVE('',#4717,#5039,#2516,.T.);
#6397=EDGE_CURVE('',#5040,#5039,#2517,.T.);
#6398=EDGE_CURVE('',#5040,#4778,#2518,.T.);
#6399=EDGE_CURVE('',#4938,#5041,#2519,.T.);
#6400=EDGE_CURVE('',#4939,#5041,#2520,.T.);
#6401=EDGE_CURVE('',#4909,#4916,#2521,.T.);
#6402=EDGE_CURVE('',#5037,#4733,#2522,.T.);
#6403=EDGE_CURVE('',#5037,#4732,#2523,.T.);
#6404=EDGE_CURVE('',#4940,#5042,#2524,.T.);
#6405=EDGE_CURVE('',#4941,#5042,#2525,.T.);
#6406=EDGE_CURVE('',#4925,#4918,#2526,.T.);
#6407=EDGE_CURVE('',#5043,#5022,#2527,.T.);
#6408=EDGE_CURVE('',#5044,#5043,#2528,.T.);
#6409=EDGE_CURVE('',#4390,#5044,#2529,.T.);
#6410=EDGE_CURVE('',#4389,#5045,#2530,.T.);
#6411=EDGE_CURVE('',#5045,#4731,#2531,.T.);
#6412=EDGE_CURVE('',#4927,#4930,#2532,.T.);
#6413=EDGE_CURVE('',#5021,#5046,#2533,.T.);
#6414=EDGE_CURVE('',#5043,#5046,#2534,.T.);
#6415=EDGE_CURVE('',#4935,#5047,#2535,.T.);
#6416=EDGE_CURVE('',#5047,#5046,#2536,.T.);
#6417=EDGE_CURVE('',#4930,#4935,#2537,.T.);
#6418=EDGE_CURVE('',#4937,#5048,#2538,.T.);
#6419=EDGE_CURVE('',#5048,#5047,#2539,.T.);
#6420=EDGE_CURVE('',#4930,#4933,#2540,.T.);
#6421=EDGE_CURVE('',#4936,#5048,#2541,.T.);
#6422=EDGE_CURVE('',#5049,#5050,#2542,.T.);
#6423=EDGE_CURVE('',#5051,#5049,#2543,.T.);
#6424=EDGE_CURVE('',#5052,#5051,#2544,.T.);
#6425=EDGE_CURVE('',#5053,#5052,#2545,.T.);
#6426=EDGE_CURVE('',#5054,#5053,#2546,.T.);
#6427=EDGE_CURVE('',#5054,#5055,#2547,.T.);
#6428=EDGE_CURVE('',#5056,#5055,#2548,.T.);
#6429=EDGE_CURVE('',#5057,#5056,#2549,.T.);
#6430=EDGE_CURVE('',#5058,#5057,#2550,.T.);
#6431=EDGE_CURVE('',#5059,#5058,#2551,.T.);
#6432=EDGE_CURVE('',#5060,#5059,#2552,.T.);
#6433=EDGE_CURVE('',#5061,#5060,#2553,.T.);
#6434=EDGE_CURVE('',#5062,#5061,#2554,.T.);
#6435=EDGE_CURVE('',#5063,#5062,#2555,.T.);
#6436=EDGE_CURVE('',#5063,#5064,#2556,.T.);
#6437=EDGE_CURVE('',#5044,#5064,#2557,.T.);
#6438=EDGE_CURVE('',#5048,#5042,#2558,.T.);
#6439=EDGE_CURVE('',#5042,#5041,#2559,.T.);
#6440=EDGE_CURVE('',#5041,#5036,#2560,.T.);
#6441=EDGE_CURVE('',#5036,#5035,#2561,.T.);
#6442=EDGE_CURVE('',#5033,#5032,#2562,.T.);
#6443=EDGE_CURVE('',#5032,#5031,#2563,.T.);
#6444=EDGE_CURVE('',#5031,#5030,#2564,.T.);
#6445=EDGE_CURVE('',#5030,#5028,#2565,.T.);
#6446=EDGE_CURVE('',#5065,#4839,#2566,.T.);
#6447=EDGE_CURVE('',#5050,#5065,#2567,.T.);
#6448=EDGE_CURVE('',#5066,#4711,#2568,.T.);
#6449=EDGE_CURVE('',#5066,#4780,#2569,.T.);
#6450=EDGE_CURVE('',#5038,#4719,#2570,.T.);
#6451=EDGE_CURVE('',#5038,#4720,#2571,.T.);
#6452=EDGE_CURVE('',#5067,#5038,#2572,.T.);
#6453=EDGE_CURVE('',#5067,#4721,#2573,.T.);
#6454=EDGE_CURVE('',#5045,#5037,#2574,.T.);
#6455=EDGE_CURVE('',#4804,#4848,#2575,.T.);
#6456=EDGE_CURVE('',#4834,#5068,#2576,.T.);
#6457=EDGE_CURVE('',#5068,#4848,#2577,.T.);
#6458=EDGE_CURVE('',#4704,#4797,#2578,.T.);
#6459=EDGE_CURVE('',#4945,#5035,#2579,.T.);
#6460=EDGE_CURVE('',#4599,#4354,#2580,.T.);
#6461=EDGE_CURVE('',#4569,#4384,#2581,.T.);
#6462=EDGE_CURVE('',#4570,#4383,#2582,.T.);
#6463=EDGE_CURVE('',#4571,#5068,#2583,.T.);
#6464=EDGE_CURVE('',#4572,#5069,#2584,.T.);
#6465=EDGE_CURVE('',#5069,#5070,#2585,.T.);
#6466=EDGE_CURVE('',#4573,#5070,#2586,.T.);
#6467=EDGE_CURVE('',#5071,#5070,#2587,.T.);
#6468=EDGE_CURVE('',#4574,#5071,#2588,.T.);
#6469=EDGE_CURVE('',#4576,#4377,#2589,.T.);
#6470=EDGE_CURVE('',#4575,#4378,#2590,.T.);
#6471=EDGE_CURVE('',#4577,#4376,#2591,.T.);
#6472=EDGE_CURVE('',#4582,#4371,#2592,.T.);
#6473=EDGE_CURVE('',#4583,#4370,#2593,.T.);
#6474=EDGE_CURVE('',#4586,#4367,#2594,.T.);
#6475=EDGE_CURVE('',#4591,#4362,#2595,.T.);
#6476=EDGE_CURVE('',#4592,#4361,#2596,.T.);
#6477=EDGE_CURVE('',#4593,#4360,#2597,.T.);
#6478=EDGE_CURVE('',#4594,#4359,#2598,.T.);
#6479=EDGE_CURVE('',#5072,#5073,#2599,.T.);
#6480=EDGE_CURVE('',#4596,#5073,#2600,.T.);
#6481=EDGE_CURVE('',#4595,#5072,#2601,.T.);
#6482=EDGE_CURVE('',#4801,#5073,#2602,.T.);
#6483=EDGE_CURVE('',#4355,#5066,#2603,.T.);
#6484=EDGE_CURVE('',#4414,#5065,#2604,.T.);
#6485=EDGE_CURVE('',#4413,#5050,#2605,.T.);
#6486=EDGE_CURVE('',#4391,#5064,#2606,.T.);
#6487=EDGE_CURVE('',#4392,#5063,#2607,.T.);
#6488=EDGE_CURVE('',#4285,#4388,#2608,.T.);
#6489=EDGE_CURVE('',#4286,#4387,#2609,.T.);
#6490=EDGE_CURVE('',#4256,#4417,#2610,.T.);
#6491=EDGE_CURVE('',#4259,#4380,#2611,.T.);
#6492=EDGE_CURVE('',#4260,#4379,#2612,.T.);
#6493=EDGE_CURVE('',#4262,#4411,#2613,.T.);
#6494=EDGE_CURVE('',#4261,#4412,#2614,.T.);
#6495=EDGE_CURVE('',#4263,#4410,#2615,.T.);
#6496=EDGE_CURVE('',#4264,#4409,#2616,.T.);
#6497=EDGE_CURVE('',#4269,#4404,#2617,.T.);
#6498=EDGE_CURVE('',#4272,#4401,#2618,.T.);
#6499=EDGE_CURVE('',#4273,#4400,#2619,.T.);
#6500=EDGE_CURVE('',#4277,#4396,#2620,.T.);
#6501=EDGE_CURVE('',#4278,#4395,#2621,.T.);
#6502=EDGE_CURVE('',#4279,#4394,#2622,.T.);
#6503=EDGE_CURVE('',#4280,#4393,#2623,.T.);
#6504=EDGE_CURVE('',#5074,#5075,#2624,.T.);
#6505=EDGE_CURVE('',#5075,#5055,#2625,.T.);
#6506=EDGE_CURVE('',#5074,#5054,#2626,.T.);
#6507=EDGE_CURVE('',#5075,#5076,#2627,.T.);
#6508=EDGE_CURVE('',#5076,#5056,#2628,.T.);
#6509=EDGE_CURVE('',#5077,#5076,#2629,.T.);
#6510=EDGE_CURVE('',#5077,#5057,#2630,.T.);
#6511=EDGE_CURVE('',#5077,#5078,#2631,.T.);
#6512=EDGE_CURVE('',#5078,#5058,#2632,.T.);
#6513=EDGE_CURVE('',#5078,#5079,#2633,.T.);
#6514=EDGE_CURVE('',#5079,#5059,#2634,.T.);
#6515=EDGE_CURVE('',#4412,#5049,#2635,.T.);
#6516=EDGE_CURVE('',#4412,#5050,#2636,.T.);
#6517=EDGE_CURVE('',#5079,#5080,#2637,.T.);
#6518=EDGE_CURVE('',#5080,#5060,#2638,.T.);
#6519=EDGE_CURVE('',#5081,#5080,#2639,.T.);
#6520=EDGE_CURVE('',#5081,#5061,#2640,.T.);
#6521=EDGE_CURVE('',#4393,#5063,#2641,.T.);
#6522=EDGE_CURVE('',#4393,#5062,#2642,.T.);
#6523=EDGE_CURVE('',#5082,#5081,#2643,.T.);
#6524=EDGE_CURVE('',#5082,#5062,#2644,.T.);
#6525=EDGE_CURVE('',#4261,#4378,#2645,.T.);
#6526=EDGE_CURVE('',#5083,#5084,#2646,.T.);
#6527=EDGE_CURVE('',#5083,#5051,#2647,.T.);
#6528=EDGE_CURVE('',#5084,#5049,#2648,.T.);
#6529=EDGE_CURVE('',#4281,#4358,#2649,.T.);
#6530=EDGE_CURVE('',#4280,#4359,#2650,.T.);
#6531=EDGE_CURVE('',#4575,#5084,#2651,.T.);
#6532=EDGE_CURVE('',#4594,#5072,#2652,.T.);
#6533=EDGE_CURVE('',#4594,#5082,#2653,.T.);
#6534=EDGE_CURVE('',#5082,#5072,#2654,.T.);
#6535=EDGE_CURVE('',#4575,#5071,#2655,.T.);
#6536=EDGE_CURVE('',#5084,#5071,#2656,.T.);
#6537=EDGE_CURVE('',#5085,#5052,#2657,.T.);
#6538=EDGE_CURVE('',#5086,#5085,#2658,.T.);
#6539=EDGE_CURVE('',#5086,#5053,#2659,.T.);
#6540=EDGE_CURVE('',#5085,#5083,#2660,.T.);
#6541=EDGE_CURVE('',#5086,#5074,#2661,.T.);
#6542=EDGE_CURVE('',#4282,#4357,#2662,.T.);
#6543=EDGE_CURVE('',#4283,#4356,#2663,.T.);
#6544=EDGE_CURVE('',#4284,#5067,#2664,.T.);
#6545=EDGE_CURVE('',#4795,#5087,#2665,.T.);
#6546=EDGE_CURVE('',#5087,#5069,#2666,.T.);
#6547=EDGE_CURVE('',#4794,#5088,#2667,.T.);
#6548=EDGE_CURVE('',#5088,#5087,#2668,.T.);
#6549=EDGE_CURVE('',#4793,#5089,#2669,.T.);
#6550=EDGE_CURVE('',#5089,#5088,#2670,.T.);
#6551=EDGE_CURVE('',#5090,#5089,#2671,.T.);
#6552=EDGE_CURVE('',#5091,#5090,#2672,.T.);
#6553=EDGE_CURVE('',#5092,#5091,#2673,.T.);
#6554=EDGE_CURVE('',#5093,#5092,#2674,.T.);
#6555=EDGE_CURVE('',#5094,#5093,#2675,.T.);
#6556=EDGE_CURVE('',#5095,#5094,#2676,.T.);
#6557=EDGE_CURVE('',#5096,#5095,#2677,.T.);
#6558=EDGE_CURVE('',#5097,#5096,#2678,.T.);
#6559=EDGE_CURVE('',#5098,#5097,#2679,.T.);
#6560=EDGE_CURVE('',#5099,#5098,#2680,.T.);
#6561=EDGE_CURVE('',#5100,#5099,#2681,.T.);
#6562=EDGE_CURVE('',#5101,#5100,#2682,.T.);
#6563=EDGE_CURVE('',#5101,#5102,#2683,.T.);
#6564=EDGE_CURVE('',#4802,#5102,#2684,.T.);
#6565=EDGE_CURVE('',#4783,#5101,#2685,.T.);
#6566=EDGE_CURVE('',#4782,#5102,#2686,.T.);
#6567=EDGE_CURVE('',#4504,#5040,#2687,.T.);
#6568=EDGE_CURVE('',#4506,#5039,#2688,.T.);
#6569=EDGE_CURVE('',#4505,#5039,#2689,.T.);
#6570=EDGE_CURVE('',#4505,#5040,#2690,.T.);
#6571=EDGE_CURVE('',#4509,#4799,#2691,.T.);
#6572=EDGE_CURVE('',#4511,#4798,#2692,.T.);
#6573=EDGE_CURVE('',#4510,#4798,#2693,.T.);
#6574=EDGE_CURVE('',#4510,#4799,#2694,.T.);
#6575=EDGE_CURVE('',#4511,#4707,#2695,.T.);
#6576=EDGE_CURVE('',#4793,#5090,#2696,.T.);
#6577=EDGE_CURVE('',#4792,#5091,#2697,.T.);
#6578=EDGE_CURVE('',#4792,#5090,#2698,.T.);
#6579=EDGE_CURVE('',#4791,#5092,#2699,.T.);
#6580=EDGE_CURVE('',#4791,#5091,#2700,.T.);
#6581=EDGE_CURVE('',#4790,#5093,#2701,.T.);
#6582=EDGE_CURVE('',#4790,#5092,#2702,.T.);
#6583=EDGE_CURVE('',#4789,#5094,#2703,.T.);
#6584=EDGE_CURVE('',#4789,#5093,#2704,.T.);
#6585=EDGE_CURVE('',#4788,#5095,#2705,.T.);
#6586=EDGE_CURVE('',#4788,#5094,#2706,.T.);
#6587=EDGE_CURVE('',#4788,#5096,#2707,.T.);
#6588=EDGE_CURVE('',#4787,#5097,#2708,.T.);
#6589=EDGE_CURVE('',#4787,#5096,#2709,.T.);
#6590=EDGE_CURVE('',#4786,#5098,#2710,.T.);
#6591=EDGE_CURVE('',#4786,#5097,#2711,.T.);
#6592=EDGE_CURVE('',#4785,#5099,#2712,.T.);
#6593=EDGE_CURVE('',#4785,#5098,#2713,.T.);
#6594=EDGE_CURVE('',#4784,#5100,#2714,.T.);
#6595=EDGE_CURVE('',#4784,#5099,#2715,.T.);
#6596=EDGE_CURVE('',#4783,#5100,#2716,.T.);
#6597=ORIENTED_EDGE('',*,*,#5103,.F.);
#6598=ORIENTED_EDGE('',*,*,#5104,.T.);
#6599=ORIENTED_EDGE('',*,*,#5105,.T.);
#6600=ORIENTED_EDGE('',*,*,#5106,.F.);
#6601=ORIENTED_EDGE('',*,*,#5107,.F.);
#6602=ORIENTED_EDGE('',*,*,#5108,.T.);
#6603=ORIENTED_EDGE('',*,*,#5109,.T.);
#6604=ORIENTED_EDGE('',*,*,#5110,.F.);
#6605=ORIENTED_EDGE('',*,*,#5111,.F.);
#6606=ORIENTED_EDGE('',*,*,#5112,.F.);
#6607=ORIENTED_EDGE('',*,*,#5113,.T.);
#6608=ORIENTED_EDGE('',*,*,#5114,.F.);
#6609=ORIENTED_EDGE('',*,*,#5109,.F.);
#6610=ORIENTED_EDGE('',*,*,#5115,.F.);
#6611=ORIENTED_EDGE('',*,*,#5116,.F.);
#6612=ORIENTED_EDGE('',*,*,#5113,.F.);
#6613=ORIENTED_EDGE('',*,*,#5117,.F.);
#6614=ORIENTED_EDGE('',*,*,#5118,.F.);
#6615=ORIENTED_EDGE('',*,*,#5119,.T.);
#6616=ORIENTED_EDGE('',*,*,#5120,.T.);
#6617=ORIENTED_EDGE('',*,*,#5121,.F.);
#6618=ORIENTED_EDGE('',*,*,#5122,.F.);
#6619=ORIENTED_EDGE('',*,*,#5123,.T.);
#6620=ORIENTED_EDGE('',*,*,#5124,.T.);
#6621=ORIENTED_EDGE('',*,*,#5125,.F.);
#6622=ORIENTED_EDGE('',*,*,#5126,.F.);
#6623=ORIENTED_EDGE('',*,*,#5127,.T.);
#6624=ORIENTED_EDGE('',*,*,#5128,.T.);
#6625=ORIENTED_EDGE('',*,*,#5129,.F.);
#6626=ORIENTED_EDGE('',*,*,#5130,.F.);
#6627=ORIENTED_EDGE('',*,*,#5131,.T.);
#6628=ORIENTED_EDGE('',*,*,#5132,.T.);
#6629=ORIENTED_EDGE('',*,*,#5133,.F.);
#6630=ORIENTED_EDGE('',*,*,#5134,.T.);
#6631=ORIENTED_EDGE('',*,*,#5135,.T.);
#6632=ORIENTED_EDGE('',*,*,#5136,.T.);
#6633=ORIENTED_EDGE('',*,*,#5137,.F.);
#6634=ORIENTED_EDGE('',*,*,#5132,.F.);
#6635=ORIENTED_EDGE('',*,*,#5138,.F.);
#6636=ORIENTED_EDGE('',*,*,#5139,.F.);
#6637=ORIENTED_EDGE('',*,*,#5136,.F.);
#6638=ORIENTED_EDGE('',*,*,#5140,.F.);
#6639=ORIENTED_EDGE('',*,*,#5141,.F.);
#6640=ORIENTED_EDGE('',*,*,#5142,.T.);
#6641=ORIENTED_EDGE('',*,*,#5143,.T.);
#6642=ORIENTED_EDGE('',*,*,#5144,.F.);
#6643=ORIENTED_EDGE('',*,*,#5145,.F.);
#6644=ORIENTED_EDGE('',*,*,#5146,.T.);
#6645=ORIENTED_EDGE('',*,*,#5147,.T.);
#6646=ORIENTED_EDGE('',*,*,#5148,.F.);
#6647=ORIENTED_EDGE('',*,*,#5149,.T.);
#6648=ORIENTED_EDGE('',*,*,#5150,.T.);
#6649=ORIENTED_EDGE('',*,*,#5151,.F.);
#6650=ORIENTED_EDGE('',*,*,#5152,.F.);
#6651=ORIENTED_EDGE('',*,*,#5153,.T.);
#6652=ORIENTED_EDGE('',*,*,#5154,.F.);
#6653=ORIENTED_EDGE('',*,*,#5155,.T.);
#6654=ORIENTED_EDGE('',*,*,#5156,.T.);
#6655=ORIENTED_EDGE('',*,*,#5157,.T.);
#6656=ORIENTED_EDGE('',*,*,#5158,.T.);
#6657=ORIENTED_EDGE('',*,*,#5159,.T.);
#6658=ORIENTED_EDGE('',*,*,#5160,.F.);
#6659=ORIENTED_EDGE('',*,*,#5161,.T.);
#6660=ORIENTED_EDGE('',*,*,#5162,.F.);
#6661=ORIENTED_EDGE('',*,*,#5163,.F.);
#6662=ORIENTED_EDGE('',*,*,#5164,.F.);
#6663=ORIENTED_EDGE('',*,*,#5165,.T.);
#6664=ORIENTED_EDGE('',*,*,#5166,.T.);
#6665=ORIENTED_EDGE('',*,*,#5167,.T.);
#6666=ORIENTED_EDGE('',*,*,#5168,.F.);
#6667=ORIENTED_EDGE('',*,*,#5169,.F.);
#6668=ORIENTED_EDGE('',*,*,#5170,.T.);
#6669=ORIENTED_EDGE('',*,*,#5171,.T.);
#6670=ORIENTED_EDGE('',*,*,#5172,.F.);
#6671=ORIENTED_EDGE('',*,*,#5173,.F.);
#6672=ORIENTED_EDGE('',*,*,#5174,.F.);
#6673=ORIENTED_EDGE('',*,*,#5175,.F.);
#6674=ORIENTED_EDGE('',*,*,#5176,.F.);
#6675=ORIENTED_EDGE('',*,*,#5177,.F.);
#6676=ORIENTED_EDGE('',*,*,#5178,.T.);
#6677=ORIENTED_EDGE('',*,*,#5179,.T.);
#6678=ORIENTED_EDGE('',*,*,#5180,.T.);
#6679=ORIENTED_EDGE('',*,*,#5181,.T.);
#6680=ORIENTED_EDGE('',*,*,#5182,.F.);
#6681=ORIENTED_EDGE('',*,*,#5117,.T.);
#6682=ORIENTED_EDGE('',*,*,#5183,.F.);
#6683=ORIENTED_EDGE('',*,*,#5184,.F.);
#6684=ORIENTED_EDGE('',*,*,#5185,.T.);
#6685=ORIENTED_EDGE('',*,*,#5186,.T.);
#6686=ORIENTED_EDGE('',*,*,#5187,.F.);
#6687=ORIENTED_EDGE('',*,*,#5188,.F.);
#6688=ORIENTED_EDGE('',*,*,#5189,.F.);
#6689=ORIENTED_EDGE('',*,*,#5190,.F.);
#6690=ORIENTED_EDGE('',*,*,#5191,.F.);
#6691=ORIENTED_EDGE('',*,*,#5192,.F.);
#6692=ORIENTED_EDGE('',*,*,#5193,.T.);
#6693=ORIENTED_EDGE('',*,*,#5194,.T.);
#6694=ORIENTED_EDGE('',*,*,#5195,.T.);
#6695=ORIENTED_EDGE('',*,*,#5196,.T.);
#6696=ORIENTED_EDGE('',*,*,#5197,.F.);
#6697=ORIENTED_EDGE('',*,*,#5198,.T.);
#6698=ORIENTED_EDGE('',*,*,#5116,.T.);
#6699=ORIENTED_EDGE('',*,*,#5199,.T.);
#6700=ORIENTED_EDGE('',*,*,#5200,.T.);
#6701=ORIENTED_EDGE('',*,*,#5201,.F.);
#6702=ORIENTED_EDGE('',*,*,#5202,.F.);
#6703=ORIENTED_EDGE('',*,*,#5203,.T.);
#6704=ORIENTED_EDGE('',*,*,#5204,.F.);
#6705=ORIENTED_EDGE('',*,*,#5205,.T.);
#6706=ORIENTED_EDGE('',*,*,#5206,.T.);
#6707=ORIENTED_EDGE('',*,*,#5207,.T.);
#6708=ORIENTED_EDGE('',*,*,#5208,.T.);
#6709=ORIENTED_EDGE('',*,*,#5209,.T.);
#6710=ORIENTED_EDGE('',*,*,#5210,.F.);
#6711=ORIENTED_EDGE('',*,*,#5211,.T.);
#6712=ORIENTED_EDGE('',*,*,#5212,.F.);
#6713=ORIENTED_EDGE('',*,*,#5213,.F.);
#6714=ORIENTED_EDGE('',*,*,#5214,.F.);
#6715=ORIENTED_EDGE('',*,*,#5215,.T.);
#6716=ORIENTED_EDGE('',*,*,#5216,.T.);
#6717=ORIENTED_EDGE('',*,*,#5217,.F.);
#6718=ORIENTED_EDGE('',*,*,#5218,.F.);
#6719=ORIENTED_EDGE('',*,*,#5219,.T.);
#6720=ORIENTED_EDGE('',*,*,#5220,.T.);
#6721=ORIENTED_EDGE('',*,*,#5221,.T.);
#6722=ORIENTED_EDGE('',*,*,#5222,.T.);
#6723=ORIENTED_EDGE('',*,*,#5223,.T.);
#6724=ORIENTED_EDGE('',*,*,#5224,.T.);
#6725=ORIENTED_EDGE('',*,*,#5225,.T.);
#6726=ORIENTED_EDGE('',*,*,#5226,.T.);
#6727=ORIENTED_EDGE('',*,*,#5227,.T.);
#6728=ORIENTED_EDGE('',*,*,#5228,.F.);
#6729=ORIENTED_EDGE('',*,*,#5229,.T.);
#6730=ORIENTED_EDGE('',*,*,#5230,.T.);
#6731=ORIENTED_EDGE('',*,*,#5231,.T.);
#6732=ORIENTED_EDGE('',*,*,#5232,.T.);
#6733=ORIENTED_EDGE('',*,*,#5233,.T.);
#6734=ORIENTED_EDGE('',*,*,#5234,.T.);
#6735=ORIENTED_EDGE('',*,*,#5235,.T.);
#6736=ORIENTED_EDGE('',*,*,#5236,.T.);
#6737=ORIENTED_EDGE('',*,*,#5237,.T.);
#6738=ORIENTED_EDGE('',*,*,#5238,.T.);
#6739=ORIENTED_EDGE('',*,*,#5239,.T.);
#6740=ORIENTED_EDGE('',*,*,#5240,.F.);
#6741=ORIENTED_EDGE('',*,*,#5241,.F.);
#6742=ORIENTED_EDGE('',*,*,#5242,.F.);
#6743=ORIENTED_EDGE('',*,*,#5243,.F.);
#6744=ORIENTED_EDGE('',*,*,#5244,.T.);
#6745=ORIENTED_EDGE('',*,*,#5245,.T.);
#6746=ORIENTED_EDGE('',*,*,#5246,.T.);
#6747=ORIENTED_EDGE('',*,*,#5247,.F.);
#6748=ORIENTED_EDGE('',*,*,#5248,.F.);
#6749=ORIENTED_EDGE('',*,*,#5249,.T.);
#6750=ORIENTED_EDGE('',*,*,#5250,.T.);
#6751=ORIENTED_EDGE('',*,*,#5251,.F.);
#6752=ORIENTED_EDGE('',*,*,#5252,.F.);
#6753=ORIENTED_EDGE('',*,*,#5253,.T.);
#6754=ORIENTED_EDGE('',*,*,#5254,.T.);
#6755=ORIENTED_EDGE('',*,*,#5255,.T.);
#6756=ORIENTED_EDGE('',*,*,#5256,.T.);
#6757=ORIENTED_EDGE('',*,*,#5257,.T.);
#6758=ORIENTED_EDGE('',*,*,#5258,.T.);
#6759=ORIENTED_EDGE('',*,*,#5259,.T.);
#6760=ORIENTED_EDGE('',*,*,#5260,.T.);
#6761=ORIENTED_EDGE('',*,*,#5261,.T.);
#6762=ORIENTED_EDGE('',*,*,#5262,.F.);
#6763=ORIENTED_EDGE('',*,*,#5263,.T.);
#6764=ORIENTED_EDGE('',*,*,#5264,.T.);
#6765=ORIENTED_EDGE('',*,*,#5265,.T.);
#6766=ORIENTED_EDGE('',*,*,#5266,.T.);
#6767=ORIENTED_EDGE('',*,*,#5267,.T.);
#6768=ORIENTED_EDGE('',*,*,#5268,.T.);
#6769=ORIENTED_EDGE('',*,*,#5269,.T.);
#6770=ORIENTED_EDGE('',*,*,#5270,.T.);
#6771=ORIENTED_EDGE('',*,*,#5271,.T.);
#6772=ORIENTED_EDGE('',*,*,#5272,.T.);
#6773=ORIENTED_EDGE('',*,*,#5273,.T.);
#6774=ORIENTED_EDGE('',*,*,#5274,.F.);
#6775=ORIENTED_EDGE('',*,*,#5275,.F.);
#6776=ORIENTED_EDGE('',*,*,#5276,.F.);
#6777=ORIENTED_EDGE('',*,*,#5277,.F.);
#6778=ORIENTED_EDGE('',*,*,#5278,.T.);
#6779=ORIENTED_EDGE('',*,*,#5279,.T.);
#6780=ORIENTED_EDGE('',*,*,#5280,.T.);
#6781=ORIENTED_EDGE('',*,*,#5281,.F.);
#6782=ORIENTED_EDGE('',*,*,#5282,.F.);
#6783=ORIENTED_EDGE('',*,*,#5283,.T.);
#6784=ORIENTED_EDGE('',*,*,#5284,.T.);
#6785=ORIENTED_EDGE('',*,*,#5285,.F.);
#6786=ORIENTED_EDGE('',*,*,#5286,.F.);
#6787=ORIENTED_EDGE('',*,*,#5287,.T.);
#6788=ORIENTED_EDGE('',*,*,#5288,.T.);
#6789=ORIENTED_EDGE('',*,*,#5289,.T.);
#6790=ORIENTED_EDGE('',*,*,#5290,.T.);
#6791=ORIENTED_EDGE('',*,*,#5291,.T.);
#6792=ORIENTED_EDGE('',*,*,#5292,.T.);
#6793=ORIENTED_EDGE('',*,*,#5293,.T.);
#6794=ORIENTED_EDGE('',*,*,#5294,.T.);
#6795=ORIENTED_EDGE('',*,*,#5295,.T.);
#6796=ORIENTED_EDGE('',*,*,#5296,.F.);
#6797=ORIENTED_EDGE('',*,*,#5297,.T.);
#6798=ORIENTED_EDGE('',*,*,#5298,.T.);
#6799=ORIENTED_EDGE('',*,*,#5299,.T.);
#6800=ORIENTED_EDGE('',*,*,#5300,.T.);
#6801=ORIENTED_EDGE('',*,*,#5301,.T.);
#6802=ORIENTED_EDGE('',*,*,#5302,.T.);
#6803=ORIENTED_EDGE('',*,*,#5303,.T.);
#6804=ORIENTED_EDGE('',*,*,#5304,.T.);
#6805=ORIENTED_EDGE('',*,*,#5305,.T.);
#6806=ORIENTED_EDGE('',*,*,#5306,.T.);
#6807=ORIENTED_EDGE('',*,*,#5307,.T.);
#6808=ORIENTED_EDGE('',*,*,#5308,.F.);
#6809=ORIENTED_EDGE('',*,*,#5309,.F.);
#6810=ORIENTED_EDGE('',*,*,#5310,.F.);
#6811=ORIENTED_EDGE('',*,*,#5311,.F.);
#6812=ORIENTED_EDGE('',*,*,#5312,.T.);
#6813=ORIENTED_EDGE('',*,*,#5313,.T.);
#6814=ORIENTED_EDGE('',*,*,#5314,.T.);
#6815=ORIENTED_EDGE('',*,*,#5315,.F.);
#6816=ORIENTED_EDGE('',*,*,#5316,.F.);
#6817=ORIENTED_EDGE('',*,*,#5140,.T.);
#6818=ORIENTED_EDGE('',*,*,#5317,.T.);
#6819=ORIENTED_EDGE('',*,*,#5318,.T.);
#6820=ORIENTED_EDGE('',*,*,#5319,.T.);
#6821=ORIENTED_EDGE('',*,*,#5320,.T.);
#6822=ORIENTED_EDGE('',*,*,#5321,.T.);
#6823=ORIENTED_EDGE('',*,*,#5322,.T.);
#6824=ORIENTED_EDGE('',*,*,#5323,.F.);
#6825=ORIENTED_EDGE('',*,*,#5324,.F.);
#6826=ORIENTED_EDGE('',*,*,#5325,.F.);
#6827=ORIENTED_EDGE('',*,*,#5326,.F.);
#6828=ORIENTED_EDGE('',*,*,#5327,.T.);
#6829=ORIENTED_EDGE('',*,*,#5328,.T.);
#6830=ORIENTED_EDGE('',*,*,#5329,.T.);
#6831=ORIENTED_EDGE('',*,*,#5330,.F.);
#6832=ORIENTED_EDGE('',*,*,#5331,.F.);
#6833=ORIENTED_EDGE('',*,*,#5332,.T.);
#6834=ORIENTED_EDGE('',*,*,#5139,.T.);
#6835=ORIENTED_EDGE('',*,*,#5333,.T.);
#6836=ORIENTED_EDGE('',*,*,#5334,.T.);
#6837=ORIENTED_EDGE('',*,*,#5335,.F.);
#6838=ORIENTED_EDGE('',*,*,#5336,.F.);
#6839=ORIENTED_EDGE('',*,*,#5337,.T.);
#6840=ORIENTED_EDGE('',*,*,#5338,.T.);
#6841=ORIENTED_EDGE('',*,*,#5339,.T.);
#6842=ORIENTED_EDGE('',*,*,#5340,.T.);
#6843=ORIENTED_EDGE('',*,*,#5341,.T.);
#6844=ORIENTED_EDGE('',*,*,#5342,.T.);
#6845=ORIENTED_EDGE('',*,*,#5343,.T.);
#6846=ORIENTED_EDGE('',*,*,#5344,.T.);
#6847=ORIENTED_EDGE('',*,*,#5345,.T.);
#6848=ORIENTED_EDGE('',*,*,#5346,.F.);
#6849=ORIENTED_EDGE('',*,*,#5347,.T.);
#6850=ORIENTED_EDGE('',*,*,#5348,.T.);
#6851=ORIENTED_EDGE('',*,*,#5349,.T.);
#6852=ORIENTED_EDGE('',*,*,#5350,.T.);
#6853=ORIENTED_EDGE('',*,*,#5351,.F.);
#6854=ORIENTED_EDGE('',*,*,#5352,.F.);
#6855=ORIENTED_EDGE('',*,*,#5353,.T.);
#6856=ORIENTED_EDGE('',*,*,#5354,.F.);
#6857=ORIENTED_EDGE('',*,*,#5355,.T.);
#6858=ORIENTED_EDGE('',*,*,#5356,.T.);
#6859=ORIENTED_EDGE('',*,*,#5357,.T.);
#6860=ORIENTED_EDGE('',*,*,#5358,.T.);
#6861=ORIENTED_EDGE('',*,*,#5359,.T.);
#6862=ORIENTED_EDGE('',*,*,#5360,.F.);
#6863=ORIENTED_EDGE('',*,*,#5361,.T.);
#6864=ORIENTED_EDGE('',*,*,#5362,.F.);
#6865=ORIENTED_EDGE('',*,*,#5363,.F.);
#6866=ORIENTED_EDGE('',*,*,#5364,.F.);
#6867=ORIENTED_EDGE('',*,*,#5365,.T.);
#6868=ORIENTED_EDGE('',*,*,#5366,.T.);
#6869=ORIENTED_EDGE('',*,*,#5367,.T.);
#6870=ORIENTED_EDGE('',*,*,#5368,.F.);
#6871=ORIENTED_EDGE('',*,*,#5369,.F.);
#6872=ORIENTED_EDGE('',*,*,#5370,.T.);
#6873=ORIENTED_EDGE('',*,*,#5371,.T.);
#6874=ORIENTED_EDGE('',*,*,#5372,.F.);
#6875=ORIENTED_EDGE('',*,*,#5373,.F.);
#6876=ORIENTED_EDGE('',*,*,#5374,.F.);
#6877=ORIENTED_EDGE('',*,*,#5375,.F.);
#6878=ORIENTED_EDGE('',*,*,#5376,.F.);
#6879=ORIENTED_EDGE('',*,*,#5377,.F.);
#6880=ORIENTED_EDGE('',*,*,#5378,.T.);
#6881=ORIENTED_EDGE('',*,*,#5379,.T.);
#6882=ORIENTED_EDGE('',*,*,#5380,.T.);
#6883=ORIENTED_EDGE('',*,*,#5381,.T.);
#6884=ORIENTED_EDGE('',*,*,#5382,.F.);
#6885=ORIENTED_EDGE('',*,*,#5383,.T.);
#6886=ORIENTED_EDGE('',*,*,#5384,.T.);
#6887=ORIENTED_EDGE('',*,*,#5385,.T.);
#6888=ORIENTED_EDGE('',*,*,#5386,.T.);
#6889=ORIENTED_EDGE('',*,*,#5387,.T.);
#6890=ORIENTED_EDGE('',*,*,#5388,.T.);
#6891=ORIENTED_EDGE('',*,*,#5389,.T.);
#6892=ORIENTED_EDGE('',*,*,#5390,.T.);
#6893=ORIENTED_EDGE('',*,*,#5391,.T.);
#6894=ORIENTED_EDGE('',*,*,#5392,.T.);
#6895=ORIENTED_EDGE('',*,*,#5393,.F.);
#6896=ORIENTED_EDGE('',*,*,#5394,.F.);
#6897=ORIENTED_EDGE('',*,*,#5395,.F.);
#6898=ORIENTED_EDGE('',*,*,#5396,.F.);
#6899=ORIENTED_EDGE('',*,*,#5397,.T.);
#6900=ORIENTED_EDGE('',*,*,#5398,.F.);
#6901=ORIENTED_EDGE('',*,*,#5399,.F.);
#6902=ORIENTED_EDGE('',*,*,#5400,.F.);
#6903=ORIENTED_EDGE('',*,*,#5401,.F.);
#6904=ORIENTED_EDGE('',*,*,#5402,.T.);
#6905=ORIENTED_EDGE('',*,*,#5403,.F.);
#6906=ORIENTED_EDGE('',*,*,#5404,.F.);
#6907=ORIENTED_EDGE('',*,*,#5405,.F.);
#6908=ORIENTED_EDGE('',*,*,#5406,.F.);
#6909=ORIENTED_EDGE('',*,*,#5407,.T.);
#6910=ORIENTED_EDGE('',*,*,#5408,.F.);
#6911=ORIENTED_EDGE('',*,*,#5409,.F.);
#6912=ORIENTED_EDGE('',*,*,#5410,.F.);
#6913=ORIENTED_EDGE('',*,*,#5411,.F.);
#6914=ORIENTED_EDGE('',*,*,#5412,.T.);
#6915=ORIENTED_EDGE('',*,*,#5413,.T.);
#6916=ORIENTED_EDGE('',*,*,#5414,.T.);
#6917=ORIENTED_EDGE('',*,*,#5415,.T.);
#6918=ORIENTED_EDGE('',*,*,#5416,.T.);
#6919=ORIENTED_EDGE('',*,*,#5417,.T.);
#6920=ORIENTED_EDGE('',*,*,#5418,.T.);
#6921=ORIENTED_EDGE('',*,*,#5419,.T.);
#6922=ORIENTED_EDGE('',*,*,#5420,.T.);
#6923=ORIENTED_EDGE('',*,*,#5421,.T.);
#6924=ORIENTED_EDGE('',*,*,#5422,.T.);
#6925=ORIENTED_EDGE('',*,*,#5423,.T.);
#6926=ORIENTED_EDGE('',*,*,#5424,.T.);
#6927=ORIENTED_EDGE('',*,*,#5425,.F.);
#6928=ORIENTED_EDGE('',*,*,#5426,.F.);
#6929=ORIENTED_EDGE('',*,*,#5427,.T.);
#6930=ORIENTED_EDGE('',*,*,#5428,.T.);
#6931=ORIENTED_EDGE('',*,*,#5429,.F.);
#6932=ORIENTED_EDGE('',*,*,#5430,.F.);
#6933=ORIENTED_EDGE('',*,*,#5431,.F.);
#6934=ORIENTED_EDGE('',*,*,#5432,.F.);
#6935=ORIENTED_EDGE('',*,*,#5433,.F.);
#6936=ORIENTED_EDGE('',*,*,#5434,.F.);
#6937=ORIENTED_EDGE('',*,*,#5435,.F.);
#6938=ORIENTED_EDGE('',*,*,#5436,.F.);
#6939=ORIENTED_EDGE('',*,*,#5437,.F.);
#6940=ORIENTED_EDGE('',*,*,#5438,.F.);
#6941=ORIENTED_EDGE('',*,*,#5439,.F.);
#6942=ORIENTED_EDGE('',*,*,#5440,.F.);
#6943=ORIENTED_EDGE('',*,*,#5441,.F.);
#6944=ORIENTED_EDGE('',*,*,#5442,.F.);
#6945=ORIENTED_EDGE('',*,*,#5443,.T.);
#6946=ORIENTED_EDGE('',*,*,#5444,.T.);
#6947=ORIENTED_EDGE('',*,*,#5445,.T.);
#6948=ORIENTED_EDGE('',*,*,#5446,.T.);
#6949=ORIENTED_EDGE('',*,*,#5447,.T.);
#6950=ORIENTED_EDGE('',*,*,#5448,.T.);
#6951=ORIENTED_EDGE('',*,*,#5449,.F.);
#6952=ORIENTED_EDGE('',*,*,#5450,.F.);
#6953=ORIENTED_EDGE('',*,*,#5451,.T.);
#6954=ORIENTED_EDGE('',*,*,#5452,.T.);
#6955=ORIENTED_EDGE('',*,*,#5453,.F.);
#6956=ORIENTED_EDGE('',*,*,#5454,.F.);
#6957=ORIENTED_EDGE('',*,*,#5455,.F.);
#6958=ORIENTED_EDGE('',*,*,#5456,.F.);
#6959=ORIENTED_EDGE('',*,*,#5457,.F.);
#6960=ORIENTED_EDGE('',*,*,#5458,.F.);
#6961=ORIENTED_EDGE('',*,*,#5459,.F.);
#6962=ORIENTED_EDGE('',*,*,#5460,.F.);
#6963=ORIENTED_EDGE('',*,*,#5461,.F.);
#6964=ORIENTED_EDGE('',*,*,#5462,.F.);
#6965=ORIENTED_EDGE('',*,*,#5463,.F.);
#6966=ORIENTED_EDGE('',*,*,#5464,.F.);
#6967=ORIENTED_EDGE('',*,*,#5465,.F.);
#6968=ORIENTED_EDGE('',*,*,#5466,.F.);
#6969=ORIENTED_EDGE('',*,*,#5467,.T.);
#6970=ORIENTED_EDGE('',*,*,#5107,.T.);
#6971=ORIENTED_EDGE('',*,*,#5468,.T.);
#6972=ORIENTED_EDGE('',*,*,#5130,.T.);
#6973=ORIENTED_EDGE('',*,*,#5469,.T.);
#6974=ORIENTED_EDGE('',*,*,#5145,.T.);
#6975=ORIENTED_EDGE('',*,*,#5470,.T.);
#6976=ORIENTED_EDGE('',*,*,#5122,.T.);
#6977=ORIENTED_EDGE('',*,*,#5471,.T.);
#6978=ORIENTED_EDGE('',*,*,#5141,.T.);
#6979=ORIENTED_EDGE('',*,*,#5472,.T.);
#6980=ORIENTED_EDGE('',*,*,#5118,.T.);
#6981=ORIENTED_EDGE('',*,*,#5473,.T.);
#6982=ORIENTED_EDGE('',*,*,#5126,.T.);
#6983=ORIENTED_EDGE('',*,*,#5474,.T.);
#6984=ORIENTED_EDGE('',*,*,#5103,.T.);
#6985=ORIENTED_EDGE('',*,*,#5475,.T.);
#6986=ORIENTED_EDGE('',*,*,#5476,.T.);
#6987=ORIENTED_EDGE('',*,*,#5477,.F.);
#6988=ORIENTED_EDGE('',*,*,#5478,.F.);
#6989=ORIENTED_EDGE('',*,*,#5479,.T.);
#6990=ORIENTED_EDGE('',*,*,#5480,.F.);
#6991=ORIENTED_EDGE('',*,*,#5481,.T.);
#6992=ORIENTED_EDGE('',*,*,#5482,.T.);
#6993=ORIENTED_EDGE('',*,*,#5483,.T.);
#6994=ORIENTED_EDGE('',*,*,#5484,.T.);
#6995=ORIENTED_EDGE('',*,*,#5485,.T.);
#6996=ORIENTED_EDGE('',*,*,#5486,.F.);
#6997=ORIENTED_EDGE('',*,*,#5487,.T.);
#6998=ORIENTED_EDGE('',*,*,#5488,.F.);
#6999=ORIENTED_EDGE('',*,*,#5489,.F.);
#7000=ORIENTED_EDGE('',*,*,#5490,.F.);
#7001=ORIENTED_EDGE('',*,*,#5491,.T.);
#7002=ORIENTED_EDGE('',*,*,#5492,.T.);
#7003=ORIENTED_EDGE('',*,*,#5493,.T.);
#7004=ORIENTED_EDGE('',*,*,#5494,.F.);
#7005=ORIENTED_EDGE('',*,*,#5495,.F.);
#7006=ORIENTED_EDGE('',*,*,#5496,.T.);
#7007=ORIENTED_EDGE('',*,*,#5497,.T.);
#7008=ORIENTED_EDGE('',*,*,#5498,.F.);
#7009=ORIENTED_EDGE('',*,*,#5499,.F.);
#7010=ORIENTED_EDGE('',*,*,#5500,.F.);
#7011=ORIENTED_EDGE('',*,*,#5501,.F.);
#7012=ORIENTED_EDGE('',*,*,#5502,.F.);
#7013=ORIENTED_EDGE('',*,*,#5503,.F.);
#7014=ORIENTED_EDGE('',*,*,#5504,.T.);
#7015=ORIENTED_EDGE('',*,*,#5505,.T.);
#7016=ORIENTED_EDGE('',*,*,#5506,.T.);
#7017=ORIENTED_EDGE('',*,*,#5507,.T.);
#7018=ORIENTED_EDGE('',*,*,#5508,.F.);
#7019=ORIENTED_EDGE('',*,*,#5183,.T.);
#7020=ORIENTED_EDGE('',*,*,#5112,.T.);
#7021=ORIENTED_EDGE('',*,*,#5509,.F.);
#7022=ORIENTED_EDGE('',*,*,#5134,.F.);
#7023=ORIENTED_EDGE('',*,*,#5348,.F.);
#7024=ORIENTED_EDGE('',*,*,#5510,.F.);
#7025=ORIENTED_EDGE('',*,*,#5111,.T.);
#7026=ORIENTED_EDGE('',*,*,#5214,.T.);
#7027=ORIENTED_EDGE('',*,*,#5511,.T.);
#7028=ORIENTED_EDGE('',*,*,#5317,.F.);
#7029=ORIENTED_EDGE('',*,*,#5135,.F.);
#7030=ORIENTED_EDGE('',*,*,#5509,.T.);
#7031=ORIENTED_EDGE('',*,*,#5467,.F.);
#7032=ORIENTED_EDGE('',*,*,#5133,.T.);
#7033=ORIENTED_EDGE('',*,*,#5137,.T.);
#7034=ORIENTED_EDGE('',*,*,#5332,.F.);
#7035=ORIENTED_EDGE('',*,*,#5512,.F.);
#7036=ORIENTED_EDGE('',*,*,#5199,.F.);
#7037=ORIENTED_EDGE('',*,*,#5115,.T.);
#7038=ORIENTED_EDGE('',*,*,#5108,.F.);
#7039=ORIENTED_EDGE('',*,*,#5513,.F.);
#7040=ORIENTED_EDGE('',*,*,#5333,.F.);
#7041=ORIENTED_EDGE('',*,*,#5138,.T.);
#7042=ORIENTED_EDGE('',*,*,#5131,.F.);
#7043=ORIENTED_EDGE('',*,*,#5468,.F.);
#7044=ORIENTED_EDGE('',*,*,#5110,.T.);
#7045=ORIENTED_EDGE('',*,*,#5114,.T.);
#7046=ORIENTED_EDGE('',*,*,#5198,.F.);
#7047=ORIENTED_EDGE('',*,*,#5514,.F.);
#7048=ORIENTED_EDGE('',*,*,#5215,.F.);
#7049=ORIENTED_EDGE('',*,*,#5515,.T.);
#7050=ORIENTED_EDGE('',*,*,#5119,.F.);
#7051=ORIENTED_EDGE('',*,*,#5472,.F.);
#7052=ORIENTED_EDGE('',*,*,#5144,.T.);
#7053=ORIENTED_EDGE('',*,*,#5516,.T.);
#7054=ORIENTED_EDGE('',*,*,#5366,.F.);
#7055=ORIENTED_EDGE('',*,*,#5517,.F.);
#7056=ORIENTED_EDGE('',*,*,#5228,.T.);
#7057=ORIENTED_EDGE('',*,*,#5518,.T.);
#7058=ORIENTED_EDGE('',*,*,#5370,.F.);
#7059=ORIENTED_EDGE('',*,*,#5519,.F.);
#7060=ORIENTED_EDGE('',*,*,#5371,.F.);
#7061=ORIENTED_EDGE('',*,*,#5518,.F.);
#7062=ORIENTED_EDGE('',*,*,#5227,.F.);
#7063=ORIENTED_EDGE('',*,*,#5520,.F.);
#7064=ORIENTED_EDGE('',*,*,#5296,.T.);
#7065=ORIENTED_EDGE('',*,*,#5521,.T.);
#7066=ORIENTED_EDGE('',*,*,#5170,.F.);
#7067=ORIENTED_EDGE('',*,*,#5522,.F.);
#7068=ORIENTED_EDGE('',*,*,#5283,.F.);
#7069=ORIENTED_EDGE('',*,*,#5523,.T.);
#7070=ORIENTED_EDGE('',*,*,#5127,.F.);
#7071=ORIENTED_EDGE('',*,*,#5473,.F.);
#7072=ORIENTED_EDGE('',*,*,#5106,.T.);
#7073=ORIENTED_EDGE('',*,*,#5524,.T.);
#7074=ORIENTED_EDGE('',*,*,#5166,.F.);
#7075=ORIENTED_EDGE('',*,*,#5525,.F.);
#7076=ORIENTED_EDGE('',*,*,#5171,.F.);
#7077=ORIENTED_EDGE('',*,*,#5521,.F.);
#7078=ORIENTED_EDGE('',*,*,#5295,.F.);
#7079=ORIENTED_EDGE('',*,*,#5526,.F.);
#7080=ORIENTED_EDGE('',*,*,#5346,.T.);
#7081=ORIENTED_EDGE('',*,*,#5527,.T.);
#7082=ORIENTED_EDGE('',*,*,#5185,.F.);
#7083=ORIENTED_EDGE('',*,*,#5528,.F.);
#7084=ORIENTED_EDGE('',*,*,#5186,.F.);
#7085=ORIENTED_EDGE('',*,*,#5527,.F.);
#7086=ORIENTED_EDGE('',*,*,#5345,.F.);
#7087=ORIENTED_EDGE('',*,*,#5529,.F.);
#7088=ORIENTED_EDGE('',*,*,#5237,.F.);
#7089=ORIENTED_EDGE('',*,*,#5530,.F.);
#7090=ORIENTED_EDGE('',*,*,#5361,.F.);
#7091=ORIENTED_EDGE('',*,*,#5531,.F.);
#7092=ORIENTED_EDGE('',*,*,#5349,.F.);
#7093=ORIENTED_EDGE('',*,*,#5532,.T.);
#7094=ORIENTED_EDGE('',*,*,#5142,.F.);
#7095=ORIENTED_EDGE('',*,*,#5471,.F.);
#7096=ORIENTED_EDGE('',*,*,#5121,.T.);
#7097=ORIENTED_EDGE('',*,*,#5533,.T.);
#7098=ORIENTED_EDGE('',*,*,#5232,.F.);
#7099=ORIENTED_EDGE('',*,*,#5534,.F.);
#7100=ORIENTED_EDGE('',*,*,#5362,.T.);
#7101=ORIENTED_EDGE('',*,*,#5530,.T.);
#7102=ORIENTED_EDGE('',*,*,#5236,.F.);
#7103=ORIENTED_EDGE('',*,*,#5535,.F.);
#7104=ORIENTED_EDGE('',*,*,#5149,.F.);
#7105=ORIENTED_EDGE('',*,*,#5536,.T.);
#7106=ORIENTED_EDGE('',*,*,#5104,.F.);
#7107=ORIENTED_EDGE('',*,*,#5474,.F.);
#7108=ORIENTED_EDGE('',*,*,#5129,.T.);
#7109=ORIENTED_EDGE('',*,*,#5537,.T.);
#7110=ORIENTED_EDGE('',*,*,#5300,.F.);
#7111=ORIENTED_EDGE('',*,*,#5538,.F.);
#7112=ORIENTED_EDGE('',*,*,#5162,.T.);
#7113=ORIENTED_EDGE('',*,*,#5539,.T.);
#7114=ORIENTED_EDGE('',*,*,#5304,.F.);
#7115=ORIENTED_EDGE('',*,*,#5540,.F.);
#7116=ORIENTED_EDGE('',*,*,#5305,.F.);
#7117=ORIENTED_EDGE('',*,*,#5539,.F.);
#7118=ORIENTED_EDGE('',*,*,#5161,.F.);
#7119=ORIENTED_EDGE('',*,*,#5541,.F.);
#7120=ORIENTED_EDGE('',*,*,#5320,.F.);
#7121=ORIENTED_EDGE('',*,*,#5542,.F.);
#7122=ORIENTED_EDGE('',*,*,#5211,.F.);
#7123=ORIENTED_EDGE('',*,*,#5543,.F.);
#7124=ORIENTED_EDGE('',*,*,#5212,.T.);
#7125=ORIENTED_EDGE('',*,*,#5542,.T.);
#7126=ORIENTED_EDGE('',*,*,#5319,.F.);
#7127=ORIENTED_EDGE('',*,*,#5514,.T.);
#7128=ORIENTED_EDGE('',*,*,#5382,.T.);
#7129=ORIENTED_EDGE('',*,*,#5544,.T.);
#7130=ORIENTED_EDGE('',*,*,#5216,.F.);
#7131=ORIENTED_EDGE('',*,*,#5517,.T.);
#7132=ORIENTED_EDGE('',*,*,#5369,.T.);
#7133=ORIENTED_EDGE('',*,*,#5545,.T.);
#7134=ORIENTED_EDGE('',*,*,#5229,.F.);
#7135=ORIENTED_EDGE('',*,*,#5513,.T.);
#7136=ORIENTED_EDGE('',*,*,#5197,.T.);
#7137=ORIENTED_EDGE('',*,*,#5546,.T.);
#7138=ORIENTED_EDGE('',*,*,#5334,.F.);
#7139=ORIENTED_EDGE('',*,*,#5526,.T.);
#7140=ORIENTED_EDGE('',*,*,#5184,.T.);
#7141=ORIENTED_EDGE('',*,*,#5510,.T.);
#7142=ORIENTED_EDGE('',*,*,#5347,.F.);
#7143=ORIENTED_EDGE('',*,*,#5529,.T.);
#7144=ORIENTED_EDGE('',*,*,#5360,.T.);
#7145=ORIENTED_EDGE('',*,*,#5547,.T.);
#7146=ORIENTED_EDGE('',*,*,#5238,.F.);
#7147=ORIENTED_EDGE('',*,*,#5535,.T.);
#7148=ORIENTED_EDGE('',*,*,#5316,.T.);
#7149=ORIENTED_EDGE('',*,*,#5548,.F.);
#7150=ORIENTED_EDGE('',*,*,#5150,.F.);
#7151=ORIENTED_EDGE('',*,*,#5538,.T.);
#7152=ORIENTED_EDGE('',*,*,#5303,.F.);
#7153=ORIENTED_EDGE('',*,*,#5549,.F.);
#7154=ORIENTED_EDGE('',*,*,#5163,.T.);
#7155=ORIENTED_EDGE('',*,*,#5541,.T.);
#7156=ORIENTED_EDGE('',*,*,#5210,.T.);
#7157=ORIENTED_EDGE('',*,*,#5550,.T.);
#7158=ORIENTED_EDGE('',*,*,#5321,.F.);
#7159=ORIENTED_EDGE('',*,*,#5551,.F.);
#7160=ORIENTED_EDGE('',*,*,#5249,.F.);
#7161=ORIENTED_EDGE('',*,*,#5552,.T.);
#7162=ORIENTED_EDGE('',*,*,#5123,.F.);
#7163=ORIENTED_EDGE('',*,*,#5470,.F.);
#7164=ORIENTED_EDGE('',*,*,#5148,.T.);
#7165=ORIENTED_EDGE('',*,*,#5553,.T.);
#7166=ORIENTED_EDGE('',*,*,#5492,.F.);
#7167=ORIENTED_EDGE('',*,*,#5554,.F.);
#7168=ORIENTED_EDGE('',*,*,#5262,.T.);
#7169=ORIENTED_EDGE('',*,*,#5555,.T.);
#7170=ORIENTED_EDGE('',*,*,#5496,.F.);
#7171=ORIENTED_EDGE('',*,*,#5556,.F.);
#7172=ORIENTED_EDGE('',*,*,#5497,.F.);
#7173=ORIENTED_EDGE('',*,*,#5555,.F.);
#7174=ORIENTED_EDGE('',*,*,#5261,.F.);
#7175=ORIENTED_EDGE('',*,*,#5557,.F.);
#7176=ORIENTED_EDGE('',*,*,#5271,.F.);
#7177=ORIENTED_EDGE('',*,*,#5558,.F.);
#7178=ORIENTED_EDGE('',*,*,#5487,.F.);
#7179=ORIENTED_EDGE('',*,*,#5559,.F.);
#7180=ORIENTED_EDGE('',*,*,#5475,.F.);
#7181=ORIENTED_EDGE('',*,*,#5560,.T.);
#7182=ORIENTED_EDGE('',*,*,#5146,.F.);
#7183=ORIENTED_EDGE('',*,*,#5469,.F.);
#7184=ORIENTED_EDGE('',*,*,#5125,.T.);
#7185=ORIENTED_EDGE('',*,*,#5561,.T.);
#7186=ORIENTED_EDGE('',*,*,#5266,.F.);
#7187=ORIENTED_EDGE('',*,*,#5562,.F.);
#7188=ORIENTED_EDGE('',*,*,#5488,.T.);
#7189=ORIENTED_EDGE('',*,*,#5558,.T.);
#7190=ORIENTED_EDGE('',*,*,#5270,.F.);
#7191=ORIENTED_EDGE('',*,*,#5551,.T.);
#7192=ORIENTED_EDGE('',*,*,#5508,.T.);
#7193=ORIENTED_EDGE('',*,*,#5563,.T.);
#7194=ORIENTED_EDGE('',*,*,#5250,.F.);
#7195=ORIENTED_EDGE('',*,*,#5554,.T.);
#7196=ORIENTED_EDGE('',*,*,#5495,.T.);
#7197=ORIENTED_EDGE('',*,*,#5564,.T.);
#7198=ORIENTED_EDGE('',*,*,#5263,.F.);
#7199=ORIENTED_EDGE('',*,*,#5557,.T.);
#7200=ORIENTED_EDGE('',*,*,#5486,.T.);
#7201=ORIENTED_EDGE('',*,*,#5565,.T.);
#7202=ORIENTED_EDGE('',*,*,#5272,.F.);
#7203=ORIENTED_EDGE('',*,*,#5566,.F.);
#7204=ORIENTED_EDGE('',*,*,#5567,.T.);
#7205=ORIENTED_EDGE('',*,*,#5568,.T.);
#7206=ORIENTED_EDGE('',*,*,#5414,.F.);
#7207=ORIENTED_EDGE('',*,*,#5569,.F.);
#7208=ORIENTED_EDGE('',*,*,#5570,.F.);
#7209=ORIENTED_EDGE('',*,*,#5571,.F.);
#7210=ORIENTED_EDGE('',*,*,#5572,.F.);
#7211=ORIENTED_EDGE('',*,*,#5573,.T.);
#7212=ORIENTED_EDGE('',*,*,#5567,.F.);
#7213=ORIENTED_EDGE('',*,*,#5574,.F.);
#7214=ORIENTED_EDGE('',*,*,#5575,.F.);
#7215=ORIENTED_EDGE('',*,*,#5576,.F.);
#7216=ORIENTED_EDGE('',*,*,#5577,.F.);
#7217=ORIENTED_EDGE('',*,*,#5578,.F.);
#7218=ORIENTED_EDGE('',*,*,#5579,.F.);
#7219=ORIENTED_EDGE('',*,*,#5580,.F.);
#7220=ORIENTED_EDGE('',*,*,#5581,.F.);
#7221=ORIENTED_EDGE('',*,*,#5582,.F.);
#7222=ORIENTED_EDGE('',*,*,#5583,.F.);
#7223=ORIENTED_EDGE('',*,*,#5584,.F.);
#7224=ORIENTED_EDGE('',*,*,#5585,.F.);
#7225=ORIENTED_EDGE('',*,*,#5586,.F.);
#7226=ORIENTED_EDGE('',*,*,#5587,.F.);
#7227=ORIENTED_EDGE('',*,*,#5573,.F.);
#7228=ORIENTED_EDGE('',*,*,#5588,.F.);
#7229=ORIENTED_EDGE('',*,*,#5415,.F.);
#7230=ORIENTED_EDGE('',*,*,#5568,.F.);
#7231=ORIENTED_EDGE('',*,*,#5588,.T.);
#7232=ORIENTED_EDGE('',*,*,#5572,.T.);
#7233=ORIENTED_EDGE('',*,*,#5589,.F.);
#7234=ORIENTED_EDGE('',*,*,#5416,.F.);
#7235=ORIENTED_EDGE('',*,*,#5571,.T.);
#7236=ORIENTED_EDGE('',*,*,#5590,.F.);
#7237=ORIENTED_EDGE('',*,*,#5417,.F.);
#7238=ORIENTED_EDGE('',*,*,#5589,.T.);
#7239=ORIENTED_EDGE('',*,*,#5591,.F.);
#7240=ORIENTED_EDGE('',*,*,#5418,.F.);
#7241=ORIENTED_EDGE('',*,*,#5590,.T.);
#7242=ORIENTED_EDGE('',*,*,#5570,.T.);
#7243=ORIENTED_EDGE('',*,*,#5581,.T.);
#7244=ORIENTED_EDGE('',*,*,#5592,.T.);
#7245=ORIENTED_EDGE('',*,*,#5593,.T.);
#7246=ORIENTED_EDGE('',*,*,#5580,.T.);
#7247=ORIENTED_EDGE('',*,*,#5594,.T.);
#7248=ORIENTED_EDGE('',*,*,#5592,.F.);
#7249=ORIENTED_EDGE('',*,*,#5579,.T.);
#7250=ORIENTED_EDGE('',*,*,#5595,.T.);
#7251=ORIENTED_EDGE('',*,*,#5596,.F.);
#7252=ORIENTED_EDGE('',*,*,#5594,.F.);
#7253=ORIENTED_EDGE('',*,*,#5578,.T.);
#7254=ORIENTED_EDGE('',*,*,#5597,.F.);
#7255=ORIENTED_EDGE('',*,*,#5595,.F.);
#7256=ORIENTED_EDGE('',*,*,#5577,.T.);
#7257=ORIENTED_EDGE('',*,*,#5598,.F.);
#7258=ORIENTED_EDGE('',*,*,#5597,.T.);
#7259=ORIENTED_EDGE('',*,*,#5576,.T.);
#7260=ORIENTED_EDGE('',*,*,#5599,.F.);
#7261=ORIENTED_EDGE('',*,*,#5600,.F.);
#7262=ORIENTED_EDGE('',*,*,#5598,.T.);
#7263=ORIENTED_EDGE('',*,*,#5575,.T.);
#7264=ORIENTED_EDGE('',*,*,#5601,.T.);
#7265=ORIENTED_EDGE('',*,*,#5599,.T.);
#7266=ORIENTED_EDGE('',*,*,#5582,.T.);
#7267=ORIENTED_EDGE('',*,*,#5593,.F.);
#7268=ORIENTED_EDGE('',*,*,#5602,.T.);
#7269=ORIENTED_EDGE('',*,*,#5603,.T.);
#7270=ORIENTED_EDGE('',*,*,#5586,.T.);
#7271=ORIENTED_EDGE('',*,*,#5604,.T.);
#7272=ORIENTED_EDGE('',*,*,#5605,.T.);
#7273=ORIENTED_EDGE('',*,*,#5606,.F.);
#7274=ORIENTED_EDGE('',*,*,#5584,.T.);
#7275=ORIENTED_EDGE('',*,*,#5607,.T.);
#7276=ORIENTED_EDGE('',*,*,#5608,.F.);
#7277=ORIENTED_EDGE('',*,*,#5609,.F.);
#7278=ORIENTED_EDGE('',*,*,#5583,.T.);
#7279=ORIENTED_EDGE('',*,*,#5603,.F.);
#7280=ORIENTED_EDGE('',*,*,#5607,.F.);
#7281=ORIENTED_EDGE('',*,*,#5585,.T.);
#7282=ORIENTED_EDGE('',*,*,#5609,.T.);
#7283=ORIENTED_EDGE('',*,*,#5604,.F.);
#7284=ORIENTED_EDGE('',*,*,#5574,.T.);
#7285=ORIENTED_EDGE('',*,*,#5610,.T.);
#7286=ORIENTED_EDGE('',*,*,#5611,.T.);
#7287=ORIENTED_EDGE('',*,*,#5601,.F.);
#7288=ORIENTED_EDGE('',*,*,#5587,.T.);
#7289=ORIENTED_EDGE('',*,*,#5606,.T.);
#7290=ORIENTED_EDGE('',*,*,#5610,.F.);
#7291=ORIENTED_EDGE('',*,*,#5608,.T.);
#7292=ORIENTED_EDGE('',*,*,#5602,.F.);
#7293=ORIENTED_EDGE('',*,*,#5596,.T.);
#7294=ORIENTED_EDGE('',*,*,#5600,.T.);
#7295=ORIENTED_EDGE('',*,*,#5611,.F.);
#7296=ORIENTED_EDGE('',*,*,#5605,.F.);
#7297=ORIENTED_EDGE('',*,*,#5612,.T.);
#7298=ORIENTED_EDGE('',*,*,#5613,.T.);
#7299=ORIENTED_EDGE('',*,*,#5614,.T.);
#7300=ORIENTED_EDGE('',*,*,#5615,.F.);
#7301=ORIENTED_EDGE('',*,*,#5616,.T.);
#7302=ORIENTED_EDGE('',*,*,#5617,.F.);
#7303=ORIENTED_EDGE('',*,*,#5618,.T.);
#7304=ORIENTED_EDGE('',*,*,#5619,.T.);
#7305=ORIENTED_EDGE('',*,*,#5620,.T.);
#7306=ORIENTED_EDGE('',*,*,#5621,.F.);
#7307=ORIENTED_EDGE('',*,*,#5622,.F.);
#7308=ORIENTED_EDGE('',*,*,#5623,.T.);
#7309=ORIENTED_EDGE('',*,*,#5624,.T.);
#7310=ORIENTED_EDGE('',*,*,#5625,.T.);
#7311=ORIENTED_EDGE('',*,*,#5626,.T.);
#7312=ORIENTED_EDGE('',*,*,#5627,.T.);
#7313=ORIENTED_EDGE('',*,*,#5628,.T.);
#7314=ORIENTED_EDGE('',*,*,#5629,.T.);
#7315=ORIENTED_EDGE('',*,*,#5630,.T.);
#7316=ORIENTED_EDGE('',*,*,#5631,.T.);
#7317=ORIENTED_EDGE('',*,*,#5632,.T.);
#7318=ORIENTED_EDGE('',*,*,#5633,.T.);
#7319=ORIENTED_EDGE('',*,*,#5634,.T.);
#7320=ORIENTED_EDGE('',*,*,#5635,.T.);
#7321=ORIENTED_EDGE('',*,*,#5636,.T.);
#7322=ORIENTED_EDGE('',*,*,#5616,.F.);
#7323=ORIENTED_EDGE('',*,*,#5637,.F.);
#7324=ORIENTED_EDGE('',*,*,#5638,.T.);
#7325=ORIENTED_EDGE('',*,*,#5639,.F.);
#7326=ORIENTED_EDGE('',*,*,#5440,.T.);
#7327=ORIENTED_EDGE('',*,*,#5640,.T.);
#7328=ORIENTED_EDGE('',*,*,#5615,.T.);
#7329=ORIENTED_EDGE('',*,*,#5640,.F.);
#7330=ORIENTED_EDGE('',*,*,#5641,.T.);
#7331=ORIENTED_EDGE('',*,*,#5642,.F.);
#7332=ORIENTED_EDGE('',*,*,#5441,.T.);
#7333=ORIENTED_EDGE('',*,*,#5643,.T.);
#7334=ORIENTED_EDGE('',*,*,#5614,.F.);
#7335=ORIENTED_EDGE('',*,*,#5643,.F.);
#7336=ORIENTED_EDGE('',*,*,#5639,.T.);
#7337=ORIENTED_EDGE('',*,*,#5644,.F.);
#7338=ORIENTED_EDGE('',*,*,#5442,.T.);
#7339=ORIENTED_EDGE('',*,*,#5645,.T.);
#7340=ORIENTED_EDGE('',*,*,#5613,.F.);
#7341=ORIENTED_EDGE('',*,*,#5645,.F.);
#7342=ORIENTED_EDGE('',*,*,#5642,.T.);
#7343=ORIENTED_EDGE('',*,*,#5612,.F.);
#7344=ORIENTED_EDGE('',*,*,#5646,.F.);
#7345=ORIENTED_EDGE('',*,*,#5644,.T.);
#7346=ORIENTED_EDGE('',*,*,#5647,.F.);
#7347=ORIENTED_EDGE('',*,*,#5419,.F.);
#7348=ORIENTED_EDGE('',*,*,#5646,.T.);
#7349=ORIENTED_EDGE('',*,*,#5636,.F.);
#7350=ORIENTED_EDGE('',*,*,#5648,.F.);
#7351=ORIENTED_EDGE('',*,*,#5647,.T.);
#7352=ORIENTED_EDGE('',*,*,#5649,.F.);
#7353=ORIENTED_EDGE('',*,*,#5420,.F.);
#7354=ORIENTED_EDGE('',*,*,#5648,.T.);
#7355=ORIENTED_EDGE('',*,*,#5635,.F.);
#7356=ORIENTED_EDGE('',*,*,#5650,.F.);
#7357=ORIENTED_EDGE('',*,*,#5649,.T.);
#7358=ORIENTED_EDGE('',*,*,#5651,.F.);
#7359=ORIENTED_EDGE('',*,*,#5421,.F.);
#7360=ORIENTED_EDGE('',*,*,#5650,.T.);
#7361=ORIENTED_EDGE('',*,*,#5634,.F.);
#7362=ORIENTED_EDGE('',*,*,#5652,.F.);
#7363=ORIENTED_EDGE('',*,*,#5651,.T.);
#7364=ORIENTED_EDGE('',*,*,#5653,.F.);
#7365=ORIENTED_EDGE('',*,*,#5422,.F.);
#7366=ORIENTED_EDGE('',*,*,#5652,.T.);
#7367=ORIENTED_EDGE('',*,*,#5654,.F.);
#7368=ORIENTED_EDGE('',*,*,#5423,.F.);
#7369=ORIENTED_EDGE('',*,*,#5655,.T.);
#7370=ORIENTED_EDGE('',*,*,#5633,.F.);
#7371=ORIENTED_EDGE('',*,*,#5655,.F.);
#7372=ORIENTED_EDGE('',*,*,#5653,.T.);
#7373=ORIENTED_EDGE('',*,*,#5656,.F.);
#7374=ORIENTED_EDGE('',*,*,#5424,.F.);
#7375=ORIENTED_EDGE('',*,*,#5657,.T.);
#7376=ORIENTED_EDGE('',*,*,#5632,.F.);
#7377=ORIENTED_EDGE('',*,*,#5657,.F.);
#7378=ORIENTED_EDGE('',*,*,#5654,.T.);
#7379=ORIENTED_EDGE('',*,*,#5658,.F.);
#7380=ORIENTED_EDGE('',*,*,#5425,.T.);
#7381=ORIENTED_EDGE('',*,*,#5659,.T.);
#7382=ORIENTED_EDGE('',*,*,#5631,.F.);
#7383=ORIENTED_EDGE('',*,*,#5659,.F.);
#7384=ORIENTED_EDGE('',*,*,#5656,.T.);
#7385=ORIENTED_EDGE('',*,*,#5660,.F.);
#7386=ORIENTED_EDGE('',*,*,#5426,.T.);
#7387=ORIENTED_EDGE('',*,*,#5661,.T.);
#7388=ORIENTED_EDGE('',*,*,#5630,.F.);
#7389=ORIENTED_EDGE('',*,*,#5661,.F.);
#7390=ORIENTED_EDGE('',*,*,#5658,.T.);
#7391=ORIENTED_EDGE('',*,*,#5662,.F.);
#7392=ORIENTED_EDGE('',*,*,#5427,.F.);
#7393=ORIENTED_EDGE('',*,*,#5663,.T.);
#7394=ORIENTED_EDGE('',*,*,#5629,.F.);
#7395=ORIENTED_EDGE('',*,*,#5663,.F.);
#7396=ORIENTED_EDGE('',*,*,#5660,.T.);
#7397=ORIENTED_EDGE('',*,*,#5664,.F.);
#7398=ORIENTED_EDGE('',*,*,#5428,.F.);
#7399=ORIENTED_EDGE('',*,*,#5665,.T.);
#7400=ORIENTED_EDGE('',*,*,#5628,.F.);
#7401=ORIENTED_EDGE('',*,*,#5665,.F.);
#7402=ORIENTED_EDGE('',*,*,#5662,.T.);
#7403=ORIENTED_EDGE('',*,*,#5666,.F.);
#7404=ORIENTED_EDGE('',*,*,#5429,.T.);
#7405=ORIENTED_EDGE('',*,*,#5667,.T.);
#7406=ORIENTED_EDGE('',*,*,#5627,.F.);
#7407=ORIENTED_EDGE('',*,*,#5667,.F.);
#7408=ORIENTED_EDGE('',*,*,#5664,.T.);
#7409=ORIENTED_EDGE('',*,*,#5668,.F.);
#7410=ORIENTED_EDGE('',*,*,#5430,.T.);
#7411=ORIENTED_EDGE('',*,*,#5669,.T.);
#7412=ORIENTED_EDGE('',*,*,#5626,.F.);
#7413=ORIENTED_EDGE('',*,*,#5669,.F.);
#7414=ORIENTED_EDGE('',*,*,#5666,.T.);
#7415=ORIENTED_EDGE('',*,*,#5670,.F.);
#7416=ORIENTED_EDGE('',*,*,#5431,.T.);
#7417=ORIENTED_EDGE('',*,*,#5671,.T.);
#7418=ORIENTED_EDGE('',*,*,#5625,.F.);
#7419=ORIENTED_EDGE('',*,*,#5671,.F.);
#7420=ORIENTED_EDGE('',*,*,#5668,.T.);
#7421=ORIENTED_EDGE('',*,*,#5672,.F.);
#7422=ORIENTED_EDGE('',*,*,#5434,.T.);
#7423=ORIENTED_EDGE('',*,*,#5673,.T.);
#7424=ORIENTED_EDGE('',*,*,#5621,.T.);
#7425=ORIENTED_EDGE('',*,*,#5673,.F.);
#7426=ORIENTED_EDGE('',*,*,#5674,.T.);
#7427=ORIENTED_EDGE('',*,*,#5675,.F.);
#7428=ORIENTED_EDGE('',*,*,#5435,.T.);
#7429=ORIENTED_EDGE('',*,*,#5676,.T.);
#7430=ORIENTED_EDGE('',*,*,#5677,.F.);
#7431=ORIENTED_EDGE('',*,*,#5432,.T.);
#7432=ORIENTED_EDGE('',*,*,#5678,.T.);
#7433=ORIENTED_EDGE('',*,*,#5620,.F.);
#7434=ORIENTED_EDGE('',*,*,#5676,.F.);
#7435=ORIENTED_EDGE('',*,*,#5672,.T.);
#7436=ORIENTED_EDGE('',*,*,#5624,.F.);
#7437=ORIENTED_EDGE('',*,*,#5678,.F.);
#7438=ORIENTED_EDGE('',*,*,#5670,.T.);
#7439=ORIENTED_EDGE('',*,*,#5679,.F.);
#7440=ORIENTED_EDGE('',*,*,#5436,.T.);
#7441=ORIENTED_EDGE('',*,*,#5680,.T.);
#7442=ORIENTED_EDGE('',*,*,#5619,.F.);
#7443=ORIENTED_EDGE('',*,*,#5680,.F.);
#7444=ORIENTED_EDGE('',*,*,#5675,.T.);
#7445=ORIENTED_EDGE('',*,*,#5681,.F.);
#7446=ORIENTED_EDGE('',*,*,#5433,.T.);
#7447=ORIENTED_EDGE('',*,*,#5682,.T.);
#7448=ORIENTED_EDGE('',*,*,#5623,.F.);
#7449=ORIENTED_EDGE('',*,*,#5682,.F.);
#7450=ORIENTED_EDGE('',*,*,#5677,.T.);
#7451=ORIENTED_EDGE('',*,*,#5683,.F.);
#7452=ORIENTED_EDGE('',*,*,#5437,.T.);
#7453=ORIENTED_EDGE('',*,*,#5684,.T.);
#7454=ORIENTED_EDGE('',*,*,#5618,.F.);
#7455=ORIENTED_EDGE('',*,*,#5684,.F.);
#7456=ORIENTED_EDGE('',*,*,#5679,.T.);
#7457=ORIENTED_EDGE('',*,*,#5638,.F.);
#7458=ORIENTED_EDGE('',*,*,#5438,.T.);
#7459=ORIENTED_EDGE('',*,*,#5685,.T.);
#7460=ORIENTED_EDGE('',*,*,#5622,.T.);
#7461=ORIENTED_EDGE('',*,*,#5674,.F.);
#7462=ORIENTED_EDGE('',*,*,#5681,.T.);
#7463=ORIENTED_EDGE('',*,*,#5617,.T.);
#7464=ORIENTED_EDGE('',*,*,#5685,.F.);
#7465=ORIENTED_EDGE('',*,*,#5683,.T.);
#7466=ORIENTED_EDGE('',*,*,#5641,.F.);
#7467=ORIENTED_EDGE('',*,*,#5439,.T.);
#7468=ORIENTED_EDGE('',*,*,#5637,.T.);
#7469=ORIENTED_EDGE('',*,*,#5686,.F.);
#7470=ORIENTED_EDGE('',*,*,#5687,.T.);
#7471=ORIENTED_EDGE('',*,*,#5688,.T.);
#7472=ORIENTED_EDGE('',*,*,#5386,.F.);
#7473=ORIENTED_EDGE('',*,*,#5689,.F.);
#7474=ORIENTED_EDGE('',*,*,#5690,.F.);
#7475=ORIENTED_EDGE('',*,*,#5691,.F.);
#7476=ORIENTED_EDGE('',*,*,#5692,.F.);
#7477=ORIENTED_EDGE('',*,*,#5693,.T.);
#7478=ORIENTED_EDGE('',*,*,#5687,.F.);
#7479=ORIENTED_EDGE('',*,*,#5694,.F.);
#7480=ORIENTED_EDGE('',*,*,#5695,.F.);
#7481=ORIENTED_EDGE('',*,*,#5696,.F.);
#7482=ORIENTED_EDGE('',*,*,#5697,.F.);
#7483=ORIENTED_EDGE('',*,*,#5698,.F.);
#7484=ORIENTED_EDGE('',*,*,#5699,.F.);
#7485=ORIENTED_EDGE('',*,*,#5700,.F.);
#7486=ORIENTED_EDGE('',*,*,#5701,.F.);
#7487=ORIENTED_EDGE('',*,*,#5702,.F.);
#7488=ORIENTED_EDGE('',*,*,#5703,.F.);
#7489=ORIENTED_EDGE('',*,*,#5704,.F.);
#7490=ORIENTED_EDGE('',*,*,#5705,.F.);
#7491=ORIENTED_EDGE('',*,*,#5706,.F.);
#7492=ORIENTED_EDGE('',*,*,#5707,.F.);
#7493=ORIENTED_EDGE('',*,*,#5693,.F.);
#7494=ORIENTED_EDGE('',*,*,#5708,.F.);
#7495=ORIENTED_EDGE('',*,*,#5387,.F.);
#7496=ORIENTED_EDGE('',*,*,#5688,.F.);
#7497=ORIENTED_EDGE('',*,*,#5708,.T.);
#7498=ORIENTED_EDGE('',*,*,#5692,.T.);
#7499=ORIENTED_EDGE('',*,*,#5709,.F.);
#7500=ORIENTED_EDGE('',*,*,#5388,.F.);
#7501=ORIENTED_EDGE('',*,*,#5691,.T.);
#7502=ORIENTED_EDGE('',*,*,#5710,.F.);
#7503=ORIENTED_EDGE('',*,*,#5389,.F.);
#7504=ORIENTED_EDGE('',*,*,#5709,.T.);
#7505=ORIENTED_EDGE('',*,*,#5711,.F.);
#7506=ORIENTED_EDGE('',*,*,#5390,.F.);
#7507=ORIENTED_EDGE('',*,*,#5710,.T.);
#7508=ORIENTED_EDGE('',*,*,#5690,.T.);
#7509=ORIENTED_EDGE('',*,*,#5701,.T.);
#7510=ORIENTED_EDGE('',*,*,#5712,.T.);
#7511=ORIENTED_EDGE('',*,*,#5713,.T.);
#7512=ORIENTED_EDGE('',*,*,#5700,.T.);
#7513=ORIENTED_EDGE('',*,*,#5714,.T.);
#7514=ORIENTED_EDGE('',*,*,#5712,.F.);
#7515=ORIENTED_EDGE('',*,*,#5699,.T.);
#7516=ORIENTED_EDGE('',*,*,#5715,.T.);
#7517=ORIENTED_EDGE('',*,*,#5716,.F.);
#7518=ORIENTED_EDGE('',*,*,#5714,.F.);
#7519=ORIENTED_EDGE('',*,*,#5698,.T.);
#7520=ORIENTED_EDGE('',*,*,#5717,.F.);
#7521=ORIENTED_EDGE('',*,*,#5715,.F.);
#7522=ORIENTED_EDGE('',*,*,#5697,.T.);
#7523=ORIENTED_EDGE('',*,*,#5718,.F.);
#7524=ORIENTED_EDGE('',*,*,#5717,.T.);
#7525=ORIENTED_EDGE('',*,*,#5696,.T.);
#7526=ORIENTED_EDGE('',*,*,#5719,.F.);
#7527=ORIENTED_EDGE('',*,*,#5720,.F.);
#7528=ORIENTED_EDGE('',*,*,#5718,.T.);
#7529=ORIENTED_EDGE('',*,*,#5695,.T.);
#7530=ORIENTED_EDGE('',*,*,#5721,.T.);
#7531=ORIENTED_EDGE('',*,*,#5719,.T.);
#7532=ORIENTED_EDGE('',*,*,#5702,.T.);
#7533=ORIENTED_EDGE('',*,*,#5713,.F.);
#7534=ORIENTED_EDGE('',*,*,#5722,.T.);
#7535=ORIENTED_EDGE('',*,*,#5723,.T.);
#7536=ORIENTED_EDGE('',*,*,#5706,.T.);
#7537=ORIENTED_EDGE('',*,*,#5724,.T.);
#7538=ORIENTED_EDGE('',*,*,#5725,.T.);
#7539=ORIENTED_EDGE('',*,*,#5726,.F.);
#7540=ORIENTED_EDGE('',*,*,#5704,.T.);
#7541=ORIENTED_EDGE('',*,*,#5727,.T.);
#7542=ORIENTED_EDGE('',*,*,#5728,.F.);
#7543=ORIENTED_EDGE('',*,*,#5729,.F.);
#7544=ORIENTED_EDGE('',*,*,#5703,.T.);
#7545=ORIENTED_EDGE('',*,*,#5723,.F.);
#7546=ORIENTED_EDGE('',*,*,#5727,.F.);
#7547=ORIENTED_EDGE('',*,*,#5705,.T.);
#7548=ORIENTED_EDGE('',*,*,#5729,.T.);
#7549=ORIENTED_EDGE('',*,*,#5724,.F.);
#7550=ORIENTED_EDGE('',*,*,#5694,.T.);
#7551=ORIENTED_EDGE('',*,*,#5730,.T.);
#7552=ORIENTED_EDGE('',*,*,#5731,.T.);
#7553=ORIENTED_EDGE('',*,*,#5721,.F.);
#7554=ORIENTED_EDGE('',*,*,#5707,.T.);
#7555=ORIENTED_EDGE('',*,*,#5726,.T.);
#7556=ORIENTED_EDGE('',*,*,#5730,.F.);
#7557=ORIENTED_EDGE('',*,*,#5728,.T.);
#7558=ORIENTED_EDGE('',*,*,#5722,.F.);
#7559=ORIENTED_EDGE('',*,*,#5716,.T.);
#7560=ORIENTED_EDGE('',*,*,#5720,.T.);
#7561=ORIENTED_EDGE('',*,*,#5731,.F.);
#7562=ORIENTED_EDGE('',*,*,#5725,.F.);
#7563=ORIENTED_EDGE('',*,*,#5732,.T.);
#7564=ORIENTED_EDGE('',*,*,#5733,.T.);
#7565=ORIENTED_EDGE('',*,*,#5734,.T.);
#7566=ORIENTED_EDGE('',*,*,#5735,.F.);
#7567=ORIENTED_EDGE('',*,*,#5736,.T.);
#7568=ORIENTED_EDGE('',*,*,#5737,.F.);
#7569=ORIENTED_EDGE('',*,*,#5738,.T.);
#7570=ORIENTED_EDGE('',*,*,#5739,.T.);
#7571=ORIENTED_EDGE('',*,*,#5740,.T.);
#7572=ORIENTED_EDGE('',*,*,#5741,.F.);
#7573=ORIENTED_EDGE('',*,*,#5742,.F.);
#7574=ORIENTED_EDGE('',*,*,#5743,.T.);
#7575=ORIENTED_EDGE('',*,*,#5744,.T.);
#7576=ORIENTED_EDGE('',*,*,#5745,.T.);
#7577=ORIENTED_EDGE('',*,*,#5746,.T.);
#7578=ORIENTED_EDGE('',*,*,#5747,.T.);
#7579=ORIENTED_EDGE('',*,*,#5748,.T.);
#7580=ORIENTED_EDGE('',*,*,#5749,.T.);
#7581=ORIENTED_EDGE('',*,*,#5750,.T.);
#7582=ORIENTED_EDGE('',*,*,#5751,.T.);
#7583=ORIENTED_EDGE('',*,*,#5752,.T.);
#7584=ORIENTED_EDGE('',*,*,#5753,.T.);
#7585=ORIENTED_EDGE('',*,*,#5754,.T.);
#7586=ORIENTED_EDGE('',*,*,#5755,.T.);
#7587=ORIENTED_EDGE('',*,*,#5756,.T.);
#7588=ORIENTED_EDGE('',*,*,#5736,.F.);
#7589=ORIENTED_EDGE('',*,*,#5757,.F.);
#7590=ORIENTED_EDGE('',*,*,#5758,.T.);
#7591=ORIENTED_EDGE('',*,*,#5759,.F.);
#7592=ORIENTED_EDGE('',*,*,#5464,.T.);
#7593=ORIENTED_EDGE('',*,*,#5760,.T.);
#7594=ORIENTED_EDGE('',*,*,#5735,.T.);
#7595=ORIENTED_EDGE('',*,*,#5760,.F.);
#7596=ORIENTED_EDGE('',*,*,#5761,.T.);
#7597=ORIENTED_EDGE('',*,*,#5762,.F.);
#7598=ORIENTED_EDGE('',*,*,#5465,.T.);
#7599=ORIENTED_EDGE('',*,*,#5763,.T.);
#7600=ORIENTED_EDGE('',*,*,#5734,.F.);
#7601=ORIENTED_EDGE('',*,*,#5763,.F.);
#7602=ORIENTED_EDGE('',*,*,#5759,.T.);
#7603=ORIENTED_EDGE('',*,*,#5764,.F.);
#7604=ORIENTED_EDGE('',*,*,#5466,.T.);
#7605=ORIENTED_EDGE('',*,*,#5765,.T.);
#7606=ORIENTED_EDGE('',*,*,#5733,.F.);
#7607=ORIENTED_EDGE('',*,*,#5765,.F.);
#7608=ORIENTED_EDGE('',*,*,#5762,.T.);
#7609=ORIENTED_EDGE('',*,*,#5732,.F.);
#7610=ORIENTED_EDGE('',*,*,#5766,.F.);
#7611=ORIENTED_EDGE('',*,*,#5764,.T.);
#7612=ORIENTED_EDGE('',*,*,#5767,.F.);
#7613=ORIENTED_EDGE('',*,*,#5443,.F.);
#7614=ORIENTED_EDGE('',*,*,#5766,.T.);
#7615=ORIENTED_EDGE('',*,*,#5756,.F.);
#7616=ORIENTED_EDGE('',*,*,#5768,.F.);
#7617=ORIENTED_EDGE('',*,*,#5767,.T.);
#7618=ORIENTED_EDGE('',*,*,#5769,.F.);
#7619=ORIENTED_EDGE('',*,*,#5444,.F.);
#7620=ORIENTED_EDGE('',*,*,#5768,.T.);
#7621=ORIENTED_EDGE('',*,*,#5755,.F.);
#7622=ORIENTED_EDGE('',*,*,#5770,.F.);
#7623=ORIENTED_EDGE('',*,*,#5769,.T.);
#7624=ORIENTED_EDGE('',*,*,#5771,.F.);
#7625=ORIENTED_EDGE('',*,*,#5445,.F.);
#7626=ORIENTED_EDGE('',*,*,#5770,.T.);
#7627=ORIENTED_EDGE('',*,*,#5754,.F.);
#7628=ORIENTED_EDGE('',*,*,#5772,.F.);
#7629=ORIENTED_EDGE('',*,*,#5771,.T.);
#7630=ORIENTED_EDGE('',*,*,#5773,.F.);
#7631=ORIENTED_EDGE('',*,*,#5446,.F.);
#7632=ORIENTED_EDGE('',*,*,#5772,.T.);
#7633=ORIENTED_EDGE('',*,*,#5774,.F.);
#7634=ORIENTED_EDGE('',*,*,#5447,.F.);
#7635=ORIENTED_EDGE('',*,*,#5775,.T.);
#7636=ORIENTED_EDGE('',*,*,#5753,.F.);
#7637=ORIENTED_EDGE('',*,*,#5775,.F.);
#7638=ORIENTED_EDGE('',*,*,#5773,.T.);
#7639=ORIENTED_EDGE('',*,*,#5776,.F.);
#7640=ORIENTED_EDGE('',*,*,#5448,.F.);
#7641=ORIENTED_EDGE('',*,*,#5777,.T.);
#7642=ORIENTED_EDGE('',*,*,#5752,.F.);
#7643=ORIENTED_EDGE('',*,*,#5777,.F.);
#7644=ORIENTED_EDGE('',*,*,#5774,.T.);
#7645=ORIENTED_EDGE('',*,*,#5778,.F.);
#7646=ORIENTED_EDGE('',*,*,#5449,.T.);
#7647=ORIENTED_EDGE('',*,*,#5779,.T.);
#7648=ORIENTED_EDGE('',*,*,#5751,.F.);
#7649=ORIENTED_EDGE('',*,*,#5779,.F.);
#7650=ORIENTED_EDGE('',*,*,#5776,.T.);
#7651=ORIENTED_EDGE('',*,*,#5780,.F.);
#7652=ORIENTED_EDGE('',*,*,#5450,.T.);
#7653=ORIENTED_EDGE('',*,*,#5781,.T.);
#7654=ORIENTED_EDGE('',*,*,#5750,.F.);
#7655=ORIENTED_EDGE('',*,*,#5781,.F.);
#7656=ORIENTED_EDGE('',*,*,#5778,.T.);
#7657=ORIENTED_EDGE('',*,*,#5782,.F.);
#7658=ORIENTED_EDGE('',*,*,#5451,.F.);
#7659=ORIENTED_EDGE('',*,*,#5783,.T.);
#7660=ORIENTED_EDGE('',*,*,#5749,.F.);
#7661=ORIENTED_EDGE('',*,*,#5783,.F.);
#7662=ORIENTED_EDGE('',*,*,#5780,.T.);
#7663=ORIENTED_EDGE('',*,*,#5784,.F.);
#7664=ORIENTED_EDGE('',*,*,#5452,.F.);
#7665=ORIENTED_EDGE('',*,*,#5785,.T.);
#7666=ORIENTED_EDGE('',*,*,#5748,.F.);
#7667=ORIENTED_EDGE('',*,*,#5785,.F.);
#7668=ORIENTED_EDGE('',*,*,#5782,.T.);
#7669=ORIENTED_EDGE('',*,*,#5786,.F.);
#7670=ORIENTED_EDGE('',*,*,#5453,.T.);
#7671=ORIENTED_EDGE('',*,*,#5787,.T.);
#7672=ORIENTED_EDGE('',*,*,#5747,.F.);
#7673=ORIENTED_EDGE('',*,*,#5787,.F.);
#7674=ORIENTED_EDGE('',*,*,#5784,.T.);
#7675=ORIENTED_EDGE('',*,*,#5788,.F.);
#7676=ORIENTED_EDGE('',*,*,#5454,.T.);
#7677=ORIENTED_EDGE('',*,*,#5789,.T.);
#7678=ORIENTED_EDGE('',*,*,#5746,.F.);
#7679=ORIENTED_EDGE('',*,*,#5789,.F.);
#7680=ORIENTED_EDGE('',*,*,#5786,.T.);
#7681=ORIENTED_EDGE('',*,*,#5790,.F.);
#7682=ORIENTED_EDGE('',*,*,#5455,.T.);
#7683=ORIENTED_EDGE('',*,*,#5791,.T.);
#7684=ORIENTED_EDGE('',*,*,#5745,.F.);
#7685=ORIENTED_EDGE('',*,*,#5791,.F.);
#7686=ORIENTED_EDGE('',*,*,#5788,.T.);
#7687=ORIENTED_EDGE('',*,*,#5792,.F.);
#7688=ORIENTED_EDGE('',*,*,#5458,.T.);
#7689=ORIENTED_EDGE('',*,*,#5793,.T.);
#7690=ORIENTED_EDGE('',*,*,#5741,.T.);
#7691=ORIENTED_EDGE('',*,*,#5793,.F.);
#7692=ORIENTED_EDGE('',*,*,#5794,.T.);
#7693=ORIENTED_EDGE('',*,*,#5795,.F.);
#7694=ORIENTED_EDGE('',*,*,#5459,.T.);
#7695=ORIENTED_EDGE('',*,*,#5796,.T.);
#7696=ORIENTED_EDGE('',*,*,#5797,.F.);
#7697=ORIENTED_EDGE('',*,*,#5456,.T.);
#7698=ORIENTED_EDGE('',*,*,#5798,.T.);
#7699=ORIENTED_EDGE('',*,*,#5740,.F.);
#7700=ORIENTED_EDGE('',*,*,#5796,.F.);
#7701=ORIENTED_EDGE('',*,*,#5792,.T.);
#7702=ORIENTED_EDGE('',*,*,#5744,.F.);
#7703=ORIENTED_EDGE('',*,*,#5798,.F.);
#7704=ORIENTED_EDGE('',*,*,#5790,.T.);
#7705=ORIENTED_EDGE('',*,*,#5799,.F.);
#7706=ORIENTED_EDGE('',*,*,#5460,.T.);
#7707=ORIENTED_EDGE('',*,*,#5800,.T.);
#7708=ORIENTED_EDGE('',*,*,#5739,.F.);
#7709=ORIENTED_EDGE('',*,*,#5800,.F.);
#7710=ORIENTED_EDGE('',*,*,#5795,.T.);
#7711=ORIENTED_EDGE('',*,*,#5801,.F.);
#7712=ORIENTED_EDGE('',*,*,#5457,.T.);
#7713=ORIENTED_EDGE('',*,*,#5802,.T.);
#7714=ORIENTED_EDGE('',*,*,#5743,.F.);
#7715=ORIENTED_EDGE('',*,*,#5802,.F.);
#7716=ORIENTED_EDGE('',*,*,#5797,.T.);
#7717=ORIENTED_EDGE('',*,*,#5803,.F.);
#7718=ORIENTED_EDGE('',*,*,#5461,.T.);
#7719=ORIENTED_EDGE('',*,*,#5804,.T.);
#7720=ORIENTED_EDGE('',*,*,#5738,.F.);
#7721=ORIENTED_EDGE('',*,*,#5804,.F.);
#7722=ORIENTED_EDGE('',*,*,#5799,.T.);
#7723=ORIENTED_EDGE('',*,*,#5758,.F.);
#7724=ORIENTED_EDGE('',*,*,#5462,.T.);
#7725=ORIENTED_EDGE('',*,*,#5805,.T.);
#7726=ORIENTED_EDGE('',*,*,#5742,.T.);
#7727=ORIENTED_EDGE('',*,*,#5794,.F.);
#7728=ORIENTED_EDGE('',*,*,#5801,.T.);
#7729=ORIENTED_EDGE('',*,*,#5737,.T.);
#7730=ORIENTED_EDGE('',*,*,#5805,.F.);
#7731=ORIENTED_EDGE('',*,*,#5803,.T.);
#7732=ORIENTED_EDGE('',*,*,#5761,.F.);
#7733=ORIENTED_EDGE('',*,*,#5463,.T.);
#7734=ORIENTED_EDGE('',*,*,#5757,.T.);
#7735=ORIENTED_EDGE('',*,*,#5806,.F.);
#7736=ORIENTED_EDGE('',*,*,#5807,.F.);
#7737=ORIENTED_EDGE('',*,*,#5808,.F.);
#7738=ORIENTED_EDGE('',*,*,#5809,.F.);
#7739=ORIENTED_EDGE('',*,*,#5412,.F.);
#7740=ORIENTED_EDGE('',*,*,#5810,.F.);
#7741=ORIENTED_EDGE('',*,*,#5811,.F.);
#7742=ORIENTED_EDGE('',*,*,#5812,.F.);
#7743=ORIENTED_EDGE('',*,*,#5813,.F.);
#7744=ORIENTED_EDGE('',*,*,#5814,.F.);
#7745=ORIENTED_EDGE('',*,*,#5815,.F.);
#7746=ORIENTED_EDGE('',*,*,#5816,.F.);
#7747=ORIENTED_EDGE('',*,*,#5817,.F.);
#7748=ORIENTED_EDGE('',*,*,#5818,.F.);
#7749=ORIENTED_EDGE('',*,*,#5819,.F.);
#7750=ORIENTED_EDGE('',*,*,#5407,.F.);
#7751=ORIENTED_EDGE('',*,*,#5820,.F.);
#7752=ORIENTED_EDGE('',*,*,#5821,.F.);
#7753=ORIENTED_EDGE('',*,*,#5822,.F.);
#7754=ORIENTED_EDGE('',*,*,#5823,.F.);
#7755=ORIENTED_EDGE('',*,*,#5824,.F.);
#7756=ORIENTED_EDGE('',*,*,#5825,.F.);
#7757=ORIENTED_EDGE('',*,*,#5826,.F.);
#7758=ORIENTED_EDGE('',*,*,#5827,.F.);
#7759=ORIENTED_EDGE('',*,*,#5828,.F.);
#7760=ORIENTED_EDGE('',*,*,#5829,.F.);
#7761=ORIENTED_EDGE('',*,*,#5402,.F.);
#7762=ORIENTED_EDGE('',*,*,#5830,.F.);
#7763=ORIENTED_EDGE('',*,*,#5831,.F.);
#7764=ORIENTED_EDGE('',*,*,#5832,.F.);
#7765=ORIENTED_EDGE('',*,*,#5833,.F.);
#7766=ORIENTED_EDGE('',*,*,#5834,.F.);
#7767=ORIENTED_EDGE('',*,*,#5835,.F.);
#7768=ORIENTED_EDGE('',*,*,#5836,.F.);
#7769=ORIENTED_EDGE('',*,*,#5837,.F.);
#7770=ORIENTED_EDGE('',*,*,#5838,.F.);
#7771=ORIENTED_EDGE('',*,*,#5839,.F.);
#7772=ORIENTED_EDGE('',*,*,#5840,.F.);
#7773=ORIENTED_EDGE('',*,*,#5397,.F.);
#7774=ORIENTED_EDGE('',*,*,#5841,.F.);
#7775=ORIENTED_EDGE('',*,*,#5842,.F.);
#7776=ORIENTED_EDGE('',*,*,#5843,.F.);
#7777=ORIENTED_EDGE('',*,*,#5844,.F.);
#7778=ORIENTED_EDGE('',*,*,#5845,.F.);
#7779=ORIENTED_EDGE('',*,*,#5846,.F.);
#7780=ORIENTED_EDGE('',*,*,#5847,.F.);
#7781=ORIENTED_EDGE('',*,*,#5848,.F.);
#7782=ORIENTED_EDGE('',*,*,#5849,.F.);
#7783=ORIENTED_EDGE('',*,*,#5850,.F.);
#7784=ORIENTED_EDGE('',*,*,#5851,.F.);
#7785=ORIENTED_EDGE('',*,*,#5852,.F.);
#7786=ORIENTED_EDGE('',*,*,#5853,.F.);
#7787=ORIENTED_EDGE('',*,*,#5392,.F.);
#7788=ORIENTED_EDGE('',*,*,#5854,.F.);
#7789=ORIENTED_EDGE('',*,*,#5855,.F.);
#7790=ORIENTED_EDGE('',*,*,#5856,.F.);
#7791=ORIENTED_EDGE('',*,*,#5857,.F.);
#7792=ORIENTED_EDGE('',*,*,#5858,.F.);
#7793=ORIENTED_EDGE('',*,*,#5859,.F.);
#7794=ORIENTED_EDGE('',*,*,#5860,.F.);
#7795=ORIENTED_EDGE('',*,*,#5856,.T.);
#7796=ORIENTED_EDGE('',*,*,#5861,.F.);
#7797=ORIENTED_EDGE('',*,*,#5862,.T.);
#7798=ORIENTED_EDGE('',*,*,#5863,.T.);
#7799=ORIENTED_EDGE('',*,*,#5855,.T.);
#7800=ORIENTED_EDGE('',*,*,#5864,.F.);
#7801=ORIENTED_EDGE('',*,*,#5865,.F.);
#7802=ORIENTED_EDGE('',*,*,#5866,.F.);
#7803=ORIENTED_EDGE('',*,*,#5867,.F.);
#7804=ORIENTED_EDGE('',*,*,#5337,.F.);
#7805=ORIENTED_EDGE('',*,*,#5868,.T.);
#7806=ORIENTED_EDGE('',*,*,#5861,.T.);
#7807=ORIENTED_EDGE('',*,*,#5686,.T.);
#7808=ORIENTED_EDGE('',*,*,#5385,.F.);
#7809=ORIENTED_EDGE('',*,*,#5869,.T.);
#7810=ORIENTED_EDGE('',*,*,#5870,.F.);
#7811=ORIENTED_EDGE('',*,*,#5871,.T.);
#7812=ORIENTED_EDGE('',*,*,#5872,.F.);
#7813=ORIENTED_EDGE('',*,*,#5873,.F.);
#7814=ORIENTED_EDGE('',*,*,#5874,.F.);
#7815=ORIENTED_EDGE('',*,*,#5875,.F.);
#7816=ORIENTED_EDGE('',*,*,#5876,.T.);
#7817=ORIENTED_EDGE('',*,*,#5877,.F.);
#7818=ORIENTED_EDGE('',*,*,#5878,.F.);
#7819=ORIENTED_EDGE('',*,*,#5879,.F.);
#7820=ORIENTED_EDGE('',*,*,#5880,.T.);
#7821=ORIENTED_EDGE('',*,*,#5881,.F.);
#7822=ORIENTED_EDGE('',*,*,#5882,.T.);
#7823=ORIENTED_EDGE('',*,*,#5883,.T.);
#7824=ORIENTED_EDGE('',*,*,#5884,.F.);
#7825=ORIENTED_EDGE('',*,*,#5864,.T.);
#7826=ORIENTED_EDGE('',*,*,#5854,.T.);
#7827=ORIENTED_EDGE('',*,*,#5391,.F.);
#7828=ORIENTED_EDGE('',*,*,#5711,.T.);
#7829=ORIENTED_EDGE('',*,*,#5689,.T.);
#7830=ORIENTED_EDGE('',*,*,#5846,.T.);
#7831=ORIENTED_EDGE('',*,*,#5885,.F.);
#7832=ORIENTED_EDGE('',*,*,#5886,.F.);
#7833=ORIENTED_EDGE('',*,*,#5887,.T.);
#7834=ORIENTED_EDGE('',*,*,#5845,.T.);
#7835=ORIENTED_EDGE('',*,*,#5888,.F.);
#7836=ORIENTED_EDGE('',*,*,#5885,.T.);
#7837=ORIENTED_EDGE('',*,*,#5844,.T.);
#7838=ORIENTED_EDGE('',*,*,#5889,.F.);
#7839=ORIENTED_EDGE('',*,*,#5888,.T.);
#7840=ORIENTED_EDGE('',*,*,#5842,.T.);
#7841=ORIENTED_EDGE('',*,*,#5890,.F.);
#7842=ORIENTED_EDGE('',*,*,#5891,.T.);
#7843=ORIENTED_EDGE('',*,*,#5892,.F.);
#7844=ORIENTED_EDGE('',*,*,#5841,.T.);
#7845=ORIENTED_EDGE('',*,*,#5396,.T.);
#7846=ORIENTED_EDGE('',*,*,#5890,.T.);
#7847=ORIENTED_EDGE('',*,*,#5833,.T.);
#7848=ORIENTED_EDGE('',*,*,#5893,.F.);
#7849=ORIENTED_EDGE('',*,*,#5894,.F.);
#7850=ORIENTED_EDGE('',*,*,#5831,.T.);
#7851=ORIENTED_EDGE('',*,*,#5895,.F.);
#7852=ORIENTED_EDGE('',*,*,#5896,.T.);
#7853=ORIENTED_EDGE('',*,*,#5897,.F.);
#7854=ORIENTED_EDGE('',*,*,#5830,.T.);
#7855=ORIENTED_EDGE('',*,*,#5401,.T.);
#7856=ORIENTED_EDGE('',*,*,#5895,.T.);
#7857=ORIENTED_EDGE('',*,*,#5829,.T.);
#7858=ORIENTED_EDGE('',*,*,#5898,.T.);
#7859=ORIENTED_EDGE('',*,*,#5899,.F.);
#7860=ORIENTED_EDGE('',*,*,#5403,.T.);
#7861=ORIENTED_EDGE('',*,*,#5828,.T.);
#7862=ORIENTED_EDGE('',*,*,#5900,.T.);
#7863=ORIENTED_EDGE('',*,*,#5898,.F.);
#7864=ORIENTED_EDGE('',*,*,#5820,.T.);
#7865=ORIENTED_EDGE('',*,*,#5406,.T.);
#7866=ORIENTED_EDGE('',*,*,#5901,.T.);
#7867=ORIENTED_EDGE('',*,*,#5819,.T.);
#7868=ORIENTED_EDGE('',*,*,#5902,.T.);
#7869=ORIENTED_EDGE('',*,*,#5903,.F.);
#7870=ORIENTED_EDGE('',*,*,#5408,.T.);
#7871=ORIENTED_EDGE('',*,*,#5818,.T.);
#7872=ORIENTED_EDGE('',*,*,#5904,.T.);
#7873=ORIENTED_EDGE('',*,*,#5902,.F.);
#7874=ORIENTED_EDGE('',*,*,#5816,.T.);
#7875=ORIENTED_EDGE('',*,*,#5905,.F.);
#7876=ORIENTED_EDGE('',*,*,#5906,.T.);
#7877=ORIENTED_EDGE('',*,*,#5815,.T.);
#7878=ORIENTED_EDGE('',*,*,#5907,.T.);
#7879=ORIENTED_EDGE('',*,*,#5905,.T.);
#7880=ORIENTED_EDGE('',*,*,#5566,.T.);
#7881=ORIENTED_EDGE('',*,*,#5413,.F.);
#7882=ORIENTED_EDGE('',*,*,#5809,.T.);
#7883=ORIENTED_EDGE('',*,*,#5908,.T.);
#7884=ORIENTED_EDGE('',*,*,#5909,.F.);
#7885=ORIENTED_EDGE('',*,*,#5910,.T.);
#7886=ORIENTED_EDGE('',*,*,#5911,.T.);
#7887=ORIENTED_EDGE('',*,*,#5912,.T.);
#7888=ORIENTED_EDGE('',*,*,#5913,.F.);
#7889=ORIENTED_EDGE('',*,*,#5914,.T.);
#7890=ORIENTED_EDGE('',*,*,#5915,.T.);
#7891=ORIENTED_EDGE('',*,*,#5916,.T.);
#7892=ORIENTED_EDGE('',*,*,#5917,.F.);
#7893=ORIENTED_EDGE('',*,*,#5918,.T.);
#7894=ORIENTED_EDGE('',*,*,#5919,.T.);
#7895=ORIENTED_EDGE('',*,*,#5920,.T.);
#7896=ORIENTED_EDGE('',*,*,#5921,.T.);
#7897=ORIENTED_EDGE('',*,*,#5922,.T.);
#7898=ORIENTED_EDGE('',*,*,#5923,.F.);
#7899=ORIENTED_EDGE('',*,*,#5924,.T.);
#7900=ORIENTED_EDGE('',*,*,#5383,.F.);
#7901=ORIENTED_EDGE('',*,*,#5591,.T.);
#7902=ORIENTED_EDGE('',*,*,#5569,.T.);
#7903=ORIENTED_EDGE('',*,*,#5817,.T.);
#7904=ORIENTED_EDGE('',*,*,#5906,.F.);
#7905=ORIENTED_EDGE('',*,*,#5925,.T.);
#7906=ORIENTED_EDGE('',*,*,#5926,.T.);
#7907=ORIENTED_EDGE('',*,*,#5812,.T.);
#7908=ORIENTED_EDGE('',*,*,#5927,.T.);
#7909=ORIENTED_EDGE('',*,*,#5928,.F.);
#7910=ORIENTED_EDGE('',*,*,#5929,.T.);
#7911=ORIENTED_EDGE('',*,*,#5904,.F.);
#7912=ORIENTED_EDGE('',*,*,#5808,.T.);
#7913=ORIENTED_EDGE('',*,*,#5930,.T.);
#7914=ORIENTED_EDGE('',*,*,#5931,.F.);
#7915=ORIENTED_EDGE('',*,*,#5505,.F.);
#7916=ORIENTED_EDGE('',*,*,#5932,.T.);
#7917=ORIENTED_EDGE('',*,*,#5933,.F.);
#7918=ORIENTED_EDGE('',*,*,#5934,.F.);
#7919=ORIENTED_EDGE('',*,*,#5908,.F.);
#7920=ORIENTED_EDGE('',*,*,#5807,.T.);
#7921=ORIENTED_EDGE('',*,*,#5935,.T.);
#7922=ORIENTED_EDGE('',*,*,#5936,.F.);
#7923=ORIENTED_EDGE('',*,*,#5930,.F.);
#7924=ORIENTED_EDGE('',*,*,#5937,.F.);
#7925=ORIENTED_EDGE('',*,*,#5938,.F.);
#7926=ORIENTED_EDGE('',*,*,#5939,.F.);
#7927=ORIENTED_EDGE('',*,*,#5940,.F.);
#7928=ORIENTED_EDGE('',*,*,#5941,.F.);
#7929=ORIENTED_EDGE('',*,*,#5942,.F.);
#7930=ORIENTED_EDGE('',*,*,#5943,.F.);
#7931=ORIENTED_EDGE('',*,*,#5944,.F.);
#7932=ORIENTED_EDGE('',*,*,#5945,.F.);
#7933=ORIENTED_EDGE('',*,*,#5946,.F.);
#7934=ORIENTED_EDGE('',*,*,#5947,.F.);
#7935=ORIENTED_EDGE('',*,*,#5948,.F.);
#7936=ORIENTED_EDGE('',*,*,#5949,.F.);
#7937=ORIENTED_EDGE('',*,*,#5950,.F.);
#7938=ORIENTED_EDGE('',*,*,#5951,.F.);
#7939=ORIENTED_EDGE('',*,*,#5952,.F.);
#7940=ORIENTED_EDGE('',*,*,#5953,.F.);
#7941=ORIENTED_EDGE('',*,*,#5954,.F.);
#7942=ORIENTED_EDGE('',*,*,#5955,.F.);
#7943=ORIENTED_EDGE('',*,*,#5956,.F.);
#7944=ORIENTED_EDGE('',*,*,#5957,.F.);
#7945=ORIENTED_EDGE('',*,*,#5958,.F.);
#7946=ORIENTED_EDGE('',*,*,#5959,.F.);
#7947=ORIENTED_EDGE('',*,*,#5960,.F.);
#7948=ORIENTED_EDGE('',*,*,#5961,.F.);
#7949=ORIENTED_EDGE('',*,*,#5962,.F.);
#7950=ORIENTED_EDGE('',*,*,#5963,.F.);
#7951=ORIENTED_EDGE('',*,*,#5964,.F.);
#7952=ORIENTED_EDGE('',*,*,#5965,.F.);
#7953=ORIENTED_EDGE('',*,*,#5966,.F.);
#7954=ORIENTED_EDGE('',*,*,#5967,.F.);
#7955=ORIENTED_EDGE('',*,*,#5869,.F.);
#7956=ORIENTED_EDGE('',*,*,#5384,.F.);
#7957=ORIENTED_EDGE('',*,*,#5924,.F.);
#7958=ORIENTED_EDGE('',*,*,#5968,.F.);
#7959=ORIENTED_EDGE('',*,*,#5969,.F.);
#7960=ORIENTED_EDGE('',*,*,#5955,.T.);
#7961=ORIENTED_EDGE('',*,*,#5970,.F.);
#7962=ORIENTED_EDGE('',*,*,#5971,.T.);
#7963=ORIENTED_EDGE('',*,*,#5972,.T.);
#7964=ORIENTED_EDGE('',*,*,#5954,.T.);
#7965=ORIENTED_EDGE('',*,*,#5973,.T.);
#7966=ORIENTED_EDGE('',*,*,#5970,.T.);
#7967=ORIENTED_EDGE('',*,*,#5953,.T.);
#7968=ORIENTED_EDGE('',*,*,#5974,.T.);
#7969=ORIENTED_EDGE('',*,*,#5973,.F.);
#7970=ORIENTED_EDGE('',*,*,#5952,.T.);
#7971=ORIENTED_EDGE('',*,*,#5975,.T.);
#7972=ORIENTED_EDGE('',*,*,#5976,.T.);
#7973=ORIENTED_EDGE('',*,*,#5974,.F.);
#7974=ORIENTED_EDGE('',*,*,#5951,.T.);
#7975=ORIENTED_EDGE('',*,*,#5977,.F.);
#7976=ORIENTED_EDGE('',*,*,#5978,.F.);
#7977=ORIENTED_EDGE('',*,*,#5313,.F.);
#7978=ORIENTED_EDGE('',*,*,#5979,.T.);
#7979=ORIENTED_EDGE('',*,*,#5980,.T.);
#7980=ORIENTED_EDGE('',*,*,#5981,.T.);
#7981=ORIENTED_EDGE('',*,*,#5982,.T.);
#7982=ORIENTED_EDGE('',*,*,#5983,.F.);
#7983=ORIENTED_EDGE('',*,*,#5353,.F.);
#7984=ORIENTED_EDGE('',*,*,#5984,.T.);
#7985=ORIENTED_EDGE('',*,*,#5975,.F.);
#7986=ORIENTED_EDGE('',*,*,#5950,.T.);
#7987=ORIENTED_EDGE('',*,*,#5985,.F.);
#7988=ORIENTED_EDGE('',*,*,#5986,.F.);
#7989=ORIENTED_EDGE('',*,*,#5977,.T.);
#7990=ORIENTED_EDGE('',*,*,#5949,.T.);
#7991=ORIENTED_EDGE('',*,*,#5987,.F.);
#7992=ORIENTED_EDGE('',*,*,#5985,.T.);
#7993=ORIENTED_EDGE('',*,*,#5948,.T.);
#7994=ORIENTED_EDGE('',*,*,#5988,.F.);
#7995=ORIENTED_EDGE('',*,*,#5987,.T.);
#7996=ORIENTED_EDGE('',*,*,#5947,.T.);
#7997=ORIENTED_EDGE('',*,*,#5989,.F.);
#7998=ORIENTED_EDGE('',*,*,#5990,.T.);
#7999=ORIENTED_EDGE('',*,*,#5988,.T.);
#8000=ORIENTED_EDGE('',*,*,#5946,.T.);
#8001=ORIENTED_EDGE('',*,*,#5991,.F.);
#8002=ORIENTED_EDGE('',*,*,#5989,.T.);
#8003=ORIENTED_EDGE('',*,*,#5945,.T.);
#8004=ORIENTED_EDGE('',*,*,#5992,.T.);
#8005=ORIENTED_EDGE('',*,*,#5991,.T.);
#8006=ORIENTED_EDGE('',*,*,#5944,.T.);
#8007=ORIENTED_EDGE('',*,*,#5993,.F.);
#8008=ORIENTED_EDGE('',*,*,#5994,.T.);
#8009=ORIENTED_EDGE('',*,*,#5992,.F.);
#8010=ORIENTED_EDGE('',*,*,#5943,.T.);
#8011=ORIENTED_EDGE('',*,*,#5995,.F.);
#8012=ORIENTED_EDGE('',*,*,#5996,.F.);
#8013=ORIENTED_EDGE('',*,*,#5279,.F.);
#8014=ORIENTED_EDGE('',*,*,#5997,.F.);
#8015=ORIENTED_EDGE('',*,*,#5153,.F.);
#8016=ORIENTED_EDGE('',*,*,#5998,.T.);
#8017=ORIENTED_EDGE('',*,*,#5993,.T.);
#8018=ORIENTED_EDGE('',*,*,#5942,.T.);
#8019=ORIENTED_EDGE('',*,*,#5999,.T.);
#8020=ORIENTED_EDGE('',*,*,#6000,.F.);
#8021=ORIENTED_EDGE('',*,*,#5995,.T.);
#8022=ORIENTED_EDGE('',*,*,#5941,.T.);
#8023=ORIENTED_EDGE('',*,*,#6001,.F.);
#8024=ORIENTED_EDGE('',*,*,#5999,.F.);
#8025=ORIENTED_EDGE('',*,*,#5940,.T.);
#8026=ORIENTED_EDGE('',*,*,#6002,.F.);
#8027=ORIENTED_EDGE('',*,*,#6001,.T.);
#8028=ORIENTED_EDGE('',*,*,#5939,.T.);
#8029=ORIENTED_EDGE('',*,*,#6003,.F.);
#8030=ORIENTED_EDGE('',*,*,#6004,.T.);
#8031=ORIENTED_EDGE('',*,*,#6002,.T.);
#8032=ORIENTED_EDGE('',*,*,#5938,.T.);
#8033=ORIENTED_EDGE('',*,*,#6005,.T.);
#8034=ORIENTED_EDGE('',*,*,#6003,.T.);
#8035=ORIENTED_EDGE('',*,*,#6006,.F.);
#8036=ORIENTED_EDGE('',*,*,#6007,.F.);
#8037=ORIENTED_EDGE('',*,*,#6008,.F.);
#8038=ORIENTED_EDGE('',*,*,#6009,.F.);
#8039=ORIENTED_EDGE('',*,*,#6010,.F.);
#8040=ORIENTED_EDGE('',*,*,#6011,.T.);
#8041=ORIENTED_EDGE('',*,*,#6012,.F.);
#8042=ORIENTED_EDGE('',*,*,#6013,.F.);
#8043=ORIENTED_EDGE('',*,*,#6014,.F.);
#8044=ORIENTED_EDGE('',*,*,#6015,.F.);
#8045=ORIENTED_EDGE('',*,*,#6016,.F.);
#8046=ORIENTED_EDGE('',*,*,#6017,.F.);
#8047=ORIENTED_EDGE('',*,*,#6018,.T.);
#8048=ORIENTED_EDGE('',*,*,#6019,.T.);
#8049=ORIENTED_EDGE('',*,*,#6011,.F.);
#8050=ORIENTED_EDGE('',*,*,#6020,.F.);
#8051=ORIENTED_EDGE('',*,*,#6021,.F.);
#8052=ORIENTED_EDGE('',*,*,#6022,.F.);
#8053=ORIENTED_EDGE('',*,*,#6023,.F.);
#8054=ORIENTED_EDGE('',*,*,#6024,.F.);
#8055=ORIENTED_EDGE('',*,*,#6025,.T.);
#8056=ORIENTED_EDGE('',*,*,#6018,.F.);
#8057=ORIENTED_EDGE('',*,*,#6026,.F.);
#8058=ORIENTED_EDGE('',*,*,#6027,.F.);
#8059=ORIENTED_EDGE('',*,*,#6028,.F.);
#8060=ORIENTED_EDGE('',*,*,#6029,.F.);
#8061=ORIENTED_EDGE('',*,*,#6030,.F.);
#8062=ORIENTED_EDGE('',*,*,#6031,.T.);
#8063=ORIENTED_EDGE('',*,*,#6032,.T.);
#8064=ORIENTED_EDGE('',*,*,#6025,.F.);
#8065=ORIENTED_EDGE('',*,*,#6033,.F.);
#8066=ORIENTED_EDGE('',*,*,#6034,.F.);
#8067=ORIENTED_EDGE('',*,*,#6035,.F.);
#8068=ORIENTED_EDGE('',*,*,#6036,.F.);
#8069=ORIENTED_EDGE('',*,*,#6037,.F.);
#8070=ORIENTED_EDGE('',*,*,#6038,.T.);
#8071=ORIENTED_EDGE('',*,*,#6031,.F.);
#8072=ORIENTED_EDGE('',*,*,#6039,.F.);
#8073=ORIENTED_EDGE('',*,*,#6040,.F.);
#8074=ORIENTED_EDGE('',*,*,#6041,.F.);
#8075=ORIENTED_EDGE('',*,*,#6042,.F.);
#8076=ORIENTED_EDGE('',*,*,#6043,.F.);
#8077=ORIENTED_EDGE('',*,*,#6044,.T.);
#8078=ORIENTED_EDGE('',*,*,#6045,.T.);
#8079=ORIENTED_EDGE('',*,*,#6038,.F.);
#8080=ORIENTED_EDGE('',*,*,#6046,.F.);
#8081=ORIENTED_EDGE('',*,*,#6047,.T.);
#8082=ORIENTED_EDGE('',*,*,#6048,.F.);
#8083=ORIENTED_EDGE('',*,*,#6049,.F.);
#8084=ORIENTED_EDGE('',*,*,#6050,.F.);
#8085=ORIENTED_EDGE('',*,*,#6051,.T.);
#8086=ORIENTED_EDGE('',*,*,#6044,.F.);
#8087=ORIENTED_EDGE('',*,*,#6052,.F.);
#8088=ORIENTED_EDGE('',*,*,#6053,.F.);
#8089=ORIENTED_EDGE('',*,*,#6054,.F.);
#8090=ORIENTED_EDGE('',*,*,#6055,.F.);
#8091=ORIENTED_EDGE('',*,*,#6056,.F.);
#8092=ORIENTED_EDGE('',*,*,#6057,.T.);
#8093=ORIENTED_EDGE('',*,*,#6058,.T.);
#8094=ORIENTED_EDGE('',*,*,#6051,.F.);
#8095=ORIENTED_EDGE('',*,*,#6059,.F.);
#8096=ORIENTED_EDGE('',*,*,#6060,.T.);
#8097=ORIENTED_EDGE('',*,*,#6057,.F.);
#8098=ORIENTED_EDGE('',*,*,#6061,.F.);
#8099=ORIENTED_EDGE('',*,*,#6062,.T.);
#8100=ORIENTED_EDGE('',*,*,#6063,.T.);
#8101=ORIENTED_EDGE('',*,*,#6060,.F.);
#8102=ORIENTED_EDGE('',*,*,#6064,.F.);
#8103=ORIENTED_EDGE('',*,*,#6065,.F.);
#8104=ORIENTED_EDGE('',*,*,#6066,.F.);
#8105=ORIENTED_EDGE('',*,*,#6067,.F.);
#8106=ORIENTED_EDGE('',*,*,#6068,.F.);
#8107=ORIENTED_EDGE('',*,*,#6069,.T.);
#8108=ORIENTED_EDGE('',*,*,#6070,.F.);
#8109=ORIENTED_EDGE('',*,*,#6071,.F.);
#8110=ORIENTED_EDGE('',*,*,#6072,.F.);
#8111=ORIENTED_EDGE('',*,*,#6073,.F.);
#8112=ORIENTED_EDGE('',*,*,#6074,.F.);
#8113=ORIENTED_EDGE('',*,*,#6075,.F.);
#8114=ORIENTED_EDGE('',*,*,#6076,.T.);
#8115=ORIENTED_EDGE('',*,*,#6077,.T.);
#8116=ORIENTED_EDGE('',*,*,#6069,.F.);
#8117=ORIENTED_EDGE('',*,*,#6078,.F.);
#8118=ORIENTED_EDGE('',*,*,#6079,.F.);
#8119=ORIENTED_EDGE('',*,*,#6080,.F.);
#8120=ORIENTED_EDGE('',*,*,#6081,.F.);
#8121=ORIENTED_EDGE('',*,*,#6082,.F.);
#8122=ORIENTED_EDGE('',*,*,#6083,.T.);
#8123=ORIENTED_EDGE('',*,*,#6076,.F.);
#8124=ORIENTED_EDGE('',*,*,#6084,.F.);
#8125=ORIENTED_EDGE('',*,*,#6085,.F.);
#8126=ORIENTED_EDGE('',*,*,#6086,.F.);
#8127=ORIENTED_EDGE('',*,*,#6087,.F.);
#8128=ORIENTED_EDGE('',*,*,#6088,.F.);
#8129=ORIENTED_EDGE('',*,*,#6089,.T.);
#8130=ORIENTED_EDGE('',*,*,#6090,.T.);
#8131=ORIENTED_EDGE('',*,*,#6083,.F.);
#8132=ORIENTED_EDGE('',*,*,#6091,.F.);
#8133=ORIENTED_EDGE('',*,*,#6092,.T.);
#8134=ORIENTED_EDGE('',*,*,#6093,.F.);
#8135=ORIENTED_EDGE('',*,*,#6094,.F.);
#8136=ORIENTED_EDGE('',*,*,#6095,.F.);
#8137=ORIENTED_EDGE('',*,*,#6096,.T.);
#8138=ORIENTED_EDGE('',*,*,#6089,.F.);
#8139=ORIENTED_EDGE('',*,*,#6097,.F.);
#8140=ORIENTED_EDGE('',*,*,#6098,.F.);
#8141=ORIENTED_EDGE('',*,*,#6099,.F.);
#8142=ORIENTED_EDGE('',*,*,#6100,.F.);
#8143=ORIENTED_EDGE('',*,*,#6101,.F.);
#8144=ORIENTED_EDGE('',*,*,#6102,.T.);
#8145=ORIENTED_EDGE('',*,*,#6103,.T.);
#8146=ORIENTED_EDGE('',*,*,#6096,.F.);
#8147=ORIENTED_EDGE('',*,*,#6104,.F.);
#8148=ORIENTED_EDGE('',*,*,#6105,.F.);
#8149=ORIENTED_EDGE('',*,*,#6106,.F.);
#8150=ORIENTED_EDGE('',*,*,#6107,.F.);
#8151=ORIENTED_EDGE('',*,*,#6108,.F.);
#8152=ORIENTED_EDGE('',*,*,#6109,.T.);
#8153=ORIENTED_EDGE('',*,*,#6102,.F.);
#8154=ORIENTED_EDGE('',*,*,#6110,.F.);
#8155=ORIENTED_EDGE('',*,*,#6111,.F.);
#8156=ORIENTED_EDGE('',*,*,#6112,.F.);
#8157=ORIENTED_EDGE('',*,*,#6113,.F.);
#8158=ORIENTED_EDGE('',*,*,#6114,.F.);
#8159=ORIENTED_EDGE('',*,*,#6115,.T.);
#8160=ORIENTED_EDGE('',*,*,#6116,.T.);
#8161=ORIENTED_EDGE('',*,*,#6109,.F.);
#8162=ORIENTED_EDGE('',*,*,#6117,.F.);
#8163=ORIENTED_EDGE('',*,*,#6118,.T.);
#8164=ORIENTED_EDGE('',*,*,#6119,.T.);
#8165=ORIENTED_EDGE('',*,*,#6120,.F.);
#8166=ORIENTED_EDGE('',*,*,#6121,.F.);
#8167=ORIENTED_EDGE('',*,*,#6122,.F.);
#8168=ORIENTED_EDGE('',*,*,#6123,.F.);
#8169=ORIENTED_EDGE('',*,*,#6124,.F.);
#8170=ORIENTED_EDGE('',*,*,#6125,.F.);
#8171=ORIENTED_EDGE('',*,*,#6120,.T.);
#8172=ORIENTED_EDGE('',*,*,#6115,.F.);
#8173=ORIENTED_EDGE('',*,*,#6126,.F.);
#8174=ORIENTED_EDGE('',*,*,#6127,.F.);
#8175=ORIENTED_EDGE('',*,*,#6128,.F.);
#8176=ORIENTED_EDGE('',*,*,#6123,.T.);
#8177=ORIENTED_EDGE('',*,*,#6129,.F.);
#8178=ORIENTED_EDGE('',*,*,#6130,.F.);
#8179=ORIENTED_EDGE('',*,*,#6131,.F.);
#8180=ORIENTED_EDGE('',*,*,#6092,.F.);
#8181=ORIENTED_EDGE('',*,*,#6132,.F.);
#8182=ORIENTED_EDGE('',*,*,#6133,.F.);
#8183=ORIENTED_EDGE('',*,*,#6134,.F.);
#8184=ORIENTED_EDGE('',*,*,#6105,.T.);
#8185=ORIENTED_EDGE('',*,*,#6135,.F.);
#8186=ORIENTED_EDGE('',*,*,#6136,.F.);
#8187=ORIENTED_EDGE('',*,*,#6137,.F.);
#8188=ORIENTED_EDGE('',*,*,#6079,.T.);
#8189=ORIENTED_EDGE('',*,*,#6138,.F.);
#8190=ORIENTED_EDGE('',*,*,#6139,.F.);
#8191=ORIENTED_EDGE('',*,*,#6140,.F.);
#8192=ORIENTED_EDGE('',*,*,#6067,.T.);
#8193=ORIENTED_EDGE('',*,*,#6141,.F.);
#8194=ORIENTED_EDGE('',*,*,#6142,.F.);
#8195=ORIENTED_EDGE('',*,*,#6143,.F.);
#8196=ORIENTED_EDGE('',*,*,#6144,.T.);
#8197=ORIENTED_EDGE('',*,*,#6145,.F.);
#8198=ORIENTED_EDGE('',*,*,#6146,.F.);
#8199=ORIENTED_EDGE('',*,*,#6147,.F.);
#8200=ORIENTED_EDGE('',*,*,#6034,.T.);
#8201=ORIENTED_EDGE('',*,*,#6148,.F.);
#8202=ORIENTED_EDGE('',*,*,#6149,.F.);
#8203=ORIENTED_EDGE('',*,*,#6150,.F.);
#8204=ORIENTED_EDGE('',*,*,#6047,.F.);
#8205=ORIENTED_EDGE('',*,*,#6151,.F.);
#8206=ORIENTED_EDGE('',*,*,#6152,.F.);
#8207=ORIENTED_EDGE('',*,*,#6153,.F.);
#8208=ORIENTED_EDGE('',*,*,#6021,.T.);
#8209=ORIENTED_EDGE('',*,*,#6154,.F.);
#8210=ORIENTED_EDGE('',*,*,#6155,.T.);
#8211=ORIENTED_EDGE('',*,*,#5872,.T.);
#8212=ORIENTED_EDGE('',*,*,#6156,.T.);
#8213=ORIENTED_EDGE('',*,*,#6157,.T.);
#8214=ORIENTED_EDGE('',*,*,#6158,.F.);
#8215=ORIENTED_EDGE('',*,*,#5883,.F.);
#8216=ORIENTED_EDGE('',*,*,#6159,.T.);
#8217=ORIENTED_EDGE('',*,*,#6160,.T.);
#8218=ORIENTED_EDGE('',*,*,#6156,.F.);
#8219=ORIENTED_EDGE('',*,*,#5871,.F.);
#8220=ORIENTED_EDGE('',*,*,#6161,.F.);
#8221=ORIENTED_EDGE('',*,*,#6158,.T.);
#8222=ORIENTED_EDGE('',*,*,#6162,.F.);
#8223=ORIENTED_EDGE('',*,*,#5865,.T.);
#8224=ORIENTED_EDGE('',*,*,#5884,.T.);
#8225=ORIENTED_EDGE('',*,*,#5965,.T.);
#8226=ORIENTED_EDGE('',*,*,#6163,.F.);
#8227=ORIENTED_EDGE('',*,*,#6164,.T.);
#8228=ORIENTED_EDGE('',*,*,#5964,.T.);
#8229=ORIENTED_EDGE('',*,*,#6165,.F.);
#8230=ORIENTED_EDGE('',*,*,#6163,.T.);
#8231=ORIENTED_EDGE('',*,*,#5966,.T.);
#8232=ORIENTED_EDGE('',*,*,#6164,.F.);
#8233=ORIENTED_EDGE('',*,*,#6166,.F.);
#8234=ORIENTED_EDGE('',*,*,#6167,.T.);
#8235=ORIENTED_EDGE('',*,*,#5956,.T.);
#8236=ORIENTED_EDGE('',*,*,#5972,.F.);
#8237=ORIENTED_EDGE('',*,*,#6168,.T.);
#8238=ORIENTED_EDGE('',*,*,#5958,.T.);
#8239=ORIENTED_EDGE('',*,*,#6169,.T.);
#8240=ORIENTED_EDGE('',*,*,#6170,.F.);
#8241=ORIENTED_EDGE('',*,*,#6171,.T.);
#8242=ORIENTED_EDGE('',*,*,#5957,.T.);
#8243=ORIENTED_EDGE('',*,*,#6168,.F.);
#8244=ORIENTED_EDGE('',*,*,#6169,.F.);
#8245=ORIENTED_EDGE('',*,*,#5960,.T.);
#8246=ORIENTED_EDGE('',*,*,#6172,.F.);
#8247=ORIENTED_EDGE('',*,*,#6173,.T.);
#8248=ORIENTED_EDGE('',*,*,#6174,.F.);
#8249=ORIENTED_EDGE('',*,*,#5961,.T.);
#8250=ORIENTED_EDGE('',*,*,#6174,.T.);
#8251=ORIENTED_EDGE('',*,*,#6175,.T.);
#8252=ORIENTED_EDGE('',*,*,#5962,.T.);
#8253=ORIENTED_EDGE('',*,*,#6175,.F.);
#8254=ORIENTED_EDGE('',*,*,#6176,.T.);
#8255=ORIENTED_EDGE('',*,*,#6177,.F.);
#8256=ORIENTED_EDGE('',*,*,#6178,.F.);
#8257=ORIENTED_EDGE('',*,*,#6179,.F.);
#8258=ORIENTED_EDGE('',*,*,#6180,.F.);
#8259=ORIENTED_EDGE('',*,*,#6181,.F.);
#8260=ORIENTED_EDGE('',*,*,#6182,.T.);
#8261=ORIENTED_EDGE('',*,*,#6183,.F.);
#8262=ORIENTED_EDGE('',*,*,#6184,.F.);
#8263=ORIENTED_EDGE('',*,*,#6185,.F.);
#8264=ORIENTED_EDGE('',*,*,#6186,.F.);
#8265=ORIENTED_EDGE('',*,*,#6187,.F.);
#8266=ORIENTED_EDGE('',*,*,#6188,.F.);
#8267=ORIENTED_EDGE('',*,*,#6189,.F.);
#8268=ORIENTED_EDGE('',*,*,#6190,.F.);
#8269=ORIENTED_EDGE('',*,*,#6191,.T.);
#8270=ORIENTED_EDGE('',*,*,#6192,.F.);
#8271=ORIENTED_EDGE('',*,*,#5866,.T.);
#8272=ORIENTED_EDGE('',*,*,#6162,.T.);
#8273=ORIENTED_EDGE('',*,*,#6157,.F.);
#8274=ORIENTED_EDGE('',*,*,#6193,.F.);
#8275=ORIENTED_EDGE('',*,*,#6194,.T.);
#8276=ORIENTED_EDGE('',*,*,#6195,.T.);
#8277=ORIENTED_EDGE('',*,*,#6196,.T.);
#8278=ORIENTED_EDGE('',*,*,#6197,.T.);
#8279=ORIENTED_EDGE('',*,*,#6198,.T.);
#8280=ORIENTED_EDGE('',*,*,#6199,.T.);
#8281=ORIENTED_EDGE('',*,*,#6200,.T.);
#8282=ORIENTED_EDGE('',*,*,#6201,.T.);
#8283=ORIENTED_EDGE('',*,*,#6202,.T.);
#8284=ORIENTED_EDGE('',*,*,#6203,.T.);
#8285=ORIENTED_EDGE('',*,*,#6204,.T.);
#8286=ORIENTED_EDGE('',*,*,#6154,.T.);
#8287=ORIENTED_EDGE('',*,*,#6160,.F.);
#8288=ORIENTED_EDGE('',*,*,#6205,.F.);
#8289=ORIENTED_EDGE('',*,*,#6206,.F.);
#8290=ORIENTED_EDGE('',*,*,#6207,.F.);
#8291=ORIENTED_EDGE('',*,*,#5848,.T.);
#8292=ORIENTED_EDGE('',*,*,#6208,.F.);
#8293=ORIENTED_EDGE('',*,*,#6209,.T.);
#8294=ORIENTED_EDGE('',*,*,#6210,.F.);
#8295=ORIENTED_EDGE('',*,*,#5849,.T.);
#8296=ORIENTED_EDGE('',*,*,#6210,.T.);
#8297=ORIENTED_EDGE('',*,*,#6211,.T.);
#8298=ORIENTED_EDGE('',*,*,#5850,.T.);
#8299=ORIENTED_EDGE('',*,*,#6211,.F.);
#8300=ORIENTED_EDGE('',*,*,#6212,.T.);
#8301=ORIENTED_EDGE('',*,*,#5858,.T.);
#8302=ORIENTED_EDGE('',*,*,#6213,.F.);
#8303=ORIENTED_EDGE('',*,*,#6214,.T.);
#8304=ORIENTED_EDGE('',*,*,#5857,.T.);
#8305=ORIENTED_EDGE('',*,*,#5863,.F.);
#8306=ORIENTED_EDGE('',*,*,#6213,.T.);
#8307=ORIENTED_EDGE('',*,*,#5834,.T.);
#8308=ORIENTED_EDGE('',*,*,#5894,.T.);
#8309=ORIENTED_EDGE('',*,*,#6215,.F.);
#8310=ORIENTED_EDGE('',*,*,#5835,.T.);
#8311=ORIENTED_EDGE('',*,*,#6215,.T.);
#8312=ORIENTED_EDGE('',*,*,#6216,.F.);
#8313=ORIENTED_EDGE('',*,*,#6217,.F.);
#8314=ORIENTED_EDGE('',*,*,#6218,.T.);
#8315=ORIENTED_EDGE('',*,*,#5873,.T.);
#8316=ORIENTED_EDGE('',*,*,#6219,.F.);
#8317=ORIENTED_EDGE('',*,*,#6204,.F.);
#8318=ORIENTED_EDGE('',*,*,#6219,.T.);
#8319=ORIENTED_EDGE('',*,*,#6155,.F.);
#8320=ORIENTED_EDGE('',*,*,#6220,.T.);
#8321=ORIENTED_EDGE('',*,*,#5874,.T.);
#8322=ORIENTED_EDGE('',*,*,#6221,.F.);
#8323=ORIENTED_EDGE('',*,*,#6203,.F.);
#8324=ORIENTED_EDGE('',*,*,#6221,.T.);
#8325=ORIENTED_EDGE('',*,*,#6218,.F.);
#8326=ORIENTED_EDGE('',*,*,#6222,.F.);
#8327=ORIENTED_EDGE('',*,*,#5875,.T.);
#8328=ORIENTED_EDGE('',*,*,#6223,.F.);
#8329=ORIENTED_EDGE('',*,*,#6202,.F.);
#8330=ORIENTED_EDGE('',*,*,#6223,.T.);
#8331=ORIENTED_EDGE('',*,*,#6220,.F.);
#8332=ORIENTED_EDGE('',*,*,#6224,.F.);
#8333=ORIENTED_EDGE('',*,*,#5876,.F.);
#8334=ORIENTED_EDGE('',*,*,#6225,.T.);
#8335=ORIENTED_EDGE('',*,*,#6201,.F.);
#8336=ORIENTED_EDGE('',*,*,#6225,.F.);
#8337=ORIENTED_EDGE('',*,*,#6222,.T.);
#8338=ORIENTED_EDGE('',*,*,#6226,.F.);
#8339=ORIENTED_EDGE('',*,*,#5877,.T.);
#8340=ORIENTED_EDGE('',*,*,#6227,.T.);
#8341=ORIENTED_EDGE('',*,*,#6200,.F.);
#8342=ORIENTED_EDGE('',*,*,#6227,.F.);
#8343=ORIENTED_EDGE('',*,*,#6224,.T.);
#8344=ORIENTED_EDGE('',*,*,#6228,.F.);
#8345=ORIENTED_EDGE('',*,*,#5878,.T.);
#8346=ORIENTED_EDGE('',*,*,#6229,.T.);
#8347=ORIENTED_EDGE('',*,*,#6199,.F.);
#8348=ORIENTED_EDGE('',*,*,#6230,.F.);
#8349=ORIENTED_EDGE('',*,*,#6226,.T.);
#8350=ORIENTED_EDGE('',*,*,#6198,.F.);
#8351=ORIENTED_EDGE('',*,*,#6229,.F.);
#8352=ORIENTED_EDGE('',*,*,#6230,.T.);
#8353=ORIENTED_EDGE('',*,*,#6231,.F.);
#8354=ORIENTED_EDGE('',*,*,#5879,.T.);
#8355=ORIENTED_EDGE('',*,*,#6232,.T.);
#8356=ORIENTED_EDGE('',*,*,#6197,.F.);
#8357=ORIENTED_EDGE('',*,*,#6232,.F.);
#8358=ORIENTED_EDGE('',*,*,#6228,.T.);
#8359=ORIENTED_EDGE('',*,*,#6233,.F.);
#8360=ORIENTED_EDGE('',*,*,#5880,.F.);
#8361=ORIENTED_EDGE('',*,*,#6234,.T.);
#8362=ORIENTED_EDGE('',*,*,#6196,.F.);
#8363=ORIENTED_EDGE('',*,*,#6234,.F.);
#8364=ORIENTED_EDGE('',*,*,#6231,.T.);
#8365=ORIENTED_EDGE('',*,*,#6235,.F.);
#8366=ORIENTED_EDGE('',*,*,#5881,.T.);
#8367=ORIENTED_EDGE('',*,*,#6236,.T.);
#8368=ORIENTED_EDGE('',*,*,#6195,.F.);
#8369=ORIENTED_EDGE('',*,*,#6236,.F.);
#8370=ORIENTED_EDGE('',*,*,#6233,.T.);
#8371=ORIENTED_EDGE('',*,*,#6237,.F.);
#8372=ORIENTED_EDGE('',*,*,#5882,.F.);
#8373=ORIENTED_EDGE('',*,*,#6238,.T.);
#8374=ORIENTED_EDGE('',*,*,#6194,.F.);
#8375=ORIENTED_EDGE('',*,*,#6238,.F.);
#8376=ORIENTED_EDGE('',*,*,#6235,.T.);
#8377=ORIENTED_EDGE('',*,*,#6193,.T.);
#8378=ORIENTED_EDGE('',*,*,#6159,.F.);
#8379=ORIENTED_EDGE('',*,*,#6237,.T.);
#8380=ORIENTED_EDGE('',*,*,#5963,.T.);
#8381=ORIENTED_EDGE('',*,*,#6176,.F.);
#8382=ORIENTED_EDGE('',*,*,#6239,.T.);
#8383=ORIENTED_EDGE('',*,*,#6165,.T.);
#8384=ORIENTED_EDGE('',*,*,#5859,.T.);
#8385=ORIENTED_EDGE('',*,*,#6214,.F.);
#8386=ORIENTED_EDGE('',*,*,#6240,.F.);
#8387=ORIENTED_EDGE('',*,*,#5889,.T.);
#8388=ORIENTED_EDGE('',*,*,#5843,.T.);
#8389=ORIENTED_EDGE('',*,*,#5892,.T.);
#8390=ORIENTED_EDGE('',*,*,#6241,.F.);
#8391=ORIENTED_EDGE('',*,*,#6242,.T.);
#8392=ORIENTED_EDGE('',*,*,#6243,.F.);
#8393=ORIENTED_EDGE('',*,*,#5851,.T.);
#8394=ORIENTED_EDGE('',*,*,#6212,.F.);
#8395=ORIENTED_EDGE('',*,*,#6244,.T.);
#8396=ORIENTED_EDGE('',*,*,#5893,.T.);
#8397=ORIENTED_EDGE('',*,*,#5832,.T.);
#8398=ORIENTED_EDGE('',*,*,#5897,.T.);
#8399=ORIENTED_EDGE('',*,*,#6245,.F.);
#8400=ORIENTED_EDGE('',*,*,#6246,.T.);
#8401=ORIENTED_EDGE('',*,*,#6247,.F.);
#8402=ORIENTED_EDGE('',*,*,#6248,.T.);
#8403=ORIENTED_EDGE('',*,*,#5217,.T.);
#8404=ORIENTED_EDGE('',*,*,#5544,.F.);
#8405=ORIENTED_EDGE('',*,*,#5381,.F.);
#8406=ORIENTED_EDGE('',*,*,#6249,.T.);
#8407=ORIENTED_EDGE('',*,*,#5247,.T.);
#8408=ORIENTED_EDGE('',*,*,#6250,.F.);
#8409=ORIENTED_EDGE('',*,*,#5351,.T.);
#8410=ORIENTED_EDGE('',*,*,#5246,.F.);
#8411=ORIENTED_EDGE('',*,*,#6251,.T.);
#8412=ORIENTED_EDGE('',*,*,#6170,.T.);
#8413=ORIENTED_EDGE('',*,*,#5971,.F.);
#8414=ORIENTED_EDGE('',*,*,#5976,.F.);
#8415=ORIENTED_EDGE('',*,*,#5984,.F.);
#8416=ORIENTED_EDGE('',*,*,#5352,.T.);
#8417=ORIENTED_EDGE('',*,*,#6250,.T.);
#8418=ORIENTED_EDGE('',*,*,#5983,.T.);
#8419=ORIENTED_EDGE('',*,*,#6252,.T.);
#8420=ORIENTED_EDGE('',*,*,#6253,.F.);
#8421=ORIENTED_EDGE('',*,*,#5354,.T.);
#8422=ORIENTED_EDGE('',*,*,#6254,.F.);
#8423=ORIENTED_EDGE('',*,*,#6255,.F.);
#8424=ORIENTED_EDGE('',*,*,#5355,.F.);
#8425=ORIENTED_EDGE('',*,*,#6253,.T.);
#8426=ORIENTED_EDGE('',*,*,#5241,.T.);
#8427=ORIENTED_EDGE('',*,*,#6256,.F.);
#8428=ORIENTED_EDGE('',*,*,#5357,.F.);
#8429=ORIENTED_EDGE('',*,*,#6257,.T.);
#8430=ORIENTED_EDGE('',*,*,#5358,.F.);
#8431=ORIENTED_EDGE('',*,*,#6256,.T.);
#8432=ORIENTED_EDGE('',*,*,#5240,.T.);
#8433=ORIENTED_EDGE('',*,*,#6258,.F.);
#8434=ORIENTED_EDGE('',*,*,#5359,.F.);
#8435=ORIENTED_EDGE('',*,*,#6258,.T.);
#8436=ORIENTED_EDGE('',*,*,#5239,.F.);
#8437=ORIENTED_EDGE('',*,*,#5547,.F.);
#8438=ORIENTED_EDGE('',*,*,#5534,.T.);
#8439=ORIENTED_EDGE('',*,*,#5235,.F.);
#8440=ORIENTED_EDGE('',*,*,#6259,.F.);
#8441=ORIENTED_EDGE('',*,*,#5363,.T.);
#8442=ORIENTED_EDGE('',*,*,#6259,.T.);
#8443=ORIENTED_EDGE('',*,*,#5234,.F.);
#8444=ORIENTED_EDGE('',*,*,#6260,.F.);
#8445=ORIENTED_EDGE('',*,*,#5364,.T.);
#8446=ORIENTED_EDGE('',*,*,#6260,.T.);
#8447=ORIENTED_EDGE('',*,*,#5233,.F.);
#8448=ORIENTED_EDGE('',*,*,#5533,.F.);
#8449=ORIENTED_EDGE('',*,*,#5120,.F.);
#8450=ORIENTED_EDGE('',*,*,#5515,.F.);
#8451=ORIENTED_EDGE('',*,*,#5231,.F.);
#8452=ORIENTED_EDGE('',*,*,#6261,.F.);
#8453=ORIENTED_EDGE('',*,*,#5367,.F.);
#8454=ORIENTED_EDGE('',*,*,#5516,.F.);
#8455=ORIENTED_EDGE('',*,*,#5143,.F.);
#8456=ORIENTED_EDGE('',*,*,#5532,.F.);
#8457=ORIENTED_EDGE('',*,*,#5365,.F.);
#8458=ORIENTED_EDGE('',*,*,#6261,.T.);
#8459=ORIENTED_EDGE('',*,*,#5230,.F.);
#8460=ORIENTED_EDGE('',*,*,#5545,.F.);
#8461=ORIENTED_EDGE('',*,*,#5368,.T.);
#8462=ORIENTED_EDGE('',*,*,#5519,.T.);
#8463=ORIENTED_EDGE('',*,*,#5226,.F.);
#8464=ORIENTED_EDGE('',*,*,#6262,.F.);
#8465=ORIENTED_EDGE('',*,*,#5372,.T.);
#8466=ORIENTED_EDGE('',*,*,#5373,.T.);
#8467=ORIENTED_EDGE('',*,*,#6262,.T.);
#8468=ORIENTED_EDGE('',*,*,#5225,.F.);
#8469=ORIENTED_EDGE('',*,*,#6263,.F.);
#8470=ORIENTED_EDGE('',*,*,#5374,.T.);
#8471=ORIENTED_EDGE('',*,*,#6263,.T.);
#8472=ORIENTED_EDGE('',*,*,#5224,.F.);
#8473=ORIENTED_EDGE('',*,*,#6264,.F.);
#8474=ORIENTED_EDGE('',*,*,#6264,.T.);
#8475=ORIENTED_EDGE('',*,*,#5223,.F.);
#8476=ORIENTED_EDGE('',*,*,#6265,.F.);
#8477=ORIENTED_EDGE('',*,*,#5375,.T.);
#8478=ORIENTED_EDGE('',*,*,#6266,.T.);
#8479=ORIENTED_EDGE('',*,*,#6267,.F.);
#8480=ORIENTED_EDGE('',*,*,#5377,.T.);
#8481=ORIENTED_EDGE('',*,*,#6268,.T.);
#8482=ORIENTED_EDGE('',*,*,#6269,.F.);
#8483=ORIENTED_EDGE('',*,*,#6270,.F.);
#8484=ORIENTED_EDGE('',*,*,#5378,.F.);
#8485=ORIENTED_EDGE('',*,*,#6267,.T.);
#8486=ORIENTED_EDGE('',*,*,#6209,.F.);
#8487=ORIENTED_EDGE('',*,*,#6271,.F.);
#8488=ORIENTED_EDGE('',*,*,#5218,.T.);
#8489=ORIENTED_EDGE('',*,*,#6248,.F.);
#8490=ORIENTED_EDGE('',*,*,#5380,.F.);
#8491=ORIENTED_EDGE('',*,*,#6272,.T.);
#8492=ORIENTED_EDGE('',*,*,#6216,.T.);
#8493=ORIENTED_EDGE('',*,*,#6244,.F.);
#8494=ORIENTED_EDGE('',*,*,#5967,.T.);
#8495=ORIENTED_EDGE('',*,*,#6167,.F.);
#8496=ORIENTED_EDGE('',*,*,#6273,.F.);
#8497=ORIENTED_EDGE('',*,*,#5328,.F.);
#8498=ORIENTED_EDGE('',*,*,#6274,.T.);
#8499=ORIENTED_EDGE('',*,*,#6205,.T.);
#8500=ORIENTED_EDGE('',*,*,#6161,.T.);
#8501=ORIENTED_EDGE('',*,*,#5870,.T.);
#8502=ORIENTED_EDGE('',*,*,#5327,.F.);
#8503=ORIENTED_EDGE('',*,*,#6275,.T.);
#8504=ORIENTED_EDGE('',*,*,#6206,.T.);
#8505=ORIENTED_EDGE('',*,*,#6274,.F.);
#8506=ORIENTED_EDGE('',*,*,#5326,.T.);
#8507=ORIENTED_EDGE('',*,*,#6276,.T.);
#8508=ORIENTED_EDGE('',*,*,#6207,.T.);
#8509=ORIENTED_EDGE('',*,*,#6275,.F.);
#8510=ORIENTED_EDGE('',*,*,#5339,.F.);
#8511=ORIENTED_EDGE('',*,*,#6277,.T.);
#8512=ORIENTED_EDGE('',*,*,#6191,.F.);
#8513=ORIENTED_EDGE('',*,*,#6278,.F.);
#8514=ORIENTED_EDGE('',*,*,#5338,.F.);
#8515=ORIENTED_EDGE('',*,*,#5867,.T.);
#8516=ORIENTED_EDGE('',*,*,#6192,.T.);
#8517=ORIENTED_EDGE('',*,*,#6277,.F.);
#8518=ORIENTED_EDGE('',*,*,#6279,.T.);
#8519=ORIENTED_EDGE('',*,*,#5335,.T.);
#8520=ORIENTED_EDGE('',*,*,#5546,.F.);
#8521=ORIENTED_EDGE('',*,*,#5196,.F.);
#8522=ORIENTED_EDGE('',*,*,#6280,.T.);
#8523=ORIENTED_EDGE('',*,*,#5330,.T.);
#8524=ORIENTED_EDGE('',*,*,#6281,.F.);
#8525=ORIENTED_EDGE('',*,*,#5201,.T.);
#8526=ORIENTED_EDGE('',*,*,#6173,.F.);
#8527=ORIENTED_EDGE('',*,*,#6282,.F.);
#8528=ORIENTED_EDGE('',*,*,#5202,.T.);
#8529=ORIENTED_EDGE('',*,*,#6281,.T.);
#8530=ORIENTED_EDGE('',*,*,#5329,.F.);
#8531=ORIENTED_EDGE('',*,*,#6273,.T.);
#8532=ORIENTED_EDGE('',*,*,#6166,.T.);
#8533=ORIENTED_EDGE('',*,*,#6239,.F.);
#8534=ORIENTED_EDGE('',*,*,#5959,.T.);
#8535=ORIENTED_EDGE('',*,*,#6171,.F.);
#8536=ORIENTED_EDGE('',*,*,#6251,.F.);
#8537=ORIENTED_EDGE('',*,*,#5245,.F.);
#8538=ORIENTED_EDGE('',*,*,#6283,.F.);
#8539=ORIENTED_EDGE('',*,*,#5203,.F.);
#8540=ORIENTED_EDGE('',*,*,#6282,.T.);
#8541=ORIENTED_EDGE('',*,*,#6172,.T.);
#8542=ORIENTED_EDGE('',*,*,#5244,.F.);
#8543=ORIENTED_EDGE('',*,*,#6284,.F.);
#8544=ORIENTED_EDGE('',*,*,#5204,.T.);
#8545=ORIENTED_EDGE('',*,*,#6283,.T.);
#8546=ORIENTED_EDGE('',*,*,#5243,.T.);
#8547=ORIENTED_EDGE('',*,*,#6285,.F.);
#8548=ORIENTED_EDGE('',*,*,#5205,.F.);
#8549=ORIENTED_EDGE('',*,*,#6284,.T.);
#8550=ORIENTED_EDGE('',*,*,#5324,.T.);
#8551=ORIENTED_EDGE('',*,*,#6286,.F.);
#8552=ORIENTED_EDGE('',*,*,#5207,.F.);
#8553=ORIENTED_EDGE('',*,*,#6287,.T.);
#8554=ORIENTED_EDGE('',*,*,#5208,.F.);
#8555=ORIENTED_EDGE('',*,*,#6286,.T.);
#8556=ORIENTED_EDGE('',*,*,#5323,.T.);
#8557=ORIENTED_EDGE('',*,*,#6288,.F.);
#8558=ORIENTED_EDGE('',*,*,#5209,.F.);
#8559=ORIENTED_EDGE('',*,*,#6288,.T.);
#8560=ORIENTED_EDGE('',*,*,#5322,.F.);
#8561=ORIENTED_EDGE('',*,*,#5550,.F.);
#8562=ORIENTED_EDGE('',*,*,#5543,.T.);
#8563=ORIENTED_EDGE('',*,*,#5318,.F.);
#8564=ORIENTED_EDGE('',*,*,#5511,.F.);
#8565=ORIENTED_EDGE('',*,*,#5213,.T.);
#8566=ORIENTED_EDGE('',*,*,#5528,.T.);
#8567=ORIENTED_EDGE('',*,*,#5344,.F.);
#8568=ORIENTED_EDGE('',*,*,#6289,.F.);
#8569=ORIENTED_EDGE('',*,*,#5187,.T.);
#8570=ORIENTED_EDGE('',*,*,#5188,.T.);
#8571=ORIENTED_EDGE('',*,*,#6289,.T.);
#8572=ORIENTED_EDGE('',*,*,#5343,.F.);
#8573=ORIENTED_EDGE('',*,*,#6290,.F.);
#8574=ORIENTED_EDGE('',*,*,#6290,.T.);
#8575=ORIENTED_EDGE('',*,*,#5342,.F.);
#8576=ORIENTED_EDGE('',*,*,#6291,.F.);
#8577=ORIENTED_EDGE('',*,*,#5189,.T.);
#8578=ORIENTED_EDGE('',*,*,#6291,.T.);
#8579=ORIENTED_EDGE('',*,*,#5341,.F.);
#8580=ORIENTED_EDGE('',*,*,#6292,.F.);
#8581=ORIENTED_EDGE('',*,*,#5190,.T.);
#8582=ORIENTED_EDGE('',*,*,#6293,.T.);
#8583=ORIENTED_EDGE('',*,*,#6294,.T.);
#8584=ORIENTED_EDGE('',*,*,#6182,.F.);
#8585=ORIENTED_EDGE('',*,*,#6295,.F.);
#8586=ORIENTED_EDGE('',*,*,#6296,.T.);
#8587=ORIENTED_EDGE('',*,*,#6297,.T.);
#8588=ORIENTED_EDGE('',*,*,#6183,.T.);
#8589=ORIENTED_EDGE('',*,*,#6294,.F.);
#8590=ORIENTED_EDGE('',*,*,#6298,.F.);
#8591=ORIENTED_EDGE('',*,*,#6299,.T.);
#8592=ORIENTED_EDGE('',*,*,#6184,.T.);
#8593=ORIENTED_EDGE('',*,*,#6297,.F.);
#8594=ORIENTED_EDGE('',*,*,#6300,.T.);
#8595=ORIENTED_EDGE('',*,*,#6301,.T.);
#8596=ORIENTED_EDGE('',*,*,#6185,.T.);
#8597=ORIENTED_EDGE('',*,*,#6299,.F.);
#8598=ORIENTED_EDGE('',*,*,#6302,.T.);
#8599=ORIENTED_EDGE('',*,*,#6303,.T.);
#8600=ORIENTED_EDGE('',*,*,#6186,.T.);
#8601=ORIENTED_EDGE('',*,*,#6301,.F.);
#8602=ORIENTED_EDGE('',*,*,#6304,.T.);
#8603=ORIENTED_EDGE('',*,*,#6177,.T.);
#8604=ORIENTED_EDGE('',*,*,#6305,.F.);
#8605=ORIENTED_EDGE('',*,*,#6306,.T.);
#8606=ORIENTED_EDGE('',*,*,#6307,.T.);
#8607=ORIENTED_EDGE('',*,*,#6187,.T.);
#8608=ORIENTED_EDGE('',*,*,#6303,.F.);
#8609=ORIENTED_EDGE('',*,*,#5325,.T.);
#8610=ORIENTED_EDGE('',*,*,#6305,.T.);
#8611=ORIENTED_EDGE('',*,*,#6276,.F.);
#8612=ORIENTED_EDGE('',*,*,#6308,.F.);
#8613=ORIENTED_EDGE('',*,*,#6309,.T.);
#8614=ORIENTED_EDGE('',*,*,#6188,.T.);
#8615=ORIENTED_EDGE('',*,*,#6307,.F.);
#8616=ORIENTED_EDGE('',*,*,#6310,.T.);
#8617=ORIENTED_EDGE('',*,*,#6190,.T.);
#8618=ORIENTED_EDGE('',*,*,#6311,.F.);
#8619=ORIENTED_EDGE('',*,*,#6312,.F.);
#8620=ORIENTED_EDGE('',*,*,#6313,.T.);
#8621=ORIENTED_EDGE('',*,*,#6189,.T.);
#8622=ORIENTED_EDGE('',*,*,#6309,.F.);
#8623=ORIENTED_EDGE('',*,*,#5340,.F.);
#8624=ORIENTED_EDGE('',*,*,#6278,.T.);
#8625=ORIENTED_EDGE('',*,*,#6310,.F.);
#8626=ORIENTED_EDGE('',*,*,#5242,.T.);
#8627=ORIENTED_EDGE('',*,*,#6314,.F.);
#8628=ORIENTED_EDGE('',*,*,#5206,.F.);
#8629=ORIENTED_EDGE('',*,*,#6285,.T.);
#8630=ORIENTED_EDGE('',*,*,#6315,.F.);
#8631=ORIENTED_EDGE('',*,*,#6316,.T.);
#8632=ORIENTED_EDGE('',*,*,#6178,.T.);
#8633=ORIENTED_EDGE('',*,*,#6317,.F.);
#8634=ORIENTED_EDGE('',*,*,#6318,.F.);
#8635=ORIENTED_EDGE('',*,*,#5191,.T.);
#8636=ORIENTED_EDGE('',*,*,#6319,.T.);
#8637=ORIENTED_EDGE('',*,*,#5222,.F.);
#8638=ORIENTED_EDGE('',*,*,#6320,.T.);
#8639=ORIENTED_EDGE('',*,*,#6317,.T.);
#8640=ORIENTED_EDGE('',*,*,#6304,.F.);
#8641=ORIENTED_EDGE('',*,*,#6287,.F.);
#8642=ORIENTED_EDGE('',*,*,#6314,.T.);
#8643=ORIENTED_EDGE('',*,*,#6257,.F.);
#8644=ORIENTED_EDGE('',*,*,#6321,.F.);
#8645=ORIENTED_EDGE('',*,*,#6322,.T.);
#8646=ORIENTED_EDGE('',*,*,#6323,.T.);
#8647=ORIENTED_EDGE('',*,*,#6265,.T.);
#8648=ORIENTED_EDGE('',*,*,#6319,.F.);
#8649=ORIENTED_EDGE('',*,*,#6292,.T.);
#8650=ORIENTED_EDGE('',*,*,#6311,.T.);
#8651=ORIENTED_EDGE('',*,*,#6313,.F.);
#8652=ORIENTED_EDGE('',*,*,#6322,.F.);
#8653=ORIENTED_EDGE('',*,*,#6324,.F.);
#8654=ORIENTED_EDGE('',*,*,#5356,.F.);
#8655=ORIENTED_EDGE('',*,*,#6255,.T.);
#8656=ORIENTED_EDGE('',*,*,#6325,.F.);
#8657=ORIENTED_EDGE('',*,*,#6320,.F.);
#8658=ORIENTED_EDGE('',*,*,#6324,.T.);
#8659=ORIENTED_EDGE('',*,*,#6268,.F.);
#8660=ORIENTED_EDGE('',*,*,#5376,.T.);
#8661=ORIENTED_EDGE('',*,*,#6321,.T.);
#8662=ORIENTED_EDGE('',*,*,#6180,.T.);
#8663=ORIENTED_EDGE('',*,*,#6326,.F.);
#8664=ORIENTED_EDGE('',*,*,#6327,.F.);
#8665=ORIENTED_EDGE('',*,*,#6328,.T.);
#8666=ORIENTED_EDGE('',*,*,#6329,.F.);
#8667=ORIENTED_EDGE('',*,*,#6326,.T.);
#8668=ORIENTED_EDGE('',*,*,#6179,.T.);
#8669=ORIENTED_EDGE('',*,*,#6316,.F.);
#8670=ORIENTED_EDGE('',*,*,#6295,.T.);
#8671=ORIENTED_EDGE('',*,*,#6181,.T.);
#8672=ORIENTED_EDGE('',*,*,#6328,.F.);
#8673=ORIENTED_EDGE('',*,*,#6330,.T.);
#8674=ORIENTED_EDGE('',*,*,#5221,.F.);
#8675=ORIENTED_EDGE('',*,*,#6331,.F.);
#8676=ORIENTED_EDGE('',*,*,#5192,.T.);
#8677=ORIENTED_EDGE('',*,*,#6318,.T.);
#8678=ORIENTED_EDGE('',*,*,#5220,.F.);
#8679=ORIENTED_EDGE('',*,*,#6332,.F.);
#8680=ORIENTED_EDGE('',*,*,#5193,.F.);
#8681=ORIENTED_EDGE('',*,*,#6331,.T.);
#8682=ORIENTED_EDGE('',*,*,#5847,.T.);
#8683=ORIENTED_EDGE('',*,*,#5887,.F.);
#8684=ORIENTED_EDGE('',*,*,#6333,.F.);
#8685=ORIENTED_EDGE('',*,*,#5194,.F.);
#8686=ORIENTED_EDGE('',*,*,#6332,.T.);
#8687=ORIENTED_EDGE('',*,*,#5219,.F.);
#8688=ORIENTED_EDGE('',*,*,#6271,.T.);
#8689=ORIENTED_EDGE('',*,*,#6208,.T.);
#8690=ORIENTED_EDGE('',*,*,#5195,.F.);
#8691=ORIENTED_EDGE('',*,*,#6333,.T.);
#8692=ORIENTED_EDGE('',*,*,#5886,.T.);
#8693=ORIENTED_EDGE('',*,*,#6240,.T.);
#8694=ORIENTED_EDGE('',*,*,#5862,.F.);
#8695=ORIENTED_EDGE('',*,*,#5868,.F.);
#8696=ORIENTED_EDGE('',*,*,#5336,.T.);
#8697=ORIENTED_EDGE('',*,*,#6279,.F.);
#8698=ORIENTED_EDGE('',*,*,#6325,.T.);
#8699=ORIENTED_EDGE('',*,*,#6254,.T.);
#8700=ORIENTED_EDGE('',*,*,#6252,.F.);
#8701=ORIENTED_EDGE('',*,*,#5982,.F.);
#8702=ORIENTED_EDGE('',*,*,#6334,.F.);
#8703=ORIENTED_EDGE('',*,*,#6335,.F.);
#8704=ORIENTED_EDGE('',*,*,#6336,.F.);
#8705=ORIENTED_EDGE('',*,*,#6019,.F.);
#8706=ORIENTED_EDGE('',*,*,#6032,.F.);
#8707=ORIENTED_EDGE('',*,*,#6045,.F.);
#8708=ORIENTED_EDGE('',*,*,#6058,.F.);
#8709=ORIENTED_EDGE('',*,*,#6063,.F.);
#8710=ORIENTED_EDGE('',*,*,#6337,.F.);
#8711=ORIENTED_EDGE('',*,*,#6077,.F.);
#8712=ORIENTED_EDGE('',*,*,#6090,.F.);
#8713=ORIENTED_EDGE('',*,*,#6103,.F.);
#8714=ORIENTED_EDGE('',*,*,#6116,.F.);
#8715=ORIENTED_EDGE('',*,*,#6119,.F.);
#8716=ORIENTED_EDGE('',*,*,#6338,.T.);
#8717=ORIENTED_EDGE('',*,*,#6339,.F.);
#8718=ORIENTED_EDGE('',*,*,#6340,.T.);
#8719=ORIENTED_EDGE('',*,*,#6269,.T.);
#8720=ORIENTED_EDGE('',*,*,#6266,.F.);
#8721=ORIENTED_EDGE('',*,*,#6323,.F.);
#8722=ORIENTED_EDGE('',*,*,#6312,.T.);
#8723=ORIENTED_EDGE('',*,*,#6308,.T.);
#8724=ORIENTED_EDGE('',*,*,#6306,.F.);
#8725=ORIENTED_EDGE('',*,*,#6302,.F.);
#8726=ORIENTED_EDGE('',*,*,#6300,.F.);
#8727=ORIENTED_EDGE('',*,*,#6298,.T.);
#8728=ORIENTED_EDGE('',*,*,#6296,.F.);
#8729=ORIENTED_EDGE('',*,*,#6293,.F.);
#8730=ORIENTED_EDGE('',*,*,#6330,.F.);
#8731=ORIENTED_EDGE('',*,*,#6327,.T.);
#8732=ORIENTED_EDGE('',*,*,#6329,.T.);
#8733=ORIENTED_EDGE('',*,*,#6315,.T.);
#8734=ORIENTED_EDGE('',*,*,#6242,.F.);
#8735=ORIENTED_EDGE('',*,*,#6341,.F.);
#8736=ORIENTED_EDGE('',*,*,#6342,.T.);
#8737=ORIENTED_EDGE('',*,*,#5891,.F.);
#8738=ORIENTED_EDGE('',*,*,#5395,.T.);
#8739=ORIENTED_EDGE('',*,*,#6343,.T.);
#8740=ORIENTED_EDGE('',*,*,#6241,.T.);
#8741=ORIENTED_EDGE('',*,*,#6343,.F.);
#8742=ORIENTED_EDGE('',*,*,#6344,.T.);
#8743=ORIENTED_EDGE('',*,*,#5853,.T.);
#8744=ORIENTED_EDGE('',*,*,#6345,.T.);
#8745=ORIENTED_EDGE('',*,*,#6342,.F.);
#8746=ORIENTED_EDGE('',*,*,#5393,.T.);
#8747=ORIENTED_EDGE('',*,*,#5860,.T.);
#8748=ORIENTED_EDGE('',*,*,#6243,.T.);
#8749=ORIENTED_EDGE('',*,*,#6345,.F.);
#8750=ORIENTED_EDGE('',*,*,#6344,.F.);
#8751=ORIENTED_EDGE('',*,*,#5394,.T.);
#8752=ORIENTED_EDGE('',*,*,#6341,.T.);
#8753=ORIENTED_EDGE('',*,*,#6246,.F.);
#8754=ORIENTED_EDGE('',*,*,#6346,.F.);
#8755=ORIENTED_EDGE('',*,*,#6347,.T.);
#8756=ORIENTED_EDGE('',*,*,#5896,.F.);
#8757=ORIENTED_EDGE('',*,*,#5400,.T.);
#8758=ORIENTED_EDGE('',*,*,#6348,.T.);
#8759=ORIENTED_EDGE('',*,*,#6245,.T.);
#8760=ORIENTED_EDGE('',*,*,#6348,.F.);
#8761=ORIENTED_EDGE('',*,*,#6349,.T.);
#8762=ORIENTED_EDGE('',*,*,#5840,.T.);
#8763=ORIENTED_EDGE('',*,*,#6350,.T.);
#8764=ORIENTED_EDGE('',*,*,#6347,.F.);
#8765=ORIENTED_EDGE('',*,*,#5398,.T.);
#8766=ORIENTED_EDGE('',*,*,#5852,.T.);
#8767=ORIENTED_EDGE('',*,*,#6247,.T.);
#8768=ORIENTED_EDGE('',*,*,#6350,.F.);
#8769=ORIENTED_EDGE('',*,*,#6349,.F.);
#8770=ORIENTED_EDGE('',*,*,#5399,.T.);
#8771=ORIENTED_EDGE('',*,*,#6346,.T.);
#8772=ORIENTED_EDGE('',*,*,#5531,.T.);
#8773=ORIENTED_EDGE('',*,*,#5248,.T.);
#8774=ORIENTED_EDGE('',*,*,#6249,.F.);
#8775=ORIENTED_EDGE('',*,*,#5350,.F.);
#8776=ORIENTED_EDGE('',*,*,#5512,.T.);
#8777=ORIENTED_EDGE('',*,*,#5331,.T.);
#8778=ORIENTED_EDGE('',*,*,#6280,.F.);
#8779=ORIENTED_EDGE('',*,*,#5200,.F.);
#8780=ORIENTED_EDGE('',*,*,#6351,.F.);
#8781=ORIENTED_EDGE('',*,*,#6012,.T.);
#8782=ORIENTED_EDGE('',*,*,#6336,.T.);
#8783=ORIENTED_EDGE('',*,*,#6352,.F.);
#8784=ORIENTED_EDGE('',*,*,#6353,.F.);
#8785=ORIENTED_EDGE('',*,*,#6144,.F.);
#8786=ORIENTED_EDGE('',*,*,#6354,.F.);
#8787=ORIENTED_EDGE('',*,*,#6355,.F.);
#8788=ORIENTED_EDGE('',*,*,#6356,.F.);
#8789=ORIENTED_EDGE('',*,*,#6070,.T.);
#8790=ORIENTED_EDGE('',*,*,#6337,.T.);
#8791=ORIENTED_EDGE('',*,*,#6062,.F.);
#8792=ORIENTED_EDGE('',*,*,#6357,.F.);
#8793=ORIENTED_EDGE('',*,*,#6009,.T.);
#8794=ORIENTED_EDGE('',*,*,#6358,.F.);
#8795=ORIENTED_EDGE('',*,*,#6359,.F.);
#8796=ORIENTED_EDGE('',*,*,#6008,.T.);
#8797=ORIENTED_EDGE('',*,*,#6360,.T.);
#8798=ORIENTED_EDGE('',*,*,#6361,.F.);
#8799=ORIENTED_EDGE('',*,*,#6358,.T.);
#8800=ORIENTED_EDGE('',*,*,#6362,.F.);
#8801=ORIENTED_EDGE('',*,*,#6363,.F.);
#8802=ORIENTED_EDGE('',*,*,#6364,.T.);
#8803=ORIENTED_EDGE('',*,*,#6007,.T.);
#8804=ORIENTED_EDGE('',*,*,#6014,.T.);
#8805=ORIENTED_EDGE('',*,*,#6365,.T.);
#8806=ORIENTED_EDGE('',*,*,#6360,.F.);
#8807=ORIENTED_EDGE('',*,*,#6359,.T.);
#8808=ORIENTED_EDGE('',*,*,#6364,.F.);
#8809=ORIENTED_EDGE('',*,*,#6366,.T.);
#8810=ORIENTED_EDGE('',*,*,#6367,.T.);
#8811=ORIENTED_EDGE('',*,*,#6368,.F.);
#8812=ORIENTED_EDGE('',*,*,#6362,.T.);
#8813=ORIENTED_EDGE('',*,*,#6361,.T.);
#8814=ORIENTED_EDGE('',*,*,#6352,.T.);
#8815=ORIENTED_EDGE('',*,*,#6335,.T.);
#8816=ORIENTED_EDGE('',*,*,#5981,.F.);
#8817=ORIENTED_EDGE('',*,*,#6369,.T.);
#8818=ORIENTED_EDGE('',*,*,#6367,.F.);
#8819=ORIENTED_EDGE('',*,*,#6334,.T.);
#8820=ORIENTED_EDGE('',*,*,#6152,.T.);
#8821=ORIENTED_EDGE('',*,*,#6370,.F.);
#8822=ORIENTED_EDGE('',*,*,#6371,.T.);
#8823=ORIENTED_EDGE('',*,*,#6016,.T.);
#8824=ORIENTED_EDGE('',*,*,#6023,.T.);
#8825=ORIENTED_EDGE('',*,*,#6027,.T.);
#8826=ORIENTED_EDGE('',*,*,#6372,.T.);
#8827=ORIENTED_EDGE('',*,*,#6146,.T.);
#8828=ORIENTED_EDGE('',*,*,#6373,.F.);
#8829=ORIENTED_EDGE('',*,*,#6374,.F.);
#8830=ORIENTED_EDGE('',*,*,#6029,.T.);
#8831=ORIENTED_EDGE('',*,*,#6036,.T.);
#8832=ORIENTED_EDGE('',*,*,#6040,.T.);
#8833=ORIENTED_EDGE('',*,*,#6375,.T.);
#8834=ORIENTED_EDGE('',*,*,#6149,.T.);
#8835=ORIENTED_EDGE('',*,*,#6376,.T.);
#8836=ORIENTED_EDGE('',*,*,#6377,.F.);
#8837=ORIENTED_EDGE('',*,*,#6042,.T.);
#8838=ORIENTED_EDGE('',*,*,#6049,.T.);
#8839=ORIENTED_EDGE('',*,*,#6053,.T.);
#8840=ORIENTED_EDGE('',*,*,#6378,.F.);
#8841=ORIENTED_EDGE('',*,*,#6142,.T.);
#8842=ORIENTED_EDGE('',*,*,#6379,.T.);
#8843=ORIENTED_EDGE('',*,*,#6380,.F.);
#8844=ORIENTED_EDGE('',*,*,#6055,.T.);
#8845=ORIENTED_EDGE('',*,*,#6355,.T.);
#8846=ORIENTED_EDGE('',*,*,#6381,.F.);
#8847=ORIENTED_EDGE('',*,*,#6382,.T.);
#8848=ORIENTED_EDGE('',*,*,#6143,.T.);
#8849=ORIENTED_EDGE('',*,*,#6380,.T.);
#8850=ORIENTED_EDGE('',*,*,#6383,.F.);
#8851=ORIENTED_EDGE('',*,*,#6384,.F.);
#8852=ORIENTED_EDGE('',*,*,#6354,.T.);
#8853=ORIENTED_EDGE('',*,*,#6385,.F.);
#8854=ORIENTED_EDGE('',*,*,#6381,.T.);
#8855=ORIENTED_EDGE('',*,*,#6066,.T.);
#8856=ORIENTED_EDGE('',*,*,#6386,.F.);
#8857=ORIENTED_EDGE('',*,*,#6385,.T.);
#8858=ORIENTED_EDGE('',*,*,#6138,.T.);
#8859=ORIENTED_EDGE('',*,*,#6384,.T.);
#8860=ORIENTED_EDGE('',*,*,#6387,.F.);
#8861=ORIENTED_EDGE('',*,*,#6388,.F.);
#8862=ORIENTED_EDGE('',*,*,#6065,.T.);
#8863=ORIENTED_EDGE('',*,*,#6072,.T.);
#8864=ORIENTED_EDGE('',*,*,#6389,.T.);
#8865=ORIENTED_EDGE('',*,*,#6386,.T.);
#8866=ORIENTED_EDGE('',*,*,#6136,.T.);
#8867=ORIENTED_EDGE('',*,*,#6390,.T.);
#8868=ORIENTED_EDGE('',*,*,#6391,.F.);
#8869=ORIENTED_EDGE('',*,*,#6074,.T.);
#8870=ORIENTED_EDGE('',*,*,#6081,.T.);
#8871=ORIENTED_EDGE('',*,*,#6085,.T.);
#8872=ORIENTED_EDGE('',*,*,#6392,.T.);
#8873=ORIENTED_EDGE('',*,*,#5827,.T.);
#8874=ORIENTED_EDGE('',*,*,#6393,.F.);
#8875=ORIENTED_EDGE('',*,*,#6394,.F.);
#8876=ORIENTED_EDGE('',*,*,#6395,.T.);
#8877=ORIENTED_EDGE('',*,*,#5822,.T.);
#8878=ORIENTED_EDGE('',*,*,#6396,.T.);
#8879=ORIENTED_EDGE('',*,*,#6397,.F.);
#8880=ORIENTED_EDGE('',*,*,#6398,.T.);
#8881=ORIENTED_EDGE('',*,*,#5900,.F.);
#8882=ORIENTED_EDGE('',*,*,#6130,.T.);
#8883=ORIENTED_EDGE('',*,*,#6399,.T.);
#8884=ORIENTED_EDGE('',*,*,#6400,.F.);
#8885=ORIENTED_EDGE('',*,*,#6087,.T.);
#8886=ORIENTED_EDGE('',*,*,#6094,.T.);
#8887=ORIENTED_EDGE('',*,*,#6098,.T.);
#8888=ORIENTED_EDGE('',*,*,#6401,.F.);
#8889=ORIENTED_EDGE('',*,*,#5839,.T.);
#8890=ORIENTED_EDGE('',*,*,#6402,.F.);
#8891=ORIENTED_EDGE('',*,*,#6393,.T.);
#8892=ORIENTED_EDGE('',*,*,#5838,.T.);
#8893=ORIENTED_EDGE('',*,*,#6403,.F.);
#8894=ORIENTED_EDGE('',*,*,#6402,.T.);
#8895=ORIENTED_EDGE('',*,*,#6133,.T.);
#8896=ORIENTED_EDGE('',*,*,#6404,.T.);
#8897=ORIENTED_EDGE('',*,*,#6405,.F.);
#8898=ORIENTED_EDGE('',*,*,#6100,.T.);
#8899=ORIENTED_EDGE('',*,*,#6107,.T.);
#8900=ORIENTED_EDGE('',*,*,#6111,.T.);
#8901=ORIENTED_EDGE('',*,*,#6406,.T.);
#8902=ORIENTED_EDGE('',*,*,#5836,.T.);
#8903=ORIENTED_EDGE('',*,*,#6217,.T.);
#8904=ORIENTED_EDGE('',*,*,#6272,.F.);
#8905=ORIENTED_EDGE('',*,*,#5379,.F.);
#8906=ORIENTED_EDGE('',*,*,#6270,.T.);
#8907=ORIENTED_EDGE('',*,*,#6340,.F.);
#8908=ORIENTED_EDGE('',*,*,#6407,.F.);
#8909=ORIENTED_EDGE('',*,*,#6408,.F.);
#8910=ORIENTED_EDGE('',*,*,#6409,.F.);
#8911=ORIENTED_EDGE('',*,*,#5287,.F.);
#8912=ORIENTED_EDGE('',*,*,#6410,.T.);
#8913=ORIENTED_EDGE('',*,*,#6411,.T.);
#8914=ORIENTED_EDGE('',*,*,#6114,.T.);
#8915=ORIENTED_EDGE('',*,*,#6412,.T.);
#8916=ORIENTED_EDGE('',*,*,#6117,.T.);
#8917=ORIENTED_EDGE('',*,*,#6125,.T.);
#8918=ORIENTED_EDGE('',*,*,#6101,.T.);
#8919=ORIENTED_EDGE('',*,*,#6406,.F.);
#8920=ORIENTED_EDGE('',*,*,#6110,.T.);
#8921=ORIENTED_EDGE('',*,*,#6108,.T.);
#8922=ORIENTED_EDGE('',*,*,#6088,.T.);
#8923=ORIENTED_EDGE('',*,*,#6401,.T.);
#8924=ORIENTED_EDGE('',*,*,#6097,.T.);
#8925=ORIENTED_EDGE('',*,*,#6095,.T.);
#8926=ORIENTED_EDGE('',*,*,#6075,.T.);
#8927=ORIENTED_EDGE('',*,*,#6392,.F.);
#8928=ORIENTED_EDGE('',*,*,#6084,.T.);
#8929=ORIENTED_EDGE('',*,*,#6082,.T.);
#8930=ORIENTED_EDGE('',*,*,#6356,.T.);
#8931=ORIENTED_EDGE('',*,*,#6389,.F.);
#8932=ORIENTED_EDGE('',*,*,#6071,.T.);
#8933=ORIENTED_EDGE('',*,*,#6068,.T.);
#8934=ORIENTED_EDGE('',*,*,#6056,.T.);
#8935=ORIENTED_EDGE('',*,*,#6382,.F.);
#8936=ORIENTED_EDGE('',*,*,#6061,.T.);
#8937=ORIENTED_EDGE('',*,*,#6059,.T.);
#8938=ORIENTED_EDGE('',*,*,#6043,.T.);
#8939=ORIENTED_EDGE('',*,*,#6378,.T.);
#8940=ORIENTED_EDGE('',*,*,#6052,.T.);
#8941=ORIENTED_EDGE('',*,*,#6050,.T.);
#8942=ORIENTED_EDGE('',*,*,#6030,.T.);
#8943=ORIENTED_EDGE('',*,*,#6375,.F.);
#8944=ORIENTED_EDGE('',*,*,#6039,.T.);
#8945=ORIENTED_EDGE('',*,*,#6037,.T.);
#8946=ORIENTED_EDGE('',*,*,#6017,.T.);
#8947=ORIENTED_EDGE('',*,*,#6372,.F.);
#8948=ORIENTED_EDGE('',*,*,#6026,.T.);
#8949=ORIENTED_EDGE('',*,*,#6024,.T.);
#8950=ORIENTED_EDGE('',*,*,#6013,.T.);
#8951=ORIENTED_EDGE('',*,*,#6010,.T.);
#8952=ORIENTED_EDGE('',*,*,#6351,.T.);
#8953=ORIENTED_EDGE('',*,*,#6365,.F.);
#8954=ORIENTED_EDGE('',*,*,#6413,.T.);
#8955=ORIENTED_EDGE('',*,*,#6414,.F.);
#8956=ORIENTED_EDGE('',*,*,#6407,.T.);
#8957=ORIENTED_EDGE('',*,*,#6339,.T.);
#8958=ORIENTED_EDGE('',*,*,#6415,.T.);
#8959=ORIENTED_EDGE('',*,*,#6416,.T.);
#8960=ORIENTED_EDGE('',*,*,#6413,.F.);
#8961=ORIENTED_EDGE('',*,*,#6338,.F.);
#8962=ORIENTED_EDGE('',*,*,#6118,.F.);
#8963=ORIENTED_EDGE('',*,*,#6417,.T.);
#8964=ORIENTED_EDGE('',*,*,#6128,.T.);
#8965=ORIENTED_EDGE('',*,*,#6418,.T.);
#8966=ORIENTED_EDGE('',*,*,#6419,.T.);
#8967=ORIENTED_EDGE('',*,*,#6415,.F.);
#8968=ORIENTED_EDGE('',*,*,#6124,.T.);
#8969=ORIENTED_EDGE('',*,*,#6417,.F.);
#8970=ORIENTED_EDGE('',*,*,#6420,.T.);
#8971=ORIENTED_EDGE('',*,*,#6127,.T.);
#8972=ORIENTED_EDGE('',*,*,#6421,.T.);
#8973=ORIENTED_EDGE('',*,*,#6418,.F.);
#8974=ORIENTED_EDGE('',*,*,#6113,.T.);
#8975=ORIENTED_EDGE('',*,*,#6121,.T.);
#8976=ORIENTED_EDGE('',*,*,#6420,.F.);
#8977=ORIENTED_EDGE('',*,*,#6412,.F.);
#8978=ORIENTED_EDGE('',*,*,#6422,.F.);
#8979=ORIENTED_EDGE('',*,*,#6423,.F.);
#8980=ORIENTED_EDGE('',*,*,#6424,.F.);
#8981=ORIENTED_EDGE('',*,*,#6425,.F.);
#8982=ORIENTED_EDGE('',*,*,#6426,.F.);
#8983=ORIENTED_EDGE('',*,*,#6427,.T.);
#8984=ORIENTED_EDGE('',*,*,#6428,.F.);
#8985=ORIENTED_EDGE('',*,*,#6429,.F.);
#8986=ORIENTED_EDGE('',*,*,#6430,.F.);
#8987=ORIENTED_EDGE('',*,*,#6431,.F.);
#8988=ORIENTED_EDGE('',*,*,#6432,.F.);
#8989=ORIENTED_EDGE('',*,*,#6433,.F.);
#8990=ORIENTED_EDGE('',*,*,#6434,.F.);
#8991=ORIENTED_EDGE('',*,*,#6435,.F.);
#8992=ORIENTED_EDGE('',*,*,#6436,.T.);
#8993=ORIENTED_EDGE('',*,*,#6437,.F.);
#8994=ORIENTED_EDGE('',*,*,#6408,.T.);
#8995=ORIENTED_EDGE('',*,*,#6414,.T.);
#8996=ORIENTED_EDGE('',*,*,#6416,.F.);
#8997=ORIENTED_EDGE('',*,*,#6419,.F.);
#8998=ORIENTED_EDGE('',*,*,#6438,.T.);
#8999=ORIENTED_EDGE('',*,*,#6439,.T.);
#9000=ORIENTED_EDGE('',*,*,#6440,.T.);
#9001=ORIENTED_EDGE('',*,*,#6441,.T.);
#9002=ORIENTED_EDGE('',*,*,#6387,.T.);
#9003=ORIENTED_EDGE('',*,*,#6383,.T.);
#9004=ORIENTED_EDGE('',*,*,#6442,.T.);
#9005=ORIENTED_EDGE('',*,*,#6443,.T.);
#9006=ORIENTED_EDGE('',*,*,#6444,.T.);
#9007=ORIENTED_EDGE('',*,*,#6445,.T.);
#9008=ORIENTED_EDGE('',*,*,#6363,.T.);
#9009=ORIENTED_EDGE('',*,*,#6368,.T.);
#9010=ORIENTED_EDGE('',*,*,#6369,.F.);
#9011=ORIENTED_EDGE('',*,*,#5980,.F.);
#9012=ORIENTED_EDGE('',*,*,#6446,.F.);
#9013=ORIENTED_EDGE('',*,*,#6447,.F.);
#9014=ORIENTED_EDGE('',*,*,#5814,.T.);
#9015=ORIENTED_EDGE('',*,*,#6448,.F.);
#9016=ORIENTED_EDGE('',*,*,#6449,.T.);
#9017=ORIENTED_EDGE('',*,*,#5907,.F.);
#9018=ORIENTED_EDGE('',*,*,#5823,.T.);
#9019=ORIENTED_EDGE('',*,*,#6395,.F.);
#9020=ORIENTED_EDGE('',*,*,#6450,.T.);
#9021=ORIENTED_EDGE('',*,*,#5824,.T.);
#9022=ORIENTED_EDGE('',*,*,#6450,.F.);
#9023=ORIENTED_EDGE('',*,*,#6451,.T.);
#9024=ORIENTED_EDGE('',*,*,#5825,.T.);
#9025=ORIENTED_EDGE('',*,*,#6451,.F.);
#9026=ORIENTED_EDGE('',*,*,#6452,.F.);
#9027=ORIENTED_EDGE('',*,*,#6453,.T.);
#9028=ORIENTED_EDGE('',*,*,#5837,.T.);
#9029=ORIENTED_EDGE('',*,*,#6411,.F.);
#9030=ORIENTED_EDGE('',*,*,#6454,.T.);
#9031=ORIENTED_EDGE('',*,*,#6403,.T.);
#9032=ORIENTED_EDGE('',*,*,#5937,.T.);
#9033=ORIENTED_EDGE('',*,*,#6455,.T.);
#9034=ORIENTED_EDGE('',*,*,#6005,.F.);
#9035=ORIENTED_EDGE('',*,*,#5969,.T.);
#9036=ORIENTED_EDGE('',*,*,#6456,.T.);
#9037=ORIENTED_EDGE('',*,*,#6457,.T.);
#9038=ORIENTED_EDGE('',*,*,#6455,.F.);
#9039=ORIENTED_EDGE('',*,*,#5806,.T.);
#9040=ORIENTED_EDGE('',*,*,#6458,.T.);
#9041=ORIENTED_EDGE('',*,*,#5935,.F.);
#9042=ORIENTED_EDGE('',*,*,#5813,.T.);
#9043=ORIENTED_EDGE('',*,*,#5926,.F.);
#9044=ORIENTED_EDGE('',*,*,#6458,.F.);
#9045=ORIENTED_EDGE('',*,*,#6357,.T.);
#9046=ORIENTED_EDGE('',*,*,#6366,.F.);
#9047=ORIENTED_EDGE('',*,*,#6445,.F.);
#9048=ORIENTED_EDGE('',*,*,#6370,.T.);
#9049=ORIENTED_EDGE('',*,*,#6151,.T.);
#9050=ORIENTED_EDGE('',*,*,#6020,.T.);
#9051=ORIENTED_EDGE('',*,*,#6015,.T.);
#9052=ORIENTED_EDGE('',*,*,#6006,.T.);
#9053=ORIENTED_EDGE('',*,*,#6153,.T.);
#9054=ORIENTED_EDGE('',*,*,#6371,.F.);
#9055=ORIENTED_EDGE('',*,*,#6444,.F.);
#9056=ORIENTED_EDGE('',*,*,#6373,.T.);
#9057=ORIENTED_EDGE('',*,*,#6145,.T.);
#9058=ORIENTED_EDGE('',*,*,#6033,.T.);
#9059=ORIENTED_EDGE('',*,*,#6028,.T.);
#9060=ORIENTED_EDGE('',*,*,#6022,.T.);
#9061=ORIENTED_EDGE('',*,*,#6147,.T.);
#9062=ORIENTED_EDGE('',*,*,#6374,.T.);
#9063=ORIENTED_EDGE('',*,*,#6443,.F.);
#9064=ORIENTED_EDGE('',*,*,#6376,.F.);
#9065=ORIENTED_EDGE('',*,*,#6148,.T.);
#9066=ORIENTED_EDGE('',*,*,#6046,.T.);
#9067=ORIENTED_EDGE('',*,*,#6041,.T.);
#9068=ORIENTED_EDGE('',*,*,#6035,.T.);
#9069=ORIENTED_EDGE('',*,*,#6150,.T.);
#9070=ORIENTED_EDGE('',*,*,#6377,.T.);
#9071=ORIENTED_EDGE('',*,*,#6442,.F.);
#9072=ORIENTED_EDGE('',*,*,#6379,.F.);
#9073=ORIENTED_EDGE('',*,*,#6141,.T.);
#9074=ORIENTED_EDGE('',*,*,#6353,.T.);
#9075=ORIENTED_EDGE('',*,*,#6054,.T.);
#9076=ORIENTED_EDGE('',*,*,#6048,.T.);
#9077=ORIENTED_EDGE('',*,*,#6139,.T.);
#9078=ORIENTED_EDGE('',*,*,#6388,.T.);
#9079=ORIENTED_EDGE('',*,*,#6459,.F.);
#9080=ORIENTED_EDGE('',*,*,#6140,.T.);
#9081=ORIENTED_EDGE('',*,*,#6459,.T.);
#9082=ORIENTED_EDGE('',*,*,#6441,.F.);
#9083=ORIENTED_EDGE('',*,*,#6390,.F.);
#9084=ORIENTED_EDGE('',*,*,#6135,.T.);
#9085=ORIENTED_EDGE('',*,*,#6078,.T.);
#9086=ORIENTED_EDGE('',*,*,#6073,.T.);
#9087=ORIENTED_EDGE('',*,*,#6064,.T.);
#9088=ORIENTED_EDGE('',*,*,#6137,.T.);
#9089=ORIENTED_EDGE('',*,*,#6391,.T.);
#9090=ORIENTED_EDGE('',*,*,#6440,.F.);
#9091=ORIENTED_EDGE('',*,*,#6399,.F.);
#9092=ORIENTED_EDGE('',*,*,#6129,.T.);
#9093=ORIENTED_EDGE('',*,*,#6091,.T.);
#9094=ORIENTED_EDGE('',*,*,#6086,.T.);
#9095=ORIENTED_EDGE('',*,*,#6080,.T.);
#9096=ORIENTED_EDGE('',*,*,#6131,.T.);
#9097=ORIENTED_EDGE('',*,*,#6400,.T.);
#9098=ORIENTED_EDGE('',*,*,#6439,.F.);
#9099=ORIENTED_EDGE('',*,*,#6404,.F.);
#9100=ORIENTED_EDGE('',*,*,#6132,.T.);
#9101=ORIENTED_EDGE('',*,*,#6104,.T.);
#9102=ORIENTED_EDGE('',*,*,#6099,.T.);
#9103=ORIENTED_EDGE('',*,*,#6093,.T.);
#9104=ORIENTED_EDGE('',*,*,#6134,.T.);
#9105=ORIENTED_EDGE('',*,*,#6405,.T.);
#9106=ORIENTED_EDGE('',*,*,#6438,.F.);
#9107=ORIENTED_EDGE('',*,*,#6421,.F.);
#9108=ORIENTED_EDGE('',*,*,#6126,.T.);
#9109=ORIENTED_EDGE('',*,*,#6122,.T.);
#9110=ORIENTED_EDGE('',*,*,#6112,.T.);
#9111=ORIENTED_EDGE('',*,*,#6106,.T.);
#9112=ORIENTED_EDGE('',*,*,#6460,.T.);
#9113=ORIENTED_EDGE('',*,*,#5251,.T.);
#9114=ORIENTED_EDGE('',*,*,#5563,.F.);
#9115=ORIENTED_EDGE('',*,*,#5507,.F.);
#9116=ORIENTED_EDGE('',*,*,#6461,.T.);
#9117=ORIENTED_EDGE('',*,*,#5281,.T.);
#9118=ORIENTED_EDGE('',*,*,#6462,.F.);
#9119=ORIENTED_EDGE('',*,*,#5477,.T.);
#9120=ORIENTED_EDGE('',*,*,#5280,.F.);
#9121=ORIENTED_EDGE('',*,*,#5996,.T.);
#9122=ORIENTED_EDGE('',*,*,#6000,.T.);
#9123=ORIENTED_EDGE('',*,*,#6004,.F.);
#9124=ORIENTED_EDGE('',*,*,#6457,.F.);
#9125=ORIENTED_EDGE('',*,*,#6463,.F.);
#9126=ORIENTED_EDGE('',*,*,#5478,.T.);
#9127=ORIENTED_EDGE('',*,*,#6462,.T.);
#9128=ORIENTED_EDGE('',*,*,#6464,.T.);
#9129=ORIENTED_EDGE('',*,*,#6465,.T.);
#9130=ORIENTED_EDGE('',*,*,#6466,.F.);
#9131=ORIENTED_EDGE('',*,*,#5480,.T.);
#9132=ORIENTED_EDGE('',*,*,#6467,.F.);
#9133=ORIENTED_EDGE('',*,*,#6468,.F.);
#9134=ORIENTED_EDGE('',*,*,#5481,.F.);
#9135=ORIENTED_EDGE('',*,*,#6466,.T.);
#9136=ORIENTED_EDGE('',*,*,#5275,.T.);
#9137=ORIENTED_EDGE('',*,*,#6469,.F.);
#9138=ORIENTED_EDGE('',*,*,#5483,.F.);
#9139=ORIENTED_EDGE('',*,*,#6470,.T.);
#9140=ORIENTED_EDGE('',*,*,#5484,.F.);
#9141=ORIENTED_EDGE('',*,*,#6469,.T.);
#9142=ORIENTED_EDGE('',*,*,#5274,.T.);
#9143=ORIENTED_EDGE('',*,*,#6471,.F.);
#9144=ORIENTED_EDGE('',*,*,#5485,.F.);
#9145=ORIENTED_EDGE('',*,*,#6471,.T.);
#9146=ORIENTED_EDGE('',*,*,#5273,.F.);
#9147=ORIENTED_EDGE('',*,*,#5565,.F.);
#9148=ORIENTED_EDGE('',*,*,#5562,.T.);
#9149=ORIENTED_EDGE('',*,*,#5269,.F.);
#9150=ORIENTED_EDGE('',*,*,#6472,.F.);
#9151=ORIENTED_EDGE('',*,*,#5489,.T.);
#9152=ORIENTED_EDGE('',*,*,#6472,.T.);
#9153=ORIENTED_EDGE('',*,*,#5268,.F.);
#9154=ORIENTED_EDGE('',*,*,#6473,.F.);
#9155=ORIENTED_EDGE('',*,*,#5490,.T.);
#9156=ORIENTED_EDGE('',*,*,#6473,.T.);
#9157=ORIENTED_EDGE('',*,*,#5267,.F.);
#9158=ORIENTED_EDGE('',*,*,#5561,.F.);
#9159=ORIENTED_EDGE('',*,*,#5124,.F.);
#9160=ORIENTED_EDGE('',*,*,#5552,.F.);
#9161=ORIENTED_EDGE('',*,*,#5265,.F.);
#9162=ORIENTED_EDGE('',*,*,#6474,.F.);
#9163=ORIENTED_EDGE('',*,*,#5493,.F.);
#9164=ORIENTED_EDGE('',*,*,#5553,.F.);
#9165=ORIENTED_EDGE('',*,*,#5147,.F.);
#9166=ORIENTED_EDGE('',*,*,#5560,.F.);
#9167=ORIENTED_EDGE('',*,*,#5491,.F.);
#9168=ORIENTED_EDGE('',*,*,#6474,.T.);
#9169=ORIENTED_EDGE('',*,*,#5264,.F.);
#9170=ORIENTED_EDGE('',*,*,#5564,.F.);
#9171=ORIENTED_EDGE('',*,*,#5494,.T.);
#9172=ORIENTED_EDGE('',*,*,#5556,.T.);
#9173=ORIENTED_EDGE('',*,*,#5260,.F.);
#9174=ORIENTED_EDGE('',*,*,#6475,.F.);
#9175=ORIENTED_EDGE('',*,*,#5498,.T.);
#9176=ORIENTED_EDGE('',*,*,#5499,.T.);
#9177=ORIENTED_EDGE('',*,*,#6475,.T.);
#9178=ORIENTED_EDGE('',*,*,#5259,.F.);
#9179=ORIENTED_EDGE('',*,*,#6476,.F.);
#9180=ORIENTED_EDGE('',*,*,#5500,.T.);
#9181=ORIENTED_EDGE('',*,*,#6476,.T.);
#9182=ORIENTED_EDGE('',*,*,#5258,.F.);
#9183=ORIENTED_EDGE('',*,*,#6477,.F.);
#9184=ORIENTED_EDGE('',*,*,#6477,.T.);
#9185=ORIENTED_EDGE('',*,*,#5257,.F.);
#9186=ORIENTED_EDGE('',*,*,#6478,.F.);
#9187=ORIENTED_EDGE('',*,*,#5501,.T.);
#9188=ORIENTED_EDGE('',*,*,#6479,.T.);
#9189=ORIENTED_EDGE('',*,*,#6480,.F.);
#9190=ORIENTED_EDGE('',*,*,#5503,.T.);
#9191=ORIENTED_EDGE('',*,*,#6481,.T.);
#9192=ORIENTED_EDGE('',*,*,#6482,.F.);
#9193=ORIENTED_EDGE('',*,*,#5932,.F.);
#9194=ORIENTED_EDGE('',*,*,#5504,.F.);
#9195=ORIENTED_EDGE('',*,*,#6480,.T.);
#9196=ORIENTED_EDGE('',*,*,#6449,.F.);
#9197=ORIENTED_EDGE('',*,*,#6483,.F.);
#9198=ORIENTED_EDGE('',*,*,#5252,.T.);
#9199=ORIENTED_EDGE('',*,*,#6460,.F.);
#9200=ORIENTED_EDGE('',*,*,#5506,.F.);
#9201=ORIENTED_EDGE('',*,*,#5931,.T.);
#9202=ORIENTED_EDGE('',*,*,#5936,.T.);
#9203=ORIENTED_EDGE('',*,*,#5925,.F.);
#9204=ORIENTED_EDGE('',*,*,#5312,.F.);
#9205=ORIENTED_EDGE('',*,*,#6484,.T.);
#9206=ORIENTED_EDGE('',*,*,#6446,.T.);
#9207=ORIENTED_EDGE('',*,*,#5979,.F.);
#9208=ORIENTED_EDGE('',*,*,#5311,.T.);
#9209=ORIENTED_EDGE('',*,*,#6485,.T.);
#9210=ORIENTED_EDGE('',*,*,#6447,.T.);
#9211=ORIENTED_EDGE('',*,*,#6484,.F.);
#9212=ORIENTED_EDGE('',*,*,#5289,.F.);
#9213=ORIENTED_EDGE('',*,*,#6486,.T.);
#9214=ORIENTED_EDGE('',*,*,#6436,.F.);
#9215=ORIENTED_EDGE('',*,*,#6487,.F.);
#9216=ORIENTED_EDGE('',*,*,#5288,.F.);
#9217=ORIENTED_EDGE('',*,*,#6409,.T.);
#9218=ORIENTED_EDGE('',*,*,#6437,.T.);
#9219=ORIENTED_EDGE('',*,*,#6486,.F.);
#9220=ORIENTED_EDGE('',*,*,#6488,.T.);
#9221=ORIENTED_EDGE('',*,*,#5285,.T.);
#9222=ORIENTED_EDGE('',*,*,#6489,.F.);
#9223=ORIENTED_EDGE('',*,*,#5181,.F.);
#9224=ORIENTED_EDGE('',*,*,#5548,.T.);
#9225=ORIENTED_EDGE('',*,*,#5315,.T.);
#9226=ORIENTED_EDGE('',*,*,#6490,.F.);
#9227=ORIENTED_EDGE('',*,*,#5151,.T.);
#9228=ORIENTED_EDGE('',*,*,#5994,.F.);
#9229=ORIENTED_EDGE('',*,*,#5998,.F.);
#9230=ORIENTED_EDGE('',*,*,#5152,.T.);
#9231=ORIENTED_EDGE('',*,*,#6490,.T.);
#9232=ORIENTED_EDGE('',*,*,#5314,.F.);
#9233=ORIENTED_EDGE('',*,*,#5978,.T.);
#9234=ORIENTED_EDGE('',*,*,#5986,.T.);
#9235=ORIENTED_EDGE('',*,*,#5990,.F.);
#9236=ORIENTED_EDGE('',*,*,#5278,.F.);
#9237=ORIENTED_EDGE('',*,*,#6491,.F.);
#9238=ORIENTED_EDGE('',*,*,#5154,.T.);
#9239=ORIENTED_EDGE('',*,*,#5997,.T.);
#9240=ORIENTED_EDGE('',*,*,#5277,.T.);
#9241=ORIENTED_EDGE('',*,*,#6492,.F.);
#9242=ORIENTED_EDGE('',*,*,#5155,.F.);
#9243=ORIENTED_EDGE('',*,*,#6491,.T.);
#9244=ORIENTED_EDGE('',*,*,#5309,.T.);
#9245=ORIENTED_EDGE('',*,*,#6493,.F.);
#9246=ORIENTED_EDGE('',*,*,#5157,.F.);
#9247=ORIENTED_EDGE('',*,*,#6494,.T.);
#9248=ORIENTED_EDGE('',*,*,#5158,.F.);
#9249=ORIENTED_EDGE('',*,*,#6493,.T.);
#9250=ORIENTED_EDGE('',*,*,#5308,.T.);
#9251=ORIENTED_EDGE('',*,*,#6495,.F.);
#9252=ORIENTED_EDGE('',*,*,#5159,.F.);
#9253=ORIENTED_EDGE('',*,*,#6495,.T.);
#9254=ORIENTED_EDGE('',*,*,#5307,.F.);
#9255=ORIENTED_EDGE('',*,*,#6496,.F.);
#9256=ORIENTED_EDGE('',*,*,#5540,.T.);
#9257=ORIENTED_EDGE('',*,*,#5160,.T.);
#9258=ORIENTED_EDGE('',*,*,#6496,.T.);
#9259=ORIENTED_EDGE('',*,*,#5306,.F.);
#9260=ORIENTED_EDGE('',*,*,#5549,.T.);
#9261=ORIENTED_EDGE('',*,*,#5302,.F.);
#9262=ORIENTED_EDGE('',*,*,#6497,.F.);
#9263=ORIENTED_EDGE('',*,*,#5164,.T.);
#9264=ORIENTED_EDGE('',*,*,#6497,.T.);
#9265=ORIENTED_EDGE('',*,*,#5301,.F.);
#9266=ORIENTED_EDGE('',*,*,#5537,.F.);
#9267=ORIENTED_EDGE('',*,*,#5128,.F.);
#9268=ORIENTED_EDGE('',*,*,#5523,.F.);
#9269=ORIENTED_EDGE('',*,*,#5299,.F.);
#9270=ORIENTED_EDGE('',*,*,#6498,.F.);
#9271=ORIENTED_EDGE('',*,*,#5167,.F.);
#9272=ORIENTED_EDGE('',*,*,#5524,.F.);
#9273=ORIENTED_EDGE('',*,*,#5105,.F.);
#9274=ORIENTED_EDGE('',*,*,#5536,.F.);
#9275=ORIENTED_EDGE('',*,*,#5165,.F.);
#9276=ORIENTED_EDGE('',*,*,#6498,.T.);
#9277=ORIENTED_EDGE('',*,*,#5298,.F.);
#9278=ORIENTED_EDGE('',*,*,#6499,.F.);
#9279=ORIENTED_EDGE('',*,*,#5168,.T.);
#9280=ORIENTED_EDGE('',*,*,#5520,.T.);
#9281=ORIENTED_EDGE('',*,*,#5169,.T.);
#9282=ORIENTED_EDGE('',*,*,#6499,.T.);
#9283=ORIENTED_EDGE('',*,*,#5297,.F.);
#9284=ORIENTED_EDGE('',*,*,#5525,.T.);
#9285=ORIENTED_EDGE('',*,*,#5294,.F.);
#9286=ORIENTED_EDGE('',*,*,#6500,.F.);
#9287=ORIENTED_EDGE('',*,*,#5172,.T.);
#9288=ORIENTED_EDGE('',*,*,#5173,.T.);
#9289=ORIENTED_EDGE('',*,*,#6500,.T.);
#9290=ORIENTED_EDGE('',*,*,#5293,.F.);
#9291=ORIENTED_EDGE('',*,*,#6501,.F.);
#9292=ORIENTED_EDGE('',*,*,#6501,.T.);
#9293=ORIENTED_EDGE('',*,*,#5292,.F.);
#9294=ORIENTED_EDGE('',*,*,#6502,.F.);
#9295=ORIENTED_EDGE('',*,*,#5174,.T.);
#9296=ORIENTED_EDGE('',*,*,#6502,.T.);
#9297=ORIENTED_EDGE('',*,*,#5291,.F.);
#9298=ORIENTED_EDGE('',*,*,#6503,.F.);
#9299=ORIENTED_EDGE('',*,*,#5175,.T.);
#9300=ORIENTED_EDGE('',*,*,#6504,.T.);
#9301=ORIENTED_EDGE('',*,*,#6505,.T.);
#9302=ORIENTED_EDGE('',*,*,#6427,.F.);
#9303=ORIENTED_EDGE('',*,*,#6506,.F.);
#9304=ORIENTED_EDGE('',*,*,#6507,.T.);
#9305=ORIENTED_EDGE('',*,*,#6508,.T.);
#9306=ORIENTED_EDGE('',*,*,#6428,.T.);
#9307=ORIENTED_EDGE('',*,*,#6505,.F.);
#9308=ORIENTED_EDGE('',*,*,#6509,.F.);
#9309=ORIENTED_EDGE('',*,*,#6510,.T.);
#9310=ORIENTED_EDGE('',*,*,#6429,.T.);
#9311=ORIENTED_EDGE('',*,*,#6508,.F.);
#9312=ORIENTED_EDGE('',*,*,#6511,.T.);
#9313=ORIENTED_EDGE('',*,*,#6512,.T.);
#9314=ORIENTED_EDGE('',*,*,#6430,.T.);
#9315=ORIENTED_EDGE('',*,*,#6510,.F.);
#9316=ORIENTED_EDGE('',*,*,#6513,.T.);
#9317=ORIENTED_EDGE('',*,*,#6514,.T.);
#9318=ORIENTED_EDGE('',*,*,#6431,.T.);
#9319=ORIENTED_EDGE('',*,*,#6512,.F.);
#9320=ORIENTED_EDGE('',*,*,#6515,.T.);
#9321=ORIENTED_EDGE('',*,*,#6422,.T.);
#9322=ORIENTED_EDGE('',*,*,#6516,.F.);
#9323=ORIENTED_EDGE('',*,*,#6517,.T.);
#9324=ORIENTED_EDGE('',*,*,#6518,.T.);
#9325=ORIENTED_EDGE('',*,*,#6432,.T.);
#9326=ORIENTED_EDGE('',*,*,#6514,.F.);
#9327=ORIENTED_EDGE('',*,*,#5310,.T.);
#9328=ORIENTED_EDGE('',*,*,#6516,.T.);
#9329=ORIENTED_EDGE('',*,*,#6485,.F.);
#9330=ORIENTED_EDGE('',*,*,#6519,.F.);
#9331=ORIENTED_EDGE('',*,*,#6520,.T.);
#9332=ORIENTED_EDGE('',*,*,#6433,.T.);
#9333=ORIENTED_EDGE('',*,*,#6518,.F.);
#9334=ORIENTED_EDGE('',*,*,#6521,.T.);
#9335=ORIENTED_EDGE('',*,*,#6435,.T.);
#9336=ORIENTED_EDGE('',*,*,#6522,.F.);
#9337=ORIENTED_EDGE('',*,*,#6523,.F.);
#9338=ORIENTED_EDGE('',*,*,#6524,.T.);
#9339=ORIENTED_EDGE('',*,*,#6434,.T.);
#9340=ORIENTED_EDGE('',*,*,#6520,.F.);
#9341=ORIENTED_EDGE('',*,*,#5290,.F.);
#9342=ORIENTED_EDGE('',*,*,#6487,.T.);
#9343=ORIENTED_EDGE('',*,*,#6521,.F.);
#9344=ORIENTED_EDGE('',*,*,#5276,.T.);
#9345=ORIENTED_EDGE('',*,*,#6525,.F.);
#9346=ORIENTED_EDGE('',*,*,#5156,.F.);
#9347=ORIENTED_EDGE('',*,*,#6492,.T.);
#9348=ORIENTED_EDGE('',*,*,#6526,.F.);
#9349=ORIENTED_EDGE('',*,*,#6527,.T.);
#9350=ORIENTED_EDGE('',*,*,#6423,.T.);
#9351=ORIENTED_EDGE('',*,*,#6528,.F.);
#9352=ORIENTED_EDGE('',*,*,#6529,.F.);
#9353=ORIENTED_EDGE('',*,*,#5176,.T.);
#9354=ORIENTED_EDGE('',*,*,#6530,.T.);
#9355=ORIENTED_EDGE('',*,*,#5256,.F.);
#9356=ORIENTED_EDGE('',*,*,#6531,.T.);
#9357=ORIENTED_EDGE('',*,*,#6528,.T.);
#9358=ORIENTED_EDGE('',*,*,#6515,.F.);
#9359=ORIENTED_EDGE('',*,*,#6494,.F.);
#9360=ORIENTED_EDGE('',*,*,#6525,.T.);
#9361=ORIENTED_EDGE('',*,*,#6470,.F.);
#9362=ORIENTED_EDGE('',*,*,#6532,.F.);
#9363=ORIENTED_EDGE('',*,*,#6533,.T.);
#9364=ORIENTED_EDGE('',*,*,#6534,.T.);
#9365=ORIENTED_EDGE('',*,*,#6478,.T.);
#9366=ORIENTED_EDGE('',*,*,#6530,.F.);
#9367=ORIENTED_EDGE('',*,*,#6503,.T.);
#9368=ORIENTED_EDGE('',*,*,#6522,.T.);
#9369=ORIENTED_EDGE('',*,*,#6524,.F.);
#9370=ORIENTED_EDGE('',*,*,#6533,.F.);
#9371=ORIENTED_EDGE('',*,*,#6535,.F.);
#9372=ORIENTED_EDGE('',*,*,#5482,.F.);
#9373=ORIENTED_EDGE('',*,*,#6468,.T.);
#9374=ORIENTED_EDGE('',*,*,#6536,.F.);
#9375=ORIENTED_EDGE('',*,*,#6531,.F.);
#9376=ORIENTED_EDGE('',*,*,#6535,.T.);
#9377=ORIENTED_EDGE('',*,*,#6481,.F.);
#9378=ORIENTED_EDGE('',*,*,#5502,.T.);
#9379=ORIENTED_EDGE('',*,*,#6532,.T.);
#9380=ORIENTED_EDGE('',*,*,#6425,.T.);
#9381=ORIENTED_EDGE('',*,*,#6537,.F.);
#9382=ORIENTED_EDGE('',*,*,#6538,.F.);
#9383=ORIENTED_EDGE('',*,*,#6539,.T.);
#9384=ORIENTED_EDGE('',*,*,#6540,.F.);
#9385=ORIENTED_EDGE('',*,*,#6537,.T.);
#9386=ORIENTED_EDGE('',*,*,#6424,.T.);
#9387=ORIENTED_EDGE('',*,*,#6527,.F.);
#9388=ORIENTED_EDGE('',*,*,#6506,.T.);
#9389=ORIENTED_EDGE('',*,*,#6426,.T.);
#9390=ORIENTED_EDGE('',*,*,#6539,.F.);
#9391=ORIENTED_EDGE('',*,*,#6541,.T.);
#9392=ORIENTED_EDGE('',*,*,#5255,.F.);
#9393=ORIENTED_EDGE('',*,*,#6542,.F.);
#9394=ORIENTED_EDGE('',*,*,#5177,.T.);
#9395=ORIENTED_EDGE('',*,*,#6529,.T.);
#9396=ORIENTED_EDGE('',*,*,#5254,.F.);
#9397=ORIENTED_EDGE('',*,*,#6543,.F.);
#9398=ORIENTED_EDGE('',*,*,#5178,.F.);
#9399=ORIENTED_EDGE('',*,*,#6542,.T.);
#9400=ORIENTED_EDGE('',*,*,#5826,.T.);
#9401=ORIENTED_EDGE('',*,*,#6453,.F.);
#9402=ORIENTED_EDGE('',*,*,#6544,.F.);
#9403=ORIENTED_EDGE('',*,*,#5179,.F.);
#9404=ORIENTED_EDGE('',*,*,#6543,.T.);
#9405=ORIENTED_EDGE('',*,*,#5253,.F.);
#9406=ORIENTED_EDGE('',*,*,#6483,.T.);
#9407=ORIENTED_EDGE('',*,*,#6448,.T.);
#9408=ORIENTED_EDGE('',*,*,#5180,.F.);
#9409=ORIENTED_EDGE('',*,*,#6544,.T.);
#9410=ORIENTED_EDGE('',*,*,#6452,.T.);
#9411=ORIENTED_EDGE('',*,*,#6394,.T.);
#9412=ORIENTED_EDGE('',*,*,#6454,.F.);
#9413=ORIENTED_EDGE('',*,*,#6410,.F.);
#9414=ORIENTED_EDGE('',*,*,#5286,.T.);
#9415=ORIENTED_EDGE('',*,*,#6488,.F.);
#9416=ORIENTED_EDGE('',*,*,#5968,.T.);
#9417=ORIENTED_EDGE('',*,*,#5923,.T.);
#9418=ORIENTED_EDGE('',*,*,#6545,.T.);
#9419=ORIENTED_EDGE('',*,*,#6546,.T.);
#9420=ORIENTED_EDGE('',*,*,#6464,.F.);
#9421=ORIENTED_EDGE('',*,*,#5479,.F.);
#9422=ORIENTED_EDGE('',*,*,#6463,.T.);
#9423=ORIENTED_EDGE('',*,*,#6456,.F.);
#9424=ORIENTED_EDGE('',*,*,#6545,.F.);
#9425=ORIENTED_EDGE('',*,*,#5922,.F.);
#9426=ORIENTED_EDGE('',*,*,#6547,.T.);
#9427=ORIENTED_EDGE('',*,*,#6548,.T.);
#9428=ORIENTED_EDGE('',*,*,#5921,.F.);
#9429=ORIENTED_EDGE('',*,*,#6549,.T.);
#9430=ORIENTED_EDGE('',*,*,#6550,.T.);
#9431=ORIENTED_EDGE('',*,*,#6547,.F.);
#9432=ORIENTED_EDGE('',*,*,#6536,.T.);
#9433=ORIENTED_EDGE('',*,*,#6467,.T.);
#9434=ORIENTED_EDGE('',*,*,#6465,.F.);
#9435=ORIENTED_EDGE('',*,*,#6546,.F.);
#9436=ORIENTED_EDGE('',*,*,#6548,.F.);
#9437=ORIENTED_EDGE('',*,*,#6550,.F.);
#9438=ORIENTED_EDGE('',*,*,#6551,.F.);
#9439=ORIENTED_EDGE('',*,*,#6552,.F.);
#9440=ORIENTED_EDGE('',*,*,#6553,.F.);
#9441=ORIENTED_EDGE('',*,*,#6554,.F.);
#9442=ORIENTED_EDGE('',*,*,#6555,.F.);
#9443=ORIENTED_EDGE('',*,*,#6556,.F.);
#9444=ORIENTED_EDGE('',*,*,#6557,.F.);
#9445=ORIENTED_EDGE('',*,*,#6558,.F.);
#9446=ORIENTED_EDGE('',*,*,#6559,.F.);
#9447=ORIENTED_EDGE('',*,*,#6560,.F.);
#9448=ORIENTED_EDGE('',*,*,#6561,.F.);
#9449=ORIENTED_EDGE('',*,*,#6562,.F.);
#9450=ORIENTED_EDGE('',*,*,#6563,.T.);
#9451=ORIENTED_EDGE('',*,*,#6564,.F.);
#9452=ORIENTED_EDGE('',*,*,#5933,.T.);
#9453=ORIENTED_EDGE('',*,*,#6482,.T.);
#9454=ORIENTED_EDGE('',*,*,#6479,.F.);
#9455=ORIENTED_EDGE('',*,*,#6534,.F.);
#9456=ORIENTED_EDGE('',*,*,#6523,.T.);
#9457=ORIENTED_EDGE('',*,*,#6519,.T.);
#9458=ORIENTED_EDGE('',*,*,#6517,.F.);
#9459=ORIENTED_EDGE('',*,*,#6513,.F.);
#9460=ORIENTED_EDGE('',*,*,#6511,.F.);
#9461=ORIENTED_EDGE('',*,*,#6509,.T.);
#9462=ORIENTED_EDGE('',*,*,#6507,.F.);
#9463=ORIENTED_EDGE('',*,*,#6504,.F.);
#9464=ORIENTED_EDGE('',*,*,#6541,.F.);
#9465=ORIENTED_EDGE('',*,*,#6538,.T.);
#9466=ORIENTED_EDGE('',*,*,#6540,.T.);
#9467=ORIENTED_EDGE('',*,*,#6526,.T.);
#9468=ORIENTED_EDGE('',*,*,#6565,.F.);
#9469=ORIENTED_EDGE('',*,*,#5910,.F.);
#9470=ORIENTED_EDGE('',*,*,#6566,.T.);
#9471=ORIENTED_EDGE('',*,*,#6563,.F.);
#9472=ORIENTED_EDGE('',*,*,#5909,.T.);
#9473=ORIENTED_EDGE('',*,*,#5934,.T.);
#9474=ORIENTED_EDGE('',*,*,#6564,.T.);
#9475=ORIENTED_EDGE('',*,*,#6566,.F.);
#9476=ORIENTED_EDGE('',*,*,#6398,.F.);
#9477=ORIENTED_EDGE('',*,*,#6567,.F.);
#9478=ORIENTED_EDGE('',*,*,#5899,.T.);
#9479=ORIENTED_EDGE('',*,*,#6568,.F.);
#9480=ORIENTED_EDGE('',*,*,#5405,.T.);
#9481=ORIENTED_EDGE('',*,*,#6569,.T.);
#9482=ORIENTED_EDGE('',*,*,#6397,.T.);
#9483=ORIENTED_EDGE('',*,*,#6569,.F.);
#9484=ORIENTED_EDGE('',*,*,#6570,.T.);
#9485=ORIENTED_EDGE('',*,*,#5821,.T.);
#9486=ORIENTED_EDGE('',*,*,#5901,.F.);
#9487=ORIENTED_EDGE('',*,*,#6568,.T.);
#9488=ORIENTED_EDGE('',*,*,#6396,.F.);
#9489=ORIENTED_EDGE('',*,*,#6570,.F.);
#9490=ORIENTED_EDGE('',*,*,#5404,.T.);
#9491=ORIENTED_EDGE('',*,*,#6567,.T.);
#9492=ORIENTED_EDGE('',*,*,#5929,.F.);
#9493=ORIENTED_EDGE('',*,*,#6571,.F.);
#9494=ORIENTED_EDGE('',*,*,#5903,.T.);
#9495=ORIENTED_EDGE('',*,*,#6572,.F.);
#9496=ORIENTED_EDGE('',*,*,#5410,.T.);
#9497=ORIENTED_EDGE('',*,*,#6573,.T.);
#9498=ORIENTED_EDGE('',*,*,#5928,.T.);
#9499=ORIENTED_EDGE('',*,*,#6573,.F.);
#9500=ORIENTED_EDGE('',*,*,#6574,.T.);
#9501=ORIENTED_EDGE('',*,*,#5810,.T.);
#9502=ORIENTED_EDGE('',*,*,#5411,.T.);
#9503=ORIENTED_EDGE('',*,*,#6575,.T.);
#9504=ORIENTED_EDGE('',*,*,#5811,.T.);
#9505=ORIENTED_EDGE('',*,*,#6575,.F.);
#9506=ORIENTED_EDGE('',*,*,#6572,.T.);
#9507=ORIENTED_EDGE('',*,*,#5927,.F.);
#9508=ORIENTED_EDGE('',*,*,#6574,.F.);
#9509=ORIENTED_EDGE('',*,*,#5409,.T.);
#9510=ORIENTED_EDGE('',*,*,#6571,.T.);
#9511=ORIENTED_EDGE('',*,*,#5559,.T.);
#9512=ORIENTED_EDGE('',*,*,#5282,.T.);
#9513=ORIENTED_EDGE('',*,*,#6461,.F.);
#9514=ORIENTED_EDGE('',*,*,#5476,.F.);
#9515=ORIENTED_EDGE('',*,*,#5522,.T.);
#9516=ORIENTED_EDGE('',*,*,#5182,.T.);
#9517=ORIENTED_EDGE('',*,*,#6489,.T.);
#9518=ORIENTED_EDGE('',*,*,#5284,.F.);
#9519=ORIENTED_EDGE('',*,*,#6576,.T.);
#9520=ORIENTED_EDGE('',*,*,#6551,.T.);
#9521=ORIENTED_EDGE('',*,*,#6549,.F.);
#9522=ORIENTED_EDGE('',*,*,#6577,.T.);
#9523=ORIENTED_EDGE('',*,*,#6552,.T.);
#9524=ORIENTED_EDGE('',*,*,#6578,.F.);
#9525=ORIENTED_EDGE('',*,*,#5920,.F.);
#9526=ORIENTED_EDGE('',*,*,#6578,.T.);
#9527=ORIENTED_EDGE('',*,*,#6576,.F.);
#9528=ORIENTED_EDGE('',*,*,#6579,.T.);
#9529=ORIENTED_EDGE('',*,*,#6553,.T.);
#9530=ORIENTED_EDGE('',*,*,#6580,.F.);
#9531=ORIENTED_EDGE('',*,*,#5919,.F.);
#9532=ORIENTED_EDGE('',*,*,#6580,.T.);
#9533=ORIENTED_EDGE('',*,*,#6577,.F.);
#9534=ORIENTED_EDGE('',*,*,#6581,.T.);
#9535=ORIENTED_EDGE('',*,*,#6554,.T.);
#9536=ORIENTED_EDGE('',*,*,#6582,.F.);
#9537=ORIENTED_EDGE('',*,*,#5918,.F.);
#9538=ORIENTED_EDGE('',*,*,#6582,.T.);
#9539=ORIENTED_EDGE('',*,*,#6579,.F.);
#9540=ORIENTED_EDGE('',*,*,#6583,.T.);
#9541=ORIENTED_EDGE('',*,*,#6555,.T.);
#9542=ORIENTED_EDGE('',*,*,#6584,.F.);
#9543=ORIENTED_EDGE('',*,*,#5917,.T.);
#9544=ORIENTED_EDGE('',*,*,#6584,.T.);
#9545=ORIENTED_EDGE('',*,*,#6581,.F.);
#9546=ORIENTED_EDGE('',*,*,#6585,.T.);
#9547=ORIENTED_EDGE('',*,*,#6556,.T.);
#9548=ORIENTED_EDGE('',*,*,#6586,.F.);
#9549=ORIENTED_EDGE('',*,*,#5916,.F.);
#9550=ORIENTED_EDGE('',*,*,#6586,.T.);
#9551=ORIENTED_EDGE('',*,*,#6583,.F.);
#9552=ORIENTED_EDGE('',*,*,#6587,.T.);
#9553=ORIENTED_EDGE('',*,*,#6557,.T.);
#9554=ORIENTED_EDGE('',*,*,#6585,.F.);
#9555=ORIENTED_EDGE('',*,*,#6588,.T.);
#9556=ORIENTED_EDGE('',*,*,#6558,.T.);
#9557=ORIENTED_EDGE('',*,*,#6589,.F.);
#9558=ORIENTED_EDGE('',*,*,#5915,.F.);
#9559=ORIENTED_EDGE('',*,*,#6589,.T.);
#9560=ORIENTED_EDGE('',*,*,#6587,.F.);
#9561=ORIENTED_EDGE('',*,*,#6590,.T.);
#9562=ORIENTED_EDGE('',*,*,#6559,.T.);
#9563=ORIENTED_EDGE('',*,*,#6591,.F.);
#9564=ORIENTED_EDGE('',*,*,#5914,.F.);
#9565=ORIENTED_EDGE('',*,*,#6591,.T.);
#9566=ORIENTED_EDGE('',*,*,#6588,.F.);
#9567=ORIENTED_EDGE('',*,*,#6592,.T.);
#9568=ORIENTED_EDGE('',*,*,#6560,.T.);
#9569=ORIENTED_EDGE('',*,*,#6593,.F.);
#9570=ORIENTED_EDGE('',*,*,#5913,.T.);
#9571=ORIENTED_EDGE('',*,*,#6593,.T.);
#9572=ORIENTED_EDGE('',*,*,#6590,.F.);
#9573=ORIENTED_EDGE('',*,*,#6594,.T.);
#9574=ORIENTED_EDGE('',*,*,#6561,.T.);
#9575=ORIENTED_EDGE('',*,*,#6595,.F.);
#9576=ORIENTED_EDGE('',*,*,#5912,.F.);
#9577=ORIENTED_EDGE('',*,*,#6595,.T.);
#9578=ORIENTED_EDGE('',*,*,#6592,.F.);
#9579=ORIENTED_EDGE('',*,*,#5911,.F.);
#9580=ORIENTED_EDGE('',*,*,#6596,.T.);
#9581=ORIENTED_EDGE('',*,*,#6594,.F.);
#9582=ORIENTED_EDGE('',*,*,#6565,.T.);
#9583=ORIENTED_EDGE('',*,*,#6562,.T.);
#9584=ORIENTED_EDGE('',*,*,#6596,.F.);
#9585=PLANE('',#10787);
#9586=PLANE('',#10788);
#9587=PLANE('',#10789);
#9588=PLANE('',#10790);
#9589=PLANE('',#10791);
#9590=PLANE('',#10792);
#9591=PLANE('',#10793);
#9592=PLANE('',#10794);
#9593=PLANE('',#10795);
#9594=PLANE('',#10796);
#9595=PLANE('',#10797);
#9596=PLANE('',#10798);
#9597=PLANE('',#10799);
#9598=PLANE('',#10800);
#9599=PLANE('',#10801);
#9600=PLANE('',#10802);
#9601=PLANE('',#10803);
#9602=PLANE('',#10804);
#9603=PLANE('',#10805);
#9604=PLANE('',#10806);
#9605=PLANE('',#10807);
#9606=PLANE('',#10808);
#9607=PLANE('',#10809);
#9608=PLANE('',#10810);
#9609=PLANE('',#10811);
#9610=PLANE('',#10812);
#9611=PLANE('',#10813);
#9612=PLANE('',#10814);
#9613=PLANE('',#10815);
#9614=PLANE('',#10816);
#9615=PLANE('',#10817);
#9616=PLANE('',#10818);
#9617=PLANE('',#10819);
#9618=PLANE('',#10820);
#9619=PLANE('',#10821);
#9620=PLANE('',#10822);
#9621=PLANE('',#10823);
#9622=PLANE('',#10824);
#9623=PLANE('',#10825);
#9624=PLANE('',#10826);
#9625=PLANE('',#10827);
#9626=PLANE('',#10828);
#9627=PLANE('',#10829);
#9628=PLANE('',#10830);
#9629=PLANE('',#10831);
#9630=PLANE('',#10832);
#9631=PLANE('',#10833);
#9632=PLANE('',#10834);
#9633=PLANE('',#10835);
#9634=PLANE('',#10836);
#9635=PLANE('',#10837);
#9636=PLANE('',#10838);
#9637=PLANE('',#10839);
#9638=PLANE('',#10840);
#9639=PLANE('',#10841);
#9640=PLANE('',#10842);
#9641=PLANE('',#10843);
#9642=PLANE('',#10844);
#9643=PLANE('',#10845);
#9644=PLANE('',#10846);
#9645=PLANE('',#10847);
#9646=PLANE('',#10848);
#9647=PLANE('',#10849);
#9648=PLANE('',#10850);
#9649=PLANE('',#10851);
#9650=PLANE('',#10852);
#9651=PLANE('',#10853);
#9652=PLANE('',#10854);
#9653=PLANE('',#10855);
#9654=PLANE('',#10856);
#9655=PLANE('',#10857);
#9656=PLANE('',#10858);
#9657=PLANE('',#10859);
#9658=PLANE('',#10860);
#9659=PLANE('',#10861);
#9660=PLANE('',#10862);
#9661=PLANE('',#10863);
#9662=PLANE('',#10864);
#9663=PLANE('',#10865);
#9664=PLANE('',#10866);
#9665=PLANE('',#10867);
#9666=PLANE('',#10868);
#9667=PLANE('',#10869);
#9668=PLANE('',#10870);
#9669=PLANE('',#10871);
#9670=PLANE('',#10872);
#9671=PLANE('',#10873);
#9672=PLANE('',#10874);
#9673=PLANE('',#10875);
#9674=PLANE('',#10876);
#9675=PLANE('',#10877);
#9676=PLANE('',#10878);
#9677=PLANE('',#10879);
#9678=PLANE('',#10880);
#9679=PLANE('',#10881);
#9680=PLANE('',#10882);
#9681=PLANE('',#10883);
#9682=PLANE('',#10884);
#9683=PLANE('',#10885);
#9684=PLANE('',#10886);
#9685=PLANE('',#10887);
#9686=PLANE('',#10888);
#9687=PLANE('',#10889);
#9688=PLANE('',#10890);
#9689=PLANE('',#10891);
#9690=PLANE('',#10892);
#9691=PLANE('',#10893);
#9692=PLANE('',#10894);
#9693=PLANE('',#10895);
#9694=PLANE('',#10896);
#9695=PLANE('',#10897);
#9696=PLANE('',#10898);
#9697=PLANE('',#10899);
#9698=PLANE('',#10900);
#9699=PLANE('',#10901);
#9700=PLANE('',#10902);
#9701=PLANE('',#10903);
#9702=PLANE('',#10904);
#9703=PLANE('',#10905);
#9704=PLANE('',#10906);
#9705=PLANE('',#10907);
#9706=PLANE('',#10908);
#9707=PLANE('',#10909);
#9708=PLANE('',#10910);
#9709=PLANE('',#10911);
#9710=PLANE('',#10912);
#9711=PLANE('',#10913);
#9712=PLANE('',#10914);
#9713=PLANE('',#10915);
#9714=PLANE('',#10916);
#9715=PLANE('',#10917);
#9716=PLANE('',#10918);
#9717=PLANE('',#10919);
#9718=PLANE('',#10920);
#9719=PLANE('',#10921);
#9720=PLANE('',#10922);
#9721=PLANE('',#10923);
#9722=PLANE('',#10924);
#9723=PLANE('',#10925);
#9724=PLANE('',#10926);
#9725=PLANE('',#10927);
#9726=PLANE('',#10928);
#9727=PLANE('',#10929);
#9728=PLANE('',#10930);
#9729=PLANE('',#10931);
#9730=PLANE('',#10932);
#9731=PLANE('',#10933);
#9732=PLANE('',#10934);
#9733=PLANE('',#10935);
#9734=PLANE('',#10936);
#9735=PLANE('',#10937);
#9736=PLANE('',#10938);
#9737=PLANE('',#10939);
#9738=PLANE('',#10940);
#9739=PLANE('',#10941);
#9740=PLANE('',#10942);
#9741=PLANE('',#10943);
#9742=PLANE('',#10944);
#9743=PLANE('',#10945);
#9744=PLANE('',#10946);
#9745=PLANE('',#10947);
#9746=PLANE('',#10948);
#9747=PLANE('',#10949);
#9748=PLANE('',#10950);
#9749=PLANE('',#10951);
#9750=PLANE('',#10952);
#9751=PLANE('',#10953);
#9752=PLANE('',#10954);
#9753=PLANE('',#10955);
#9754=PLANE('',#10956);
#9755=PLANE('',#10957);
#9756=PLANE('',#10958);
#9757=PLANE('',#10959);
#9758=PLANE('',#10960);
#9759=PLANE('',#10961);
#9760=PLANE('',#10962);
#9761=PLANE('',#10963);
#9762=PLANE('',#10964);
#9763=PLANE('',#10965);
#9764=PLANE('',#10966);
#9765=PLANE('',#10967);
#9766=PLANE('',#10968);
#9767=PLANE('',#10969);
#9768=PLANE('',#10970);
#9769=PLANE('',#10971);
#9770=PLANE('',#10972);
#9771=PLANE('',#10973);
#9772=PLANE('',#10974);
#9773=PLANE('',#10975);
#9774=PLANE('',#10976);
#9775=PLANE('',#10977);
#9776=PLANE('',#10978);
#9777=PLANE('',#10979);
#9778=PLANE('',#10980);
#9779=PLANE('',#10981);
#9780=PLANE('',#10982);
#9781=PLANE('',#10983);
#9782=PLANE('',#10984);
#9783=PLANE('',#10985);
#9784=PLANE('',#10986);
#9785=PLANE('',#10987);
#9786=PLANE('',#10988);
#9787=PLANE('',#10989);
#9788=PLANE('',#10990);
#9789=PLANE('',#10991);
#9790=PLANE('',#10992);
#9791=PLANE('',#10993);
#9792=PLANE('',#10994);
#9793=PLANE('',#10995);
#9794=PLANE('',#10996);
#9795=PLANE('',#10997);
#9796=PLANE('',#10998);
#9797=PLANE('',#10999);
#9798=PLANE('',#11000);
#9799=PLANE('',#11001);
#9800=PLANE('',#11002);
#9801=PLANE('',#11003);
#9802=PLANE('',#11004);
#9803=PLANE('',#11005);
#9804=PLANE('',#11006);
#9805=PLANE('',#11007);
#9806=PLANE('',#11008);
#9807=PLANE('',#11009);
#9808=PLANE('',#11010);
#9809=PLANE('',#11011);
#9810=PLANE('',#11012);
#9811=PLANE('',#11013);
#9812=PLANE('',#11014);
#9813=PLANE('',#11015);
#9814=PLANE('',#11016);
#9815=PLANE('',#11017);
#9816=PLANE('',#11018);
#9817=PLANE('',#11019);
#9818=PLANE('',#11020);
#9819=PLANE('',#11021);
#9820=PLANE('',#11022);
#9821=PLANE('',#11023);
#9822=PLANE('',#11024);
#9823=PLANE('',#11025);
#9824=PLANE('',#11026);
#9825=PLANE('',#11027);
#9826=PLANE('',#11028);
#9827=PLANE('',#11029);
#9828=PLANE('',#11030);
#9829=PLANE('',#11031);
#9830=PLANE('',#11032);
#9831=PLANE('',#11033);
#9832=PLANE('',#11034);
#9833=PLANE('',#11035);
#9834=PLANE('',#11036);
#9835=PLANE('',#11037);
#9836=PLANE('',#11038);
#9837=PLANE('',#11039);
#9838=PLANE('',#11040);
#9839=PLANE('',#11041);
#9840=PLANE('',#11042);
#9841=PLANE('',#11043);
#9842=PLANE('',#11044);
#9843=PLANE('',#11045);
#9844=PLANE('',#11046);
#9845=PLANE('',#11047);
#9846=PLANE('',#11048);
#9847=PLANE('',#11049);
#9848=PLANE('',#11050);
#9849=PLANE('',#11051);
#9850=PLANE('',#11052);
#9851=PLANE('',#11053);
#9852=PLANE('',#11054);
#9853=PLANE('',#11055);
#9854=PLANE('',#11056);
#9855=PLANE('',#11057);
#9856=PLANE('',#11058);
#9857=PLANE('',#11059);
#9858=PLANE('',#11060);
#9859=PLANE('',#11061);
#9860=PLANE('',#11062);
#9861=PLANE('',#11063);
#9862=PLANE('',#11064);
#9863=PLANE('',#11065);
#9864=PLANE('',#11066);
#9865=PLANE('',#11067);
#9866=PLANE('',#11068);
#9867=PLANE('',#11069);
#9868=PLANE('',#11070);
#9869=PLANE('',#11071);
#9870=PLANE('',#11072);
#9871=PLANE('',#11073);
#9872=PLANE('',#11074);
#9873=PLANE('',#11075);
#9874=PLANE('',#11076);
#9875=PLANE('',#11077);
#9876=PLANE('',#11078);
#9877=PLANE('',#11079);
#9878=PLANE('',#11080);
#9879=PLANE('',#11081);
#9880=PLANE('',#11082);
#9881=PLANE('',#11083);
#9882=PLANE('',#11084);
#9883=PLANE('',#11085);
#9884=PLANE('',#11086);
#9885=PLANE('',#11087);
#9886=PLANE('',#11088);
#9887=PLANE('',#11089);
#9888=PLANE('',#11090);
#9889=PLANE('',#11091);
#9890=PLANE('',#11092);
#9891=PLANE('',#11093);
#9892=PLANE('',#11094);
#9893=PLANE('',#11095);
#9894=PLANE('',#11096);
#9895=PLANE('',#11097);
#9896=PLANE('',#11098);
#9897=PLANE('',#11099);
#9898=PLANE('',#11100);
#9899=PLANE('',#11101);
#9900=PLANE('',#11102);
#9901=PLANE('',#11103);
#9902=PLANE('',#11104);
#9903=PLANE('',#11105);
#9904=PLANE('',#11106);
#9905=PLANE('',#11107);
#9906=PLANE('',#11108);
#9907=PLANE('',#11109);
#9908=PLANE('',#11110);
#9909=PLANE('',#11111);
#9910=PLANE('',#11112);
#9911=PLANE('',#11113);
#9912=PLANE('',#11114);
#9913=PLANE('',#11115);
#9914=PLANE('',#11116);
#9915=PLANE('',#11117);
#9916=PLANE('',#11118);
#9917=PLANE('',#11119);
#9918=PLANE('',#11120);
#9919=PLANE('',#11121);
#9920=PLANE('',#11122);
#9921=PLANE('',#11123);
#9922=PLANE('',#11124);
#9923=PLANE('',#11125);
#9924=PLANE('',#11126);
#9925=PLANE('',#11127);
#9926=PLANE('',#11128);
#9927=PLANE('',#11129);
#9928=PLANE('',#11130);
#9929=PLANE('',#11131);
#9930=PLANE('',#11132);
#9931=PLANE('',#11133);
#9932=PLANE('',#11134);
#9933=PLANE('',#11135);
#9934=PLANE('',#11136);
#9935=PLANE('',#11137);
#9936=PLANE('',#11138);
#9937=PLANE('',#11139);
#9938=PLANE('',#11140);
#9939=PLANE('',#11141);
#9940=PLANE('',#11142);
#9941=PLANE('',#11143);
#9942=PLANE('',#11144);
#9943=PLANE('',#11145);
#9944=PLANE('',#11146);
#9945=PLANE('',#11147);
#9946=PLANE('',#11148);
#9947=PLANE('',#11149);
#9948=PLANE('',#11150);
#9949=PLANE('',#11151);
#9950=PLANE('',#11152);
#9951=PLANE('',#11153);
#9952=PLANE('',#11154);
#9953=PLANE('',#11155);
#9954=PLANE('',#11156);
#9955=PLANE('',#11157);
#9956=PLANE('',#11158);
#9957=PLANE('',#11159);
#9958=PLANE('',#11160);
#9959=PLANE('',#11161);
#9960=PLANE('',#11162);
#9961=PLANE('',#11163);
#9962=PLANE('',#11164);
#9963=PLANE('',#11165);
#9964=PLANE('',#11166);
#9965=PLANE('',#11167);
#9966=PLANE('',#11168);
#9967=PLANE('',#11169);
#9968=PLANE('',#11170);
#9969=PLANE('',#11171);
#9970=PLANE('',#11172);
#9971=PLANE('',#11173);
#9972=PLANE('',#11174);
#9973=PLANE('',#11175);
#9974=PLANE('',#11176);
#9975=PLANE('',#11177);
#9976=PLANE('',#11178);
#9977=PLANE('',#11179);
#9978=PLANE('',#11180);
#9979=PLANE('',#11181);
#9980=PLANE('',#11182);
#9981=PLANE('',#11183);
#9982=PLANE('',#11184);
#9983=PLANE('',#11185);
#9984=PLANE('',#11186);
#9985=PLANE('',#11187);
#9986=PLANE('',#11188);
#9987=PLANE('',#11189);
#9988=PLANE('',#11190);
#9989=PLANE('',#11191);
#9990=PLANE('',#11192);
#9991=PLANE('',#11193);
#9992=PLANE('',#11194);
#9993=PLANE('',#11195);
#9994=PLANE('',#11196);
#9995=PLANE('',#11197);
#9996=PLANE('',#11198);
#9997=PLANE('',#11199);
#9998=PLANE('',#11200);
#9999=PLANE('',#11201);
#10000=PLANE('',#11202);
#10001=PLANE('',#11203);
#10002=PLANE('',#11204);
#10003=PLANE('',#11205);
#10004=PLANE('',#11206);
#10005=PLANE('',#11207);
#10006=PLANE('',#11208);
#10007=PLANE('',#11209);
#10008=PLANE('',#11210);
#10009=PLANE('',#11211);
#10010=PLANE('',#11212);
#10011=PLANE('',#11213);
#10012=PLANE('',#11214);
#10013=PLANE('',#11215);
#10014=PLANE('',#11216);
#10015=PLANE('',#11217);
#10016=PLANE('',#11218);
#10017=PLANE('',#11219);
#10018=PLANE('',#11220);
#10019=PLANE('',#11221);
#10020=PLANE('',#11222);
#10021=PLANE('',#11223);
#10022=PLANE('',#11224);
#10023=PLANE('',#11225);
#10024=PLANE('',#11226);
#10025=PLANE('',#11227);
#10026=PLANE('',#11228);
#10027=PLANE('',#11229);
#10028=PLANE('',#11230);
#10029=PLANE('',#11231);
#10030=PLANE('',#11232);
#10031=PLANE('',#11233);
#10032=PLANE('',#11234);
#10033=PLANE('',#11235);
#10034=PLANE('',#11236);
#10035=PLANE('',#11237);
#10036=PLANE('',#11238);
#10037=PLANE('',#11239);
#10038=PLANE('',#11240);
#10039=PLANE('',#11241);
#10040=PLANE('',#11242);
#10041=PLANE('',#11243);
#10042=PLANE('',#11244);
#10043=PLANE('',#11245);
#10044=PLANE('',#11246);
#10045=PLANE('',#11247);
#10046=PLANE('',#11248);
#10047=PLANE('',#11249);
#10048=PLANE('',#11250);
#10049=PLANE('',#11251);
#10050=PLANE('',#11252);
#10051=PLANE('',#11253);
#10052=PLANE('',#11254);
#10053=PLANE('',#11255);
#10054=PLANE('',#11256);
#10055=PLANE('',#11257);
#10056=PLANE('',#11258);
#10057=PLANE('',#11259);
#10058=PLANE('',#11260);
#10059=PLANE('',#11261);
#10060=PLANE('',#11262);
#10061=PLANE('',#11263);
#10062=PLANE('',#11264);
#10063=PLANE('',#11265);
#10064=PLANE('',#11266);
#10065=PLANE('',#11267);
#10066=PLANE('',#11268);
#10067=PLANE('',#11269);
#10068=PLANE('',#11270);
#10069=PLANE('',#11271);
#10070=PLANE('',#11272);
#10071=PLANE('',#11273);
#10072=PLANE('',#11274);
#10073=PLANE('',#11275);
#10074=PLANE('',#11276);
#10075=PLANE('',#11277);
#10076=PLANE('',#11278);
#10077=PLANE('',#11279);
#10078=PLANE('',#11280);
#10079=PLANE('',#11281);
#10080=PLANE('',#11282);
#10081=PLANE('',#11283);
#10082=PLANE('',#11284);
#10083=PLANE('',#11285);
#10084=PLANE('',#11286);
#10085=PLANE('',#11287);
#10086=PLANE('',#11288);
#10087=PLANE('',#11289);
#10088=PLANE('',#11290);
#10089=PLANE('',#11291);
#10090=PLANE('',#11292);
#10091=PLANE('',#11293);
#10092=PLANE('',#11294);
#10093=PLANE('',#11295);
#10094=PLANE('',#11296);
#10095=PLANE('',#11297);
#10096=PLANE('',#11298);
#10097=PLANE('',#11299);
#10098=PLANE('',#11300);
#10099=PLANE('',#11301);
#10100=PLANE('',#11302);
#10101=PLANE('',#11303);
#10102=PLANE('',#11304);
#10103=PLANE('',#11305);
#10104=PLANE('',#11306);
#10105=PLANE('',#11307);
#10106=PLANE('',#11308);
#10107=PLANE('',#11309);
#10108=PLANE('',#11310);
#10109=PLANE('',#11311);
#10110=PLANE('',#11312);
#10111=PLANE('',#11313);
#10112=PLANE('',#11314);
#10113=PLANE('',#11315);
#10114=PLANE('',#11316);
#10115=PLANE('',#11317);
#10116=PLANE('',#11318);
#10117=PLANE('',#11319);
#10118=PLANE('',#11320);
#10119=PLANE('',#11321);
#10120=PLANE('',#11322);
#10121=PLANE('',#11323);
#10122=PLANE('',#11324);
#10123=PLANE('',#11325);
#10124=PLANE('',#11326);
#10125=PLANE('',#11327);
#10126=PLANE('',#11328);
#10127=PLANE('',#11329);
#10128=PLANE('',#11330);
#10129=PLANE('',#11331);
#10130=PLANE('',#11332);
#10131=PLANE('',#11333);
#10132=PLANE('',#11334);
#10133=PLANE('',#11335);
#10134=PLANE('',#11336);
#10135=PLANE('',#11337);
#10136=PLANE('',#11338);
#10137=PLANE('',#11339);
#10138=PLANE('',#11340);
#10139=PLANE('',#11341);
#10140=PLANE('',#11342);
#10141=PLANE('',#11343);
#10142=PLANE('',#11344);
#10143=PLANE('',#11345);
#10144=PLANE('',#11346);
#10145=PLANE('',#11347);
#10146=PLANE('',#11348);
#10147=PLANE('',#11349);
#10148=PLANE('',#11350);
#10149=PLANE('',#11351);
#10150=PLANE('',#11352);
#10151=PLANE('',#11353);
#10152=PLANE('',#11354);
#10153=PLANE('',#11355);
#10154=PLANE('',#11356);
#10155=PLANE('',#11357);
#10156=PLANE('',#11358);
#10157=PLANE('',#11359);
#10158=PLANE('',#11360);
#10159=PLANE('',#11361);
#10160=PLANE('',#11362);
#10161=PLANE('',#11363);
#10162=PLANE('',#11364);
#10163=PLANE('',#11365);
#10164=PLANE('',#11366);
#10165=PLANE('',#11367);
#10166=PLANE('',#11368);
#10167=PLANE('',#11369);
#10168=PLANE('',#11370);
#10169=PLANE('',#11371);
#10170=PLANE('',#11372);
#10171=PLANE('',#11373);
#10172=PLANE('',#11374);
#10173=PLANE('',#11375);
#10174=PLANE('',#11376);
#10175=PLANE('',#11377);
#10176=PLANE('',#11378);
#10177=PLANE('',#11379);
#10178=PLANE('',#11380);
#10179=ADVANCED_FACE('',(#25),#9585,.F.);
#10180=ADVANCED_FACE('',(#26),#9586,.F.);
#10181=ADVANCED_FACE('',(#27),#9587,.F.);
#10182=ADVANCED_FACE('',(#28),#9588,.F.);
#10183=ADVANCED_FACE('',(#29),#9589,.F.);
#10184=ADVANCED_FACE('',(#30),#9590,.F.);
#10185=ADVANCED_FACE('',(#31),#9591,.F.);
#10186=ADVANCED_FACE('',(#32),#9592,.F.);
#10187=ADVANCED_FACE('',(#33),#9593,.F.);
#10188=ADVANCED_FACE('',(#34),#9594,.F.);
#10189=ADVANCED_FACE('',(#35),#9595,.F.);
#10190=ADVANCED_FACE('',(#36),#9596,.F.);
#10191=ADVANCED_FACE('',(#37),#9597,.T.);
#10192=ADVANCED_FACE('',(#38),#9598,.T.);
#10193=ADVANCED_FACE('',(#39),#9599,.T.);
#10194=ADVANCED_FACE('',(#40),#9600,.T.);
#10195=ADVANCED_FACE('',(#41),#9601,.T.);
#10196=ADVANCED_FACE('',(#42),#9602,.T.);
#10197=ADVANCED_FACE('',(#43),#9603,.T.);
#10198=ADVANCED_FACE('',(#44),#9604,.T.);
#10199=ADVANCED_FACE('',(#45),#9605,.T.);
#10200=ADVANCED_FACE('',(#46),#9606,.T.);
#10201=ADVANCED_FACE('',(#47),#9607,.T.);
#10202=ADVANCED_FACE('',(#48),#9608,.T.);
#10203=ADVANCED_FACE('',(#49),#9609,.T.);
#10204=ADVANCED_FACE('',(#50),#9610,.T.);
#10205=ADVANCED_FACE('',(#51,#15,#16,#17,#18,#19,#20),#9611,.T.);
#10206=ADVANCED_FACE('',(#52),#9612,.T.);
#10207=ADVANCED_FACE('',(#53),#9613,.T.);
#10208=ADVANCED_FACE('',(#54),#9614,.T.);
#10209=ADVANCED_FACE('',(#55),#9615,.T.);
#10210=ADVANCED_FACE('',(#56),#9616,.F.);
#10211=ADVANCED_FACE('',(#57),#9617,.F.);
#10212=ADVANCED_FACE('',(#58),#9618,.F.);
#10213=ADVANCED_FACE('',(#59),#9619,.F.);
#10214=ADVANCED_FACE('',(#60),#9620,.F.);
#10215=ADVANCED_FACE('',(#61),#9621,.F.);
#10216=ADVANCED_FACE('',(#62),#9622,.F.);
#10217=ADVANCED_FACE('',(#63),#9623,.F.);
#10218=ADVANCED_FACE('',(#64),#9624,.F.);
#10219=ADVANCED_FACE('',(#65),#9625,.F.);
#10220=ADVANCED_FACE('',(#66),#9626,.F.);
#10221=ADVANCED_FACE('',(#67),#9627,.F.);
#10222=ADVANCED_FACE('',(#68),#9628,.F.);
#10223=ADVANCED_FACE('',(#69),#9629,.F.);
#10224=ADVANCED_FACE('',(#70),#9630,.F.);
#10225=ADVANCED_FACE('',(#71),#9631,.F.);
#10226=ADVANCED_FACE('',(#72),#9632,.F.);
#10227=ADVANCED_FACE('',(#73),#9633,.F.);
#10228=ADVANCED_FACE('',(#74),#9634,.T.);
#10229=ADVANCED_FACE('',(#75),#9635,.T.);
#10230=ADVANCED_FACE('',(#76),#9636,.T.);
#10231=ADVANCED_FACE('',(#77),#9637,.T.);
#10232=ADVANCED_FACE('',(#78),#9638,.T.);
#10233=ADVANCED_FACE('',(#79),#9639,.T.);
#10234=ADVANCED_FACE('',(#80),#9640,.T.);
#10235=ADVANCED_FACE('',(#81),#9641,.T.);
#10236=ADVANCED_FACE('',(#82),#9642,.F.);
#10237=ADVANCED_FACE('',(#83),#9643,.F.);
#10238=ADVANCED_FACE('',(#84),#9644,.F.);
#10239=ADVANCED_FACE('',(#85),#9645,.F.);
#10240=ADVANCED_FACE('',(#86),#9646,.F.);
#10241=ADVANCED_FACE('',(#87),#9647,.F.);
#10242=ADVANCED_FACE('',(#88),#9648,.T.);
#10243=ADVANCED_FACE('',(#89),#9649,.T.);
#10244=ADVANCED_FACE('',(#90),#9650,.T.);
#10245=ADVANCED_FACE('',(#91),#9651,.T.);
#10246=ADVANCED_FACE('',(#92,#21),#9652,.T.);
#10247=ADVANCED_FACE('',(#93),#9653,.T.);
#10248=ADVANCED_FACE('',(#94),#9654,.T.);
#10249=ADVANCED_FACE('',(#95),#9655,.T.);
#10250=ADVANCED_FACE('',(#96),#9656,.T.);
#10251=ADVANCED_FACE('',(#97),#9657,.T.);
#10252=ADVANCED_FACE('',(#98),#9658,.T.);
#10253=ADVANCED_FACE('',(#99),#9659,.T.);
#10254=ADVANCED_FACE('',(#100),#9660,.T.);
#10255=ADVANCED_FACE('',(#101),#9661,.T.);
#10256=ADVANCED_FACE('',(#102),#9662,.T.);
#10257=ADVANCED_FACE('',(#103),#9663,.T.);
#10258=ADVANCED_FACE('',(#104),#9664,.T.);
#10259=ADVANCED_FACE('',(#105),#9665,.T.);
#10260=ADVANCED_FACE('',(#106),#9666,.T.);
#10261=ADVANCED_FACE('',(#107),#9667,.T.);
#10262=ADVANCED_FACE('',(#108),#9668,.T.);
#10263=ADVANCED_FACE('',(#109),#9669,.T.);
#10264=ADVANCED_FACE('',(#110),#9670,.T.);
#10265=ADVANCED_FACE('',(#111,#22),#9671,.T.);
#10266=ADVANCED_FACE('',(#112),#9672,.T.);
#10267=ADVANCED_FACE('',(#113),#9673,.T.);
#10268=ADVANCED_FACE('',(#114),#9674,.T.);
#10269=ADVANCED_FACE('',(#115),#9675,.T.);
#10270=ADVANCED_FACE('',(#116),#9676,.T.);
#10271=ADVANCED_FACE('',(#117),#9677,.T.);
#10272=ADVANCED_FACE('',(#118),#9678,.T.);
#10273=ADVANCED_FACE('',(#119),#9679,.T.);
#10274=ADVANCED_FACE('',(#120),#9680,.T.);
#10275=ADVANCED_FACE('',(#121),#9681,.T.);
#10276=ADVANCED_FACE('',(#122),#9682,.T.);
#10277=ADVANCED_FACE('',(#123),#9683,.T.);
#10278=ADVANCED_FACE('',(#124),#9684,.T.);
#10279=ADVANCED_FACE('',(#125),#9685,.T.);
#10280=ADVANCED_FACE('',(#126),#9686,.T.);
#10281=ADVANCED_FACE('',(#127),#9687,.T.);
#10282=ADVANCED_FACE('',(#128),#9688,.T.);
#10283=ADVANCED_FACE('',(#129),#9689,.T.);
#10284=ADVANCED_FACE('',(#130),#9690,.T.);
#10285=ADVANCED_FACE('',(#131),#9691,.T.);
#10286=ADVANCED_FACE('',(#132),#9692,.T.);
#10287=ADVANCED_FACE('',(#133),#9693,.T.);
#10288=ADVANCED_FACE('',(#134),#9694,.T.);
#10289=ADVANCED_FACE('',(#135),#9695,.T.);
#10290=ADVANCED_FACE('',(#136),#9696,.T.);
#10291=ADVANCED_FACE('',(#137),#9697,.T.);
#10292=ADVANCED_FACE('',(#138),#9698,.T.);
#10293=ADVANCED_FACE('',(#139),#9699,.T.);
#10294=ADVANCED_FACE('',(#140),#9700,.T.);
#10295=ADVANCED_FACE('',(#141),#9701,.T.);
#10296=ADVANCED_FACE('',(#142),#9702,.T.);
#10297=ADVANCED_FACE('',(#143),#9703,.T.);
#10298=ADVANCED_FACE('',(#144),#9704,.T.);
#10299=ADVANCED_FACE('',(#145),#9705,.T.);
#10300=ADVANCED_FACE('',(#146),#9706,.T.);
#10301=ADVANCED_FACE('',(#147),#9707,.T.);
#10302=ADVANCED_FACE('',(#148),#9708,.T.);
#10303=ADVANCED_FACE('',(#149),#9709,.T.);
#10304=ADVANCED_FACE('',(#150),#9710,.T.);
#10305=ADVANCED_FACE('',(#151),#9711,.T.);
#10306=ADVANCED_FACE('',(#152),#9712,.T.);
#10307=ADVANCED_FACE('',(#153),#9713,.T.);
#10308=ADVANCED_FACE('',(#154),#9714,.T.);
#10309=ADVANCED_FACE('',(#155),#9715,.T.);
#10310=ADVANCED_FACE('',(#156),#9716,.T.);
#10311=ADVANCED_FACE('',(#157),#9717,.T.);
#10312=ADVANCED_FACE('',(#158),#9718,.T.);
#10313=ADVANCED_FACE('',(#159),#9719,.T.);
#10314=ADVANCED_FACE('',(#160),#9720,.T.);
#10315=ADVANCED_FACE('',(#161),#9721,.T.);
#10316=ADVANCED_FACE('',(#162,#23),#9722,.T.);
#10317=ADVANCED_FACE('',(#163),#9723,.T.);
#10318=ADVANCED_FACE('',(#164),#9724,.T.);
#10319=ADVANCED_FACE('',(#165),#9725,.T.);
#10320=ADVANCED_FACE('',(#166),#9726,.T.);
#10321=ADVANCED_FACE('',(#167),#9727,.T.);
#10322=ADVANCED_FACE('',(#168),#9728,.T.);
#10323=ADVANCED_FACE('',(#169),#9729,.T.);
#10324=ADVANCED_FACE('',(#170),#9730,.T.);
#10325=ADVANCED_FACE('',(#171),#9731,.T.);
#10326=ADVANCED_FACE('',(#172),#9732,.T.);
#10327=ADVANCED_FACE('',(#173),#9733,.T.);
#10328=ADVANCED_FACE('',(#174),#9734,.T.);
#10329=ADVANCED_FACE('',(#175),#9735,.T.);
#10330=ADVANCED_FACE('',(#176),#9736,.T.);
#10331=ADVANCED_FACE('',(#177),#9737,.T.);
#10332=ADVANCED_FACE('',(#178),#9738,.T.);
#10333=ADVANCED_FACE('',(#179),#9739,.T.);
#10334=ADVANCED_FACE('',(#180),#9740,.T.);
#10335=ADVANCED_FACE('',(#181,#24),#9741,.T.);
#10336=ADVANCED_FACE('',(#182),#9742,.T.);
#10337=ADVANCED_FACE('',(#183),#9743,.T.);
#10338=ADVANCED_FACE('',(#184),#9744,.T.);
#10339=ADVANCED_FACE('',(#185),#9745,.T.);
#10340=ADVANCED_FACE('',(#186),#9746,.T.);
#10341=ADVANCED_FACE('',(#187),#9747,.T.);
#10342=ADVANCED_FACE('',(#188),#9748,.T.);
#10343=ADVANCED_FACE('',(#189),#9749,.T.);
#10344=ADVANCED_FACE('',(#190),#9750,.T.);
#10345=ADVANCED_FACE('',(#191),#9751,.T.);
#10346=ADVANCED_FACE('',(#192),#9752,.T.);
#10347=ADVANCED_FACE('',(#193),#9753,.T.);
#10348=ADVANCED_FACE('',(#194),#9754,.T.);
#10349=ADVANCED_FACE('',(#195),#9755,.T.);
#10350=ADVANCED_FACE('',(#196),#9756,.T.);
#10351=ADVANCED_FACE('',(#197),#9757,.T.);
#10352=ADVANCED_FACE('',(#198),#9758,.T.);
#10353=ADVANCED_FACE('',(#199),#9759,.T.);
#10354=ADVANCED_FACE('',(#200),#9760,.T.);
#10355=ADVANCED_FACE('',(#201),#9761,.T.);
#10356=ADVANCED_FACE('',(#202),#9762,.T.);
#10357=ADVANCED_FACE('',(#203),#9763,.T.);
#10358=ADVANCED_FACE('',(#204),#9764,.T.);
#10359=ADVANCED_FACE('',(#205),#9765,.T.);
#10360=ADVANCED_FACE('',(#206),#9766,.T.);
#10361=ADVANCED_FACE('',(#207),#9767,.T.);
#10362=ADVANCED_FACE('',(#208),#9768,.T.);
#10363=ADVANCED_FACE('',(#209),#9769,.T.);
#10364=ADVANCED_FACE('',(#210),#9770,.T.);
#10365=ADVANCED_FACE('',(#211),#9771,.T.);
#10366=ADVANCED_FACE('',(#212),#9772,.T.);
#10367=ADVANCED_FACE('',(#213),#9773,.T.);
#10368=ADVANCED_FACE('',(#214),#9774,.T.);
#10369=ADVANCED_FACE('',(#215),#9775,.T.);
#10370=ADVANCED_FACE('',(#216),#9776,.T.);
#10371=ADVANCED_FACE('',(#217),#9777,.T.);
#10372=ADVANCED_FACE('',(#218),#9778,.T.);
#10373=ADVANCED_FACE('',(#219),#9779,.T.);
#10374=ADVANCED_FACE('',(#220),#9780,.T.);
#10375=ADVANCED_FACE('',(#221),#9781,.T.);
#10376=ADVANCED_FACE('',(#222),#9782,.T.);
#10377=ADVANCED_FACE('',(#223),#9783,.T.);
#10378=ADVANCED_FACE('',(#224),#9784,.T.);
#10379=ADVANCED_FACE('',(#225),#9785,.T.);
#10380=ADVANCED_FACE('',(#226),#9786,.T.);
#10381=ADVANCED_FACE('',(#227),#9787,.T.);
#10382=ADVANCED_FACE('',(#228),#9788,.T.);
#10383=ADVANCED_FACE('',(#229),#9789,.T.);
#10384=ADVANCED_FACE('',(#230),#9790,.T.);
#10385=ADVANCED_FACE('',(#231),#9791,.T.);
#10386=ADVANCED_FACE('',(#232),#9792,.T.);
#10387=ADVANCED_FACE('',(#233),#9793,.T.);
#10388=ADVANCED_FACE('',(#234),#9794,.T.);
#10389=ADVANCED_FACE('',(#235),#9795,.T.);
#10390=ADVANCED_FACE('',(#236),#9796,.T.);
#10391=ADVANCED_FACE('',(#237),#9797,.T.);
#10392=ADVANCED_FACE('',(#238),#9798,.T.);
#10393=ADVANCED_FACE('',(#239),#9799,.T.);
#10394=ADVANCED_FACE('',(#240),#9800,.T.);
#10395=ADVANCED_FACE('',(#241),#9801,.T.);
#10396=ADVANCED_FACE('',(#242),#9802,.T.);
#10397=ADVANCED_FACE('',(#243),#9803,.T.);
#10398=ADVANCED_FACE('',(#244),#9804,.T.);
#10399=ADVANCED_FACE('',(#245),#9805,.T.);
#10400=ADVANCED_FACE('',(#246),#9806,.T.);
#10401=ADVANCED_FACE('',(#247),#9807,.T.);
#10402=ADVANCED_FACE('',(#248),#9808,.T.);
#10403=ADVANCED_FACE('',(#249),#9809,.T.);
#10404=ADVANCED_FACE('',(#250),#9810,.T.);
#10405=ADVANCED_FACE('',(#251),#9811,.T.);
#10406=ADVANCED_FACE('',(#252),#9812,.T.);
#10407=ADVANCED_FACE('',(#253),#9813,.T.);
#10408=ADVANCED_FACE('',(#254),#9814,.T.);
#10409=ADVANCED_FACE('',(#255),#9815,.T.);
#10410=ADVANCED_FACE('',(#256),#9816,.T.);
#10411=ADVANCED_FACE('',(#257),#9817,.T.);
#10412=ADVANCED_FACE('',(#258),#9818,.F.);
#10413=ADVANCED_FACE('',(#259),#9819,.T.);
#10414=ADVANCED_FACE('',(#260),#9820,.T.);
#10415=ADVANCED_FACE('',(#261),#9821,.T.);
#10416=ADVANCED_FACE('',(#262),#9822,.T.);
#10417=ADVANCED_FACE('',(#263),#9823,.T.);
#10418=ADVANCED_FACE('',(#264),#9824,.T.);
#10419=ADVANCED_FACE('',(#265),#9825,.T.);
#10420=ADVANCED_FACE('',(#266),#9826,.T.);
#10421=ADVANCED_FACE('',(#267),#9827,.T.);
#10422=ADVANCED_FACE('',(#268),#9828,.T.);
#10423=ADVANCED_FACE('',(#269),#9829,.T.);
#10424=ADVANCED_FACE('',(#270),#9830,.T.);
#10425=ADVANCED_FACE('',(#271),#9831,.T.);
#10426=ADVANCED_FACE('',(#272),#9832,.T.);
#10427=ADVANCED_FACE('',(#273),#9833,.T.);
#10428=ADVANCED_FACE('',(#274),#9834,.T.);
#10429=ADVANCED_FACE('',(#275),#9835,.T.);
#10430=ADVANCED_FACE('',(#276),#9836,.T.);
#10431=ADVANCED_FACE('',(#277),#9837,.T.);
#10432=ADVANCED_FACE('',(#278),#9838,.T.);
#10433=ADVANCED_FACE('',(#279),#9839,.T.);
#10434=ADVANCED_FACE('',(#280),#9840,.T.);
#10435=ADVANCED_FACE('',(#281),#9841,.T.);
#10436=ADVANCED_FACE('',(#282),#9842,.T.);
#10437=ADVANCED_FACE('',(#283),#9843,.T.);
#10438=ADVANCED_FACE('',(#284),#9844,.T.);
#10439=ADVANCED_FACE('',(#285),#9845,.T.);
#10440=ADVANCED_FACE('',(#286),#9846,.T.);
#10441=ADVANCED_FACE('',(#287),#9847,.T.);
#10442=ADVANCED_FACE('',(#288),#9848,.T.);
#10443=ADVANCED_FACE('',(#289),#9849,.T.);
#10444=ADVANCED_FACE('',(#290),#9850,.T.);
#10445=ADVANCED_FACE('',(#291),#9851,.T.);
#10446=ADVANCED_FACE('',(#292),#9852,.T.);
#10447=ADVANCED_FACE('',(#293),#9853,.T.);
#10448=ADVANCED_FACE('',(#294),#9854,.T.);
#10449=ADVANCED_FACE('',(#295),#9855,.T.);
#10450=ADVANCED_FACE('',(#296),#9856,.T.);
#10451=ADVANCED_FACE('',(#297),#9857,.T.);
#10452=ADVANCED_FACE('',(#298),#9858,.T.);
#10453=ADVANCED_FACE('',(#299),#9859,.T.);
#10454=ADVANCED_FACE('',(#300),#9860,.T.);
#10455=ADVANCED_FACE('',(#301),#9861,.T.);
#10456=ADVANCED_FACE('',(#302),#9862,.T.);
#10457=ADVANCED_FACE('',(#303),#9863,.T.);
#10458=ADVANCED_FACE('',(#304),#9864,.T.);
#10459=ADVANCED_FACE('',(#305),#9865,.T.);
#10460=ADVANCED_FACE('',(#306),#9866,.T.);
#10461=ADVANCED_FACE('',(#307),#9867,.T.);
#10462=ADVANCED_FACE('',(#308),#9868,.T.);
#10463=ADVANCED_FACE('',(#309),#9869,.T.);
#10464=ADVANCED_FACE('',(#310),#9870,.T.);
#10465=ADVANCED_FACE('',(#311),#9871,.T.);
#10466=ADVANCED_FACE('',(#312),#9872,.T.);
#10467=ADVANCED_FACE('',(#313),#9873,.T.);
#10468=ADVANCED_FACE('',(#314),#9874,.T.);
#10469=ADVANCED_FACE('',(#315),#9875,.T.);
#10470=ADVANCED_FACE('',(#316),#9876,.T.);
#10471=ADVANCED_FACE('',(#317),#9877,.T.);
#10472=ADVANCED_FACE('',(#318),#9878,.T.);
#10473=ADVANCED_FACE('',(#319),#9879,.T.);
#10474=ADVANCED_FACE('',(#320),#9880,.T.);
#10475=ADVANCED_FACE('',(#321),#9881,.T.);
#10476=ADVANCED_FACE('',(#322),#9882,.T.);
#10477=ADVANCED_FACE('',(#323),#9883,.T.);
#10478=ADVANCED_FACE('',(#324),#9884,.T.);
#10479=ADVANCED_FACE('',(#325),#9885,.T.);
#10480=ADVANCED_FACE('',(#326),#9886,.T.);
#10481=ADVANCED_FACE('',(#327),#9887,.T.);
#10482=ADVANCED_FACE('',(#328),#9888,.T.);
#10483=ADVANCED_FACE('',(#329),#9889,.T.);
#10484=ADVANCED_FACE('',(#330),#9890,.T.);
#10485=ADVANCED_FACE('',(#331),#9891,.T.);
#10486=ADVANCED_FACE('',(#332),#9892,.T.);
#10487=ADVANCED_FACE('',(#333),#9893,.T.);
#10488=ADVANCED_FACE('',(#334),#9894,.T.);
#10489=ADVANCED_FACE('',(#335),#9895,.T.);
#10490=ADVANCED_FACE('',(#336),#9896,.T.);
#10491=ADVANCED_FACE('',(#337),#9897,.T.);
#10492=ADVANCED_FACE('',(#338),#9898,.T.);
#10493=ADVANCED_FACE('',(#339),#9899,.T.);
#10494=ADVANCED_FACE('',(#340),#9900,.T.);
#10495=ADVANCED_FACE('',(#341),#9901,.T.);
#10496=ADVANCED_FACE('',(#342),#9902,.T.);
#10497=ADVANCED_FACE('',(#343),#9903,.T.);
#10498=ADVANCED_FACE('',(#344),#9904,.T.);
#10499=ADVANCED_FACE('',(#345),#9905,.T.);
#10500=ADVANCED_FACE('',(#346),#9906,.T.);
#10501=ADVANCED_FACE('',(#347),#9907,.T.);
#10502=ADVANCED_FACE('',(#348),#9908,.T.);
#10503=ADVANCED_FACE('',(#349),#9909,.T.);
#10504=ADVANCED_FACE('',(#350),#9910,.T.);
#10505=ADVANCED_FACE('',(#351),#9911,.T.);
#10506=ADVANCED_FACE('',(#352),#9912,.T.);
#10507=ADVANCED_FACE('',(#353),#9913,.T.);
#10508=ADVANCED_FACE('',(#354),#9914,.T.);
#10509=ADVANCED_FACE('',(#355),#9915,.T.);
#10510=ADVANCED_FACE('',(#356),#9916,.T.);
#10511=ADVANCED_FACE('',(#357),#9917,.T.);
#10512=ADVANCED_FACE('',(#358),#9918,.T.);
#10513=ADVANCED_FACE('',(#359),#9919,.T.);
#10514=ADVANCED_FACE('',(#360),#9920,.T.);
#10515=ADVANCED_FACE('',(#361),#9921,.T.);
#10516=ADVANCED_FACE('',(#362),#9922,.T.);
#10517=ADVANCED_FACE('',(#363),#9923,.T.);
#10518=ADVANCED_FACE('',(#364),#9924,.T.);
#10519=ADVANCED_FACE('',(#365),#9925,.T.);
#10520=ADVANCED_FACE('',(#366),#9926,.T.);
#10521=ADVANCED_FACE('',(#367),#9927,.T.);
#10522=ADVANCED_FACE('',(#368),#9928,.T.);
#10523=ADVANCED_FACE('',(#369),#9929,.T.);
#10524=ADVANCED_FACE('',(#370),#9930,.T.);
#10525=ADVANCED_FACE('',(#371),#9931,.T.);
#10526=ADVANCED_FACE('',(#372),#9932,.T.);
#10527=ADVANCED_FACE('',(#373),#9933,.T.);
#10528=ADVANCED_FACE('',(#374),#9934,.T.);
#10529=ADVANCED_FACE('',(#375),#9935,.T.);
#10530=ADVANCED_FACE('',(#376),#9936,.T.);
#10531=ADVANCED_FACE('',(#377),#9937,.T.);
#10532=ADVANCED_FACE('',(#378),#9938,.T.);
#10533=ADVANCED_FACE('',(#379),#9939,.T.);
#10534=ADVANCED_FACE('',(#380),#9940,.T.);
#10535=ADVANCED_FACE('',(#381),#9941,.T.);
#10536=ADVANCED_FACE('',(#382),#9942,.T.);
#10537=ADVANCED_FACE('',(#383),#9943,.T.);
#10538=ADVANCED_FACE('',(#384),#9944,.T.);
#10539=ADVANCED_FACE('',(#385),#9945,.T.);
#10540=ADVANCED_FACE('',(#386),#9946,.T.);
#10541=ADVANCED_FACE('',(#387),#9947,.T.);
#10542=ADVANCED_FACE('',(#388),#9948,.T.);
#10543=ADVANCED_FACE('',(#389),#9949,.T.);
#10544=ADVANCED_FACE('',(#390),#9950,.T.);
#10545=ADVANCED_FACE('',(#391),#9951,.T.);
#10546=ADVANCED_FACE('',(#392),#9952,.T.);
#10547=ADVANCED_FACE('',(#393),#9953,.T.);
#10548=ADVANCED_FACE('',(#394),#9954,.T.);
#10549=ADVANCED_FACE('',(#395),#9955,.T.);
#10550=ADVANCED_FACE('',(#396),#9956,.T.);
#10551=ADVANCED_FACE('',(#397),#9957,.T.);
#10552=ADVANCED_FACE('',(#398),#9958,.T.);
#10553=ADVANCED_FACE('',(#399),#9959,.T.);
#10554=ADVANCED_FACE('',(#400),#9960,.T.);
#10555=ADVANCED_FACE('',(#401),#9961,.T.);
#10556=ADVANCED_FACE('',(#402),#9962,.T.);
#10557=ADVANCED_FACE('',(#403),#9963,.T.);
#10558=ADVANCED_FACE('',(#404),#9964,.T.);
#10559=ADVANCED_FACE('',(#405),#9965,.T.);
#10560=ADVANCED_FACE('',(#406),#9966,.T.);
#10561=ADVANCED_FACE('',(#407),#9967,.T.);
#10562=ADVANCED_FACE('',(#408),#9968,.T.);
#10563=ADVANCED_FACE('',(#409),#9969,.T.);
#10564=ADVANCED_FACE('',(#410),#9970,.T.);
#10565=ADVANCED_FACE('',(#411),#9971,.T.);
#10566=ADVANCED_FACE('',(#412),#9972,.T.);
#10567=ADVANCED_FACE('',(#413),#9973,.T.);
#10568=ADVANCED_FACE('',(#414),#9974,.T.);
#10569=ADVANCED_FACE('',(#415),#9975,.T.);
#10570=ADVANCED_FACE('',(#416),#9976,.T.);
#10571=ADVANCED_FACE('',(#417),#9977,.T.);
#10572=ADVANCED_FACE('',(#418),#9978,.T.);
#10573=ADVANCED_FACE('',(#419),#9979,.T.);
#10574=ADVANCED_FACE('',(#420),#9980,.T.);
#10575=ADVANCED_FACE('',(#421),#9981,.T.);
#10576=ADVANCED_FACE('',(#422),#9982,.T.);
#10577=ADVANCED_FACE('',(#423),#9983,.T.);
#10578=ADVANCED_FACE('',(#424),#9984,.T.);
#10579=ADVANCED_FACE('',(#425),#9985,.T.);
#10580=ADVANCED_FACE('',(#426),#9986,.T.);
#10581=ADVANCED_FACE('',(#427),#9987,.T.);
#10582=ADVANCED_FACE('',(#428),#9988,.T.);
#10583=ADVANCED_FACE('',(#429),#9989,.T.);
#10584=ADVANCED_FACE('',(#430),#9990,.T.);
#10585=ADVANCED_FACE('',(#431),#9991,.T.);
#10586=ADVANCED_FACE('',(#432),#9992,.T.);
#10587=ADVANCED_FACE('',(#433),#9993,.T.);
#10588=ADVANCED_FACE('',(#434),#9994,.T.);
#10589=ADVANCED_FACE('',(#435),#9995,.T.);
#10590=ADVANCED_FACE('',(#436),#9996,.T.);
#10591=ADVANCED_FACE('',(#437),#9997,.T.);
#10592=ADVANCED_FACE('',(#438),#9998,.T.);
#10593=ADVANCED_FACE('',(#439),#9999,.T.);
#10594=ADVANCED_FACE('',(#440),#10000,.T.);
#10595=ADVANCED_FACE('',(#441),#10001,.T.);
#10596=ADVANCED_FACE('',(#442),#10002,.T.);
#10597=ADVANCED_FACE('',(#443),#10003,.T.);
#10598=ADVANCED_FACE('',(#444),#10004,.T.);
#10599=ADVANCED_FACE('',(#445),#10005,.T.);
#10600=ADVANCED_FACE('',(#446),#10006,.T.);
#10601=ADVANCED_FACE('',(#447),#10007,.T.);
#10602=ADVANCED_FACE('',(#448),#10008,.T.);
#10603=ADVANCED_FACE('',(#449),#10009,.T.);
#10604=ADVANCED_FACE('',(#450),#10010,.T.);
#10605=ADVANCED_FACE('',(#451),#10011,.T.);
#10606=ADVANCED_FACE('',(#452),#10012,.T.);
#10607=ADVANCED_FACE('',(#453),#10013,.T.);
#10608=ADVANCED_FACE('',(#454),#10014,.T.);
#10609=ADVANCED_FACE('',(#455),#10015,.T.);
#10610=ADVANCED_FACE('',(#456),#10016,.T.);
#10611=ADVANCED_FACE('',(#457),#10017,.T.);
#10612=ADVANCED_FACE('',(#458),#10018,.T.);
#10613=ADVANCED_FACE('',(#459),#10019,.T.);
#10614=ADVANCED_FACE('',(#460),#10020,.T.);
#10615=ADVANCED_FACE('',(#461),#10021,.T.);
#10616=ADVANCED_FACE('',(#462),#10022,.T.);
#10617=ADVANCED_FACE('',(#463),#10023,.T.);
#10618=ADVANCED_FACE('',(#464),#10024,.T.);
#10619=ADVANCED_FACE('',(#465),#10025,.T.);
#10620=ADVANCED_FACE('',(#466),#10026,.T.);
#10621=ADVANCED_FACE('',(#467),#10027,.T.);
#10622=ADVANCED_FACE('',(#468),#10028,.T.);
#10623=ADVANCED_FACE('',(#469),#10029,.T.);
#10624=ADVANCED_FACE('',(#470),#10030,.T.);
#10625=ADVANCED_FACE('',(#471),#10031,.T.);
#10626=ADVANCED_FACE('',(#472),#10032,.T.);
#10627=ADVANCED_FACE('',(#473),#10033,.T.);
#10628=ADVANCED_FACE('',(#474),#10034,.T.);
#10629=ADVANCED_FACE('',(#475),#10035,.T.);
#10630=ADVANCED_FACE('',(#476),#10036,.T.);
#10631=ADVANCED_FACE('',(#477),#10037,.T.);
#10632=ADVANCED_FACE('',(#478),#10038,.T.);
#10633=ADVANCED_FACE('',(#479),#10039,.T.);
#10634=ADVANCED_FACE('',(#480),#10040,.T.);
#10635=ADVANCED_FACE('',(#481),#10041,.T.);
#10636=ADVANCED_FACE('',(#482),#10042,.T.);
#10637=ADVANCED_FACE('',(#483),#10043,.T.);
#10638=ADVANCED_FACE('',(#484),#10044,.T.);
#10639=ADVANCED_FACE('',(#485),#10045,.T.);
#10640=ADVANCED_FACE('',(#486),#10046,.T.);
#10641=ADVANCED_FACE('',(#487),#10047,.T.);
#10642=ADVANCED_FACE('',(#488),#10048,.T.);
#10643=ADVANCED_FACE('',(#489),#10049,.T.);
#10644=ADVANCED_FACE('',(#490),#10050,.T.);
#10645=ADVANCED_FACE('',(#491),#10051,.T.);
#10646=ADVANCED_FACE('',(#492),#10052,.T.);
#10647=ADVANCED_FACE('',(#493),#10053,.T.);
#10648=ADVANCED_FACE('',(#494),#10054,.T.);
#10649=ADVANCED_FACE('',(#495),#10055,.T.);
#10650=ADVANCED_FACE('',(#496),#10056,.T.);
#10651=ADVANCED_FACE('',(#497),#10057,.T.);
#10652=ADVANCED_FACE('',(#498),#10058,.T.);
#10653=ADVANCED_FACE('',(#499),#10059,.T.);
#10654=ADVANCED_FACE('',(#500),#10060,.T.);
#10655=ADVANCED_FACE('',(#501),#10061,.T.);
#10656=ADVANCED_FACE('',(#502),#10062,.T.);
#10657=ADVANCED_FACE('',(#503),#10063,.T.);
#10658=ADVANCED_FACE('',(#504),#10064,.T.);
#10659=ADVANCED_FACE('',(#505),#10065,.T.);
#10660=ADVANCED_FACE('',(#506),#10066,.T.);
#10661=ADVANCED_FACE('',(#507),#10067,.T.);
#10662=ADVANCED_FACE('',(#508),#10068,.T.);
#10663=ADVANCED_FACE('',(#509),#10069,.T.);
#10664=ADVANCED_FACE('',(#510),#10070,.T.);
#10665=ADVANCED_FACE('',(#511),#10071,.T.);
#10666=ADVANCED_FACE('',(#512),#10072,.T.);
#10667=ADVANCED_FACE('',(#513),#10073,.T.);
#10668=ADVANCED_FACE('',(#514),#10074,.T.);
#10669=ADVANCED_FACE('',(#515),#10075,.T.);
#10670=ADVANCED_FACE('',(#516),#10076,.T.);
#10671=ADVANCED_FACE('',(#517),#10077,.T.);
#10672=ADVANCED_FACE('',(#518),#10078,.T.);
#10673=ADVANCED_FACE('',(#519),#10079,.T.);
#10674=ADVANCED_FACE('',(#520),#10080,.T.);
#10675=ADVANCED_FACE('',(#521),#10081,.T.);
#10676=ADVANCED_FACE('',(#522),#10082,.T.);
#10677=ADVANCED_FACE('',(#523),#10083,.T.);
#10678=ADVANCED_FACE('',(#524),#10084,.T.);
#10679=ADVANCED_FACE('',(#525),#10085,.T.);
#10680=ADVANCED_FACE('',(#526),#10086,.T.);
#10681=ADVANCED_FACE('',(#527),#10087,.T.);
#10682=ADVANCED_FACE('',(#528),#10088,.T.);
#10683=ADVANCED_FACE('',(#529),#10089,.T.);
#10684=ADVANCED_FACE('',(#530),#10090,.T.);
#10685=ADVANCED_FACE('',(#531),#10091,.T.);
#10686=ADVANCED_FACE('',(#532),#10092,.T.);
#10687=ADVANCED_FACE('',(#533),#10093,.T.);
#10688=ADVANCED_FACE('',(#534),#10094,.T.);
#10689=ADVANCED_FACE('',(#535),#10095,.T.);
#10690=ADVANCED_FACE('',(#536),#10096,.T.);
#10691=ADVANCED_FACE('',(#537),#10097,.T.);
#10692=ADVANCED_FACE('',(#538),#10098,.T.);
#10693=ADVANCED_FACE('',(#539),#10099,.T.);
#10694=ADVANCED_FACE('',(#540),#10100,.T.);
#10695=ADVANCED_FACE('',(#541),#10101,.T.);
#10696=ADVANCED_FACE('',(#542),#10102,.T.);
#10697=ADVANCED_FACE('',(#543),#10103,.T.);
#10698=ADVANCED_FACE('',(#544),#10104,.T.);
#10699=ADVANCED_FACE('',(#545),#10105,.T.);
#10700=ADVANCED_FACE('',(#546),#10106,.T.);
#10701=ADVANCED_FACE('',(#547),#10107,.T.);
#10702=ADVANCED_FACE('',(#548),#10108,.T.);
#10703=ADVANCED_FACE('',(#549),#10109,.T.);
#10704=ADVANCED_FACE('',(#550),#10110,.T.);
#10705=ADVANCED_FACE('',(#551),#10111,.T.);
#10706=ADVANCED_FACE('',(#552),#10112,.T.);
#10707=ADVANCED_FACE('',(#553),#10113,.T.);
#10708=ADVANCED_FACE('',(#554),#10114,.T.);
#10709=ADVANCED_FACE('',(#555),#10115,.T.);
#10710=ADVANCED_FACE('',(#556),#10116,.T.);
#10711=ADVANCED_FACE('',(#557),#10117,.T.);
#10712=ADVANCED_FACE('',(#558),#10118,.T.);
#10713=ADVANCED_FACE('',(#559),#10119,.T.);
#10714=ADVANCED_FACE('',(#560),#10120,.T.);
#10715=ADVANCED_FACE('',(#561),#10121,.T.);
#10716=ADVANCED_FACE('',(#562),#10122,.T.);
#10717=ADVANCED_FACE('',(#563),#10123,.T.);
#10718=ADVANCED_FACE('',(#564),#10124,.T.);
#10719=ADVANCED_FACE('',(#565),#10125,.T.);
#10720=ADVANCED_FACE('',(#566),#10126,.T.);
#10721=ADVANCED_FACE('',(#567),#10127,.T.);
#10722=ADVANCED_FACE('',(#568),#10128,.T.);
#10723=ADVANCED_FACE('',(#569),#10129,.T.);
#10724=ADVANCED_FACE('',(#570),#10130,.T.);
#10725=ADVANCED_FACE('',(#571),#10131,.T.);
#10726=ADVANCED_FACE('',(#572),#10132,.T.);
#10727=ADVANCED_FACE('',(#573),#10133,.T.);
#10728=ADVANCED_FACE('',(#574),#10134,.T.);
#10729=ADVANCED_FACE('',(#575),#10135,.T.);
#10730=ADVANCED_FACE('',(#576),#10136,.T.);
#10731=ADVANCED_FACE('',(#577),#10137,.T.);
#10732=ADVANCED_FACE('',(#578),#10138,.T.);
#10733=ADVANCED_FACE('',(#579),#10139,.T.);
#10734=ADVANCED_FACE('',(#580),#10140,.T.);
#10735=ADVANCED_FACE('',(#581),#10141,.T.);
#10736=ADVANCED_FACE('',(#582),#10142,.T.);
#10737=ADVANCED_FACE('',(#583),#10143,.T.);
#10738=ADVANCED_FACE('',(#584),#10144,.T.);
#10739=ADVANCED_FACE('',(#585),#10145,.T.);
#10740=ADVANCED_FACE('',(#586),#10146,.T.);
#10741=ADVANCED_FACE('',(#587),#10147,.T.);
#10742=ADVANCED_FACE('',(#588),#10148,.T.);
#10743=ADVANCED_FACE('',(#589),#10149,.T.);
#10744=ADVANCED_FACE('',(#590),#10150,.T.);
#10745=ADVANCED_FACE('',(#591),#10151,.T.);
#10746=ADVANCED_FACE('',(#592),#10152,.T.);
#10747=ADVANCED_FACE('',(#593),#10153,.T.);
#10748=ADVANCED_FACE('',(#594),#10154,.T.);
#10749=ADVANCED_FACE('',(#595),#10155,.T.);
#10750=ADVANCED_FACE('',(#596),#10156,.T.);
#10751=ADVANCED_FACE('',(#597),#10157,.T.);
#10752=ADVANCED_FACE('',(#598),#10158,.T.);
#10753=ADVANCED_FACE('',(#599),#10159,.T.);
#10754=ADVANCED_FACE('',(#600),#10160,.T.);
#10755=ADVANCED_FACE('',(#601),#10161,.T.);
#10756=ADVANCED_FACE('',(#602),#10162,.T.);
#10757=ADVANCED_FACE('',(#603),#10163,.T.);
#10758=ADVANCED_FACE('',(#604),#10164,.T.);
#10759=ADVANCED_FACE('',(#605),#10165,.T.);
#10760=ADVANCED_FACE('',(#606),#10166,.T.);
#10761=ADVANCED_FACE('',(#607),#10167,.T.);
#10762=ADVANCED_FACE('',(#608),#10168,.T.);
#10763=ADVANCED_FACE('',(#609),#10169,.T.);
#10764=ADVANCED_FACE('',(#610),#10170,.T.);
#10765=ADVANCED_FACE('',(#611),#10171,.T.);
#10766=ADVANCED_FACE('',(#612),#10172,.T.);
#10767=ADVANCED_FACE('',(#613),#10173,.T.);
#10768=ADVANCED_FACE('',(#614),#10174,.T.);
#10769=ADVANCED_FACE('',(#615),#10175,.T.);
#10770=ADVANCED_FACE('',(#616),#10176,.T.);
#10771=ADVANCED_FACE('',(#617),#10177,.T.);
#10772=ADVANCED_FACE('',(#618),#10178,.T.);
#10773=CLOSED_SHELL('',(#10179,#10180,#10181,#10182,#10183,#10184,#10185,
#10186,#10187,#10188,#10189,#10190,#10191,#10192,#10193,#10194,#10195,#10196,
#10197,#10198,#10199,#10200,#10201,#10202,#10203,#10204,#10205,#10206,#10207,
#10208,#10209,#10210,#10211,#10212,#10213,#10214,#10215,#10216,#10217,#10218,
#10219,#10220,#10221,#10222,#10223,#10224,#10225,#10226,#10227,#10228,#10229,
#10230,#10231,#10232,#10233,#10234,#10235,#10236,#10237,#10238,#10239,#10240,
#10241,#10242,#10243,#10244,#10245,#10246,#10247,#10248,#10249,#10250,#10251,
#10252,#10253,#10254,#10255,#10256,#10257,#10258,#10259,#10260,#10261,#10262,
#10263,#10264,#10265,#10266,#10267,#10268,#10269,#10270,#10271,#10272,#10273,
#10274,#10275,#10276,#10277,#10278,#10279,#10280,#10281,#10282,#10283,#10284,
#10285,#10286,#10287,#10288,#10289,#10290,#10291,#10292,#10293,#10294,#10295,
#10296,#10297,#10298,#10299,#10300,#10301,#10302,#10303,#10304,#10305,#10306,
#10307,#10308,#10309,#10310,#10311,#10312,#10313,#10314,#10315,#10316,#10317,
#10318,#10319,#10320,#10321,#10322,#10323,#10324,#10325,#10326,#10327,#10328,
#10329,#10330,#10331,#10332,#10333,#10334,#10335,#10336,#10337,#10338,#10339,
#10340,#10341,#10342,#10343,#10344,#10345,#10346,#10347,#10348,#10349,#10350,
#10351,#10352,#10353,#10354,#10355,#10356,#10357,#10358,#10359,#10360,#10361,
#10362,#10363,#10364,#10365,#10366,#10367,#10368,#10369,#10370,#10371,#10372,
#10373,#10374,#10375,#10376,#10377,#10378,#10379,#10380,#10381,#10382,#10383,
#10384,#10385,#10386,#10387,#10388,#10389,#10390,#10391,#10392,#10393,#10394,
#10395,#10396,#10397,#10398,#10399,#10400,#10401,#10402,#10403,#10404,#10405,
#10406,#10407,#10408,#10409,#10410,#10411,#10412,#10413,#10414,#10415,#10416,
#10417,#10418,#10419,#10420,#10421,#10422,#10423,#10424,#10425,#10426,#10427,
#10428,#10429,#10430,#10431,#10432,#10433,#10434,#10435,#10436,#10437,#10438,
#10439,#10440,#10441,#10442,#10443,#10444,#10445,#10446,#10447,#10448,#10449,
#10450,#10451,#10452,#10453,#10454,#10455,#10456,#10457,#10458,#10459,#10460,
#10461,#10462,#10463,#10464,#10465,#10466,#10467,#10468,#10469,#10470,#10471,
#10472,#10473,#10474,#10475,#10476,#10477,#10478,#10479,#10480,#10481,#10482,
#10483,#10484,#10485,#10486,#10487,#10488,#10489,#10490,#10491,#10492,#10493,
#10494,#10495,#10496,#10497,#10498,#10499,#10500,#10501,#10502,#10503,#10504,
#10505,#10506,#10507,#10508,#10509,#10510,#10511,#10512,#10513,#10514,#10515,
#10516,#10517,#10518,#10519,#10520,#10521,#10522,#10523,#10524,#10525,#10526,
#10527,#10528,#10529,#10530,#10531,#10532,#10533,#10534,#10535,#10536,#10537,
#10538,#10539,#10540,#10541,#10542,#10543,#10544,#10545,#10546,#10547,#10548,
#10549,#10550,#10551,#10552,#10553,#10554,#10555,#10556,#10557,#10558,#10559,
#10560,#10561,#10562,#10563,#10564,#10565,#10566,#10567,#10568,#10569,#10570,
#10571,#10572,#10573,#10574,#10575,#10576,#10577,#10578,#10579,#10580,#10581,
#10582,#10583,#10584,#10585,#10586,#10587,#10588,#10589,#10590,#10591,#10592,
#10593,#10594,#10595,#10596,#10597,#10598,#10599,#10600,#10601,#10602,#10603,
#10604,#10605,#10606,#10607,#10608,#10609,#10610,#10611,#10612,#10613,#10614,
#10615,#10616,#10617,#10618,#10619,#10620,#10621,#10622,#10623,#10624,#10625,
#10626,#10627,#10628,#10629,#10630,#10631,#10632,#10633,#10634,#10635,#10636,
#10637,#10638,#10639,#10640,#10641,#10642,#10643,#10644,#10645,#10646,#10647,
#10648,#10649,#10650,#10651,#10652,#10653,#10654,#10655,#10656,#10657,#10658,
#10659,#10660,#10661,#10662,#10663,#10664,#10665,#10666,#10667,#10668,#10669,
#10670,#10671,#10672,#10673,#10674,#10675,#10676,#10677,#10678,#10679,#10680,
#10681,#10682,#10683,#10684,#10685,#10686,#10687,#10688,#10689,#10690,#10691,
#10692,#10693,#10694,#10695,#10696,#10697,#10698,#10699,#10700,#10701,#10702,
#10703,#10704,#10705,#10706,#10707,#10708,#10709,#10710,#10711,#10712,#10713,
#10714,#10715,#10716,#10717,#10718,#10719,#10720,#10721,#10722,#10723,#10724,
#10725,#10726,#10727,#10728,#10729,#10730,#10731,#10732,#10733,#10734,#10735,
#10736,#10737,#10738,#10739,#10740,#10741,#10742,#10743,#10744,#10745,#10746,
#10747,#10748,#10749,#10750,#10751,#10752,#10753,#10754,#10755,#10756,#10757,
#10758,#10759,#10760,#10761,#10762,#10763,#10764,#10765,#10766,#10767,#10768,
#10769,#10770,#10771,#10772));
#10774=DERIVED_UNIT_ELEMENT(#10776,1.);
#10775=DERIVED_UNIT_ELEMENT(#17051,-3.);
#10776=(
MASS_UNIT()
NAMED_UNIT(*)
SI_UNIT(.KILO.,.GRAM.)
);
#10777=DERIVED_UNIT((#10774,#10775));
#10778=MEASURE_REPRESENTATION_ITEM('density measure',
POSITIVE_RATIO_MEASURE(7850.),#10777);
#10779=PROPERTY_DEFINITION_REPRESENTATION(#10784,#10781);
#10780=PROPERTY_DEFINITION_REPRESENTATION(#10785,#10782);
#10781=REPRESENTATION('material name',(#10783),#17048);
#10782=REPRESENTATION('density',(#10778),#17048);
#10783=DESCRIPTIVE_REPRESENTATION_ITEM('A\X\E7o','A\X\E7o');
#10784=PROPERTY_DEFINITION('material property','material name',#17058);
#10785=PROPERTY_DEFINITION('material property','density of part',#17058);
#10786=AXIS2_PLACEMENT_3D('',#14065,#11381,#11382);
#10787=AXIS2_PLACEMENT_3D('',#14066,#11383,#11384);
#10788=AXIS2_PLACEMENT_3D('',#14075,#11389,#11390);
#10789=AXIS2_PLACEMENT_3D('',#14084,#11395,#11396);
#10790=AXIS2_PLACEMENT_3D('',#14091,#11400,#11401);
#10791=AXIS2_PLACEMENT_3D('',#14098,#11406,#11407);
#10792=AXIS2_PLACEMENT_3D('',#14107,#11412,#11413);
#10793=AXIS2_PLACEMENT_3D('',#14116,#11418,#11419);
#10794=AXIS2_PLACEMENT_3D('',#14125,#11424,#11425);
#10795=AXIS2_PLACEMENT_3D('',#14134,#11430,#11431);
#10796=AXIS2_PLACEMENT_3D('',#14141,#11435,#11436);
#10797=AXIS2_PLACEMENT_3D('',#14148,#11441,#11442);
#10798=AXIS2_PLACEMENT_3D('',#14157,#11447,#11448);
#10799=AXIS2_PLACEMENT_3D('',#14166,#11453,#11454);
#10800=AXIS2_PLACEMENT_3D('',#14201,#11472,#11473);
#10801=AXIS2_PLACEMENT_3D('',#14236,#11491,#11492);
#10802=AXIS2_PLACEMENT_3D('',#14268,#11509,#11510);
#10803=AXIS2_PLACEMENT_3D('',#14300,#11527,#11528);
#10804=AXIS2_PLACEMENT_3D('',#14335,#11546,#11547);
#10805=AXIS2_PLACEMENT_3D('',#14370,#11565,#11566);
#10806=AXIS2_PLACEMENT_3D('',#14405,#11584,#11585);
#10807=AXIS2_PLACEMENT_3D('',#14440,#11603,#11604);
#10808=AXIS2_PLACEMENT_3D('',#14475,#11622,#11623);
#10809=AXIS2_PLACEMENT_3D('',#14510,#11641,#11642);
#10810=AXIS2_PLACEMENT_3D('',#14542,#11659,#11660);
#10811=AXIS2_PLACEMENT_3D('',#14574,#11677,#11678);
#10812=AXIS2_PLACEMENT_3D('',#14609,#11696,#11697);
#10813=AXIS2_PLACEMENT_3D('',#14644,#11715,#11716);
#10814=AXIS2_PLACEMENT_3D('',#14821,#11809,#11810);
#10815=AXIS2_PLACEMENT_3D('',#14856,#11828,#11829);
#10816=AXIS2_PLACEMENT_3D('',#14891,#11847,#11848);
#10817=AXIS2_PLACEMENT_3D('',#14894,#11851,#11852);
#10818=AXIS2_PLACEMENT_3D('',#14896,#11854,#11855);
#10819=AXIS2_PLACEMENT_3D('',#14898,#11857,#11858);
#10820=AXIS2_PLACEMENT_3D('',#14900,#11860,#11861);
#10821=AXIS2_PLACEMENT_3D('',#14904,#11865,#11866);
#10822=AXIS2_PLACEMENT_3D('',#14907,#11869,#11870);
#10823=AXIS2_PLACEMENT_3D('',#14909,#11872,#11873);
#10824=AXIS2_PLACEMENT_3D('',#14912,#11876,#11877);
#10825=AXIS2_PLACEMENT_3D('',#14916,#11881,#11882);
#10826=AXIS2_PLACEMENT_3D('',#14918,#11884,#11885);
#10827=AXIS2_PLACEMENT_3D('',#14921,#11888,#11889);
#10828=AXIS2_PLACEMENT_3D('',#14923,#11891,#11892);
#10829=AXIS2_PLACEMENT_3D('',#14926,#11895,#11896);
#10830=AXIS2_PLACEMENT_3D('',#14930,#11900,#11901);
#10831=AXIS2_PLACEMENT_3D('',#14932,#11903,#11904);
#10832=AXIS2_PLACEMENT_3D('',#14936,#11908,#11909);
#10833=AXIS2_PLACEMENT_3D('',#14939,#11912,#11913);
#10834=AXIS2_PLACEMENT_3D('',#14941,#11915,#11916);
#10835=AXIS2_PLACEMENT_3D('',#14944,#11919,#11920);
#10836=AXIS2_PLACEMENT_3D('',#14946,#11922,#11923);
#10837=AXIS2_PLACEMENT_3D('',#14948,#11925,#11926);
#10838=AXIS2_PLACEMENT_3D('',#14950,#11928,#11929);
#10839=AXIS2_PLACEMENT_3D('',#14952,#11931,#11932);
#10840=AXIS2_PLACEMENT_3D('',#14953,#11933,#11934);
#10841=AXIS2_PLACEMENT_3D('',#14955,#11936,#11937);
#10842=AXIS2_PLACEMENT_3D('',#14957,#11939,#11940);
#10843=AXIS2_PLACEMENT_3D('',#14959,#11942,#11943);
#10844=AXIS2_PLACEMENT_3D('',#14961,#11945,#11946);
#10845=AXIS2_PLACEMENT_3D('',#14965,#11950,#11951);
#10846=AXIS2_PLACEMENT_3D('',#14968,#11954,#11955);
#10847=AXIS2_PLACEMENT_3D('',#14970,#11957,#11958);
#10848=AXIS2_PLACEMENT_3D('',#14973,#11961,#11962);
#10849=AXIS2_PLACEMENT_3D('',#14977,#11966,#11967);
#10850=AXIS2_PLACEMENT_3D('',#14979,#11969,#11970);
#10851=AXIS2_PLACEMENT_3D('',#14981,#11972,#11973);
#10852=AXIS2_PLACEMENT_3D('',#14983,#11975,#11976);
#10853=AXIS2_PLACEMENT_3D('',#14985,#11978,#11979);
#10854=AXIS2_PLACEMENT_3D('',#14991,#11983,#11984);
#10855=AXIS2_PLACEMENT_3D('',#15029,#12004,#12005);
#10856=AXIS2_PLACEMENT_3D('',#15031,#12007,#12008);
#10857=AXIS2_PLACEMENT_3D('',#15033,#12010,#12011);
#10858=AXIS2_PLACEMENT_3D('',#15035,#12013,#12014);
#10859=AXIS2_PLACEMENT_3D('',#15037,#12016,#12017);
#10860=AXIS2_PLACEMENT_3D('',#15041,#12020,#12021);
#10861=AXIS2_PLACEMENT_3D('',#15043,#12023,#12024);
#10862=AXIS2_PLACEMENT_3D('',#15047,#12027,#12028);
#10863=AXIS2_PLACEMENT_3D('',#15049,#12030,#12031);
#10864=AXIS2_PLACEMENT_3D('',#15051,#12033,#12034);
#10865=AXIS2_PLACEMENT_3D('',#15055,#12037,#12038);
#10866=AXIS2_PLACEMENT_3D('',#15057,#12040,#12041);
#10867=AXIS2_PLACEMENT_3D('',#15061,#12044,#12045);
#10868=AXIS2_PLACEMENT_3D('',#15067,#12049,#12050);
#10869=AXIS2_PLACEMENT_3D('',#15071,#12054,#12055);
#10870=AXIS2_PLACEMENT_3D('',#15072,#12056,#12057);
#10871=AXIS2_PLACEMENT_3D('',#15073,#12058,#12059);
#10872=AXIS2_PLACEMENT_3D('',#15076,#12062,#12063);
#10873=AXIS2_PLACEMENT_3D('',#15077,#12064,#12065);
#10874=AXIS2_PLACEMENT_3D('',#15128,#12091,#12092);
#10875=AXIS2_PLACEMENT_3D('',#15131,#12095,#12096);
#10876=AXIS2_PLACEMENT_3D('',#15134,#12099,#12100);
#10877=AXIS2_PLACEMENT_3D('',#15136,#12102,#12103);
#10878=AXIS2_PLACEMENT_3D('',#15139,#12106,#12107);
#10879=AXIS2_PLACEMENT_3D('',#15140,#12108,#12109);
#10880=AXIS2_PLACEMENT_3D('',#15143,#12112,#12113);
#10881=AXIS2_PLACEMENT_3D('',#15144,#12114,#12115);
#10882=AXIS2_PLACEMENT_3D('',#15146,#12117,#12118);
#10883=AXIS2_PLACEMENT_3D('',#15148,#12120,#12121);
#10884=AXIS2_PLACEMENT_3D('',#15150,#12123,#12124);
#10885=AXIS2_PLACEMENT_3D('',#15152,#12126,#12127);
#10886=AXIS2_PLACEMENT_3D('',#15154,#12129,#12130);
#10887=AXIS2_PLACEMENT_3D('',#15156,#12132,#12133);
#10888=AXIS2_PLACEMENT_3D('',#15158,#12135,#12136);
#10889=AXIS2_PLACEMENT_3D('',#15160,#12138,#12139);
#10890=AXIS2_PLACEMENT_3D('',#15163,#12142,#12143);
#10891=AXIS2_PLACEMENT_3D('',#15164,#12144,#12145);
#10892=AXIS2_PLACEMENT_3D('',#15167,#12148,#12149);
#10893=AXIS2_PLACEMENT_3D('',#15168,#12150,#12151);
#10894=AXIS2_PLACEMENT_3D('',#15171,#12154,#12155);
#10895=AXIS2_PLACEMENT_3D('',#15172,#12156,#12157);
#10896=AXIS2_PLACEMENT_3D('',#15175,#12160,#12161);
#10897=AXIS2_PLACEMENT_3D('',#15176,#12162,#12163);
#10898=AXIS2_PLACEMENT_3D('',#15179,#12166,#12167);
#10899=AXIS2_PLACEMENT_3D('',#15180,#12168,#12169);
#10900=AXIS2_PLACEMENT_3D('',#15183,#12172,#12173);
#10901=AXIS2_PLACEMENT_3D('',#15184,#12174,#12175);
#10902=AXIS2_PLACEMENT_3D('',#15187,#12178,#12179);
#10903=AXIS2_PLACEMENT_3D('',#15188,#12180,#12181);
#10904=AXIS2_PLACEMENT_3D('',#15191,#12184,#12185);
#10905=AXIS2_PLACEMENT_3D('',#15192,#12186,#12187);
#10906=AXIS2_PLACEMENT_3D('',#15195,#12190,#12191);
#10907=AXIS2_PLACEMENT_3D('',#15196,#12192,#12193);
#10908=AXIS2_PLACEMENT_3D('',#15199,#12196,#12197);
#10909=AXIS2_PLACEMENT_3D('',#15201,#12199,#12200);
#10910=AXIS2_PLACEMENT_3D('',#15204,#12203,#12204);
#10911=AXIS2_PLACEMENT_3D('',#15207,#12207,#12208);
#10912=AXIS2_PLACEMENT_3D('',#15208,#12209,#12210);
#10913=AXIS2_PLACEMENT_3D('',#15209,#12211,#12212);
#10914=AXIS2_PLACEMENT_3D('',#15212,#12215,#12216);
#10915=AXIS2_PLACEMENT_3D('',#15213,#12217,#12218);
#10916=AXIS2_PLACEMENT_3D('',#15216,#12221,#12222);
#10917=AXIS2_PLACEMENT_3D('',#15217,#12223,#12224);
#10918=AXIS2_PLACEMENT_3D('',#15220,#12227,#12228);
#10919=AXIS2_PLACEMENT_3D('',#15221,#12229,#12230);
#10920=AXIS2_PLACEMENT_3D('',#15223,#12232,#12233);
#10921=AXIS2_PLACEMENT_3D('',#15224,#12234,#12235);
#10922=AXIS2_PLACEMENT_3D('',#15225,#12236,#12237);
#10923=AXIS2_PLACEMENT_3D('',#15226,#12238,#12239);
#10924=AXIS2_PLACEMENT_3D('',#15232,#12243,#12244);
#10925=AXIS2_PLACEMENT_3D('',#15270,#12264,#12265);
#10926=AXIS2_PLACEMENT_3D('',#15272,#12267,#12268);
#10927=AXIS2_PLACEMENT_3D('',#15274,#12270,#12271);
#10928=AXIS2_PLACEMENT_3D('',#15276,#12273,#12274);
#10929=AXIS2_PLACEMENT_3D('',#15278,#12276,#12277);
#10930=AXIS2_PLACEMENT_3D('',#15282,#12280,#12281);
#10931=AXIS2_PLACEMENT_3D('',#15284,#12283,#12284);
#10932=AXIS2_PLACEMENT_3D('',#15288,#12287,#12288);
#10933=AXIS2_PLACEMENT_3D('',#15290,#12290,#12291);
#10934=AXIS2_PLACEMENT_3D('',#15292,#12293,#12294);
#10935=AXIS2_PLACEMENT_3D('',#15296,#12297,#12298);
#10936=AXIS2_PLACEMENT_3D('',#15298,#12300,#12301);
#10937=AXIS2_PLACEMENT_3D('',#15302,#12304,#12305);
#10938=AXIS2_PLACEMENT_3D('',#15308,#12309,#12310);
#10939=AXIS2_PLACEMENT_3D('',#15312,#12314,#12315);
#10940=AXIS2_PLACEMENT_3D('',#15313,#12316,#12317);
#10941=AXIS2_PLACEMENT_3D('',#15314,#12318,#12319);
#10942=AXIS2_PLACEMENT_3D('',#15317,#12322,#12323);
#10943=AXIS2_PLACEMENT_3D('',#15318,#12324,#12325);
#10944=AXIS2_PLACEMENT_3D('',#15369,#12351,#12352);
#10945=AXIS2_PLACEMENT_3D('',#15372,#12355,#12356);
#10946=AXIS2_PLACEMENT_3D('',#15375,#12359,#12360);
#10947=AXIS2_PLACEMENT_3D('',#15377,#12362,#12363);
#10948=AXIS2_PLACEMENT_3D('',#15380,#12366,#12367);
#10949=AXIS2_PLACEMENT_3D('',#15381,#12368,#12369);
#10950=AXIS2_PLACEMENT_3D('',#15384,#12372,#12373);
#10951=AXIS2_PLACEMENT_3D('',#15385,#12374,#12375);
#10952=AXIS2_PLACEMENT_3D('',#15387,#12377,#12378);
#10953=AXIS2_PLACEMENT_3D('',#15389,#12380,#12381);
#10954=AXIS2_PLACEMENT_3D('',#15391,#12383,#12384);
#10955=AXIS2_PLACEMENT_3D('',#15393,#12386,#12387);
#10956=AXIS2_PLACEMENT_3D('',#15395,#12389,#12390);
#10957=AXIS2_PLACEMENT_3D('',#15397,#12392,#12393);
#10958=AXIS2_PLACEMENT_3D('',#15399,#12395,#12396);
#10959=AXIS2_PLACEMENT_3D('',#15401,#12398,#12399);
#10960=AXIS2_PLACEMENT_3D('',#15404,#12402,#12403);
#10961=AXIS2_PLACEMENT_3D('',#15405,#12404,#12405);
#10962=AXIS2_PLACEMENT_3D('',#15408,#12408,#12409);
#10963=AXIS2_PLACEMENT_3D('',#15409,#12410,#12411);
#10964=AXIS2_PLACEMENT_3D('',#15412,#12414,#12415);
#10965=AXIS2_PLACEMENT_3D('',#15413,#12416,#12417);
#10966=AXIS2_PLACEMENT_3D('',#15416,#12420,#12421);
#10967=AXIS2_PLACEMENT_3D('',#15417,#12422,#12423);
#10968=AXIS2_PLACEMENT_3D('',#15420,#12426,#12427);
#10969=AXIS2_PLACEMENT_3D('',#15421,#12428,#12429);
#10970=AXIS2_PLACEMENT_3D('',#15424,#12432,#12433);
#10971=AXIS2_PLACEMENT_3D('',#15425,#12434,#12435);
#10972=AXIS2_PLACEMENT_3D('',#15428,#12438,#12439);
#10973=AXIS2_PLACEMENT_3D('',#15429,#12440,#12441);
#10974=AXIS2_PLACEMENT_3D('',#15432,#12444,#12445);
#10975=AXIS2_PLACEMENT_3D('',#15433,#12446,#12447);
#10976=AXIS2_PLACEMENT_3D('',#15436,#12450,#12451);
#10977=AXIS2_PLACEMENT_3D('',#15437,#12452,#12453);
#10978=AXIS2_PLACEMENT_3D('',#15440,#12456,#12457);
#10979=AXIS2_PLACEMENT_3D('',#15442,#12459,#12460);
#10980=AXIS2_PLACEMENT_3D('',#15445,#12463,#12464);
#10981=AXIS2_PLACEMENT_3D('',#15448,#12467,#12468);
#10982=AXIS2_PLACEMENT_3D('',#15449,#12469,#12470);
#10983=AXIS2_PLACEMENT_3D('',#15450,#12471,#12472);
#10984=AXIS2_PLACEMENT_3D('',#15453,#12475,#12476);
#10985=AXIS2_PLACEMENT_3D('',#15454,#12477,#12478);
#10986=AXIS2_PLACEMENT_3D('',#15457,#12481,#12482);
#10987=AXIS2_PLACEMENT_3D('',#15458,#12483,#12484);
#10988=AXIS2_PLACEMENT_3D('',#15461,#12487,#12488);
#10989=AXIS2_PLACEMENT_3D('',#15462,#12489,#12490);
#10990=AXIS2_PLACEMENT_3D('',#15464,#12492,#12493);
#10991=AXIS2_PLACEMENT_3D('',#15465,#12494,#12495);
#10992=AXIS2_PLACEMENT_3D('',#15466,#12496,#12497);
#10993=AXIS2_PLACEMENT_3D('',#15467,#12498,#12499);
#10994=AXIS2_PLACEMENT_3D('',#15483,#12508,#12509);
#10995=AXIS2_PLACEMENT_3D('',#15509,#12523,#12524);
#10996=AXIS2_PLACEMENT_3D('',#15535,#12538,#12539);
#10997=AXIS2_PLACEMENT_3D('',#15561,#12553,#12554);
#10998=AXIS2_PLACEMENT_3D('',#15577,#12563,#12564);
#10999=AXIS2_PLACEMENT_3D('',#15583,#12568,#12569);
#11000=AXIS2_PLACEMENT_3D('',#15592,#12575,#12576);
#11001=AXIS2_PLACEMENT_3D('',#15624,#12593,#12594);
#11002=AXIS2_PLACEMENT_3D('',#15630,#12598,#12599);
#11003=AXIS2_PLACEMENT_3D('',#15632,#12601,#12602);
#11004=AXIS2_PLACEMENT_3D('',#15634,#12604,#12605);
#11005=AXIS2_PLACEMENT_3D('',#15639,#12609,#12610);
#11006=AXIS2_PLACEMENT_3D('',#15640,#12611,#12612);
#11007=AXIS2_PLACEMENT_3D('',#15644,#12615,#12616);
#11008=AXIS2_PLACEMENT_3D('',#15649,#12620,#12621);
#11009=AXIS2_PLACEMENT_3D('',#15650,#12622,#12623);
#11010=AXIS2_PLACEMENT_3D('',#15654,#12626,#12627);
#11011=AXIS2_PLACEMENT_3D('',#15656,#12629,#12630);
#11012=AXIS2_PLACEMENT_3D('',#15658,#12632,#12633);
#11013=AXIS2_PLACEMENT_3D('',#15662,#12636,#12637);
#11014=AXIS2_PLACEMENT_3D('',#15664,#12639,#12640);
#11015=AXIS2_PLACEMENT_3D('',#15668,#12643,#12644);
#11016=AXIS2_PLACEMENT_3D('',#15670,#12646,#12647);
#11017=AXIS2_PLACEMENT_3D('',#15704,#12665,#12666);
#11018=AXIS2_PLACEMENT_3D('',#15713,#12672,#12673);
#11019=AXIS2_PLACEMENT_3D('',#15722,#12679,#12680);
#11020=AXIS2_PLACEMENT_3D('',#15725,#12683,#12684);
#11021=AXIS2_PLACEMENT_3D('',#15791,#12718,#12719);
#11022=AXIS2_PLACEMENT_3D('',#15797,#12723,#12724);
#11023=AXIS2_PLACEMENT_3D('',#15799,#12726,#12727);
#11024=AXIS2_PLACEMENT_3D('',#15801,#12729,#12730);
#11025=AXIS2_PLACEMENT_3D('',#15805,#12733,#12734);
#11026=AXIS2_PLACEMENT_3D('',#15819,#12743,#12744);
#11027=AXIS2_PLACEMENT_3D('',#15823,#12747,#12748);
#11028=AXIS2_PLACEMENT_3D('',#15825,#12750,#12751);
#11029=AXIS2_PLACEMENT_3D('',#15827,#12753,#12754);
#11030=AXIS2_PLACEMENT_3D('',#15831,#12757,#12758);
#11031=AXIS2_PLACEMENT_3D('',#15833,#12760,#12761);
#11032=AXIS2_PLACEMENT_3D('',#15835,#12763,#12764);
#11033=AXIS2_PLACEMENT_3D('',#15839,#12767,#12768);
#11034=AXIS2_PLACEMENT_3D('',#15845,#12773,#12774);
#11035=AXIS2_PLACEMENT_3D('',#15849,#12777,#12778);
#11036=AXIS2_PLACEMENT_3D('',#15851,#12780,#12781);
#11037=AXIS2_PLACEMENT_3D('',#15853,#12783,#12784);
#11038=AXIS2_PLACEMENT_3D('',#15857,#12787,#12788);
#11039=AXIS2_PLACEMENT_3D('',#15859,#12790,#12791);
#11040=AXIS2_PLACEMENT_3D('',#15868,#12796,#12797);
#11041=AXIS2_PLACEMENT_3D('',#15875,#12801,#12802);
#11042=AXIS2_PLACEMENT_3D('',#15888,#12810,#12811);
#11043=AXIS2_PLACEMENT_3D('',#15896,#12816,#12817);
#11044=AXIS2_PLACEMENT_3D('',#15900,#12820,#12821);
#11045=AXIS2_PLACEMENT_3D('',#15913,#12829,#12830);
#11046=AXIS2_PLACEMENT_3D('',#15921,#12835,#12836);
#11047=AXIS2_PLACEMENT_3D('',#15925,#12839,#12840);
#11048=AXIS2_PLACEMENT_3D('',#15938,#12848,#12849);
#11049=AXIS2_PLACEMENT_3D('',#15946,#12854,#12855);
#11050=AXIS2_PLACEMENT_3D('',#15950,#12858,#12859);
#11051=AXIS2_PLACEMENT_3D('',#15963,#12867,#12868);
#11052=AXIS2_PLACEMENT_3D('',#15967,#12871,#12872);
#11053=AXIS2_PLACEMENT_3D('',#15973,#12876,#12877);
#11054=AXIS2_PLACEMENT_3D('',#15982,#12882,#12883);
#11055=AXIS2_PLACEMENT_3D('',#15989,#12887,#12888);
#11056=AXIS2_PLACEMENT_3D('',#16002,#12896,#12897);
#11057=AXIS2_PLACEMENT_3D('',#16010,#12902,#12903);
#11058=AXIS2_PLACEMENT_3D('',#16014,#12906,#12907);
#11059=AXIS2_PLACEMENT_3D('',#16027,#12915,#12916);
#11060=AXIS2_PLACEMENT_3D('',#16035,#12921,#12922);
#11061=AXIS2_PLACEMENT_3D('',#16039,#12925,#12926);
#11062=AXIS2_PLACEMENT_3D('',#16052,#12934,#12935);
#11063=AXIS2_PLACEMENT_3D('',#16060,#12940,#12941);
#11064=AXIS2_PLACEMENT_3D('',#16064,#12944,#12945);
#11065=AXIS2_PLACEMENT_3D('',#16077,#12953,#12954);
#11066=AXIS2_PLACEMENT_3D('',#16085,#12959,#12960);
#11067=AXIS2_PLACEMENT_3D('',#16093,#12965,#12966);
#11068=AXIS2_PLACEMENT_3D('',#16095,#12968,#12969);
#11069=AXIS2_PLACEMENT_3D('',#16101,#12973,#12974);
#11070=AXIS2_PLACEMENT_3D('',#16107,#12978,#12979);
#11071=AXIS2_PLACEMENT_3D('',#16113,#12983,#12984);
#11072=AXIS2_PLACEMENT_3D('',#16119,#12988,#12989);
#11073=AXIS2_PLACEMENT_3D('',#16125,#12993,#12994);
#11074=AXIS2_PLACEMENT_3D('',#16133,#12999,#13000);
#11075=AXIS2_PLACEMENT_3D('',#16139,#13004,#13005);
#11076=AXIS2_PLACEMENT_3D('',#16145,#13009,#13010);
#11077=AXIS2_PLACEMENT_3D('',#16151,#13014,#13015);
#11078=AXIS2_PLACEMENT_3D('',#16157,#13019,#13020);
#11079=AXIS2_PLACEMENT_3D('',#16163,#13024,#13025);
#11080=AXIS2_PLACEMENT_3D('',#16167,#13028,#13029);
#11081=AXIS2_PLACEMENT_3D('',#16169,#13031,#13032);
#11082=AXIS2_PLACEMENT_3D('',#16173,#13035,#13036);
#11083=AXIS2_PLACEMENT_3D('',#16175,#13038,#13039);
#11084=AXIS2_PLACEMENT_3D('',#16179,#13042,#13043);
#11085=AXIS2_PLACEMENT_3D('',#16181,#13045,#13046);
#11086=AXIS2_PLACEMENT_3D('',#16186,#13050,#13051);
#11087=AXIS2_PLACEMENT_3D('',#16187,#13052,#13053);
#11088=AXIS2_PLACEMENT_3D('',#16193,#13057,#13058);
#11089=AXIS2_PLACEMENT_3D('',#16195,#13060,#13061);
#11090=AXIS2_PLACEMENT_3D('',#16197,#13063,#13064);
#11091=AXIS2_PLACEMENT_3D('',#16258,#13096,#13097);
#11092=AXIS2_PLACEMENT_3D('',#16264,#13101,#13102);
#11093=AXIS2_PLACEMENT_3D('',#16266,#13104,#13105);
#11094=AXIS2_PLACEMENT_3D('',#16268,#13107,#13108);
#11095=AXIS2_PLACEMENT_3D('',#16271,#13111,#13112);
#11096=AXIS2_PLACEMENT_3D('',#16272,#13113,#13114);
#11097=AXIS2_PLACEMENT_3D('',#16274,#13116,#13117);
#11098=AXIS2_PLACEMENT_3D('',#16278,#13120,#13121);
#11099=AXIS2_PLACEMENT_3D('',#16281,#13124,#13125);
#11100=AXIS2_PLACEMENT_3D('',#16282,#13126,#13127);
#11101=AXIS2_PLACEMENT_3D('',#16285,#13130,#13131);
#11102=AXIS2_PLACEMENT_3D('',#16286,#13132,#13133);
#11103=AXIS2_PLACEMENT_3D('',#16289,#13136,#13137);
#11104=AXIS2_PLACEMENT_3D('',#16290,#13138,#13139);
#11105=AXIS2_PLACEMENT_3D('',#16293,#13142,#13143);
#11106=AXIS2_PLACEMENT_3D('',#16294,#13144,#13145);
#11107=AXIS2_PLACEMENT_3D('',#16297,#13148,#13149);
#11108=AXIS2_PLACEMENT_3D('',#16298,#13150,#13151);
#11109=AXIS2_PLACEMENT_3D('',#16301,#13154,#13155);
#11110=AXIS2_PLACEMENT_3D('',#16303,#13157,#13158);
#11111=AXIS2_PLACEMENT_3D('',#16304,#13159,#13160);
#11112=AXIS2_PLACEMENT_3D('',#16307,#13163,#13164);
#11113=AXIS2_PLACEMENT_3D('',#16308,#13165,#13166);
#11114=AXIS2_PLACEMENT_3D('',#16311,#13169,#13170);
#11115=AXIS2_PLACEMENT_3D('',#16312,#13171,#13172);
#11116=AXIS2_PLACEMENT_3D('',#16315,#13175,#13176);
#11117=AXIS2_PLACEMENT_3D('',#16316,#13177,#13178);
#11118=AXIS2_PLACEMENT_3D('',#16319,#13181,#13182);
#11119=AXIS2_PLACEMENT_3D('',#16320,#13183,#13184);
#11120=AXIS2_PLACEMENT_3D('',#16321,#13185,#13186);
#11121=AXIS2_PLACEMENT_3D('',#16323,#13188,#13189);
#11122=AXIS2_PLACEMENT_3D('',#16330,#13194,#13195);
#11123=AXIS2_PLACEMENT_3D('',#16337,#13200,#13201);
#11124=AXIS2_PLACEMENT_3D('',#16339,#13203,#13204);
#11125=AXIS2_PLACEMENT_3D('',#16342,#13207,#13208);
#11126=AXIS2_PLACEMENT_3D('',#16344,#13210,#13211);
#11127=AXIS2_PLACEMENT_3D('',#16348,#13214,#13215);
#11128=AXIS2_PLACEMENT_3D('',#16352,#13218,#13219);
#11129=AXIS2_PLACEMENT_3D('',#16355,#13222,#13223);
#11130=AXIS2_PLACEMENT_3D('',#16357,#13225,#13226);
#11131=AXIS2_PLACEMENT_3D('',#16358,#13227,#13228);
#11132=AXIS2_PLACEMENT_3D('',#16360,#13230,#13231);
#11133=AXIS2_PLACEMENT_3D('',#16362,#13233,#13234);
#11134=AXIS2_PLACEMENT_3D('',#16364,#13236,#13237);
#11135=AXIS2_PLACEMENT_3D('',#16365,#13238,#13239);
#11136=AXIS2_PLACEMENT_3D('',#16367,#13241,#13242);
#11137=AXIS2_PLACEMENT_3D('',#16369,#13244,#13245);
#11138=AXIS2_PLACEMENT_3D('',#16371,#13247,#13248);
#11139=AXIS2_PLACEMENT_3D('',#16373,#13250,#13251);
#11140=AXIS2_PLACEMENT_3D('',#16379,#13255,#13256);
#11141=AXIS2_PLACEMENT_3D('',#16383,#13259,#13260);
#11142=AXIS2_PLACEMENT_3D('',#16386,#13263,#13264);
#11143=AXIS2_PLACEMENT_3D('',#16389,#13267,#13268);
#11144=AXIS2_PLACEMENT_3D('',#16391,#13270,#13271);
#11145=AXIS2_PLACEMENT_3D('',#16393,#13273,#13274);
#11146=AXIS2_PLACEMENT_3D('',#16396,#13277,#13278);
#11147=AXIS2_PLACEMENT_3D('',#16397,#13279,#13280);
#11148=AXIS2_PLACEMENT_3D('',#16399,#13282,#13283);
#11149=AXIS2_PLACEMENT_3D('',#16402,#13286,#13287);
#11150=AXIS2_PLACEMENT_3D('',#16404,#13289,#13290);
#11151=AXIS2_PLACEMENT_3D('',#16406,#13292,#13293);
#11152=AXIS2_PLACEMENT_3D('',#16408,#13295,#13296);
#11153=AXIS2_PLACEMENT_3D('',#16410,#13298,#13299);
#11154=AXIS2_PLACEMENT_3D('',#16413,#13302,#13303);
#11155=AXIS2_PLACEMENT_3D('',#16415,#13305,#13306);
#11156=AXIS2_PLACEMENT_3D('',#16416,#13307,#13308);
#11157=AXIS2_PLACEMENT_3D('',#16417,#13309,#13310);
#11158=AXIS2_PLACEMENT_3D('',#16419,#13312,#13313);
#11159=AXIS2_PLACEMENT_3D('',#16421,#13315,#13316);
#11160=AXIS2_PLACEMENT_3D('',#16423,#13318,#13319);
#11161=AXIS2_PLACEMENT_3D('',#16425,#13321,#13322);
#11162=AXIS2_PLACEMENT_3D('',#16431,#13326,#13327);
#11163=AXIS2_PLACEMENT_3D('',#16435,#13330,#13331);
#11164=AXIS2_PLACEMENT_3D('',#16439,#13334,#13335);
#11165=AXIS2_PLACEMENT_3D('',#16443,#13338,#13339);
#11166=AXIS2_PLACEMENT_3D('',#16447,#13342,#13343);
#11167=AXIS2_PLACEMENT_3D('',#16450,#13346,#13347);
#11168=AXIS2_PLACEMENT_3D('',#16454,#13350,#13351);
#11169=AXIS2_PLACEMENT_3D('',#16455,#13352,#13353);
#11170=AXIS2_PLACEMENT_3D('',#16459,#13356,#13357);
#11171=AXIS2_PLACEMENT_3D('',#16462,#13360,#13361);
#11172=AXIS2_PLACEMENT_3D('',#16466,#13364,#13365);
#11173=AXIS2_PLACEMENT_3D('',#16467,#13366,#13367);
#11174=AXIS2_PLACEMENT_3D('',#16469,#13369,#13370);
#11175=AXIS2_PLACEMENT_3D('',#16475,#13374,#13375);
#11176=AXIS2_PLACEMENT_3D('',#16478,#13378,#13379);
#11177=AXIS2_PLACEMENT_3D('',#16480,#13381,#13382);
#11178=AXIS2_PLACEMENT_3D('',#16484,#13386,#13387);
#11179=AXIS2_PLACEMENT_3D('',#16485,#13388,#13389);
#11180=AXIS2_PLACEMENT_3D('',#16487,#13391,#13392);
#11181=AXIS2_PLACEMENT_3D('',#16489,#13394,#13395);
#11182=AXIS2_PLACEMENT_3D('',#16490,#13396,#13397);
#11183=AXIS2_PLACEMENT_3D('',#16496,#13401,#13402);
#11184=AXIS2_PLACEMENT_3D('',#16498,#13404,#13405);
#11185=AXIS2_PLACEMENT_3D('',#16500,#13407,#13408);
#11186=AXIS2_PLACEMENT_3D('',#16502,#13410,#13411);
#11187=AXIS2_PLACEMENT_3D('',#16504,#13413,#13414);
#11188=AXIS2_PLACEMENT_3D('',#16506,#13416,#13417);
#11189=AXIS2_PLACEMENT_3D('',#16507,#13418,#13419);
#11190=AXIS2_PLACEMENT_3D('',#16519,#13427,#13428);
#11191=AXIS2_PLACEMENT_3D('',#16522,#13431,#13432);
#11192=AXIS2_PLACEMENT_3D('',#16524,#13434,#13435);
#11193=AXIS2_PLACEMENT_3D('',#16526,#13437,#13438);
#11194=AXIS2_PLACEMENT_3D('',#16528,#13440,#13441);
#11195=AXIS2_PLACEMENT_3D('',#16529,#13442,#13443);
#11196=AXIS2_PLACEMENT_3D('',#16530,#13444,#13445);
#11197=AXIS2_PLACEMENT_3D('',#16533,#13448,#13449);
#11198=AXIS2_PLACEMENT_3D('',#16535,#13451,#13452);
#11199=AXIS2_PLACEMENT_3D('',#16537,#13454,#13455);
#11200=AXIS2_PLACEMENT_3D('',#16539,#13457,#13458);
#11201=AXIS2_PLACEMENT_3D('',#16540,#13459,#13460);
#11202=AXIS2_PLACEMENT_3D('',#16541,#13461,#13462);
#11203=AXIS2_PLACEMENT_3D('',#16542,#13463,#13464);
#11204=AXIS2_PLACEMENT_3D('',#16543,#13465,#13466);
#11205=AXIS2_PLACEMENT_3D('',#16547,#13469,#13470);
#11206=AXIS2_PLACEMENT_3D('',#16552,#13474,#13475);
#11207=AXIS2_PLACEMENT_3D('',#16554,#13477,#13478);
#11208=AXIS2_PLACEMENT_3D('',#16560,#13482,#13483);
#11209=AXIS2_PLACEMENT_3D('',#16563,#13486,#13487);
#11210=AXIS2_PLACEMENT_3D('',#16569,#13491,#13492);
#11211=AXIS2_PLACEMENT_3D('',#16571,#13494,#13495);
#11212=AXIS2_PLACEMENT_3D('',#16573,#13497,#13498);
#11213=AXIS2_PLACEMENT_3D('',#16577,#13501,#13502);
#11214=AXIS2_PLACEMENT_3D('',#16579,#13504,#13505);
#11215=AXIS2_PLACEMENT_3D('',#16583,#13508,#13509);
#11216=AXIS2_PLACEMENT_3D('',#16585,#13511,#13512);
#11217=AXIS2_PLACEMENT_3D('',#16589,#13515,#13516);
#11218=AXIS2_PLACEMENT_3D('',#16591,#13518,#13519);
#11219=AXIS2_PLACEMENT_3D('',#16595,#13522,#13523);
#11220=AXIS2_PLACEMENT_3D('',#16597,#13525,#13526);
#11221=AXIS2_PLACEMENT_3D('',#16601,#13529,#13530);
#11222=AXIS2_PLACEMENT_3D('',#16604,#13533,#13534);
#11223=AXIS2_PLACEMENT_3D('',#16608,#13537,#13538);
#11224=AXIS2_PLACEMENT_3D('',#16610,#13540,#13541);
#11225=AXIS2_PLACEMENT_3D('',#16612,#13543,#13544);
#11226=AXIS2_PLACEMENT_3D('',#16616,#13547,#13548);
#11227=AXIS2_PLACEMENT_3D('',#16618,#13550,#13551);
#11228=AXIS2_PLACEMENT_3D('',#16622,#13554,#13555);
#11229=AXIS2_PLACEMENT_3D('',#16624,#13557,#13558);
#11230=AXIS2_PLACEMENT_3D('',#16635,#13565,#13566);
#11231=AXIS2_PLACEMENT_3D('',#16639,#13569,#13570);
#11232=AXIS2_PLACEMENT_3D('',#16641,#13572,#13573);
#11233=AXIS2_PLACEMENT_3D('',#16643,#13575,#13576);
#11234=AXIS2_PLACEMENT_3D('',#16645,#13578,#13579);
#11235=AXIS2_PLACEMENT_3D('',#16649,#13582,#13583);
#11236=AXIS2_PLACEMENT_3D('',#16651,#13585,#13586);
#11237=AXIS2_PLACEMENT_3D('',#16660,#13592,#13593);
#11238=AXIS2_PLACEMENT_3D('',#16662,#13595,#13596);
#11239=AXIS2_PLACEMENT_3D('',#16663,#13597,#13598);
#11240=AXIS2_PLACEMENT_3D('',#16664,#13599,#13600);
#11241=AXIS2_PLACEMENT_3D('',#16665,#13601,#13602);
#11242=AXIS2_PLACEMENT_3D('',#16666,#13603,#13604);
#11243=AXIS2_PLACEMENT_3D('',#16667,#13605,#13606);
#11244=AXIS2_PLACEMENT_3D('',#16668,#13607,#13608);
#11245=AXIS2_PLACEMENT_3D('',#16669,#13609,#13610);
#11246=AXIS2_PLACEMENT_3D('',#16670,#13611,#13612);
#11247=AXIS2_PLACEMENT_3D('',#16671,#13613,#13614);
#11248=AXIS2_PLACEMENT_3D('',#16675,#13617,#13618);
#11249=AXIS2_PLACEMENT_3D('',#16680,#13622,#13623);
#11250=AXIS2_PLACEMENT_3D('',#16684,#13626,#13627);
#11251=AXIS2_PLACEMENT_3D('',#16686,#13629,#13630);
#11252=AXIS2_PLACEMENT_3D('',#16688,#13632,#13633);
#11253=AXIS2_PLACEMENT_3D('',#16689,#13634,#13635);
#11254=AXIS2_PLACEMENT_3D('',#16733,#13662,#13663);
#11255=AXIS2_PLACEMENT_3D('',#16737,#13666,#13667);
#11256=AXIS2_PLACEMENT_3D('',#16739,#13669,#13670);
#11257=AXIS2_PLACEMENT_3D('',#16741,#13672,#13673);
#11258=AXIS2_PLACEMENT_3D('',#16745,#13676,#13677);
#11259=AXIS2_PLACEMENT_3D('',#16747,#13679,#13680);
#11260=AXIS2_PLACEMENT_3D('',#16749,#13682,#13683);
#11261=AXIS2_PLACEMENT_3D('',#16753,#13686,#13687);
#11262=AXIS2_PLACEMENT_3D('',#16755,#13689,#13690);
#11263=AXIS2_PLACEMENT_3D('',#16756,#13691,#13692);
#11264=AXIS2_PLACEMENT_3D('',#16757,#13693,#13694);
#11265=AXIS2_PLACEMENT_3D('',#16758,#13695,#13696);
#11266=AXIS2_PLACEMENT_3D('',#16759,#13697,#13698);
#11267=AXIS2_PLACEMENT_3D('',#16760,#13699,#13700);
#11268=AXIS2_PLACEMENT_3D('',#16762,#13702,#13703);
#11269=AXIS2_PLACEMENT_3D('',#16763,#13704,#13705);
#11270=AXIS2_PLACEMENT_3D('',#16764,#13706,#13707);
#11271=AXIS2_PLACEMENT_3D('',#16765,#13708,#13709);
#11272=AXIS2_PLACEMENT_3D('',#16766,#13710,#13711);
#11273=AXIS2_PLACEMENT_3D('',#16768,#13713,#13714);
#11274=AXIS2_PLACEMENT_3D('',#16771,#13717,#13718);
#11275=AXIS2_PLACEMENT_3D('',#16773,#13720,#13721);
#11276=AXIS2_PLACEMENT_3D('',#16779,#13725,#13726);
#11277=AXIS2_PLACEMENT_3D('',#16783,#13729,#13730);
#11278=AXIS2_PLACEMENT_3D('',#16786,#13733,#13734);
#11279=AXIS2_PLACEMENT_3D('',#16788,#13736,#13737);
#11280=AXIS2_PLACEMENT_3D('',#16789,#13738,#13739);
#11281=AXIS2_PLACEMENT_3D('',#16791,#13741,#13742);
#11282=AXIS2_PLACEMENT_3D('',#16793,#13744,#13745);
#11283=AXIS2_PLACEMENT_3D('',#16795,#13747,#13748);
#11284=AXIS2_PLACEMENT_3D('',#16796,#13749,#13750);
#11285=AXIS2_PLACEMENT_3D('',#16798,#13752,#13753);
#11286=AXIS2_PLACEMENT_3D('',#16800,#13755,#13756);
#11287=AXIS2_PLACEMENT_3D('',#16802,#13758,#13759);
#11288=AXIS2_PLACEMENT_3D('',#16804,#13761,#13762);
#11289=AXIS2_PLACEMENT_3D('',#16810,#13766,#13767);
#11290=AXIS2_PLACEMENT_3D('',#16812,#13769,#13770);
#11291=AXIS2_PLACEMENT_3D('',#16814,#13772,#13773);
#11292=AXIS2_PLACEMENT_3D('',#16816,#13775,#13776);
#11293=AXIS2_PLACEMENT_3D('',#16818,#13778,#13779);
#11294=AXIS2_PLACEMENT_3D('',#16821,#13782,#13783);
#11295=AXIS2_PLACEMENT_3D('',#16822,#13784,#13785);
#11296=AXIS2_PLACEMENT_3D('',#16825,#13788,#13789);
#11297=AXIS2_PLACEMENT_3D('',#16827,#13791,#13792);
#11298=AXIS2_PLACEMENT_3D('',#16828,#13793,#13794);
#11299=AXIS2_PLACEMENT_3D('',#16830,#13796,#13797);
#11300=AXIS2_PLACEMENT_3D('',#16832,#13799,#13800);
#11301=AXIS2_PLACEMENT_3D('',#16835,#13803,#13804);
#11302=AXIS2_PLACEMENT_3D('',#16837,#13806,#13807);
#11303=AXIS2_PLACEMENT_3D('',#16839,#13809,#13810);
#11304=AXIS2_PLACEMENT_3D('',#16840,#13811,#13812);
#11305=AXIS2_PLACEMENT_3D('',#16842,#13814,#13815);
#11306=AXIS2_PLACEMENT_3D('',#16844,#13817,#13818);
#11307=AXIS2_PLACEMENT_3D('',#16846,#13820,#13821);
#11308=AXIS2_PLACEMENT_3D('',#16847,#13822,#13823);
#11309=AXIS2_PLACEMENT_3D('',#16849,#13825,#13826);
#11310=AXIS2_PLACEMENT_3D('',#16851,#13828,#13829);
#11311=AXIS2_PLACEMENT_3D('',#16853,#13831,#13832);
#11312=AXIS2_PLACEMENT_3D('',#16855,#13834,#13835);
#11313=AXIS2_PLACEMENT_3D('',#16861,#13839,#13840);
#11314=AXIS2_PLACEMENT_3D('',#16865,#13843,#13844);
#11315=AXIS2_PLACEMENT_3D('',#16869,#13847,#13848);
#11316=AXIS2_PLACEMENT_3D('',#16873,#13851,#13852);
#11317=AXIS2_PLACEMENT_3D('',#16877,#13855,#13856);
#11318=AXIS2_PLACEMENT_3D('',#16880,#13859,#13860);
#11319=AXIS2_PLACEMENT_3D('',#16884,#13863,#13864);
#11320=AXIS2_PLACEMENT_3D('',#16885,#13865,#13866);
#11321=AXIS2_PLACEMENT_3D('',#16889,#13869,#13870);
#11322=AXIS2_PLACEMENT_3D('',#16892,#13873,#13874);
#11323=AXIS2_PLACEMENT_3D('',#16896,#13877,#13878);
#11324=AXIS2_PLACEMENT_3D('',#16897,#13879,#13880);
#11325=AXIS2_PLACEMENT_3D('',#16899,#13882,#13883);
#11326=AXIS2_PLACEMENT_3D('',#16905,#13887,#13888);
#11327=AXIS2_PLACEMENT_3D('',#16908,#13891,#13892);
#11328=AXIS2_PLACEMENT_3D('',#16910,#13894,#13895);
#11329=AXIS2_PLACEMENT_3D('',#16914,#13899,#13900);
#11330=AXIS2_PLACEMENT_3D('',#16915,#13901,#13902);
#11331=AXIS2_PLACEMENT_3D('',#16917,#13904,#13905);
#11332=AXIS2_PLACEMENT_3D('',#16919,#13907,#13908);
#11333=AXIS2_PLACEMENT_3D('',#16920,#13909,#13910);
#11334=AXIS2_PLACEMENT_3D('',#16926,#13914,#13915);
#11335=AXIS2_PLACEMENT_3D('',#16928,#13917,#13918);
#11336=AXIS2_PLACEMENT_3D('',#16930,#13920,#13921);
#11337=AXIS2_PLACEMENT_3D('',#16932,#13923,#13924);
#11338=AXIS2_PLACEMENT_3D('',#16934,#13926,#13927);
#11339=AXIS2_PLACEMENT_3D('',#16936,#13929,#13930);
#11340=AXIS2_PLACEMENT_3D('',#16937,#13931,#13932);
#11341=AXIS2_PLACEMENT_3D('',#16941,#13935,#13936);
#11342=AXIS2_PLACEMENT_3D('',#16945,#13939,#13940);
#11343=AXIS2_PLACEMENT_3D('',#16949,#13943,#13944);
#11344=AXIS2_PLACEMENT_3D('',#16977,#13959,#13960);
#11345=AXIS2_PLACEMENT_3D('',#16980,#13963,#13964);
#11346=AXIS2_PLACEMENT_3D('',#16981,#13965,#13966);
#11347=AXIS2_PLACEMENT_3D('',#16983,#13968,#13969);
#11348=AXIS2_PLACEMENT_3D('',#16986,#13972,#13973);
#11349=AXIS2_PLACEMENT_3D('',#16988,#13975,#13976);
#11350=AXIS2_PLACEMENT_3D('',#16989,#13977,#13978);
#11351=AXIS2_PLACEMENT_3D('',#16990,#13979,#13980);
#11352=AXIS2_PLACEMENT_3D('',#16992,#13982,#13983);
#11353=AXIS2_PLACEMENT_3D('',#16995,#13986,#13987);
#11354=AXIS2_PLACEMENT_3D('',#16997,#13989,#13990);
#11355=AXIS2_PLACEMENT_3D('',#16999,#13992,#13993);
#11356=AXIS2_PLACEMENT_3D('',#17000,#13994,#13995);
#11357=AXIS2_PLACEMENT_3D('',#17001,#13996,#13997);
#11358=AXIS2_PLACEMENT_3D('',#17002,#13998,#13999);
#11359=AXIS2_PLACEMENT_3D('',#17003,#14000,#14001);
#11360=AXIS2_PLACEMENT_3D('',#17005,#14003,#14004);
#11361=AXIS2_PLACEMENT_3D('',#17008,#14007,#14008);
#11362=AXIS2_PLACEMENT_3D('',#17009,#14009,#14010);
#11363=AXIS2_PLACEMENT_3D('',#17012,#14013,#14014);
#11364=AXIS2_PLACEMENT_3D('',#17013,#14015,#14016);
#11365=AXIS2_PLACEMENT_3D('',#17016,#14019,#14020);
#11366=AXIS2_PLACEMENT_3D('',#17017,#14021,#14022);
#11367=AXIS2_PLACEMENT_3D('',#17020,#14025,#14026);
#11368=AXIS2_PLACEMENT_3D('',#17021,#14027,#14028);
#11369=AXIS2_PLACEMENT_3D('',#17024,#14031,#14032);
#11370=AXIS2_PLACEMENT_3D('',#17025,#14033,#14034);
#11371=AXIS2_PLACEMENT_3D('',#17027,#14036,#14037);
#11372=AXIS2_PLACEMENT_3D('',#17030,#14040,#14041);
#11373=AXIS2_PLACEMENT_3D('',#17031,#14042,#14043);
#11374=AXIS2_PLACEMENT_3D('',#17034,#14046,#14047);
#11375=AXIS2_PLACEMENT_3D('',#17035,#14048,#14049);
#11376=AXIS2_PLACEMENT_3D('',#17038,#14052,#14053);
#11377=AXIS2_PLACEMENT_3D('',#17039,#14054,#14055);
#11378=AXIS2_PLACEMENT_3D('',#17042,#14058,#14059);
#11379=AXIS2_PLACEMENT_3D('',#17043,#14060,#14061);
#11380=AXIS2_PLACEMENT_3D('',#17045,#14063,#14064);
#11381=DIRECTION('axis',(0.,0.,1.));
#11382=DIRECTION('refdir',(1.,0.,0.));
#11383=DIRECTION('center_axis',(-1.,0.,0.));
#11384=DIRECTION('ref_axis',(0.,-1.,0.));
#11385=DIRECTION('',(0.,-1.,0.));
#11386=DIRECTION('',(0.,0.,1.));
#11387=DIRECTION('',(0.,-1.,0.));
#11388=DIRECTION('',(0.,0.,1.));
#11389=DIRECTION('center_axis',(-1.,0.,0.));
#11390=DIRECTION('ref_axis',(0.,-1.,0.));
#11391=DIRECTION('',(0.,-1.,0.));
#11392=DIRECTION('',(0.,0.,1.));
#11393=DIRECTION('',(0.,-1.,0.));
#11394=DIRECTION('',(0.,0.,1.));
#11395=DIRECTION('center_axis',(1.,0.,0.));
#11396=DIRECTION('ref_axis',(0.,1.,0.));
#11397=DIRECTION('',(0.,0.950427298870533,0.310946859707028));
#11398=DIRECTION('',(0.,0.950427298870533,-0.310946859707028));
#11399=DIRECTION('',(0.,1.,0.));
#11400=DIRECTION('center_axis',(0.,0.,1.));
#11401=DIRECTION('ref_axis',(1.,0.,0.));
#11402=DIRECTION('',(1.,0.,0.));
#11403=DIRECTION('',(-1.,0.,0.));
#11404=DIRECTION('',(0.,1.,0.));
#11405=DIRECTION('',(0.,1.,0.));
#11406=DIRECTION('center_axis',(1.,0.,0.));
#11407=DIRECTION('ref_axis',(0.,1.,0.));
#11408=DIRECTION('',(0.,1.,0.));
#11409=DIRECTION('',(0.,0.,1.));
#11410=DIRECTION('',(0.,1.,0.));
#11411=DIRECTION('',(0.,0.,1.));
#11412=DIRECTION('center_axis',(1.,0.,0.));
#11413=DIRECTION('ref_axis',(0.,1.,0.));
#11414=DIRECTION('',(0.,1.,0.));
#11415=DIRECTION('',(0.,0.,1.));
#11416=DIRECTION('',(0.,1.,0.));
#11417=DIRECTION('',(0.,0.,1.));
#11418=DIRECTION('center_axis',(1.,0.,0.));
#11419=DIRECTION('ref_axis',(0.,1.,0.));
#11420=DIRECTION('',(0.,1.,0.));
#11421=DIRECTION('',(0.,0.,1.));
#11422=DIRECTION('',(0.,1.,0.));
#11423=DIRECTION('',(0.,0.,1.));
#11424=DIRECTION('center_axis',(1.,0.,0.));
#11425=DIRECTION('ref_axis',(0.,1.,0.));
#11426=DIRECTION('',(0.,1.,0.));
#11427=DIRECTION('',(0.,0.,1.));
#11428=DIRECTION('',(0.,1.,0.));
#11429=DIRECTION('',(0.,0.,1.));
#11430=DIRECTION('center_axis',(-1.,0.,0.));
#11431=DIRECTION('ref_axis',(0.,-1.,0.));
#11432=DIRECTION('',(0.,0.950427298870533,-0.310946859707028));
#11433=DIRECTION('',(0.,0.950427298870533,0.310946859707028));
#11434=DIRECTION('',(0.,-1.,0.));
#11435=DIRECTION('center_axis',(0.,0.,1.));
#11436=DIRECTION('ref_axis',(1.,0.,0.));
#11437=DIRECTION('',(-1.,0.,0.));
#11438=DIRECTION('',(1.,0.,0.));
#11439=DIRECTION('',(0.,-1.,0.));
#11440=DIRECTION('',(0.,-1.,0.));
#11441=DIRECTION('center_axis',(-1.,0.,0.));
#11442=DIRECTION('ref_axis',(0.,-1.,0.));
#11443=DIRECTION('',(0.,-1.,0.));
#11444=DIRECTION('',(0.,0.,1.));
#11445=DIRECTION('',(0.,-1.,0.));
#11446=DIRECTION('',(0.,0.,1.));
#11447=DIRECTION('center_axis',(-1.,0.,0.));
#11448=DIRECTION('ref_axis',(0.,-1.,0.));
#11449=DIRECTION('',(0.,-1.,0.));
#11450=DIRECTION('',(0.,0.,1.));
#11451=DIRECTION('',(0.,-1.,0.));
#11452=DIRECTION('',(0.,0.,1.));
#11453=DIRECTION('center_axis',(1.,0.,0.));
#11454=DIRECTION('ref_axis',(0.,0.,-1.));
#11455=DIRECTION('',(0.,0.,-1.));
#11456=DIRECTION('',(0.,0.819450967948044,0.573149292182249));
#11457=DIRECTION('',(0.,-0.581134179479419,-0.813807757053705));
#11458=DIRECTION('',(0.,0.,-1.));
#11459=DIRECTION('',(0.,-1.,0.));
#11460=DIRECTION('',(0.,0.,1.));
#11461=DIRECTION('',(0.,-1.,0.));
#11462=DIRECTION('',(0.,0.0894112659409164,-0.995994791915522));
#11463=DIRECTION('',(0.,0.489617905327784,-0.871937100244297));
#11464=DIRECTION('',(0.,-0.126110971366745,-0.992016140443761));
#11465=DIRECTION('',(0.,-0.561041484283281,-0.827787685891264));
#11466=DIRECTION('',(0.,0.774378999346774,0.632722028517017));
#11467=DIRECTION('',(0.,-1.,0.));
#11468=DIRECTION('',(0.,0.,1.));
#11469=DIRECTION('',(0.,0.907467599976793,0.420122071536785));
#11470=DIRECTION('',(0.,0.950427298870533,0.310946859707028));
#11471=DIRECTION('',(0.,1.,0.));
#11472=DIRECTION('center_axis',(1.,0.,0.));
#11473=DIRECTION('ref_axis',(0.,0.,-1.));
#11474=DIRECTION('',(0.,0.,1.));
#11475=DIRECTION('',(0.,1.,0.));
#11476=DIRECTION('',(0.,0.950427298870533,-0.310946859707028));
#11477=DIRECTION('',(0.,0.907467599976793,-0.420122071536785));
#11478=DIRECTION('',(0.,0.,1.));
#11479=DIRECTION('',(0.,-1.,0.));
#11480=DIRECTION('',(0.,0.774378999346774,-0.632722028517017));
#11481=DIRECTION('',(0.,0.561041484283281,-0.827787685891264));
#11482=DIRECTION('',(0.,0.126110971366745,-0.992016140443761));
#11483=DIRECTION('',(0.,-0.489617905327784,-0.871937100244297));
#11484=DIRECTION('',(0.,-0.0894112659409164,-0.995994791915522));
#11485=DIRECTION('',(0.,1.,0.));
#11486=DIRECTION('',(0.,0.,1.));
#11487=DIRECTION('',(0.,-1.,0.));
#11488=DIRECTION('',(0.,0.,-1.));
#11489=DIRECTION('',(0.,0.581134179479419,-0.813807757053705));
#11490=DIRECTION('',(0.,-0.819450967948044,0.573149292182249));
#11491=DIRECTION('center_axis',(1.,0.,0.));
#11492=DIRECTION('ref_axis',(0.,0.,-1.));
#11493=DIRECTION('',(0.,0.950427298870533,-0.310946859707028));
#11494=DIRECTION('',(0.,0.907467599976793,-0.420122071536785));
#11495=DIRECTION('',(0.,0.,1.));
#11496=DIRECTION('',(0.,-1.,0.));
#11497=DIRECTION('',(0.,0.774378999346774,-0.632722028517017));
#11498=DIRECTION('',(0.,0.561041484283281,-0.827787685891264));
#11499=DIRECTION('',(0.,0.126110971366745,-0.992016140443761));
#11500=DIRECTION('',(0.,-0.489617905327784,-0.871937100244297));
#11501=DIRECTION('',(0.,-0.0894112659409164,-0.995994791915522));
#11502=DIRECTION('',(0.,1.,0.));
#11503=DIRECTION('',(0.,0.,1.));
#11504=DIRECTION('',(0.,-1.,0.));
#11505=DIRECTION('',(0.,0.,-1.));
#11506=DIRECTION('',(0.,0.581134179479419,-0.813807757053705));
#11507=DIRECTION('',(0.,-0.819450967948044,0.573149292182249));
#11508=DIRECTION('',(0.,0.,1.));
#11509=DIRECTION('center_axis',(1.,0.,0.));
#11510=DIRECTION('ref_axis',(0.,0.,-1.));
#11511=DIRECTION('',(0.,0.,-1.));
#11512=DIRECTION('',(0.,0.819450967948044,0.573149292182249));
#11513=DIRECTION('',(0.,-0.581134179479419,-0.813807757053705));
#11514=DIRECTION('',(0.,0.,-1.));
#11515=DIRECTION('',(0.,-1.,0.));
#11516=DIRECTION('',(0.,0.,1.));
#11517=DIRECTION('',(0.,-1.,0.));
#11518=DIRECTION('',(0.,0.0894112659409164,-0.995994791915522));
#11519=DIRECTION('',(0.,0.489617905327784,-0.871937100244297));
#11520=DIRECTION('',(0.,-0.126110971366745,-0.992016140443761));
#11521=DIRECTION('',(0.,-0.561041484283281,-0.827787685891264));
#11522=DIRECTION('',(0.,0.774378999346774,0.632722028517017));
#11523=DIRECTION('',(0.,-1.,0.));
#11524=DIRECTION('',(0.,0.,1.));
#11525=DIRECTION('',(0.,0.907467599976793,0.420122071536785));
#11526=DIRECTION('',(0.,0.950427298870533,0.310946859707028));
#11527=DIRECTION('center_axis',(-1.,0.,0.));
#11528=DIRECTION('ref_axis',(0.,0.,1.));
#11529=DIRECTION('',(0.,0.,-1.));
#11530=DIRECTION('',(0.,-0.819450967948044,0.573149292182249));
#11531=DIRECTION('',(0.,0.581134179479419,-0.813807757053705));
#11532=DIRECTION('',(0.,0.,-1.));
#11533=DIRECTION('',(0.,1.,0.));
#11534=DIRECTION('',(0.,0.,-1.));
#11535=DIRECTION('',(0.,1.,0.));
#11536=DIRECTION('',(0.,-0.0894112659409164,-0.995994791915522));
#11537=DIRECTION('',(0.,-0.489617905327784,-0.871937100244297));
#11538=DIRECTION('',(0.,0.126110971366745,-0.992016140443761));
#11539=DIRECTION('',(0.,0.561041484283281,-0.827787685891264));
#11540=DIRECTION('',(0.,0.774378999346774,-0.632722028517017));
#11541=DIRECTION('',(0.,1.,0.));
#11542=DIRECTION('',(0.,0.,1.));
#11543=DIRECTION('',(0.,0.907467599976793,-0.420122071536785));
#11544=DIRECTION('',(0.,0.950427298870533,-0.310946859707028));
#11545=DIRECTION('',(0.,-1.,0.));
#11546=DIRECTION('center_axis',(-1.,0.,0.));
#11547=DIRECTION('ref_axis',(0.,0.,1.));
#11548=DIRECTION('',(0.,0.,1.));
#11549=DIRECTION('',(0.,-1.,0.));
#11550=DIRECTION('',(0.,0.950427298870533,0.310946859707028));
#11551=DIRECTION('',(0.,0.907467599976793,0.420122071536785));
#11552=DIRECTION('',(0.,0.,1.));
#11553=DIRECTION('',(0.,1.,0.));
#11554=DIRECTION('',(0.,0.774378999346774,0.632722028517017));
#11555=DIRECTION('',(0.,0.561041484283281,0.827787685891264));
#11556=DIRECTION('',(0.,-0.126110971366745,-0.992016140443761));
#11557=DIRECTION('',(0.,0.489617905327784,-0.871937100244297));
#11558=DIRECTION('',(0.,0.0894112659409164,-0.995994791915522));
#11559=DIRECTION('',(0.,-1.,0.));
#11560=DIRECTION('',(0.,0.,1.));
#11561=DIRECTION('',(0.,1.,0.));
#11562=DIRECTION('',(0.,0.,-1.));
#11563=DIRECTION('',(0.,0.581134179479419,0.813807757053705));
#11564=DIRECTION('',(0.,0.819450967948044,0.573149292182249));
#11565=DIRECTION('center_axis',(-1.,0.,0.));
#11566=DIRECTION('ref_axis',(0.,0.,1.));
#11567=DIRECTION('',(0.,0.,-1.));
#11568=DIRECTION('',(0.,-0.819450967948044,0.573149292182249));
#11569=DIRECTION('',(0.,0.581134179479419,-0.813807757053705));
#11570=DIRECTION('',(0.,0.,-1.));
#11571=DIRECTION('',(0.,1.,0.));
#11572=DIRECTION('',(0.,0.,-1.));
#11573=DIRECTION('',(0.,1.,0.));
#11574=DIRECTION('',(0.,-0.0894112659409164,-0.995994791915522));
#11575=DIRECTION('',(0.,-0.489617905327784,-0.871937100244297));
#11576=DIRECTION('',(0.,0.126110971366745,-0.992016140443761));
#11577=DIRECTION('',(0.,0.561041484283281,-0.827787685891264));
#11578=DIRECTION('',(0.,0.774378999346774,-0.632722028517017));
#11579=DIRECTION('',(0.,1.,0.));
#11580=DIRECTION('',(0.,0.,1.));
#11581=DIRECTION('',(0.,0.907467599976793,-0.420122071536785));
#11582=DIRECTION('',(0.,0.950427298870533,-0.310946859707028));
#11583=DIRECTION('',(0.,-1.,0.));
#11584=DIRECTION('center_axis',(-1.,0.,0.));
#11585=DIRECTION('ref_axis',(0.,0.,1.));
#11586=DIRECTION('',(0.,0.,1.));
#11587=DIRECTION('',(0.,-1.,0.));
#11588=DIRECTION('',(0.,0.950427298870533,0.310946859707028));
#11589=DIRECTION('',(0.,0.907467599976793,0.420122071536785));
#11590=DIRECTION('',(0.,0.,1.));
#11591=DIRECTION('',(0.,1.,0.));
#11592=DIRECTION('',(0.,0.774378999346774,0.632722028517017));
#11593=DIRECTION('',(0.,0.561041484283281,0.827787685891264));
#11594=DIRECTION('',(0.,-0.126110971366745,-0.992016140443761));
#11595=DIRECTION('',(0.,0.489617905327784,-0.871937100244297));
#11596=DIRECTION('',(0.,0.0894112659409164,-0.995994791915522));
#11597=DIRECTION('',(0.,-1.,0.));
#11598=DIRECTION('',(0.,0.,1.));
#11599=DIRECTION('',(0.,1.,0.));
#11600=DIRECTION('',(0.,0.,-1.));
#11601=DIRECTION('',(0.,0.581134179479419,0.813807757053705));
#11602=DIRECTION('',(0.,0.819450967948044,0.573149292182249));
#11603=DIRECTION('center_axis',(-1.,0.,0.));
#11604=DIRECTION('ref_axis',(0.,0.,1.));
#11605=DIRECTION('',(0.,0.,-1.));
#11606=DIRECTION('',(0.,-0.819450967948044,0.573149292182249));
#11607=DIRECTION('',(0.,0.581134179479419,-0.813807757053705));
#11608=DIRECTION('',(0.,0.,-1.));
#11609=DIRECTION('',(0.,1.,0.));
#11610=DIRECTION('',(0.,0.,-1.));
#11611=DIRECTION('',(0.,1.,0.));
#11612=DIRECTION('',(0.,-0.0894112659409164,-0.995994791915522));
#11613=DIRECTION('',(0.,-0.489617905327784,-0.871937100244297));
#11614=DIRECTION('',(0.,0.126110971366745,-0.992016140443761));
#11615=DIRECTION('',(0.,0.561041484283281,-0.827787685891264));
#11616=DIRECTION('',(0.,0.774378999346774,-0.632722028517017));
#11617=DIRECTION('',(0.,1.,0.));
#11618=DIRECTION('',(0.,0.,1.));
#11619=DIRECTION('',(0.,0.907467599976793,-0.420122071536785));
#11620=DIRECTION('',(0.,0.950427298870533,-0.310946859707028));
#11621=DIRECTION('',(0.,-1.,0.));
#11622=DIRECTION('center_axis',(-1.,0.,0.));
#11623=DIRECTION('ref_axis',(0.,0.,1.));
#11624=DIRECTION('',(0.,0.,1.));
#11625=DIRECTION('',(0.,-1.,0.));
#11626=DIRECTION('',(0.,0.950427298870533,0.310946859707028));
#11627=DIRECTION('',(0.,0.907467599976793,0.420122071536785));
#11628=DIRECTION('',(0.,0.,1.));
#11629=DIRECTION('',(0.,1.,0.));
#11630=DIRECTION('',(0.,0.774378999346774,0.632722028517017));
#11631=DIRECTION('',(0.,0.561041484283281,0.827787685891264));
#11632=DIRECTION('',(0.,-0.126110971366745,-0.992016140443761));
#11633=DIRECTION('',(0.,0.489617905327784,-0.871937100244297));
#11634=DIRECTION('',(0.,0.0894112659409164,-0.995994791915522));
#11635=DIRECTION('',(0.,-1.,0.));
#11636=DIRECTION('',(0.,0.,1.));
#11637=DIRECTION('',(0.,1.,0.));
#11638=DIRECTION('',(0.,0.,-1.));
#11639=DIRECTION('',(0.,0.581134179479419,0.813807757053705));
#11640=DIRECTION('',(0.,0.819450967948044,0.573149292182249));
#11641=DIRECTION('center_axis',(-1.,0.,0.));
#11642=DIRECTION('ref_axis',(0.,0.,1.));
#11643=DIRECTION('',(0.,0.950427298870533,0.310946859707028));
#11644=DIRECTION('',(0.,0.907467599976793,0.420122071536785));
#11645=DIRECTION('',(0.,0.,1.));
#11646=DIRECTION('',(0.,1.,0.));
#11647=DIRECTION('',(0.,0.774378999346774,0.632722028517017));
#11648=DIRECTION('',(0.,0.561041484283281,0.827787685891264));
#11649=DIRECTION('',(0.,-0.126110971366745,-0.992016140443761));
#11650=DIRECTION('',(0.,0.489617905327784,-0.871937100244297));
#11651=DIRECTION('',(0.,0.0894112659409164,-0.995994791915522));
#11652=DIRECTION('',(0.,-1.,0.));
#11653=DIRECTION('',(0.,0.,1.));
#11654=DIRECTION('',(0.,1.,0.));
#11655=DIRECTION('',(0.,0.,-1.));
#11656=DIRECTION('',(0.,0.581134179479419,0.813807757053705));
#11657=DIRECTION('',(0.,0.819450967948044,0.573149292182249));
#11658=DIRECTION('',(0.,0.,1.));
#11659=DIRECTION('center_axis',(-1.,0.,0.));
#11660=DIRECTION('ref_axis',(0.,0.,1.));
#11661=DIRECTION('',(0.,0.,-1.));
#11662=DIRECTION('',(0.,-0.819450967948044,0.573149292182249));
#11663=DIRECTION('',(0.,0.581134179479419,-0.813807757053705));
#11664=DIRECTION('',(0.,0.,-1.));
#11665=DIRECTION('',(0.,1.,0.));
#11666=DIRECTION('',(0.,0.,-1.));
#11667=DIRECTION('',(0.,1.,0.));
#11668=DIRECTION('',(0.,-0.0894112659409164,-0.995994791915522));
#11669=DIRECTION('',(0.,-0.489617905327784,-0.871937100244297));
#11670=DIRECTION('',(0.,0.126110971366745,-0.992016140443761));
#11671=DIRECTION('',(0.,0.561041484283281,-0.827787685891264));
#11672=DIRECTION('',(0.,0.774378999346774,-0.632722028517017));
#11673=DIRECTION('',(0.,1.,0.));
#11674=DIRECTION('',(0.,0.,1.));
#11675=DIRECTION('',(0.,0.907467599976793,-0.420122071536785));
#11676=DIRECTION('',(0.,0.950427298870533,-0.310946859707028));
#11677=DIRECTION('center_axis',(1.,0.,0.));
#11678=DIRECTION('ref_axis',(0.,0.,-1.));
#11679=DIRECTION('',(0.,0.,-1.));
#11680=DIRECTION('',(0.,0.819450967948044,0.573149292182249));
#11681=DIRECTION('',(0.,-0.581134179479419,-0.813807757053705));
#11682=DIRECTION('',(0.,0.,-1.));
#11683=DIRECTION('',(0.,-1.,0.));
#11684=DIRECTION('',(0.,0.,1.));
#11685=DIRECTION('',(0.,-1.,0.));
#11686=DIRECTION('',(0.,0.0894112659409164,-0.995994791915522));
#11687=DIRECTION('',(0.,0.489617905327784,-0.871937100244297));
#11688=DIRECTION('',(0.,-0.126110971366745,-0.992016140443761));
#11689=DIRECTION('',(0.,-0.561041484283281,-0.827787685891264));
#11690=DIRECTION('',(0.,0.774378999346774,0.632722028517017));
#11691=DIRECTION('',(0.,-1.,0.));
#11692=DIRECTION('',(0.,0.,1.));
#11693=DIRECTION('',(0.,0.907467599976793,0.420122071536785));
#11694=DIRECTION('',(0.,0.950427298870533,0.310946859707028));
#11695=DIRECTION('',(0.,1.,0.));
#11696=DIRECTION('center_axis',(1.,0.,0.));
#11697=DIRECTION('ref_axis',(0.,0.,-1.));
#11698=DIRECTION('',(0.,0.,1.));
#11699=DIRECTION('',(0.,1.,0.));
#11700=DIRECTION('',(0.,0.950427298870533,-0.310946859707028));
#11701=DIRECTION('',(0.,0.907467599976793,-0.420122071536785));
#11702=DIRECTION('',(0.,0.,1.));
#11703=DIRECTION('',(0.,-1.,0.));
#11704=DIRECTION('',(0.,0.774378999346774,-0.632722028517017));
#11705=DIRECTION('',(0.,0.561041484283281,-0.827787685891264));
#11706=DIRECTION('',(0.,0.126110971366745,-0.992016140443761));
#11707=DIRECTION('',(0.,-0.489617905327784,-0.871937100244297));
#11708=DIRECTION('',(0.,-0.0894112659409164,-0.995994791915522));
#11709=DIRECTION('',(0.,1.,0.));
#11710=DIRECTION('',(0.,0.,1.));
#11711=DIRECTION('',(0.,-1.,0.));
#11712=DIRECTION('',(0.,0.,-1.));
#11713=DIRECTION('',(0.,0.581134179479419,-0.813807757053705));
#11714=DIRECTION('',(0.,-0.819450967948044,0.573149292182249));
#11715=DIRECTION('center_axis',(0.,0.,-1.));
#11716=DIRECTION('ref_axis',(-1.,0.,0.));
#11717=DIRECTION('',(0.,1.,0.));
#11718=DIRECTION('',(1.,0.,0.));
#11719=DIRECTION('',(0.,-1.,0.));
#11720=DIRECTION('',(1.,-6.27786229722166E-16,2.22044604925031E-16));
#11721=DIRECTION('',(0.707106781186547,-0.707106781186548,3.14018491736755E-16));
#11722=DIRECTION('',(-6.27786229722166E-16,-1.,2.22044604925031E-16));
#11723=DIRECTION('',(-0.707106781186548,-0.707106781186547,-9.86076131526265E-32));
#11724=DIRECTION('',(-1.,6.27786229722166E-16,-2.22044604925031E-16));
#11725=DIRECTION('',(0.,-1.,0.));
#11726=DIRECTION('',(-1.,0.,0.));
#11727=DIRECTION('',(0.923880748228418,-0.382680497351118,0.));
#11728=DIRECTION('',(0.991445572337637,-0.130520791799991,0.));
#11729=DIRECTION('',(0.991445572337637,0.130520791799991,0.));
#11730=DIRECTION('',(0.923880626640205,0.382680790893535,0.));
#11731=DIRECTION('',(-1.,0.,0.));
#11732=DIRECTION('',(0.923880626640205,-0.382680790893535,0.));
#11733=DIRECTION('',(0.991445572337637,-0.130520791799991,0.));
#11734=DIRECTION('',(0.991445572337637,0.130520791799991,0.));
#11735=DIRECTION('',(0.923880748228418,0.382680497351118,0.));
#11736=DIRECTION('',(-1.,0.,0.));
#11737=DIRECTION('',(0.923880748228418,-0.382680497351118,0.));
#11738=DIRECTION('',(0.991445572337637,-0.130520791799991,0.));
#11739=DIRECTION('',(0.991445572337637,0.130520791799991,0.));
#11740=DIRECTION('',(0.923880626640205,0.382680790893535,0.));
#11741=DIRECTION('',(-1.,0.,0.));
#11742=DIRECTION('',(0.923880626640205,-0.382680790893535,0.));
#11743=DIRECTION('',(0.991445572337637,-0.130520791799991,0.));
#11744=DIRECTION('',(0.991445572337637,0.130520791799991,0.));
#11745=DIRECTION('',(0.923880748228418,0.382680497351118,0.));
#11746=DIRECTION('',(-1.,0.,0.));
#11747=DIRECTION('',(0.,1.,0.));
#11748=DIRECTION('',(-1.,6.12323399573677E-17,2.22044604925031E-16));
#11749=DIRECTION('',(-0.707106781186548,0.707106781186547,4.93038065763132E-32));
#11750=DIRECTION('',(6.12323399573677E-17,1.,-2.22044604925031E-16));
#11751=DIRECTION('',(0.707106781186548,0.707106781186548,-3.14018491736755E-16));
#11752=DIRECTION('',(1.,-6.12323399573677E-17,-2.22044604925031E-16));
#11753=DIRECTION('',(0.793342253953409,-0.608775876733076,-4.0981968312333E-17));
#11754=DIRECTION('',(0.923880748228418,-0.382680497351118,-1.20170595891378E-16));
#11755=DIRECTION('',(0.991445572337637,-0.130520791799991,-1.91163702764651E-16));
#11756=DIRECTION('',(0.991445572337637,0.130520791799991,-2.49126578064113E-16));
#11757=DIRECTION('',(0.923880748228418,0.382680497351118,-2.90114875585065E-16));
#11758=DIRECTION('',(0.793342253953409,0.608775876733076,-3.11332766386504E-16));
#11759=DIRECTION('',(-0.608775597311957,-0.793342468368781,3.11332751952328E-16));
#11760=DIRECTION('',(-0.382680790893535,-0.923880626640205,2.90114913766568E-16));
#11761=DIRECTION('',(0.130520791799991,0.991445572337637,-2.49126578064113E-16));
#11762=DIRECTION('',(-0.130520791799991,0.991445572337637,-1.91163702764651E-16));
#11763=DIRECTION('',(0.382680497351118,-0.923880748228418,1.20170595891378E-16));
#11764=DIRECTION('',(0.608776399297486,-0.793341852960241,4.09817632413555E-17));
#11765=DIRECTION('',(0.793341852960241,-0.608776399297486,-4.09817632413554E-17));
#11766=DIRECTION('',(0.923880748228418,-0.382680497351118,-1.20170595891378E-16));
#11767=DIRECTION('',(0.991445572337637,-0.130520791799991,-1.91163702764651E-16));
#11768=DIRECTION('',(0.991445572337637,0.130520791799991,-2.49126578064113E-16));
#11769=DIRECTION('',(0.923880748228418,0.382680497351118,-2.90114875585065E-16));
#11770=DIRECTION('',(0.793341852960241,0.608776399297486,-3.11332793380742E-16));
#11771=DIRECTION('',(0.608776399297486,0.793341852960241,-3.11332793380742E-16));
#11772=DIRECTION('',(0.382680497351118,0.923880748228418,-2.90114875585065E-16));
#11773=DIRECTION('',(0.130520791799991,0.991445572337637,-2.49126578064113E-16));
#11774=DIRECTION('',(-0.130520791799991,0.991445572337637,-1.91163702764651E-16));
#11775=DIRECTION('',(-0.382680790893535,0.923880626640205,-1.20170503713861E-16));
#11776=DIRECTION('',(-0.608775597311957,0.793342468368781,-4.09820779660618E-17));
#11777=DIRECTION('',(-0.793342253953408,0.608775876733077,-3.11332766386504E-16));
#11778=DIRECTION('',(-0.923880748228417,0.382680497351119,-2.90114875585065E-16));
#11779=DIRECTION('',(-0.991445572337636,0.130520791799991,-2.49126578064113E-16));
#11780=DIRECTION('',(-0.991445572337637,-0.13052079179999,-1.91163702764651E-16));
#11781=DIRECTION('',(-0.923880748228418,-0.382680497351117,-1.20170595891378E-16));
#11782=DIRECTION('',(-0.793342253953409,-0.608775876733076,-4.09819683123331E-17));
#11783=DIRECTION('',(0.608775597311957,0.793342468368781,-4.09820779660617E-17));
#11784=DIRECTION('',(0.382680790893536,0.923880626640205,-1.20170503713861E-16));
#11785=DIRECTION('',(-0.130520791799991,-0.991445572337636,1.91163702764651E-16));
#11786=DIRECTION('',(0.13052079179999,-0.991445572337637,2.49126578064113E-16));
#11787=DIRECTION('',(-0.382680497351117,0.923880748228418,-2.90114875585065E-16));
#11788=DIRECTION('',(-0.608776399297486,0.793341852960241,-3.11332793380742E-16));
#11789=DIRECTION('',(-0.79334185296024,0.608776399297487,-3.11332793380742E-16));
#11790=DIRECTION('',(-0.923880748228417,0.382680497351119,-2.90114875585065E-16));
#11791=DIRECTION('',(-0.991445572337636,0.130520791799991,-2.49126578064113E-16));
#11792=DIRECTION('',(-0.991445572337637,-0.13052079179999,-1.91163702764651E-16));
#11793=DIRECTION('',(-0.923880748228418,-0.382680497351117,-1.20170595891378E-16));
#11794=DIRECTION('',(-0.793341852960241,-0.608776399297486,-4.09817632413556E-17));
#11795=DIRECTION('',(-0.608776399297487,-0.79334185296024,4.09817632413554E-17));
#11796=DIRECTION('',(-0.382680497351119,-0.923880748228417,1.20170595891378E-16));
#11797=DIRECTION('',(-0.130520791799991,-0.991445572337636,1.91163702764651E-16));
#11798=DIRECTION('',(0.13052079179999,-0.991445572337637,2.49126578064113E-16));
#11799=DIRECTION('',(0.382680790893535,-0.923880626640206,2.90114913766568E-16));
#11800=DIRECTION('',(0.608775597311956,-0.793342468368782,3.11332751952329E-16));
#11801=DIRECTION('',(-1.,0.,0.));
#11802=DIRECTION('',(1.,0.,0.));
#11803=DIRECTION('',(-1.,0.,0.));
#11804=DIRECTION('',(1.,0.,0.));
#11805=DIRECTION('',(-1.,0.,0.));
#11806=DIRECTION('',(1.,0.,0.));
#11807=DIRECTION('',(1.,0.,0.));
#11808=DIRECTION('',(-1.,0.,0.));
#11809=DIRECTION('center_axis',(1.,0.,0.));
#11810=DIRECTION('ref_axis',(0.,0.,-1.));
#11811=DIRECTION('',(0.,0.,-1.));
#11812=DIRECTION('',(0.,0.819450967948044,0.573149292182249));
#11813=DIRECTION('',(0.,-0.581134179479419,-0.813807757053705));
#11814=DIRECTION('',(0.,0.,-1.));
#11815=DIRECTION('',(0.,-1.,0.));
#11816=DIRECTION('',(0.,0.,1.));
#11817=DIRECTION('',(0.,-1.,0.));
#11818=DIRECTION('',(0.,0.0894112659409164,-0.995994791915522));
#11819=DIRECTION('',(0.,0.489617905327784,-0.871937100244297));
#11820=DIRECTION('',(0.,-0.126110971366745,-0.992016140443761));
#11821=DIRECTION('',(0.,-0.561041484283281,-0.827787685891264));
#11822=DIRECTION('',(0.,0.774378999346774,0.632722028517017));
#11823=DIRECTION('',(0.,-1.,0.));
#11824=DIRECTION('',(0.,0.,1.));
#11825=DIRECTION('',(0.,0.907467599976793,0.420122071536785));
#11826=DIRECTION('',(0.,0.950427298870533,0.310946859707028));
#11827=DIRECTION('',(0.,1.,0.));
#11828=DIRECTION('center_axis',(1.,0.,0.));
#11829=DIRECTION('ref_axis',(0.,0.,-1.));
#11830=DIRECTION('',(0.,0.,1.));
#11831=DIRECTION('',(0.,1.,0.));
#11832=DIRECTION('',(0.,0.950427298870533,-0.310946859707028));
#11833=DIRECTION('',(0.,0.907467599976793,-0.420122071536785));
#11834=DIRECTION('',(0.,0.,1.));
#11835=DIRECTION('',(0.,-1.,0.));
#11836=DIRECTION('',(0.,0.774378999346774,-0.632722028517017));
#11837=DIRECTION('',(0.,0.561041484283281,-0.827787685891264));
#11838=DIRECTION('',(0.,0.126110971366745,-0.992016140443761));
#11839=DIRECTION('',(0.,-0.489617905327784,-0.871937100244297));
#11840=DIRECTION('',(0.,-0.0894112659409164,-0.995994791915522));
#11841=DIRECTION('',(0.,1.,0.));
#11842=DIRECTION('',(0.,0.,1.));
#11843=DIRECTION('',(0.,-1.,0.));
#11844=DIRECTION('',(0.,0.,-1.));
#11845=DIRECTION('',(0.,0.581134179479419,-0.813807757053705));
#11846=DIRECTION('',(0.,-0.819450967948044,0.573149292182249));
#11847=DIRECTION('center_axis',(0.,-0.310946859707028,-0.950427298870533));
#11848=DIRECTION('ref_axis',(-1.,0.,0.));
#11849=DIRECTION('',(-1.,0.,0.));
#11850=DIRECTION('',(1.,0.,0.));
#11851=DIRECTION('center_axis',(0.,0.310946859707028,-0.950427298870533));
#11852=DIRECTION('ref_axis',(-1.,0.,0.));
#11853=DIRECTION('',(1.,0.,0.));
#11854=DIRECTION('center_axis',(0.,1.,0.));
#11855=DIRECTION('ref_axis',(-1.,0.,0.));
#11856=DIRECTION('',(1.,0.,0.));
#11857=DIRECTION('center_axis',(0.,-1.,0.));
#11858=DIRECTION('ref_axis',(1.,0.,0.));
#11859=DIRECTION('',(-1.,0.,0.));
#11860=DIRECTION('center_axis',(0.,-1.,0.));
#11861=DIRECTION('ref_axis',(1.,0.,0.));
#11862=DIRECTION('',(-1.,0.,0.));
#11863=DIRECTION('',(1.,0.,0.));
#11864=DIRECTION('',(1.,0.,0.));
#11865=DIRECTION('center_axis',(0.,1.,0.));
#11866=DIRECTION('ref_axis',(-1.,0.,0.));
#11867=DIRECTION('',(-1.,0.,0.));
#11868=DIRECTION('',(-1.,0.,0.));
#11869=DIRECTION('center_axis',(0.,0.,1.));
#11870=DIRECTION('ref_axis',(1.,0.,0.));
#11871=DIRECTION('',(1.,0.,0.));
#11872=DIRECTION('center_axis',(0.,1.,0.));
#11873=DIRECTION('ref_axis',(-1.,0.,0.));
#11874=DIRECTION('',(-1.,0.,0.));
#11875=DIRECTION('',(-1.,0.,0.));
#11876=DIRECTION('center_axis',(0.,-1.,0.));
#11877=DIRECTION('ref_axis',(1.,0.,0.));
#11878=DIRECTION('',(-1.,0.,0.));
#11879=DIRECTION('',(1.,0.,0.));
#11880=DIRECTION('',(1.,0.,0.));
#11881=DIRECTION('center_axis',(0.,0.,1.));
#11882=DIRECTION('ref_axis',(1.,0.,0.));
#11883=DIRECTION('',(1.,0.,0.));
#11884=DIRECTION('center_axis',(0.,1.,0.));
#11885=DIRECTION('ref_axis',(-1.,0.,0.));
#11886=DIRECTION('',(-1.,0.,0.));
#11887=DIRECTION('',(-1.,0.,0.));
#11888=DIRECTION('center_axis',(0.,0.,1.));
#11889=DIRECTION('ref_axis',(1.,0.,0.));
#11890=DIRECTION('',(1.,0.,0.));
#11891=DIRECTION('center_axis',(0.,0.,1.));
#11892=DIRECTION('ref_axis',(1.,0.,0.));
#11893=DIRECTION('',(-1.,0.,0.));
#11894=DIRECTION('',(1.,0.,0.));
#11895=DIRECTION('center_axis',(0.,1.,0.));
#11896=DIRECTION('ref_axis',(-1.,0.,0.));
#11897=DIRECTION('',(1.,0.,0.));
#11898=DIRECTION('',(-1.,0.,0.));
#11899=DIRECTION('',(-1.,0.,0.));
#11900=DIRECTION('center_axis',(0.,-1.,0.));
#11901=DIRECTION('ref_axis',(1.,0.,0.));
#11902=DIRECTION('',(1.,0.,0.));
#11903=DIRECTION('center_axis',(0.,1.,0.));
#11904=DIRECTION('ref_axis',(-1.,0.,0.));
#11905=DIRECTION('',(1.,0.,0.));
#11906=DIRECTION('',(-1.,0.,0.));
#11907=DIRECTION('',(-1.,0.,0.));
#11908=DIRECTION('center_axis',(0.,-1.,0.));
#11909=DIRECTION('ref_axis',(1.,0.,0.));
#11910=DIRECTION('',(1.,0.,0.));
#11911=DIRECTION('',(1.,0.,0.));
#11912=DIRECTION('center_axis',(0.,0.,1.));
#11913=DIRECTION('ref_axis',(1.,0.,0.));
#11914=DIRECTION('',(-1.,0.,0.));
#11915=DIRECTION('center_axis',(0.,0.,1.));
#11916=DIRECTION('ref_axis',(1.,0.,0.));
#11917=DIRECTION('',(-1.,0.,0.));
#11918=DIRECTION('',(1.,0.,0.));
#11919=DIRECTION('center_axis',(0.,-1.,0.));
#11920=DIRECTION('ref_axis',(1.,0.,0.));
#11921=DIRECTION('',(1.,0.,0.));
#11922=DIRECTION('center_axis',(0.,0.573149292182249,0.819450967948044));
#11923=DIRECTION('ref_axis',(1.,0.,0.));
#11924=DIRECTION('',(1.,0.,0.));
#11925=DIRECTION('center_axis',(0.,-0.420122071536785,-0.907467599976793));
#11926=DIRECTION('ref_axis',(-1.,0.,0.));
#11927=DIRECTION('',(1.,0.,0.));
#11928=DIRECTION('center_axis',(0.,0.573149292182249,0.819450967948044));
#11929=DIRECTION('ref_axis',(1.,0.,0.));
#11930=DIRECTION('',(1.,0.,0.));
#11931=DIRECTION('center_axis',(0.,-0.420122071536785,-0.907467599976793));
#11932=DIRECTION('ref_axis',(-1.,0.,0.));
#11933=DIRECTION('center_axis',(0.,0.632722028517017,-0.774378999346774));
#11934=DIRECTION('ref_axis',(-1.,0.,0.));
#11935=DIRECTION('',(1.,0.,0.));
#11936=DIRECTION('center_axis',(0.,-0.573149292182249,0.819450967948044));
#11937=DIRECTION('ref_axis',(1.,0.,0.));
#11938=DIRECTION('',(1.,0.,0.));
#11939=DIRECTION('center_axis',(0.,0.420122071536785,-0.907467599976793));
#11940=DIRECTION('ref_axis',(-1.,0.,0.));
#11941=DIRECTION('',(1.,0.,0.));
#11942=DIRECTION('center_axis',(0.,0.632722028517017,-0.774378999346774));
#11943=DIRECTION('ref_axis',(-1.,0.,0.));
#11944=DIRECTION('',(1.,0.,0.));
#11945=DIRECTION('center_axis',(0.,-1.,0.));
#11946=DIRECTION('ref_axis',(1.,0.,0.));
#11947=DIRECTION('',(-1.,0.,0.));
#11948=DIRECTION('',(1.,0.,0.));
#11949=DIRECTION('',(1.,0.,0.));
#11950=DIRECTION('center_axis',(0.,1.,0.));
#11951=DIRECTION('ref_axis',(-1.,0.,0.));
#11952=DIRECTION('',(-1.,0.,0.));
#11953=DIRECTION('',(-1.,0.,0.));
#11954=DIRECTION('center_axis',(0.,0.,1.));
#11955=DIRECTION('ref_axis',(1.,0.,0.));
#11956=DIRECTION('',(1.,0.,0.));
#11957=DIRECTION('center_axis',(0.,0.,1.));
#11958=DIRECTION('ref_axis',(1.,0.,0.));
#11959=DIRECTION('',(-1.,0.,0.));
#11960=DIRECTION('',(1.,0.,0.));
#11961=DIRECTION('center_axis',(0.,1.,0.));
#11962=DIRECTION('ref_axis',(-1.,0.,0.));
#11963=DIRECTION('',(1.,0.,0.));
#11964=DIRECTION('',(-1.,0.,0.));
#11965=DIRECTION('',(-1.,-1.77635683940023E-14,0.));
#11966=DIRECTION('center_axis',(0.,-1.,0.));
#11967=DIRECTION('ref_axis',(1.,0.,0.));
#11968=DIRECTION('',(1.,0.,0.));
#11969=DIRECTION('center_axis',(0.,0.573149292182249,0.819450967948044));
#11970=DIRECTION('ref_axis',(1.,0.,0.));
#11971=DIRECTION('',(1.,0.,0.));
#11972=DIRECTION('center_axis',(0.,-0.420122071536785,-0.907467599976793));
#11973=DIRECTION('ref_axis',(-1.,0.,0.));
#11974=DIRECTION('',(1.,0.,0.));
#11975=DIRECTION('center_axis',(0.,0.632722028517017,-0.774378999346774));
#11976=DIRECTION('ref_axis',(-1.,0.,0.));
#11977=DIRECTION('',(1.,0.,0.));
#11978=DIRECTION('center_axis',(-6.12323399573677E-17,-1.,2.22044604925031E-16));
#11979=DIRECTION('ref_axis',(1.,-6.12323399573676E-17,6.12323399573677E-17));
#11980=DIRECTION('',(0.,-2.22044604925031E-16,-1.));
#11981=DIRECTION('',(-1.,6.12323399573676E-17,-6.12323399573677E-17));
#11982=DIRECTION('',(5.52331070571172E-20,-2.22044604925031E-16,-1.));
#11983=DIRECTION('center_axis',(-6.12323399573677E-17,2.22044604925031E-16,
1.));
#11984=DIRECTION('ref_axis',(1.,-6.12323399573676E-17,6.12323399573677E-17));
#11985=DIRECTION('',(0.,-1.,2.22044604925031E-16));
#11986=DIRECTION('',(1.,-6.12323399573676E-17,6.12323399573677E-17));
#11987=DIRECTION('',(0.707106781186548,0.707106781186548,-1.13711443056603E-16));
#11988=DIRECTION('',(6.12323399573677E-17,1.,-2.22044604925031E-16));
#11989=DIRECTION('',(0.707106781186548,-0.707106781186547,2.00307048680152E-16));
#11990=DIRECTION('',(-0.866025661121602,-0.499999554278693,5.79934257989021E-17));
#11991=DIRECTION('',(-0.866025452373827,-0.499999915840701,5.79935188639101E-17));
#11992=DIRECTION('',(-0.866025661121602,0.499999554278693,-1.64050981186106E-16));
#11993=DIRECTION('',(-0.866025516172647,0.499999805337863,-1.64051028056877E-16));
#11994=DIRECTION('',(-0.866025914202211,0.499999115929443,-1.64050899349738E-16));
#11995=DIRECTION('',(6.12323399573677E-17,1.,-2.22044604925031E-16));
#11996=DIRECTION('',(0.866025820843435,0.499999277631934,-5.79933545908402E-17));
#11997=DIRECTION('',(0.866025492325373,0.499999846642573,-5.79935010525124E-17));
#11998=DIRECTION('',(0.866025611960578,0.499999639428176,-5.799344771613E-17));
#11999=DIRECTION('',(0.866025541780785,-0.499999760983242,1.64051019776219E-16));
#12000=DIRECTION('',(0.866025611960578,-0.499999639428176,1.64050997082845E-16));
#12001=DIRECTION('',(0.866025697686294,-0.499999490946709,1.64050969362522E-16));
#12002=DIRECTION('',(-6.12323399573677E-17,-1.,2.22044604925031E-16));
#12003=DIRECTION('',(-0.866025916110231,-0.499999112624648,5.79933121184537E-17));
#12004=DIRECTION('center_axis',(-0.707106781186547,-0.707106781186548,1.56970190163831E-16));
#12005=DIRECTION('ref_axis',(2.21989371817974E-16,0.,1.));
#12006=DIRECTION('',(2.22044604925031E-16,-5.52331070570474E-20,1.));
#12007=DIRECTION('center_axis',(-1.,6.12323399573677E-17,2.22044604925031E-16));
#12008=DIRECTION('ref_axis',(2.22044604925031E-16,2.22044604925031E-16,
1.));
#12009=DIRECTION('',(2.22044604925031E-16,2.22044604925031E-16,1.));
#12010=DIRECTION('center_axis',(-0.707106781186548,0.707106781186548,-2.46519032881566E-32));
#12011=DIRECTION('ref_axis',(-2.22044604925031E-16,-2.22044604925031E-16,
-1.));
#12012=DIRECTION('',(2.22044604925031E-16,2.22044604925031E-16,1.));
#12013=DIRECTION('center_axis',(6.12323399573677E-17,1.,-2.22044604925031E-16));
#12014=DIRECTION('ref_axis',(-2.22044604925031E-16,-2.22044604925031E-16,
-1.));
#12015=DIRECTION('',(0.,2.22044604925031E-16,1.));
#12016=DIRECTION('center_axis',(-0.499999846642568,0.866025492325364,-1.38393426793306E-7));
#12017=DIRECTION('ref_axis',(-2.22044614710137E-16,-1.59802948216601E-7,
-0.999999999999987));
#12018=DIRECTION('',(0.178496737896663,0.103054941157607,-0.978528790411019));
#12019=DIRECTION('',(-0.433601350556551,-0.250339615756901,0.865632685137421));
#12020=DIRECTION('center_axis',(-0.499999277631934,0.866025820843435,-8.12742191794726E-17));
#12021=DIRECTION('ref_axis',(-2.22044604925031E-16,-2.22044604925031E-16,
-1.));
#12022=DIRECTION('',(-2.22044604925031E-16,-2.22044604925031E-16,-1.));
#12023=DIRECTION('center_axis',(-1.,6.12323399573677E-17,2.22044604925031E-16));
#12024=DIRECTION('ref_axis',(2.22044604925031E-16,2.22044604925031E-16,
1.));
#12025=DIRECTION('',(-2.22044604925031E-16,-2.22044604925031E-16,-1.));
#12026=DIRECTION('',(6.12323399573677E-17,1.,-2.22044604925031E-16));
#12027=DIRECTION('center_axis',(-0.499999115929443,-0.866025914202211,3.03318488133287E-16));
#12028=DIRECTION('ref_axis',(2.22044604925031E-16,2.22044604925031E-16,
1.));
#12029=DIRECTION('',(-0.178496738714098,0.103054897191563,0.978528794892244));
#12030=DIRECTION('center_axis',(-0.499999805337856,-0.866025516172635,-1.67676261537683E-7));
#12031=DIRECTION('ref_axis',(2.22044593069476E-16,-1.93615844472737E-7,
0.999999999999981));
#12032=DIRECTION('',(-0.43360135672677,0.250339562475828,0.865632697455517));
#12033=DIRECTION('center_axis',(-0.499999554278693,-0.866025661121602,3.03318529271189E-16));
#12034=DIRECTION('ref_axis',(2.22044604925031E-16,2.22044604925031E-16,
1.));
#12035=DIRECTION('',(2.22044604925031E-16,2.22044604925031E-16,1.));
#12036=DIRECTION('',(-0.866025661121602,0.499999554278693,8.1274122286181E-17));
#12037=DIRECTION('center_axis',(0.499999915840701,-0.866025452373827,8.12739956519705E-17));
#12038=DIRECTION('ref_axis',(2.22044604925031E-16,2.22044604925031E-16,
1.));
#12039=DIRECTION('',(0.476957188227151,0.275371299214716,-0.834675079397516));
#12040=DIRECTION('center_axis',(-0.499999639428176,0.866025611960578,-8.12740924632575E-17));
#12041=DIRECTION('ref_axis',(-2.22044604925031E-16,-2.22044604925031E-16,
-1.));
#12042=DIRECTION('',(-0.866025611960578,-0.499999639428176,3.03318537262233E-16));
#12043=DIRECTION('',(2.22044604925031E-16,2.22044604925031E-16,1.));
#12044=DIRECTION('center_axis',(1.,-6.12323399573677E-17,-2.22044604925031E-16));
#12045=DIRECTION('ref_axis',(-2.22044604925031E-16,-2.22044604925031E-16,
-1.));
#12046=DIRECTION('',(-2.22044604925031E-16,-2.22044604925031E-16,-1.));
#12047=DIRECTION('',(6.12323399573677E-17,1.,-2.22044604925031E-16));
#12048=DIRECTION('',(-2.22044604925031E-16,-2.22044604925031E-16,-1.));
#12049=DIRECTION('center_axis',(0.499999639428174,0.866025611960574,-9.26133501104221E-8));
#12050=DIRECTION('ref_axis',(-2.22044611473257E-16,-1.069406593989E-7,-0.999999999999994));
#12051=DIRECTION('',(0.476957203162574,-0.275371194122226,-0.834675105534504));
#12052=DIRECTION('',(0.866025611960578,-0.499999639428176,-8.12740924632575E-17));
#12053=DIRECTION('',(-0.411592658128985,0.237632809386266,-0.879842106106265));
#12054=DIRECTION('center_axis',(0.499999760983242,0.866025541780785,-3.03318548669834E-16));
#12055=DIRECTION('ref_axis',(-2.22044604925031E-16,-2.22044604925031E-16,
-1.));
#12056=DIRECTION('center_axis',(0.499999490946709,0.866025697686294,-3.03318523327656E-16));
#12057=DIRECTION('ref_axis',(-2.22044604925031E-16,-2.22044604925031E-16,
-1.));
#12058=DIRECTION('center_axis',(0.499999554278674,-0.866025661121569,-2.75475751573109E-7));
#12059=DIRECTION('ref_axis',(2.22044585447509E-16,-3.18091904003526E-7,
0.999999999999949));
#12060=DIRECTION('',(-0.411592681577245,-0.237632583186145,-0.879842156230498));
#12061=DIRECTION('',(0.866025661121602,0.499999554278693,-3.03318529271189E-16));
#12062=DIRECTION('center_axis',(0.499999112624648,-0.866025916110231,8.12742769719284E-17));
#12063=DIRECTION('ref_axis',(2.22044604925031E-16,2.22044604925031E-16,
1.));
#12064=DIRECTION('center_axis',(2.22044604925031E-16,2.22044604925031E-16,
1.));
#12065=DIRECTION('ref_axis',(6.12323399573677E-17,1.,-2.22044604925031E-16));
#12066=DIRECTION('',(-0.728962707441961,0.684553410011875,9.86084490286176E-18));
#12067=DIRECTION('',(-0.535824404168954,0.844329442751457,-6.85018794094334E-17));
#12068=DIRECTION('',(-0.309016036783039,0.951056827435093,-1.4256169370609E-16));
#12069=DIRECTION('',(0.0627956901995376,-0.998026403103828,2.07662934160588E-16));
#12070=DIRECTION('',(0.187388880904696,0.982285807345951,-2.59719954043424E-16));
#12071=DIRECTION('',(-0.425776881677932,-0.90482818646891,2.9545367666791E-16));
#12072=DIRECTION('',(0.637428257910095,0.770509711825686,-3.12625030248932E-16));
#12073=DIRECTION('',(0.809016654384377,0.587785720249062,-3.10152431433828E-16));
#12074=DIRECTION('',(0.929775009749446,0.368128280963874,-2.88192423417337E-16));
#12075=DIRECTION('',(-0.992114225098594,-0.125337003143594,2.48124016498028E-16));
#12076=DIRECTION('',(-0.992114225098594,0.125337003143595,1.92463205807014E-16));
#12077=DIRECTION('',(0.929775009749446,-0.368128280963874,-1.24710626000629E-16));
#12078=DIRECTION('',(0.809016654384377,-0.587785720249062,-4.91231353672716E-17));
#12079=DIRECTION('',(0.637428257910095,-0.770509711825686,2.95500188575363E-17));
#12080=DIRECTION('',(0.425776881677932,-0.90482818646891,1.06370757711133E-16));
#12081=DIRECTION('',(0.187388880904696,-0.982285807345951,1.7650257398777E-16));
#12082=DIRECTION('',(-0.0627956901995377,-0.998026403103828,2.3554982260329E-16));
#12083=DIRECTION('',(-0.309016036783039,-0.951056827435093,2.79792381312068E-16));
#12084=DIRECTION('',(-0.535824404168954,-0.844329442751457,3.06455715675205E-16));
#12085=DIRECTION('',(-0.728962707441961,-0.684553410011875,3.13863627855201E-16));
#12086=DIRECTION('',(-0.876310274597226,-0.481747135575641,3.01549321107345E-16));
#12087=DIRECTION('',(-0.968584678578645,-0.248683977012399,2.70287937718337E-16));
#12088=DIRECTION('',(-1.,6.12323399573677E-17,2.22044604925031E-16));
#12089=DIRECTION('',(-0.968584678578645,0.248683977012399,1.5985006686453E-16));
#12090=DIRECTION('',(-0.876310274597226,0.481747135575641,8.76106163220281E-17));
#12091=DIRECTION('center_axis',(0.982278659550704,-0.187387517332768,-0.00381488389517609));
#12092=DIRECTION('ref_axis',(-0.00388367912516312,-2.21805123612899E-16,
-0.999992458489789));
#12093=DIRECTION('',(-0.023294018628127,-0.142252057661131,0.98955633532777));
#12094=DIRECTION('',(0.0108985071499596,0.0367863132268807,0.999263723799216));
#12095=DIRECTION('center_axis',(0.991432898234001,0.130519123292825,0.00505635780005015));
#12096=DIRECTION('ref_axis',(0.00509998412510352,-2.2235400119587E-16,-0.999986994996397));
#12097=DIRECTION('',(-0.0119792998400976,0.0523111118196273,0.998558983713799));
#12098=DIRECTION('',(0.0128680009518987,-0.136122811136539,0.990608396309959));
#12099=DIRECTION('center_axis',(0.998017023958048,0.0627951000649171,-0.00433535439823057));
#12100=DIRECTION('ref_axis',(-0.00434392739856712,-2.21776521117806E-16,
-0.999990565102869));
#12101=DIRECTION('',(0.00144519112843356,0.0459977883879519,0.998940496168826));
#12102=DIRECTION('center_axis',(0.923866865378819,0.382675090838529,0.00545801308523384));
#12103=DIRECTION('ref_axis',(0.00590768869894717,-2.22402471728406E-16,
-0.999982549454858));
#12104=DIRECTION('',(-0.0283996770153222,0.0543274785833246,0.998119223047129));
#12105=DIRECTION('',(0.0444307629764991,-0.121409305801259,0.991607627928599));
#12106=DIRECTION('center_axis',(0.951045967721509,0.309012508260289,-0.00477880940639896));
#12107=DIRECTION('ref_axis',(-0.00502472986662406,-2.21734125858825E-16,
-0.999987375965201));
#12108=DIRECTION('center_axis',(0.793329206931192,0.60876542107671,0.00578200062448348));
#12109=DIRECTION('ref_axis',(-2.21453037074224E-16,0.00949748399602241,
-0.999954897881772));
#12110=DIRECTION('',(-0.0463896176476455,0.0509785671568745,0.997621766535363));
#12111=DIRECTION('',(0.0695216355056714,-0.100026190796216,0.992553022942057));
#12112=DIRECTION('center_axis',(0.844318285320397,0.53581732349221,-0.0051409064637613));
#12113=DIRECTION('ref_axis',(-2.22621852971613E-16,-0.00959407177118823,
-0.999953975834313));
#12114=DIRECTION('center_axis',(0.684543362093512,0.728952007681115,-0.00541810957646831));
#12115=DIRECTION('ref_axis',(-2.22493583078448E-16,-0.00743253309164598,
-0.999972378344443));
#12116=DIRECTION('',(0.0869262989489616,-0.0742466323798995,0.993444138405014));
#12117=DIRECTION('center_axis',(0.608764831784989,0.793327860439564,0.00602373905294763));
#12118=DIRECTION('ref_axis',(-2.21573280557455E-16,0.00759278189450545,
-0.999971174416094));
#12119=DIRECTION('',(-0.0641876896180696,0.0416840741041052,0.997066887659789));
#12120=DIRECTION('center_axis',(0.481739521306785,0.876296424048798,-0.0056223491886012));
#12121=DIRECTION('ref_axis',(-2.22432895572343E-16,-0.00641590369928448,
-0.999979417878049));
#12122=DIRECTION('',(0.0961570460595303,-0.046482511524829,0.994280241489013));
#12123=DIRECTION('center_axis',(0.382673184537414,0.923863093375759,0.00618211405336421));
#12124=DIRECTION('ref_axis',(-2.21629901195057E-16,0.00669144128915591,
-0.999977612056127));
#12125=DIRECTION('',(-0.0798724892043519,0.0264161015758938,0.996455004024684));
#12126=DIRECTION('center_axis',(0.248679875226266,0.968568702771716,-0.00574348923251337));
#12127=DIRECTION('ref_axis',(-2.22403794712426E-16,-0.00592976857342153,
-0.999982418767783));
#12128=DIRECTION('',(0.0974064444170025,-0.0191085040595074,0.995061229100323));
#12129=DIRECTION('center_axis',(0.130518232512329,0.991426131799579,0.00626228127610843));
#12130=DIRECTION('ref_axis',(-2.21653413020319E-16,0.00631631157851398,
-0.999980051905058));
#12131=DIRECTION('',(-0.0915227659265242,0.0057588713462679,0.995786331859388));
#12132=DIRECTION('center_axis',(5.99472002316927E-17,0.999983277487022,
-0.00578314329010116));
#12133=DIRECTION('ref_axis',(-2.22395007177205E-16,-0.00578314329010116,
-0.999983277487022));
#12134=DIRECTION('',(0.0915227659265246,0.00575887134626789,0.995786331859388));
#12135=DIRECTION('center_axis',(-0.130518232512329,0.991426131799579,0.00626228127610849));
#12136=DIRECTION('ref_axis',(-2.21653413020319E-16,0.00631631157851398,
-0.999980051905058));
#12137=DIRECTION('',(-0.0974064444170021,-0.0191085040595074,0.995061229100323));
#12138=DIRECTION('center_axis',(-0.382673184537414,0.923863093375759,0.00618211405336438));
#12139=DIRECTION('ref_axis',(-2.21629901195057E-16,0.00669144128915591,
-0.999977612056127));
#12140=DIRECTION('',(-0.0961570460595298,-0.046482511524829,0.994280241489013));
#12141=DIRECTION('',(0.0798724892043523,0.0264161015758938,0.996455004024684));
#12142=DIRECTION('center_axis',(-0.248679875226266,0.968568702771716,-0.00574348923251326));
#12143=DIRECTION('ref_axis',(-2.22403794712426E-16,-0.00592976857342153,
-0.999982418767783));
#12144=DIRECTION('center_axis',(-0.608764831784989,0.793327860439564,0.0060237390529479));
#12145=DIRECTION('ref_axis',(-2.21573280557455E-16,0.00759278189450545,
-0.999971174416094));
#12146=DIRECTION('',(-0.0869262989489612,-0.0742466323798995,0.993444138405014));
#12147=DIRECTION('',(0.06418768961807,0.0416840741041052,0.997066887659789));
#12148=DIRECTION('center_axis',(-0.481739521306785,0.876296424048798,-0.00562234918860099));
#12149=DIRECTION('ref_axis',(-2.22432895572343E-16,-0.00641590369928448,
-0.999979417878049));
#12150=DIRECTION('center_axis',(-0.793329206931192,0.60876542107671,0.00578200062448383));
#12151=DIRECTION('ref_axis',(-2.21453037074224E-16,0.00949748399602241,
-0.999954897881772));
#12152=DIRECTION('',(-0.069521635505671,-0.100026190796216,0.992553022942057));
#12153=DIRECTION('',(0.0463896176476459,0.0509785671568745,0.997621766535363));
#12154=DIRECTION('center_axis',(-0.684543362093512,0.728952007681115,-0.005418109576468));
#12155=DIRECTION('ref_axis',(-2.22493583078448E-16,-0.00743253309164598,
-0.999972378344443));
#12156=DIRECTION('center_axis',(-0.923866865378819,0.382675090838529,0.00545801308523425));
#12157=DIRECTION('ref_axis',(0.00590768869894761,2.21678988522853E-16,0.999982549454858));
#12158=DIRECTION('',(-0.0444307629764987,-0.121409305801259,0.991607627928599));
#12159=DIRECTION('',(0.0283996770153227,0.0543274785833246,0.998119223047129));
#12160=DIRECTION('center_axis',(-0.844318285320397,0.53581732349221,-0.00514090646376093));
#12161=DIRECTION('ref_axis',(-2.22621852971613E-16,-0.00959407177118823,
-0.999953975834313));
#12162=DIRECTION('center_axis',(-0.991432898234001,0.130519123292825,0.00505635780005059));
#12163=DIRECTION('ref_axis',(0.00509998412510396,2.21729433272419E-16,0.999986994996397));
#12164=DIRECTION('',(-0.0128680009518983,-0.136122811136539,0.990608396309959));
#12165=DIRECTION('',(0.0119792998400981,0.0523111118196273,0.998558983713799));
#12166=DIRECTION('center_axis',(-0.951045967721509,0.309012508260289,-0.00477880940639854));
#12167=DIRECTION('ref_axis',(-0.00502472986662362,2.22349477793599E-16,
0.999987375965201));
#12168=DIRECTION('center_axis',(-0.991435193594799,-0.130519425470087,0.00457563947464402));
#12169=DIRECTION('ref_axis',(0.00461511834050957,2.21759645718023E-16,0.999989350284643));
#12170=DIRECTION('',(0.0232940186281274,-0.142252057661131,0.98955633532777));
#12171=DIRECTION('',(-0.00144519112843311,0.0459977883879519,0.998940496168826));
#12172=DIRECTION('center_axis',(-0.998017023958048,0.0627951000649172,-0.00433535439823013));
#12173=DIRECTION('ref_axis',(-0.00434392739856668,2.22308498796245E-16,
0.999990565102869));
#12174=DIRECTION('center_axis',(-0.923873314945181,-0.382677418412054,0.00401140495197125));
#12175=DIRECTION('ref_axis',(0.00434190172524475,2.21776647107941E-16,0.999990573900278));
#12176=DIRECTION('',(0.0616333763924353,-0.138436053761796,0.988451711482827));
#12177=DIRECTION('',(-0.0108985071499591,0.0367863132268807,0.999263723799216));
#12178=DIRECTION('center_axis',(-0.982278659550704,-0.187387517332768,-0.00381488389517565));
#12179=DIRECTION('ref_axis',(-0.00388367912516268,2.22280737133853E-16,
0.999992458489789));
#12180=DIRECTION('center_axis',(-0.793337348770071,-0.608772942975772,0.00336971023845088));
#12181=DIRECTION('ref_axis',(2.22380134490095E-16,0.00553516488579142,0.999984680857505));
#12182=DIRECTION('',(0.099351616796457,-0.124007564937894,0.987294981288826));
#12183=DIRECTION('',(-0.0159058256565873,0.0262607059442989,0.999528578897817));
#12184=DIRECTION('center_axis',(-0.904823517950326,-0.425774684855028,-0.0032123356918259));
#12185=DIRECTION('ref_axis',(-0.0035502121506405,2.22260593392149E-16,0.999993697976985));
#12186=DIRECTION('center_axis',(-0.608774263654424,-0.793339069844754,0.00264880536744467));
#12187=DIRECTION('ref_axis',(2.22247809074082E-16,0.00333878754280918,0.999994426233339));
#12188=DIRECTION('',(0.133450197516199,-0.0991115850523681,0.986087186049639));
#12189=DIRECTION('',(-0.0165389998579559,0.0160292372520848,0.999734727333614));
#12190=DIRECTION('center_axis',(-0.770507252402361,-0.637426223275227,-0.00252663342124229));
#12191=DIRECTION('ref_axis',(2.2180014942574E-16,-0.00396377412836107,0.999992144216473));
#12192=DIRECTION('center_axis',(0.130520731556946,-0.991445114727024,0.000960790173834329));
#12193=DIRECTION('ref_axis',(2.22103839703782E-16,0.000969080091692184,
0.999999530441778));
#12194=DIRECTION('',(0.00742636092684813,0.00194670979864831,0.999970529307911));
#12195=DIRECTION('',(-0.179368040254281,-0.0226601454313155,0.98352103380882));
#12196=DIRECTION('center_axis',(0.125337003143594,-0.992114225098593,1.92463205807014E-16));
#12197=DIRECTION('ref_axis',(2.22044604925031E-16,2.22044604925031E-16,
1.));
#12198=DIRECTION('',(2.22044604925031E-16,2.22044604925031E-16,1.));
#12199=DIRECTION('center_axis',(0.382679847713757,-0.923879179850999,0.00184260457535928));
#12200=DIRECTION('ref_axis',(2.22166286168435E-16,0.00199441761528525,0.99999801114721));
#12201=DIRECTION('',(0.0133784732586197,0.0075356817299919,0.999882108027808));
#12202=DIRECTION('',(-0.161006478960489,-0.064726304504551,0.984828624298629));
#12203=DIRECTION('center_axis',(-0.382679847713758,-0.923879179850999,0.00184260457535945));
#12204=DIRECTION('ref_axis',(2.22166286168435E-16,0.00199441761528525,0.99999801114721));
#12205=DIRECTION('',(0.161006478960489,-0.064726304504551,0.984828624298629));
#12206=DIRECTION('',(-0.0133784732586192,0.0075356817299919,0.999882108027808));
#12207=DIRECTION('center_axis',(0.368128123855725,-0.929774612944206,-0.000923878192852891));
#12208=DIRECTION('ref_axis',(2.21983651318218E-16,-0.000993657735855968,
0.99999950632203));
#12209=DIRECTION('center_axis',(-0.587784802225711,-0.80901539083517,-0.00176738911938952));
#12210=DIRECTION('ref_axis',(2.21910306149477E-16,-0.00218461221127184,
0.999997613731896));
#12211=DIRECTION('center_axis',(0.608774263654424,-0.793339069844754,0.0026488053674444));
#12212=DIRECTION('ref_axis',(2.22247809074082E-16,0.00333878754280918,0.999994426233339));
#12213=DIRECTION('',(0.0165389998579563,0.0160292372520848,0.999734727333614));
#12214=DIRECTION('',(-0.133450197516199,-0.0991115850523681,0.986087186049639));
#12215=DIRECTION('center_axis',(0.587784802225711,-0.80901539083517,-0.00176738911938978));
#12216=DIRECTION('ref_axis',(2.21910306149477E-16,-0.00218461221127184,
0.999997613731896));
#12217=DIRECTION('center_axis',(-0.130520731556946,-0.991445114727024,0.000960790173834387));
#12218=DIRECTION('ref_axis',(2.22103839703782E-16,0.000969080091692184,
0.999999530441778));
#12219=DIRECTION('',(0.179368040254281,-0.0226601454313155,0.98352103380882));
#12220=DIRECTION('',(-0.00742636092684769,0.00194670979864831,0.999970529307911));
#12221=DIRECTION('center_axis',(-0.368128123855725,-0.929774612944206,-0.000923878192852728));
#12222=DIRECTION('ref_axis',(2.21983651318218E-16,-0.000993657735855968,
0.99999950632203));
#12223=DIRECTION('center_axis',(0.793337348770071,-0.608772942975772,0.00336971023845053));
#12224=DIRECTION('ref_axis',(2.22380134490095E-16,0.00553516488579142,0.999984680857505));
#12225=DIRECTION('',(0.0159058256565878,0.0262607059442989,0.999528578897817));
#12226=DIRECTION('',(-0.0993516167964566,-0.124007564937894,0.987294981288826));
#12227=DIRECTION('center_axis',(0.770507252402361,-0.637426223275227,-0.00252663342124263));
#12228=DIRECTION('ref_axis',(2.2180014942574E-16,-0.00396377412836107,0.999992144216473));
#12229=DIRECTION('center_axis',(0.923873314945181,-0.382677418412054,0.00401140495197084));
#12230=DIRECTION('ref_axis',(0.00434190172524431,-2.22308376712944E-16,
-0.999990573900278));
#12231=DIRECTION('',(-0.0616333763924349,-0.138436053761796,0.988451711482827));
#12232=DIRECTION('center_axis',(-0.125337003143595,-0.992114225098593,2.48124016498028E-16));
#12233=DIRECTION('ref_axis',(2.22044604925031E-16,2.22044604925031E-16,
1.));
#12234=DIRECTION('center_axis',(0.904823517950326,-0.425774684855028,-0.0032123356918263));
#12235=DIRECTION('ref_axis',(-0.00355021215064094,-2.21825817797492E-16,
-0.999993697976985));
#12236=DIRECTION('center_axis',(0.991435193594799,-0.130519425470087,0.00457563947464358));
#12237=DIRECTION('ref_axis',(0.00461511834050912,-2.22324834708362E-16,
-0.999989350284643));
#12238=DIRECTION('center_axis',(6.27786229722166E-16,1.,-2.22044604925031E-16));
#12239=DIRECTION('ref_axis',(-1.,6.27786229722166E-16,6.12323399573675E-17));
#12240=DIRECTION('',(0.,-2.22044604925031E-16,-1.));
#12241=DIRECTION('',(1.,-6.27786229722166E-16,-6.12323399573675E-17));
#12242=DIRECTION('',(5.5233107057152E-20,-2.22044604925031E-16,-1.));
#12243=DIRECTION('center_axis',(6.12323399573677E-17,2.22044604925031E-16,
1.));
#12244=DIRECTION('ref_axis',(-1.,6.27786229722166E-16,6.12323399573675E-17));
#12245=DIRECTION('',(0.,1.,-2.22044604925031E-16));
#12246=DIRECTION('',(-1.,6.27786229722166E-16,6.12323399573675E-17));
#12247=DIRECTION('',(-0.707106781186548,-0.707106781186547,2.00307048680152E-16));
#12248=DIRECTION('',(-6.27786229722166E-16,-1.,2.22044604925031E-16));
#12249=DIRECTION('',(-0.707106781186547,0.707106781186548,-1.13711443056603E-16));
#12250=DIRECTION('',(0.866025661121603,0.499999554278692,-1.64050981186106E-16));
#12251=DIRECTION('',(0.866025452373827,0.499999915840701,-1.64051048686885E-16));
#12252=DIRECTION('',(0.866025661121602,-0.499999554278694,5.79934257989022E-17));
#12253=DIRECTION('',(0.866025516172646,-0.499999805337864,5.79934904208002E-17));
#12254=DIRECTION('',(0.866025914202211,-0.499999115929444,5.79933129690983E-17));
#12255=DIRECTION('',(-6.27786229722166E-16,-1.,2.22044604925031E-16));
#12256=DIRECTION('',(-0.866025820843435,-0.499999277631933,1.64050929538327E-16));
#12257=DIRECTION('',(-0.866025492325373,-0.499999846642572,1.6405103576814E-16));
#12258=DIRECTION('',(-0.866025611960578,-0.499999639428176,1.64050997082845E-16));
#12259=DIRECTION('',(-0.866025541780784,0.499999760983242,-5.79934790040496E-17));
#12260=DIRECTION('',(-0.866025611960578,0.499999639428177,-5.79934477161301E-17));
#12261=DIRECTION('',(-0.866025697686294,0.499999490946709,-5.79934094974351E-17));
#12262=DIRECTION('',(6.27786229722166E-16,1.,-2.22044604925031E-16));
#12263=DIRECTION('',(0.866025916110231,0.499999112624647,-1.64050898732758E-16));
#12264=DIRECTION('center_axis',(0.707106781186548,0.707106781186547,-1.56970190163831E-16));
#12265=DIRECTION('ref_axis',(-2.21989371817974E-16,0.,-1.));
#12266=DIRECTION('',(-2.22044604925031E-16,4.44033976743006E-16,1.));
#12267=DIRECTION('center_axis',(1.,-6.27786229722166E-16,2.22044604925031E-16));
#12268=DIRECTION('ref_axis',(-2.22044604925031E-16,2.22044604925031E-16,
1.));
#12269=DIRECTION('',(-2.22044604925031E-16,2.22044604925031E-16,1.));
#12270=DIRECTION('center_axis',(0.707106781186547,-0.707106781186548,3.14018491736755E-16));
#12271=DIRECTION('ref_axis',(2.22044604925031E-16,-2.22044604925031E-16,
-1.));
#12272=DIRECTION('',(-2.22044604925031E-16,2.22044604925031E-16,1.));
#12273=DIRECTION('center_axis',(-6.27786229722166E-16,-1.,2.22044604925031E-16));
#12274=DIRECTION('ref_axis',(2.22044604925031E-16,-2.22044604925031E-16,
-1.));
#12275=DIRECTION('',(0.,2.22044604925031E-16,1.));
#12276=DIRECTION('center_axis',(0.499999846642567,-0.866025492325365,-1.38393426408714E-7));
#12277=DIRECTION('ref_axis',(2.22044705247119E-16,1.59802947772512E-7,-0.999999999999987));
#12278=DIRECTION('',(-0.178496737896663,-0.103054941157607,-0.978528790411019));
#12279=DIRECTION('',(0.433601350556551,0.250339615756901,0.865632685137421));
#12280=DIRECTION('center_axis',(0.499999277631933,-0.866025820843435,3.0331850330864E-16));
#12281=DIRECTION('ref_axis',(2.22044604925031E-16,-2.22044604925031E-16,
-1.));
#12282=DIRECTION('',(2.22044604925031E-16,-2.22044604925031E-16,-1.));
#12283=DIRECTION('center_axis',(1.,-6.27786229722166E-16,2.22044604925031E-16));
#12284=DIRECTION('ref_axis',(-2.22044604925031E-16,2.22044604925031E-16,
1.));
#12285=DIRECTION('',(2.22044604925031E-16,-2.22044604925031E-16,-1.));
#12286=DIRECTION('',(-6.27786229722166E-16,-1.,2.22044604925031E-16));
#12287=DIRECTION('center_axis',(0.499999115929444,0.866025914202211,-8.12742758144508E-17));
#12288=DIRECTION('ref_axis',(-2.22044604925031E-16,2.22044604925031E-16,
1.));
#12289=DIRECTION('',(0.178496738714098,-0.103054897191563,0.978528794892244));
#12290=DIRECTION('center_axis',(0.499999805337857,0.866025516172634,-1.67676261922276E-7));
#12291=DIRECTION('ref_axis',(-2.22044483375666E-16,1.93615844916826E-7,
0.999999999999981));
#12292=DIRECTION('',(0.43360135672677,-0.250339562475828,0.865632697455517));
#12293=DIRECTION('center_axis',(0.499999554278694,0.866025661121602,-8.1274122286181E-17));
#12294=DIRECTION('ref_axis',(-2.22044604925031E-16,2.22044604925031E-16,
1.));
#12295=DIRECTION('',(-2.22044604925031E-16,2.22044604925031E-16,1.));
#12296=DIRECTION('',(0.866025661121602,-0.499999554278694,3.03318529271189E-16));
#12297=DIRECTION('center_axis',(-0.499999915840701,0.866025452373827,-3.03318563202765E-16));
#12298=DIRECTION('ref_axis',(-2.22044604925031E-16,2.22044604925031E-16,
1.));
#12299=DIRECTION('',(-0.476957188227152,-0.275371299214716,-0.834675079397515));
#12300=DIRECTION('center_axis',(0.499999639428176,-0.866025611960578,3.03318537262233E-16));
#12301=DIRECTION('ref_axis',(2.22044604925031E-16,-2.22044604925031E-16,
-1.));
#12302=DIRECTION('',(0.866025611960578,0.499999639428176,8.12740924632577E-17));
#12303=DIRECTION('',(-2.22044604925031E-16,2.22044604925031E-16,1.));
#12304=DIRECTION('center_axis',(-1.,6.27786229722166E-16,-2.22044604925031E-16));
#12305=DIRECTION('ref_axis',(2.22044604925031E-16,-2.22044604925031E-16,
-1.));
#12306=DIRECTION('',(2.22044604925031E-16,-2.22044604925031E-16,-1.));
#12307=DIRECTION('',(-6.27786229722166E-16,-1.,2.22044604925031E-16));
#12308=DIRECTION('',(2.22044604925031E-16,-2.22044604925031E-16,-1.));
#12309=DIRECTION('center_axis',(-0.499999639428175,-0.866025611960574,-9.26133497258295E-8));
#12310=DIRECTION('ref_axis',(2.22044672060903E-16,1.0694065895481E-7,-0.999999999999994));
#12311=DIRECTION('',(-0.476957203162573,0.275371194122226,-0.834675105534504));
#12312=DIRECTION('',(-0.866025611960578,0.499999639428177,-3.03318537262233E-16));
#12313=DIRECTION('',(0.411592658128985,-0.237632809386266,-0.879842106106265));
#12314=DIRECTION('center_axis',(-0.499999760983242,-0.866025541780784,8.12740498895665E-17));
#12315=DIRECTION('ref_axis',(2.22044604925031E-16,-2.22044604925031E-16,
-1.));
#12316=DIRECTION('center_axis',(-0.499999490946709,-0.866025697686294,8.12741444676991E-17));
#12317=DIRECTION('ref_axis',(2.22044604925031E-16,-2.22044604925031E-16,
-1.));
#12318=DIRECTION('center_axis',(-0.499999554278674,0.86602566112157,-2.75475751957702E-7));
#12319=DIRECTION('ref_axis',(-2.22044405231303E-16,3.18091904447616E-7,
0.999999999999949));
#12320=DIRECTION('',(0.411592681577245,0.237632583186144,-0.879842156230498));
#12321=DIRECTION('',(-0.866025661121603,-0.499999554278692,-8.12741222861812E-17));
#12322=DIRECTION('center_axis',(-0.499999112624647,0.866025916110231,-3.03318487823141E-16));
#12323=DIRECTION('ref_axis',(-2.22044604925031E-16,2.22044604925031E-16,
1.));
#12324=DIRECTION('center_axis',(-2.22044604925031E-16,2.22044604925031E-16,
1.));
#12325=DIRECTION('ref_axis',(-6.27786229722166E-16,-1.,2.22044604925031E-16));
#12326=DIRECTION('',(0.728962707441961,-0.684553410011875,3.13863627855201E-16));
#12327=DIRECTION('',(0.535824404168953,-0.844329442751457,3.06455715675205E-16));
#12328=DIRECTION('',(0.309016036783038,-0.951056827435093,2.79792381312068E-16));
#12329=DIRECTION('',(-0.0627956901995371,0.998026403103828,-2.3554982260329E-16));
#12330=DIRECTION('',(-0.187388880904696,-0.982285807345951,1.7650257398777E-16));
#12331=DIRECTION('',(0.425776881677933,0.90482818646891,-1.06370757711133E-16));
#12332=DIRECTION('',(-0.637428257910095,-0.770509711825686,2.95500188575362E-17));
#12333=DIRECTION('',(-0.809016654384378,-0.587785720249062,-4.91231353672718E-17));
#12334=DIRECTION('',(-0.929775009749446,-0.368128280963874,-1.24710626000629E-16));
#12335=DIRECTION('',(0.992114225098594,0.125337003143594,1.92463205807014E-16));
#12336=DIRECTION('',(0.992114225098593,-0.125337003143595,2.48124016498028E-16));
#12337=DIRECTION('',(-0.929775009749446,0.368128280963875,-2.88192423417337E-16));
#12338=DIRECTION('',(-0.809016654384377,0.587785720249063,-3.10152431433828E-16));
#12339=DIRECTION('',(-0.637428257910094,0.770509711825687,-3.12625030248932E-16));
#12340=DIRECTION('',(-0.425776881677932,0.90482818646891,-2.9545367666791E-16));
#12341=DIRECTION('',(-0.187388880904695,0.982285807345951,-2.59719954043424E-16));
#12342=DIRECTION('',(0.0627956901995383,0.998026403103828,-2.07662934160588E-16));
#12343=DIRECTION('',(0.309016036783039,0.951056827435092,-1.4256169370609E-16));
#12344=DIRECTION('',(0.535824404168954,0.844329442751456,-6.85018794094333E-17));
#12345=DIRECTION('',(0.728962707441962,0.684553410011874,9.86084490286188E-18));
#12346=DIRECTION('',(0.876310274597226,0.48174713557564,8.76106163220282E-17));
#12347=DIRECTION('',(0.968584678578645,0.248683977012398,1.5985006686453E-16));
#12348=DIRECTION('',(1.,-6.27786229722166E-16,2.22044604925031E-16));
#12349=DIRECTION('',(0.968584678578645,-0.248683977012399,2.70287937718337E-16));
#12350=DIRECTION('',(0.876310274597226,-0.481747135575641,3.01549321107345E-16));
#12351=DIRECTION('center_axis',(-0.982278659550704,0.187387517332768,-0.00381488389517617));
#12352=DIRECTION('ref_axis',(0.00388367912516312,-2.24481050648813E-16,
-0.999992458489789));
#12353=DIRECTION('',(0.0232940186281271,0.142252057661132,0.98955633532777));
#12354=DIRECTION('',(-0.0108985071499596,-0.0367863132268802,0.999263723799216));
#12355=DIRECTION('center_axis',(-0.991432898234001,-0.130519123292824,0.00505635780005021));
#12356=DIRECTION('ref_axis',(-0.00509998412510352,-2.18840017428603E-16,
-0.999986994996397));
#12357=DIRECTION('',(0.0119792998400976,-0.0523111118196269,0.998558983713799));
#12358=DIRECTION('',(-0.0128680009518987,0.13612281113654,0.990608396309959));
#12359=DIRECTION('center_axis',(-0.998017023958048,-0.0627951000649165,
-0.00433535439823054));
#12360=DIRECTION('ref_axis',(0.00434392739856712,-2.24769567760759E-16,
-0.999990565102869));
#12361=DIRECTION('',(-0.00144519112843358,-0.0459977883879514,0.998940496168826));
#12362=DIRECTION('center_axis',(-0.923866865378819,-0.382675090838528,0.00545801308523401));
#12363=DIRECTION('ref_axis',(-0.00590768869894717,-2.18331964510945E-16,
-0.999982549454858));
#12364=DIRECTION('',(0.0283996770153222,-0.0543274785833242,0.998119223047129));
#12365=DIRECTION('',(-0.0444307629764991,0.121409305801259,0.991607627928599));
#12366=DIRECTION('center_axis',(-0.95104596772151,-0.309012508260288,-0.00477880940639883));
#12367=DIRECTION('ref_axis',(0.00502472986662406,-2.25196258044552E-16,
-0.999987375965201));
#12368=DIRECTION('center_axis',(-0.793329206931193,-0.60876542107671,0.00578200062448375));
#12369=DIRECTION('ref_axis',(2.16072200573299E-16,-0.00949748399602285,
-0.999954897881772));
#12370=DIRECTION('',(0.0463896176476454,-0.0509785671568741,0.997621766535363));
#12371=DIRECTION('',(-0.0695216355056713,0.100026190796216,0.992553022942057));
#12372=DIRECTION('center_axis',(-0.844318285320397,-0.535817323492209,-0.00514090646376106));
#12373=DIRECTION('ref_axis',(2.28057411652262E-16,0.00959407177118778,-0.999953975834313));
#12374=DIRECTION('center_axis',(-0.684543362093513,-0.728952007681114,-0.00541810957646798));
#12375=DIRECTION('ref_axis',(2.26704513612325E-16,0.00743253309164554,-0.999972378344443));
#12376=DIRECTION('',(-0.0869262989489616,0.0742466323799,0.993444138405014));
#12377=DIRECTION('center_axis',(-0.60876483178499,-0.793327860439563,0.00602373905294798));
#12378=DIRECTION('ref_axis',(2.17271560440987E-16,-0.00759278189450589,
-0.999971174416094));
#12379=DIRECTION('',(0.0641876896180696,-0.0416840741041048,0.997066887659789));
#12380=DIRECTION('center_axis',(-0.481739521306786,-0.876296424048798,-0.00562234918860081));
#12381=DIRECTION('ref_axis',(2.26067850769528E-16,0.00641590369928403,-0.999979417878049));
#12382=DIRECTION('',(-0.0961570460595303,0.0464825115248295,0.994280241489013));
#12383=DIRECTION('center_axis',(-0.382673184537415,-0.923863093375758,0.00618211405336462));
#12384=DIRECTION('ref_axis',(2.17838839104552E-16,-0.00669144128915635,
-0.999977612056127));
#12385=DIRECTION('',(0.0798724892043519,-0.0264161015758934,0.996455004024684));
#12386=DIRECTION('center_axis',(-0.248679875226266,-0.968568702771716,-0.00574348923251294));
#12387=DIRECTION('ref_axis',(2.25763328163103E-16,0.00592976857342108,-0.999982418767783));
#12388=DIRECTION('',(-0.0974064444170025,0.0191085040595079,0.995061229100323));
#12389=DIRECTION('center_axis',(-0.13051823251233,-0.991426131799579,0.00626228127610887));
#12390=DIRECTION('ref_axis',(2.18074882126545E-16,-0.00631631157851443,
-0.999980051905058));
#12391=DIRECTION('',(0.0915227659265242,-0.00575887134626751,0.995786331859388));
#12392=DIRECTION('center_axis',(-6.26491615791716E-16,-0.999983277487022,
-0.00578314329010072));
#12393=DIRECTION('ref_axis',(2.25671469503279E-16,0.00578314329010072,-0.999983277487022));
#12394=DIRECTION('',(-0.0915227659265246,-0.0057588713462674,0.995786331859388));
#12395=DIRECTION('center_axis',(0.130518232512329,-0.991426131799579,0.00626228127610893));
#12396=DIRECTION('ref_axis',(2.18074882126545E-16,-0.00631631157851443,
-0.999980051905058));
#12397=DIRECTION('',(0.0974064444170021,0.0191085040595078,0.995061229100323));
#12398=DIRECTION('center_axis',(0.382673184537414,-0.923863093375759,0.00618211405336479));
#12399=DIRECTION('ref_axis',(2.17838839104552E-16,-0.00669144128915635,
-0.999977612056127));
#12400=DIRECTION('',(0.0961570460595299,0.0464825115248294,0.994280241489013));
#12401=DIRECTION('',(-0.0798724892043523,-0.0264161015758933,0.996455004024684));
#12402=DIRECTION('center_axis',(0.248679875226265,-0.968568702771716,-0.00574348923251283));
#12403=DIRECTION('ref_axis',(2.25763328163103E-16,0.00592976857342108,-0.999982418767783));
#12404=DIRECTION('center_axis',(0.608764831784989,-0.793327860439564,0.00602373905294825));
#12405=DIRECTION('ref_axis',(2.17271560440987E-16,-0.00759278189450589,
-0.999971174416094));
#12406=DIRECTION('',(0.0869262989489612,0.0742466323798999,0.993444138405014));
#12407=DIRECTION('',(-0.06418768961807,-0.0416840741041047,0.997066887659789));
#12408=DIRECTION('center_axis',(0.481739521306785,-0.876296424048798,-0.0056223491886006));
#12409=DIRECTION('ref_axis',(2.26067850769528E-16,0.00641590369928403,-0.999979417878049));
#12410=DIRECTION('center_axis',(0.793329206931192,-0.60876542107671,0.0057820006244841));
#12411=DIRECTION('ref_axis',(2.16072200573299E-16,-0.00949748399602285,
-0.999954897881772));
#12412=DIRECTION('',(0.069521635505671,0.100026190796216,0.992553022942057));
#12413=DIRECTION('',(-0.046389617647646,-0.0509785671568741,0.997621766535363));
#12414=DIRECTION('center_axis',(0.684543362093512,-0.728952007681115,-0.00541810957646768));
#12415=DIRECTION('ref_axis',(2.26704513612325E-16,0.00743253309164554,-0.999972378344443));
#12416=DIRECTION('center_axis',(0.923866865378819,-0.38267509083853,0.00545801308523442));
#12417=DIRECTION('ref_axis',(-0.00590768869894761,2.25749495740314E-16,
0.999982549454858));
#12418=DIRECTION('',(0.0444307629764988,0.121409305801259,0.991607627928599));
#12419=DIRECTION('',(-0.0283996770153227,-0.0543274785833242,0.998119223047129));
#12420=DIRECTION('center_axis',(0.844318285320397,-0.53581732349221,-0.00514090646376069));
#12421=DIRECTION('ref_axis',(2.28057411652262E-16,0.00959407177118778,-0.999953975834313));
#12422=DIRECTION('center_axis',(0.991432898234001,-0.130519123292825,0.00505635780005065));
#12423=DIRECTION('ref_axis',(-0.00509998412510396,2.25243417039686E-16,
0.999986994996397));
#12424=DIRECTION('',(0.0128680009518984,0.13612281113654,0.990608396309959));
#12425=DIRECTION('',(-0.0119792998400981,-0.0523111118196268,0.998558983713799));
#12426=DIRECTION('center_axis',(0.951045967721509,-0.309012508260289,-0.0047788094063984));
#12427=DIRECTION('ref_axis',(0.00502472986662362,2.18887345607872E-16,0.999987375965201));
#12428=DIRECTION('center_axis',(0.991435193594799,0.130519425470087,0.00457563947464396));
#12429=DIRECTION('ref_axis',(-0.00461511834050957,2.24939547955902E-16,
0.999989350284643));
#12430=DIRECTION('',(-0.0232940186281274,0.142252057661132,0.98955633532777));
#12431=DIRECTION('',(0.00144519112843308,-0.0459977883879514,0.998940496168826));
#12432=DIRECTION('center_axis',(0.998017023958048,-0.0627951000649177,-0.0043353543982301));
#12433=DIRECTION('ref_axis',(0.00434392739856668,2.19315452153292E-16,0.999990565102869));
#12434=DIRECTION('center_axis',(0.923873314945181,0.382677418412053,0.00401140495197108));
#12435=DIRECTION('ref_axis',(-0.00434190172524475,2.24768298024358E-16,
0.999990573900278));
#12436=DIRECTION('',(-0.0616333763924352,0.138436053761797,0.988451711482827));
#12437=DIRECTION('',(0.0108985071499591,-0.0367863132268802,0.999263723799216));
#12438=DIRECTION('center_axis',(0.982278659550704,0.187387517332767,-0.00381488389517574));
#12439=DIRECTION('ref_axis',(0.00388367912516268,2.1960481009794E-16,0.999992458489789));
#12440=DIRECTION('center_axis',(0.793337348770072,0.608772942975772,0.00336971023845061));
#12441=DIRECTION('ref_axis',(-2.2551610368663E-16,-0.00553516488579097,
0.999984680857505));
#12442=DIRECTION('',(-0.0993516167964569,0.124007564937895,0.987294981288826));
#12443=DIRECTION('',(0.0159058256565873,-0.0262607059442985,0.999528578897817));
#12444=DIRECTION('center_axis',(0.904823517950327,0.425774684855028,-0.00321233569182609));
#12445=DIRECTION('ref_axis',(0.0035502121506405,2.19814431294056E-16,0.999993697976985));
#12446=DIRECTION('center_axis',(0.608774263654424,0.793339069844754,0.00264880536744432));
#12447=DIRECTION('ref_axis',(-2.24139412143558E-16,-0.00333878754280874,
0.999994426233339));
#12448=DIRECTION('',(-0.133450197516199,0.0991115850523686,0.986087186049639));
#12449=DIRECTION('',(0.0165389998579559,-0.0160292372520844,0.999734727333614));
#12450=DIRECTION('center_axis',(0.770507252402361,0.637426223275226,-0.00252663342124257));
#12451=DIRECTION('ref_axis',(-2.19554457775167E-16,0.00396377412836151,
0.999992144216473));
#12452=DIRECTION('center_axis',(-0.130520731556946,0.991445114727024,0.000960790173833889));
#12453=DIRECTION('ref_axis',(-2.22652875799223E-16,-0.00096908009169174,
0.999999530441778));
#12454=DIRECTION('',(-0.00742636092684813,-0.00194670979864786,0.999970529307911));
#12455=DIRECTION('',(0.179368040254281,0.0226601454313158,0.98352103380882));
#12456=DIRECTION('center_axis',(-0.125337003143594,0.992114225098594,-2.48124016498028E-16));
#12457=DIRECTION('ref_axis',(-2.22044604925031E-16,2.22044604925031E-16,
1.));
#12458=DIRECTION('',(-2.22044604925031E-16,2.22044604925031E-16,1.));
#12459=DIRECTION('center_axis',(-0.382679847713757,0.923879179850999,0.00184260457535887));
#12460=DIRECTION('ref_axis',(-2.23296231226191E-16,-0.0019944176152848,
0.99999801114721));
#12461=DIRECTION('',(-0.0133784732586197,-0.00753568172999145,0.999882108027808));
#12462=DIRECTION('',(0.161006478960489,0.0647263045045514,0.984828624298629));
#12463=DIRECTION('center_axis',(0.382679847713758,0.923879179850999,0.00184260457535904));
#12464=DIRECTION('ref_axis',(-2.23296231226191E-16,-0.0019944176152848,
0.99999801114721));
#12465=DIRECTION('',(-0.161006478960489,0.0647263045045515,0.984828624298629));
#12466=DIRECTION('',(0.0133784732586192,-0.00753568172999147,0.999882108027808));
#12467=DIRECTION('center_axis',(-0.368128123855725,0.929774612944207,-0.000923878192853304));
#12468=DIRECTION('ref_axis',(-2.21420690662874E-16,0.000993657735856412,
0.99999950632203));
#12469=DIRECTION('center_axis',(0.587784802225711,0.80901539083517,-0.00176738911938988));
#12470=DIRECTION('ref_axis',(-2.20672605603553E-16,0.00218461221127228,
0.999997613731896));
#12471=DIRECTION('center_axis',(-0.608774263654423,0.793339069844755,0.00264880536744405));
#12472=DIRECTION('ref_axis',(-2.24139412143558E-16,-0.00333878754280874,
0.999994426233339));
#12473=DIRECTION('',(-0.0165389998579564,-0.0160292372520843,0.999734727333614));
#12474=DIRECTION('',(0.133450197516199,0.0991115850523685,0.986087186049639));
#12475=DIRECTION('center_axis',(-0.58778480222571,0.809015390835171,-0.00176738911939014));
#12476=DIRECTION('ref_axis',(-2.20672605603553E-16,0.00218461221127228,
0.999997613731896));
#12477=DIRECTION('center_axis',(0.130520731556947,0.991445114727024,0.000960790173833947));
#12478=DIRECTION('ref_axis',(-2.22652875799223E-16,-0.00096908009169174,
0.999999530441778));
#12479=DIRECTION('',(-0.179368040254281,0.022660145431316,0.98352103380882));
#12480=DIRECTION('',(0.00742636092684769,-0.00194670979864787,0.999970529307911));
#12481=DIRECTION('center_axis',(0.368128123855726,0.929774612944206,-0.000923878192853141));
#12482=DIRECTION('ref_axis',(-2.21420690662874E-16,0.000993657735856412,
0.99999950632203));
#12483=DIRECTION('center_axis',(-0.793337348770071,0.608772942975773,0.00336971023845026));
#12484=DIRECTION('ref_axis',(-2.2551610368663E-16,-0.00553516488579097,
0.999984680857505));
#12485=DIRECTION('',(-0.0159058256565878,-0.0262607059442984,0.999528578897817));
#12486=DIRECTION('',(0.0993516167964566,0.124007564937895,0.987294981288826));
#12487=DIRECTION('center_axis',(-0.77050725240236,0.637426223275227,-0.00252663342124291));
#12488=DIRECTION('ref_axis',(-2.19554457775167E-16,0.00396377412836151,
0.999992144216473));
#12489=DIRECTION('center_axis',(-0.92387331494518,0.382677418412055,0.00401140495197067));
#12490=DIRECTION('ref_axis',(-0.00434190172524431,-2.19316725796527E-16,
-0.999990573900278));
#12491=DIRECTION('',(0.061633376392435,0.138436053761797,0.988451711482827));
#12492=DIRECTION('center_axis',(0.125337003143595,0.992114225098593,-1.92463205807014E-16));
#12493=DIRECTION('ref_axis',(-2.22044604925031E-16,2.22044604925031E-16,
1.));
#12494=DIRECTION('center_axis',(-0.904823517950326,0.425774684855029,-0.00321233569182649));
#12495=DIRECTION('ref_axis',(0.00355021215064094,-2.24271979895585E-16,
-0.999993697976985));
#12496=DIRECTION('center_axis',(-0.991435193594799,0.130519425470088,0.00457563947464352));
#12497=DIRECTION('ref_axis',(-0.00461511834050912,-2.19144932470483E-16,
-0.999989350284643));
#12498=DIRECTION('center_axis',(0.,-1.,2.81752271789291E-16));
#12499=DIRECTION('ref_axis',(0.,-2.81752271789291E-16,-1.));
#12500=DIRECTION('',(-1.93615844857451E-7,-2.81752271789286E-16,-0.999999999999981));
#12501=DIRECTION('',(-1.62669366465244E-16,-2.81752271789291E-16,-1.));
#12502=DIRECTION('',(1.,0.,0.));
#12503=DIRECTION('',(0.,2.81752271789291E-16,1.));
#12504=DIRECTION('',(0.0142612387296004,-2.81723618531021E-16,-0.999898303363846));
#12505=DIRECTION('',(-0.0154629276574832,-2.8171858599118E-16,-0.999880441787047));
#12506=DIRECTION('',(1.,0.,0.));
#12507=DIRECTION('',(-1.62669556614759E-16,-2.81752271789291E-16,-1.));
#12508=DIRECTION('center_axis',(0.,-1.,2.81752271789291E-16));
#12509=DIRECTION('ref_axis',(0.,-2.81752271789291E-16,-1.));
#12510=DIRECTION('',(-1.62669436609408E-16,2.81752271789291E-16,1.));
#12511=DIRECTION('',(-1.59802948157226E-7,2.81752271789287E-16,0.999999999999987));
#12512=DIRECTION('',(-1.62669593551383E-16,2.81752271789291E-16,1.));
#12513=DIRECTION('',(1.,0.,0.));
#12514=DIRECTION('',(-0.00754418429119951,2.8174425374985E-16,0.999971542236768));
#12515=DIRECTION('',(0.0104819188170609,2.81736793215431E-16,0.999945063179929));
#12516=DIRECTION('',(0.0142613359132916,-2.81723618140483E-16,-0.99989830197774));
#12517=DIRECTION('',(-0.0154629276574832,-2.8171858599118E-16,-0.999880441787047));
#12518=DIRECTION('',(1.,0.,0.));
#12519=DIRECTION('',(-1.62669593551383E-16,-2.81752271789291E-16,-1.));
#12520=DIRECTION('',(-1.59802948157226E-7,-2.81752271789287E-16,-0.999999999999987));
#12521=DIRECTION('',(-1.62669436609408E-16,-2.81752271789291E-16,-1.));
#12522=DIRECTION('',(1.,0.,0.));
#12523=DIRECTION('center_axis',(0.,-1.,2.81752271789291E-16));
#12524=DIRECTION('ref_axis',(0.,-2.81752271789291E-16,-1.));
#12525=DIRECTION('',(1.,0.,0.));
#12526=DIRECTION('',(-0.00754446984115829,2.81744253142859E-16,0.999971540082425));
#12527=DIRECTION('',(0.010481895158011,2.81736793285307E-16,0.999945063427935));
#12528=DIRECTION('',(0.0142612387296004,-2.81723618531021E-16,-0.999898303363846));
#12529=DIRECTION('',(-0.0154629276574832,-2.8171858599118E-16,-0.999880441787047));
#12530=DIRECTION('',(1.,0.,0.));
#12531=DIRECTION('',(-1.62669556614759E-16,-2.81752271789291E-16,-1.));
#12532=DIRECTION('',(-1.93615844857451E-7,-2.81752271789286E-16,-0.999999999999981));
#12533=DIRECTION('',(-1.62669366465244E-16,-2.81752271789291E-16,-1.));
#12534=DIRECTION('',(1.,0.,0.));
#12535=DIRECTION('',(-1.62669366465244E-16,2.81752271789291E-16,1.));
#12536=DIRECTION('',(-1.93615844857451E-7,2.81752271789286E-16,0.999999999999981));
#12537=DIRECTION('',(-1.62669556614759E-16,2.81752271789291E-16,1.));
#12538=DIRECTION('center_axis',(0.,-1.,2.81752271789291E-16));
#12539=DIRECTION('ref_axis',(0.,-2.81752271789291E-16,-1.));
#12540=DIRECTION('',(0.0104819188170609,2.81736793215431E-16,0.999945063179929));
#12541=DIRECTION('',(0.0142613359132916,-2.81723618140483E-16,-0.99989830197774));
#12542=DIRECTION('',(-0.0154629276574832,-2.8171858599118E-16,-0.999880441787047));
#12543=DIRECTION('',(1.,0.,0.));
#12544=DIRECTION('',(-1.62669593551383E-16,-2.81752271789291E-16,-1.));
#12545=DIRECTION('',(-1.59802948157226E-7,-2.81752271789287E-16,-0.999999999999987));
#12546=DIRECTION('',(-1.62669436609408E-16,-2.81752271789291E-16,-1.));
#12547=DIRECTION('',(1.,0.,0.));
#12548=DIRECTION('',(-1.62669436609408E-16,2.81752271789291E-16,1.));
#12549=DIRECTION('',(-1.59802948157226E-7,2.81752271789287E-16,0.999999999999987));
#12550=DIRECTION('',(-1.62669593551383E-16,2.81752271789291E-16,1.));
#12551=DIRECTION('',(1.,0.,0.));
#12552=DIRECTION('',(-0.00754418429119951,2.8174425374985E-16,0.999971542236768));
#12553=DIRECTION('center_axis',(0.,-1.,2.81752271789291E-16));
#12554=DIRECTION('ref_axis',(0.,-2.81752271789291E-16,-1.));
#12555=DIRECTION('',(0.010481895158011,2.81736793285307E-16,0.999945063427935));
#12556=DIRECTION('',(0.,-2.81752271789291E-16,-1.));
#12557=DIRECTION('',(1.,0.,0.));
#12558=DIRECTION('',(-1.62669366465244E-16,2.81752271789291E-16,1.));
#12559=DIRECTION('',(-1.93615844857451E-7,2.81752271789286E-16,0.999999999999981));
#12560=DIRECTION('',(-1.62669556614759E-16,2.81752271789291E-16,1.));
#12561=DIRECTION('',(1.,0.,0.));
#12562=DIRECTION('',(-0.00754446984115829,2.81744253142859E-16,0.999971540082425));
#12563=DIRECTION('center_axis',(-0.866025914202211,-0.499999115929443,0.));
#12564=DIRECTION('ref_axis',(0.,0.,1.));
#12565=DIRECTION('',(0.499999115929443,-0.866025914202211,0.));
#12566=DIRECTION('',(0.,0.,-1.));
#12567=DIRECTION('',(0.103054897191563,-0.178496738714099,0.978528794892244));
#12568=DIRECTION('center_axis',(0.,0.,1.));
#12569=DIRECTION('ref_axis',(1.,0.,0.));
#12570=DIRECTION('',(0.,-1.,0.));
#12571=DIRECTION('',(1.,0.,0.));
#12572=DIRECTION('',(0.,1.,0.));
#12573=DIRECTION('',(1.,0.,0.));
#12574=DIRECTION('',(1.,0.,0.));
#12575=DIRECTION('center_axis',(1.,0.,0.));
#12576=DIRECTION('ref_axis',(0.,0.,-1.));
#12577=DIRECTION('',(0.,2.81752271789291E-16,1.));
#12578=DIRECTION('',(0.,1.,0.));
#12579=DIRECTION('',(0.,0.,-1.));
#12580=DIRECTION('',(0.,1.,0.));
#12581=DIRECTION('',(0.,0.203747849734634,0.97902339794742));
#12582=DIRECTION('',(0.,0.485038784858066,0.874492639868061));
#12583=DIRECTION('',(0.,0.722648796654821,0.691215390955193));
#12584=DIRECTION('',(0.,-0.896313146157822,-0.44342163233729));
#12585=DIRECTION('',(0.,0.988296756831339,0.152543503423312));
#12586=DIRECTION('',(0.,0.988296756831339,-0.152543503423312));
#12587=DIRECTION('',(0.,0.896313146157822,-0.44342163233729));
#12588=DIRECTION('',(0.,-0.722648796654821,0.691215390955193));
#12589=DIRECTION('',(0.,0.485038784858066,-0.874492639868061));
#12590=DIRECTION('',(0.,-0.203747849734634,0.97902339794742));
#12591=DIRECTION('',(0.,-1.,0.));
#12592=DIRECTION('',(0.,0.,-1.));
#12593=DIRECTION('center_axis',(0.866025820843435,-0.499999277631934,0.));
#12594=DIRECTION('ref_axis',(0.,0.,-1.));
#12595=DIRECTION('',(-0.103054941157607,-0.178496737896663,0.978528790411019));
#12596=DIRECTION('',(0.,0.,-1.));
#12597=DIRECTION('',(-0.499999277631934,-0.866025820843435,0.));
#12598=DIRECTION('center_axis',(0.866025492325364,-0.499999846642568,-1.38393426712032E-7));
#12599=DIRECTION('ref_axis',(-1.59802947994557E-7,0.,-0.999999999999987));
#12600=DIRECTION('',(-0.250339615756901,-0.433601350556551,0.865632685137421));
#12601=DIRECTION('center_axis',(0.866025611960578,-0.499999639428176,0.));
#12602=DIRECTION('ref_axis',(0.,0.,-1.));
#12603=DIRECTION('',(-0.499999639428176,-0.866025611960578,0.));
#12604=DIRECTION('center_axis',(0.309012508260289,-0.951045967721509,-0.00477880940639868));
#12605=DIRECTION('ref_axis',(0.,0.00502472986662384,-0.999987375965201));
#12606=DIRECTION('',(-0.121409305801259,-0.0444307629764989,0.991607627928599));
#12607=DIRECTION('',(0.0523111118196271,0.0119792998400979,0.998558983713799));
#12608=DIRECTION('',(0.951056827435093,0.309016036783039,0.));
#12609=DIRECTION('center_axis',(0.382675090838529,-0.923866865378819,0.00545801308523413));
#12610=DIRECTION('ref_axis',(0.,-0.00590768869894739,-0.999982549454858));
#12611=DIRECTION('center_axis',(0.866025661121602,-0.499999554278693,0.));
#12612=DIRECTION('ref_axis',(0.,0.,-1.));
#12613=DIRECTION('',(-0.499999554278693,-0.866025661121602,0.));
#12614=DIRECTION('',(0.250339562475828,0.43360135672677,-0.865632697455517));
#12615=DIRECTION('center_axis',(0.309012508260289,-0.951045967721509,-0.00477880940639868));
#12616=DIRECTION('ref_axis',(0.,0.00502472986662384,-0.999987375965201));
#12617=DIRECTION('',(-0.121409305801259,-0.0444307629764989,0.991607627928599));
#12618=DIRECTION('',(0.0523111118196271,0.0119792998400979,0.998558983713799));
#12619=DIRECTION('',(0.951056827435093,0.309016036783039,0.));
#12620=DIRECTION('center_axis',(0.382674797386928,-0.923866987173917,0.00545797169869867));
#12621=DIRECTION('ref_axis',(0.,-0.00590764312542668,-0.999982549724095));
#12622=DIRECTION('center_axis',(-0.382677418412054,-0.923873314945181,0.00401140495197096));
#12623=DIRECTION('ref_axis',(0.,-0.00434190172524453,-0.999990573900278));
#12624=DIRECTION('',(-0.138436053761797,0.0616333763924351,0.988451711482827));
#12625=DIRECTION('',(0.0367863132268805,-0.0108985071499593,0.999263723799216));
#12626=DIRECTION('center_axis',(-0.425774684855028,-0.904823517950326,-0.00321233569182619));
#12627=DIRECTION('ref_axis',(0.,0.00355021215064072,-0.999993697976985));
#12628=DIRECTION('',(-0.90482818646891,0.425776881677932,0.));
#12629=DIRECTION('center_axis',(0.382675090838529,-0.923866865378819,0.00545801308523413));
#12630=DIRECTION('ref_axis',(0.,-0.00590768869894739,-0.999982549454858));
#12631=DIRECTION('',(-0.121409305801259,-0.0444307629764989,0.991607627928599));
#12632=DIRECTION('center_axis',(-0.382677711933485,-0.923873193312984,0.00401141708408423));
#12633=DIRECTION('ref_axis',(0.,-0.00434191542828882,-0.999990573840781));
#12634=DIRECTION('',(-0.138435899662567,0.0616333777329425,0.988451732981355));
#12635=DIRECTION('',(0.0367863132268805,-0.0108985071499593,0.999263723799216));
#12636=DIRECTION('center_axis',(-0.425774351905995,-0.904823675063674,-0.00321221158960147));
#12637=DIRECTION('ref_axis',(0.,0.00355007438053074,-0.999993698466092));
#12638=DIRECTION('',(-0.904828343222354,0.425776548557444,0.));
#12639=DIRECTION('center_axis',(-0.866025611960578,-0.499999639428176,0.));
#12640=DIRECTION('ref_axis',(0.,0.,1.));
#12641=DIRECTION('',(0.250339615756901,-0.433601350556551,0.865632685137421));
#12642=DIRECTION('',(0.499999639428176,-0.866025611960578,0.));
#12643=DIRECTION('center_axis',(-0.866025492325364,-0.499999846642568,-1.38393426712032E-7));
#12644=DIRECTION('ref_axis',(-1.59802947994557E-7,0.,0.999999999999987));
#12645=DIRECTION('',(-0.103054941157607,0.178496737896663,-0.978528790411019));
#12646=DIRECTION('center_axis',(-1.,0.,0.));
#12647=DIRECTION('ref_axis',(0.,0.,1.));
#12648=DIRECTION('',(0.,1.,0.));
#12649=DIRECTION('',(0.,0.,1.));
#12650=DIRECTION('',(0.,1.,0.));
#12651=DIRECTION('',(0.,0.203747849734634,-0.97902339794742));
#12652=DIRECTION('',(0.,0.485038784858066,-0.874492639868061));
#12653=DIRECTION('',(0.,-0.722648796654821,0.691215390955193));
#12654=DIRECTION('',(0.,0.896313146157822,-0.44342163233729));
#12655=DIRECTION('',(0.,0.988296756831339,-0.152543503423312));
#12656=DIRECTION('',(0.,0.988296756831339,0.152543503423312));
#12657=DIRECTION('',(0.,-0.896313146157822,-0.44342163233729));
#12658=DIRECTION('',(0.,0.722648796654821,0.691215390955193));
#12659=DIRECTION('',(0.,0.485038784858066,0.874492639868061));
#12660=DIRECTION('',(0.,0.203747849734634,0.97902339794742));
#12661=DIRECTION('',(0.,1.,0.));
#12662=DIRECTION('',(0.,0.,1.));
#12663=DIRECTION('',(0.,-1.,0.));
#12664=DIRECTION('',(0.,-2.81752271789291E-16,-1.));
#12665=DIRECTION('center_axis',(0.,0.,1.));
#12666=DIRECTION('ref_axis',(1.,0.,0.));
#12667=DIRECTION('',(-1.,0.,0.));
#12668=DIRECTION('',(-0.499999554278693,-0.866025661121602,0.));
#12669=DIRECTION('',(0.951056827435093,0.309016036783039,0.));
#12670=DIRECTION('',(-0.998026403103828,-0.0627956901995377,0.));
#12671=DIRECTION('',(0.982285807345951,-0.187388880904696,0.));
#12672=DIRECTION('center_axis',(0.,0.,1.));
#12673=DIRECTION('ref_axis',(1.,0.,0.));
#12674=DIRECTION('',(0.499999115929443,0.866025914202211,0.));
#12675=DIRECTION('',(-1.,0.,0.));
#12676=DIRECTION('',(-1.,0.,0.));
#12677=DIRECTION('',(0.,-1.,0.));
#12678=DIRECTION('',(1.,0.,0.));
#12679=DIRECTION('center_axis',(0.866025914202211,-0.499999115929443,0.));
#12680=DIRECTION('ref_axis',(0.,0.,-1.));
#12681=DIRECTION('',(0.103054897191563,0.178496738714099,-0.978528794892244));
#12682=DIRECTION('',(0.,0.,-1.));
#12683=DIRECTION('center_axis',(0.,-1.,2.81752271789291E-16));
#12684=DIRECTION('ref_axis',(0.,-2.81752271789291E-16,-1.));
#12685=DIRECTION('',(1.93615844532112E-7,2.81752271789286E-16,0.999999999999981));
#12686=DIRECTION('',(-1.62669556614759E-16,2.81752271789291E-16,1.));
#12687=DIRECTION('',(-1.,0.,0.));
#12688=DIRECTION('',(-1.62669593551383E-16,-2.81752271789291E-16,-1.));
#12689=DIRECTION('',(1.59802947831887E-7,-2.81752271789287E-16,-0.999999999999987));
#12690=DIRECTION('',(-1.62669436609408E-16,-2.81752271789291E-16,-1.));
#12691=DIRECTION('',(-1.,0.,0.));
#12692=DIRECTION('',(-1.62669436609408E-16,2.81752271789291E-16,1.));
#12693=DIRECTION('',(1.59802947831887E-7,2.81752271789287E-16,0.999999999999987));
#12694=DIRECTION('',(-1.62669593551383E-16,2.81752271789291E-16,1.));
#12695=DIRECTION('',(-1.,0.,0.));
#12696=DIRECTION('',(-1.62669556614759E-16,-2.81752271789291E-16,-1.));
#12697=DIRECTION('',(1.93615844532112E-7,-2.81752271789286E-16,-0.999999999999981));
#12698=DIRECTION('',(-1.62669366465244E-16,-2.81752271789291E-16,-1.));
#12699=DIRECTION('',(-1.,0.,0.));
#12700=DIRECTION('',(-1.62669366465244E-16,2.81752271789291E-16,1.));
#12701=DIRECTION('',(1.93615844532112E-7,2.81752271789286E-16,0.999999999999981));
#12702=DIRECTION('',(-1.62669556614759E-16,2.81752271789291E-16,1.));
#12703=DIRECTION('',(-1.,0.,0.));
#12704=DIRECTION('',(-1.62669593551383E-16,-2.81752271789291E-16,-1.));
#12705=DIRECTION('',(1.59802947831887E-7,-2.81752271789287E-16,-0.999999999999987));
#12706=DIRECTION('',(-1.62669436609408E-16,-2.81752271789291E-16,-1.));
#12707=DIRECTION('',(-1.,0.,0.));
#12708=DIRECTION('',(-1.62669436609408E-16,2.81752271789291E-16,1.));
#12709=DIRECTION('',(1.59802947831887E-7,2.81752271789287E-16,0.999999999999987));
#12710=DIRECTION('',(-1.62669593551383E-16,2.81752271789291E-16,1.));
#12711=DIRECTION('',(-1.,0.,0.));
#12712=DIRECTION('',(-1.62669556614759E-16,-2.81752271789291E-16,-1.));
#12713=DIRECTION('',(1.93615844532112E-7,-2.81752271789286E-16,-0.999999999999981));
#12714=DIRECTION('',(-1.62669366465244E-16,-2.81752271789291E-16,-1.));
#12715=DIRECTION('',(-1.,0.,0.));
#12716=DIRECTION('',(-1.,0.,0.));
#12717=DIRECTION('',(-1.62669366465244E-16,2.81752271789291E-16,1.));
#12718=DIRECTION('center_axis',(0.,0.,1.));
#12719=DIRECTION('ref_axis',(1.,0.,0.));
#12720=DIRECTION('',(-0.499999554278693,0.866025661121602,0.));
#12721=DIRECTION('',(1.,0.,0.));
#12722=DIRECTION('',(0.499999639428176,0.866025611960578,0.));
#12723=DIRECTION('center_axis',(0.866025661121602,0.499999554278693,0.));
#12724=DIRECTION('ref_axis',(0.,0.,-1.));
#12725=DIRECTION('',(0.250339562475828,-0.43360135672677,-0.865632697455517));
#12726=DIRECTION('center_axis',(0.866025516172635,0.499999805337856,-1.67676261841002E-7));
#12727=DIRECTION('ref_axis',(-1.93615844694781E-7,0.,-0.999999999999981));
#12728=DIRECTION('',(0.103054897191563,-0.178496738714099,-0.978528794892244));
#12729=DIRECTION('center_axis',(0.866025914202211,0.499999115929443,0.));
#12730=DIRECTION('ref_axis',(0.,0.,-1.));
#12731=DIRECTION('',(0.499999115929443,-0.866025914202211,0.));
#12732=DIRECTION('',(0.,0.,-1.));
#12733=DIRECTION('center_axis',(0.,0.,1.));
#12734=DIRECTION('ref_axis',(1.,0.,0.));
#12735=DIRECTION('',(0.499999115929443,0.866025914202211,0.));
#12736=DIRECTION('',(1.,0.,0.));
#12737=DIRECTION('',(1.,0.,0.));
#12738=DIRECTION('',(0.,-1.,0.));
#12739=DIRECTION('',(1.,0.,0.));
#12740=DIRECTION('',(0.,1.,0.));
#12741=DIRECTION('',(-1.,0.,0.));
#12742=DIRECTION('',(-1.,0.,0.));
#12743=DIRECTION('center_axis',(-0.866025914202211,0.499999115929443,0.));
#12744=DIRECTION('ref_axis',(0.,0.,1.));
#12745=DIRECTION('',(0.103054897191563,0.178496738714099,0.978528794892244));
#12746=DIRECTION('',(0.,0.,-1.));
#12747=DIRECTION('center_axis',(-0.866025516172635,0.499999805337856,-1.67676261841002E-7));
#12748=DIRECTION('ref_axis',(-1.93615844694781E-7,0.,0.999999999999981));
#12749=DIRECTION('',(0.250339562475828,0.43360135672677,0.865632697455517));
#12750=DIRECTION('center_axis',(-0.866025661121602,0.499999554278693,0.));
#12751=DIRECTION('ref_axis',(0.,0.,1.));
#12752=DIRECTION('',(0.499999554278693,0.866025661121602,0.));
#12753=DIRECTION('center_axis',(0.,0.,1.));
#12754=DIRECTION('ref_axis',(1.,0.,0.));
#12755=DIRECTION('',(-0.499999639428176,0.866025611960578,0.));
#12756=DIRECTION('',(1.,0.,0.));
#12757=DIRECTION('center_axis',(0.866025611960578,0.499999639428176,0.));
#12758=DIRECTION('ref_axis',(0.,0.,-1.));
#12759=DIRECTION('',(-0.250339615756901,0.433601350556551,0.865632685137421));
#12760=DIRECTION('center_axis',(0.866025492325364,0.499999846642568,-1.38393426712032E-7));
#12761=DIRECTION('ref_axis',(-1.59802947994557E-7,0.,-0.999999999999987));
#12762=DIRECTION('',(0.103054941157607,-0.178496737896663,-0.978528790411019));
#12763=DIRECTION('center_axis',(0.866025820843435,0.499999277631934,0.));
#12764=DIRECTION('ref_axis',(0.,0.,-1.));
#12765=DIRECTION('',(-0.499999277631934,0.866025820843435,0.));
#12766=DIRECTION('',(0.,0.,-1.));
#12767=DIRECTION('center_axis',(0.,0.,1.));
#12768=DIRECTION('ref_axis',(1.,0.,0.));
#12769=DIRECTION('',(0.499999277631934,0.866025820843435,0.));
#12770=DIRECTION('',(1.,0.,0.));
#12771=DIRECTION('',(-1.,0.,0.));
#12772=DIRECTION('',(-1.,0.,0.));
#12773=DIRECTION('center_axis',(-0.866025820843435,0.499999277631934,0.));
#12774=DIRECTION('ref_axis',(0.,0.,1.));
#12775=DIRECTION('',(-0.103054941157607,-0.178496737896663,-0.978528790411019));
#12776=DIRECTION('',(0.,0.,-1.));
#12777=DIRECTION('center_axis',(-0.866025492325364,0.499999846642568,-1.38393426712032E-7));
#12778=DIRECTION('ref_axis',(-1.59802947994557E-7,0.,0.999999999999987));
#12779=DIRECTION('',(0.250339615756901,0.433601350556551,0.865632685137421));
#12780=DIRECTION('center_axis',(-0.866025611960578,0.499999639428176,0.));
#12781=DIRECTION('ref_axis',(0.,0.,1.));
#12782=DIRECTION('',(0.499999639428176,0.866025611960578,0.));
#12783=DIRECTION('center_axis',(0.,0.,1.));
#12784=DIRECTION('ref_axis',(1.,0.,0.));
#12785=DIRECTION('',(-0.499999554278693,0.866025661121602,0.));
#12786=DIRECTION('',(1.,0.,0.));
#12787=DIRECTION('center_axis',(0.866025661121602,0.499999554278693,0.));
#12788=DIRECTION('ref_axis',(0.,0.,-1.));
#12789=DIRECTION('',(0.250339562475828,-0.43360135672677,-0.865632697455517));
#12790=DIRECTION('center_axis',(0.0134479451395853,-0.978934867110534,0.203729425284627));
#12791=DIRECTION('ref_axis',(0.,-0.203747849734634,-0.97902339794742));
#12792=DIRECTION('',(-0.999861466284244,-0.0151638022477254,-0.00686347880546979));
#12793=DIRECTION('',(0.,-0.203747849734634,-0.97902339794742));
#12794=DIRECTION('',(0.874559846345418,-0.087256481007484,-0.477002496515972));
#12795=DIRECTION('',(0.,0.203747849734634,0.97902339794742));
#12796=DIRECTION('center_axis',(0.0134479451395853,-0.978934867110534,0.203729425284627));
#12797=DIRECTION('ref_axis',(0.,-0.203747849734634,-0.97902339794742));
#12798=DIRECTION('',(0.,0.203747849734634,0.97902339794742));
#12799=DIRECTION('',(0.994352374925775,0.0345438676575147,0.100349766749759));
#12800=DIRECTION('',(0.874559846345418,-0.0872564810074839,-0.477002496515972));
#12801=DIRECTION('center_axis',(-0.0108774351261464,-0.907394286782232,
0.42013960741644));
#12802=DIRECTION('ref_axis',(0.,-0.420164464786289,-0.907447972354807));
#12803=DIRECTION('',(0.,0.420164464786289,0.907447972354807));
#12804=DIRECTION('',(0.999861466284244,-0.0151638022477254,-0.00686347880546979));
#12805=DIRECTION('',(0.,0.420164464786289,0.907447972354807));
#12806=DIRECTION('',(-0.98889442903977,-0.0525192527299042,-0.13903070274871));
#12807=DIRECTION('',(0.,0.420164464786289,0.907447972354807));
#12808=DIRECTION('',(0.912458540083576,-0.180874898202763,-0.367020004670984));
#12809=DIRECTION('',(0.,0.420164464786289,0.907447972354807));
#12810=DIRECTION('center_axis',(0.0217439774402012,-0.874285885124031,0.484924107998323));
#12811=DIRECTION('ref_axis',(0.,-0.485038784858066,-0.874492639868061));
#12812=DIRECTION('',(0.98889442903977,-0.0525192527299042,-0.13903070274871));
#12813=DIRECTION('',(0.,0.485038784858066,0.874492639868061));
#12814=DIRECTION('',(-0.999403554230709,-0.0320237413002952,-0.0129234586763087));
#12815=DIRECTION('',(0.,-0.485038784858066,-0.874492639868061));
#12816=DIRECTION('center_axis',(0.0217439774402012,-0.874285885124031,0.484924107998323));
#12817=DIRECTION('ref_axis',(0.,-0.485038784858066,-0.874492639868061));
#12818=DIRECTION('',(0.,0.485038784858066,0.874492639868061));
#12819=DIRECTION('',(0.97797946243777,0.119301675573807,0.171240419455256));
#12820=DIRECTION('center_axis',(-0.0165906521916452,-0.773467080540146,
0.633619306508694));
#12821=DIRECTION('ref_axis',(0.999657376715071,0.,0.0261749723809349));
#12822=DIRECTION('',(0.,0.633706526289257,0.773573550826554));
#12823=DIRECTION('',(0.999403554230709,-0.0320237413002952,-0.0129234586763087));
#12824=DIRECTION('',(0.,0.633706526289257,0.773573550826554));
#12825=DIRECTION('',(-0.997460011619449,-0.0310993774806497,-0.0640808391053495));
#12826=DIRECTION('',(0.,0.633706526289257,0.773573550826554));
#12827=DIRECTION('',(0.946159874585708,-0.21703397530606,-0.240161914730056));
#12828=DIRECTION('',(0.,0.633706526289257,0.773573550826554));
#12829=DIRECTION('center_axis',(0.0248670623915955,-0.691001644202026,0.722425329648753));
#12830=DIRECTION('ref_axis',(0.999408101387221,0.,-0.0344012627906408));
#12831=DIRECTION('',(0.997460011619449,-0.0310993774806497,-0.0640808391053495));
#12832=DIRECTION('',(0.,0.722648796654821,0.691215390955193));
#12833=DIRECTION('',(-0.998047282511249,-0.0585805776596443,-0.021678048643122));
#12834=DIRECTION('',(0.,-0.722648796654821,-0.691215390955193));
#12835=DIRECTION('center_axis',(0.0248670623915955,-0.691001644202026,0.722425329648753));
#12836=DIRECTION('ref_axis',(0.999408101387221,0.,-0.0344012627906408));
#12837=DIRECTION('',(0.,0.722648796654821,0.691215390955193));
#12838=DIRECTION('',(0.952440082717049,0.235919340183526,0.192872895351605));
#12839=DIRECTION('center_axis',(-0.0171327175805747,-0.590479710779835,
0.806870609915659));
#12840=DIRECTION('ref_axis',(0.999774644637092,0.,0.0212287526900715));
#12841=DIRECTION('',(0.,0.806989056361769,0.590566391621078));
#12842=DIRECTION('',(0.998047282511249,-0.0585805776596443,-0.021678048643122));
#12843=DIRECTION('',(0.,0.806989056361769,0.590566391621078));
#12844=DIRECTION('',(-0.99912792352525,-0.0206216131229349,-0.03630621853525));
#12845=DIRECTION('',(0.,0.806989056361769,0.590566391621078));
#12846=DIRECTION('',(0.973348210149503,-0.194428295160776,-0.121617843426172));
#12847=DIRECTION('',(0.,0.806989056361769,0.590566391621079));
#12848=DIRECTION('center_axis',(0.0234116752919816,-0.443300094532765,0.89606747494107));
#12849=DIRECTION('ref_axis',(0.999658861068782,0.,-0.0261182213534016));
#12850=DIRECTION('',(0.99912792352525,-0.0206216131229349,-0.03630621853525));
#12851=DIRECTION('',(0.,-0.896313146157822,-0.44342163233729));
#12852=DIRECTION('',(-0.98939882872925,-0.138772668619854,-0.0428030857919396));
#12853=DIRECTION('',(0.,-0.896313146157822,-0.44342163233729));
#12854=DIRECTION('center_axis',(0.0234116752919816,-0.443300094532765,0.89606747494107));
#12855=DIRECTION('ref_axis',(0.999658861068782,0.,-0.0261182213534016));
#12856=DIRECTION('',(0.,0.896313146157822,0.44342163233729));
#12857=DIRECTION('',(0.916203415922557,0.368163484790733,0.158199080650242));
#12858=DIRECTION('center_axis',(-0.011711331179363,-0.370022821904593,0.928948844658181));
#12859=DIRECTION('ref_axis',(0.99992054025529,0.,0.0126060769301955));
#12860=DIRECTION('',(0.,0.929012556330565,0.370048199806659));
#12861=DIRECTION('',(0.98939882872925,-0.138772668619854,-0.0428030857919396));
#12862=DIRECTION('',(0.,0.929012556330565,0.370048199806659));
#12863=DIRECTION('',(-0.999813684791624,-0.00992256283018013,-0.0165571268726454));
#12864=DIRECTION('',(0.,0.929012556330565,0.370048199806659));
#12865=DIRECTION('',(0.993127712459578,-0.112493561609256,-0.032288470717432));
#12866=DIRECTION('',(0.,0.929012556330565,0.370048199806659));
#12867=DIRECTION('center_axis',(0.0148508616046521,-0.152526680906526,0.988187767340417));
#12868=DIRECTION('ref_axis',(0.999887093017194,0.,-0.0150266835205226));
#12869=DIRECTION('',(0.,0.988296756831339,0.152543503423312));
#12870=DIRECTION('',(0.874559227116075,0.481053072050758,0.0611072838265722));
#12871=DIRECTION('center_axis',(0.,-0.126015520090401,0.992028270109449));
#12872=DIRECTION('ref_axis',(1.,0.,0.));
#12873=DIRECTION('',(0.,0.992028270109449,0.126015520090401));
#12874=DIRECTION('',(1.,0.,0.));
#12875=DIRECTION('',(0.,0.992028270109449,0.126015520090401));
#12876=DIRECTION('center_axis',(0.0148508616046521,0.152526680906526,0.988187767340417));
#12877=DIRECTION('ref_axis',(0.999887093017194,0.,-0.0150266835205226));
#12878=DIRECTION('',(-0.999813684791624,-0.00992256283018013,0.0165571268726454));
#12879=DIRECTION('',(0.,-0.988296756831339,0.152543503423312));
#12880=DIRECTION('',(0.874559227116075,-0.481053072050758,0.0611072838265722));
#12881=DIRECTION('',(0.,0.988296756831339,-0.152543503423312));
#12882=DIRECTION('center_axis',(0.0148508616046521,0.152526680906526,0.988187767340417));
#12883=DIRECTION('ref_axis',(0.999887093017194,0.,-0.0150266835205226));
#12884=DIRECTION('',(0.,0.988296756831339,-0.152543503423312));
#12885=DIRECTION('',(0.993127712459578,0.112493561609256,-0.032288470717432));
#12886=DIRECTION('',(0.874559227116075,-0.481053072050758,0.0611072838265722));
#12887=DIRECTION('center_axis',(-0.011711331179363,0.370022821904593,0.928948844658181));
#12888=DIRECTION('ref_axis',(0.99992054025529,0.,0.0126060769301955));
#12889=DIRECTION('',(0.,0.929012556330565,-0.370048199806659));
#12890=DIRECTION('',(0.999813684791624,-0.00992256283018013,0.0165571268726454));
#12891=DIRECTION('',(0.,0.929012556330565,-0.370048199806659));
#12892=DIRECTION('',(-0.98939882872925,-0.138772668619854,0.0428030857919396));
#12893=DIRECTION('',(0.,0.929012556330565,-0.370048199806659));
#12894=DIRECTION('',(0.916203415922557,-0.368163484790733,0.158199080650242));
#12895=DIRECTION('',(0.,0.929012556330565,-0.370048199806659));
#12896=DIRECTION('center_axis',(0.0234116752919816,0.443300094532765,0.89606747494107));
#12897=DIRECTION('ref_axis',(0.999658861068782,0.,-0.0261182213534016));
#12898=DIRECTION('',(0.98939882872925,-0.138772668619854,0.0428030857919396));
#12899=DIRECTION('',(0.,0.896313146157822,-0.44342163233729));
#12900=DIRECTION('',(-0.99912792352525,-0.0206216131229349,0.03630621853525));
#12901=DIRECTION('',(0.,-0.896313146157822,0.44342163233729));
#12902=DIRECTION('center_axis',(0.0234116752919816,0.443300094532765,0.89606747494107));
#12903=DIRECTION('ref_axis',(0.999658861068782,0.,-0.0261182213534016));
#12904=DIRECTION('',(0.,0.896313146157822,-0.44342163233729));
#12905=DIRECTION('',(0.973348210149503,0.194428295160776,-0.121617843426172));
#12906=DIRECTION('center_axis',(-0.0171327175805747,0.590479710779835,0.806870609915659));
#12907=DIRECTION('ref_axis',(0.999774644637092,0.,0.0212287526900715));
#12908=DIRECTION('',(0.,0.806989056361769,-0.590566391621078));
#12909=DIRECTION('',(0.99912792352525,-0.0206216131229349,0.03630621853525));
#12910=DIRECTION('',(0.,0.806989056361769,-0.590566391621078));
#12911=DIRECTION('',(-0.998047282511249,-0.0585805776596443,0.021678048643122));
#12912=DIRECTION('',(0.,0.806989056361769,-0.590566391621078));
#12913=DIRECTION('',(0.952440082717049,-0.235919340183526,0.192872895351605));
#12914=DIRECTION('',(0.,0.806989056361769,-0.590566391621079));
#12915=DIRECTION('center_axis',(0.0248670623915955,0.691001644202026,0.722425329648753));
#12916=DIRECTION('ref_axis',(0.999408101387221,0.,-0.0344012627906408));
#12917=DIRECTION('',(0.998047282511249,-0.0585805776596443,0.021678048643122));
#12918=DIRECTION('',(0.,-0.722648796654821,0.691215390955193));
#12919=DIRECTION('',(-0.997460011619449,-0.0310993774806497,0.0640808391053495));
#12920=DIRECTION('',(0.,-0.722648796654821,0.691215390955193));
#12921=DIRECTION('center_axis',(0.0248670623915955,0.691001644202026,0.722425329648753));
#12922=DIRECTION('ref_axis',(0.999408101387221,0.,-0.0344012627906408));
#12923=DIRECTION('',(0.,0.722648796654821,-0.691215390955193));
#12924=DIRECTION('',(0.946159874585708,0.21703397530606,-0.240161914730056));
#12925=DIRECTION('center_axis',(-0.0165906521916452,0.773467080540146,0.633619306508694));
#12926=DIRECTION('ref_axis',(0.999657376715071,0.,0.0261749723809349));
#12927=DIRECTION('',(0.,0.633706526289257,-0.773573550826554));
#12928=DIRECTION('',(0.997460011619449,-0.0310993774806497,0.0640808391053495));
#12929=DIRECTION('',(0.,0.633706526289257,-0.773573550826554));
#12930=DIRECTION('',(-0.999403554230709,-0.0320237413002952,0.0129234586763087));
#12931=DIRECTION('',(0.,0.633706526289257,-0.773573550826554));
#12932=DIRECTION('',(0.97797946243777,-0.119301675573807,0.171240419455256));
#12933=DIRECTION('',(0.,0.633706526289257,-0.773573550826554));
#12934=DIRECTION('center_axis',(0.0217439774402012,0.874285885124031,0.484924107998323));
#12935=DIRECTION('ref_axis',(0.,-0.485038784858066,0.874492639868061));
#12936=DIRECTION('',(0.999403554230709,-0.0320237413002952,0.0129234586763087));
#12937=DIRECTION('',(0.,0.485038784858066,-0.874492639868061));
#12938=DIRECTION('',(-0.98889442903977,-0.0525192527299042,0.13903070274871));
#12939=DIRECTION('',(0.,-0.485038784858066,0.874492639868061));
#12940=DIRECTION('center_axis',(0.0217439774402012,0.874285885124031,0.484924107998323));
#12941=DIRECTION('ref_axis',(0.,-0.485038784858066,0.874492639868061));
#12942=DIRECTION('',(0.,0.485038784858066,-0.874492639868061));
#12943=DIRECTION('',(0.912458540083576,0.180874898202763,-0.367020004670984));
#12944=DIRECTION('center_axis',(-0.0108774351261464,0.907394286782232,0.42013960741644));
#12945=DIRECTION('ref_axis',(0.,-0.420164464786289,0.907447972354807));
#12946=DIRECTION('',(0.,0.420164464786289,-0.907447972354807));
#12947=DIRECTION('',(0.98889442903977,-0.0525192527299042,0.13903070274871));
#12948=DIRECTION('',(0.,0.420164464786289,-0.907447972354807));
#12949=DIRECTION('',(-0.999861466284244,-0.0151638022477254,0.00686347880546979));
#12950=DIRECTION('',(0.,0.420164464786289,-0.907447972354807));
#12951=DIRECTION('',(0.994352374925775,-0.0345438676575147,0.100349766749759));
#12952=DIRECTION('',(0.,0.420164464786289,-0.907447972354807));
#12953=DIRECTION('center_axis',(0.,0.983677433438703,0.179940842899678));
#12954=DIRECTION('ref_axis',(0.,-0.179940842899678,0.983677433438703));
#12955=DIRECTION('',(0.,0.179940842899678,-0.983677433438703));
#12956=DIRECTION('',(1.,0.,0.));
#12957=DIRECTION('',(0.,0.179940842899678,-0.983677433438703));
#12958=DIRECTION('',(0.874559846345418,0.0872564810074839,-0.477002496515972));
#12959=DIRECTION('center_axis',(0.0134479451395853,0.978934867110534,0.203729425284627));
#12960=DIRECTION('ref_axis',(0.,-0.203747849734634,0.97902339794742));
#12961=DIRECTION('',(0.,-0.203747849734634,0.97902339794742));
#12962=DIRECTION('',(0.999861466284244,-0.0151638022477254,0.00686347880546979));
#12963=DIRECTION('',(0.,0.203747849734634,-0.97902339794742));
#12964=DIRECTION('',(-0.874559846345418,-0.087256481007484,0.477002496515972));
#12965=DIRECTION('center_axis',(0.0134479451395853,0.978934867110534,0.203729425284627));
#12966=DIRECTION('ref_axis',(0.,-0.203747849734634,0.97902339794742));
#12967=DIRECTION('',(0.,0.203747849734634,-0.97902339794742));
#12968=DIRECTION('center_axis',(-1.,0.,0.));
#12969=DIRECTION('ref_axis',(0.,0.,1.));
#12970=DIRECTION('',(0.,0.420164464786289,-0.907447972354807));
#12971=DIRECTION('',(0.,0.203747849734634,-0.97902339794742));
#12972=DIRECTION('',(0.,0.179940842899678,-0.983677433438703));
#12973=DIRECTION('center_axis',(-1.,0.,0.));
#12974=DIRECTION('ref_axis',(0.,0.,1.));
#12975=DIRECTION('',(0.,0.806989056361769,-0.590566391621078));
#12976=DIRECTION('',(0.,0.722648796654821,-0.691215390955193));
#12977=DIRECTION('',(0.,0.633706526289257,-0.773573550826554));
#12978=DIRECTION('center_axis',(-1.,0.,0.));
#12979=DIRECTION('ref_axis',(0.,0.,1.));
#12980=DIRECTION('',(0.,0.633706526289257,-0.773573550826554));
#12981=DIRECTION('',(0.,0.485038784858066,-0.874492639868061));
#12982=DIRECTION('',(0.,0.420164464786289,-0.907447972354807));
#12983=DIRECTION('center_axis',(-1.,0.,0.));
#12984=DIRECTION('ref_axis',(0.,0.,1.));
#12985=DIRECTION('',(0.,0.929012556330565,-0.370048199806659));
#12986=DIRECTION('',(0.,0.896313146157822,-0.44342163233729));
#12987=DIRECTION('',(0.,0.806989056361769,-0.590566391621078));
#12988=DIRECTION('center_axis',(-1.,0.,0.));
#12989=DIRECTION('ref_axis',(0.,0.,1.));
#12990=DIRECTION('',(0.,0.992028270109449,-0.126015520090401));
#12991=DIRECTION('',(0.,0.988296756831339,-0.152543503423312));
#12992=DIRECTION('',(0.,0.929012556330565,-0.370048199806659));
#12993=DIRECTION('center_axis',(-1.,0.,0.));
#12994=DIRECTION('ref_axis',(0.,0.,1.));
#12995=DIRECTION('',(0.,0.929012556330565,0.370048199806659));
#12996=DIRECTION('',(0.,0.988296756831339,0.152543503423312));
#12997=DIRECTION('',(0.,0.992028270109449,0.126015520090401));
#12998=DIRECTION('',(0.,0.988296756831339,0.152543503423312));
#12999=DIRECTION('center_axis',(-1.,0.,0.));
#13000=DIRECTION('ref_axis',(0.,0.,1.));
#13001=DIRECTION('',(0.,0.633706526289257,0.773573550826554));
#13002=DIRECTION('',(0.,0.722648796654821,0.691215390955193));
#13003=DIRECTION('',(0.,0.806989056361769,0.590566391621078));
#13004=DIRECTION('center_axis',(-1.,0.,0.));
#13005=DIRECTION('ref_axis',(0.,0.,1.));
#13006=DIRECTION('',(0.,0.806989056361769,0.590566391621078));
#13007=DIRECTION('',(0.,0.896313146157822,0.44342163233729));
#13008=DIRECTION('',(0.,0.929012556330565,0.370048199806659));
#13009=DIRECTION('center_axis',(-1.,0.,0.));
#13010=DIRECTION('ref_axis',(0.,0.,1.));
#13011=DIRECTION('',(0.,0.420164464786289,0.907447972354807));
#13012=DIRECTION('',(0.,0.485038784858066,0.874492639868061));
#13013=DIRECTION('',(0.,0.633706526289257,0.773573550826554));
#13014=DIRECTION('center_axis',(0.,0.,1.));
#13015=DIRECTION('ref_axis',(1.,0.,0.));
#13016=DIRECTION('',(0.,1.,0.));
#13017=DIRECTION('',(1.,0.,0.));
#13018=DIRECTION('',(-1.,0.,0.));
#13019=DIRECTION('center_axis',(0.,0.,1.));
#13020=DIRECTION('ref_axis',(1.,0.,0.));
#13021=DIRECTION('',(0.,-1.,0.));
#13022=DIRECTION('',(-1.,0.,0.));
#13023=DIRECTION('',(-1.,0.,0.));
#13024=DIRECTION('center_axis',(0.,-1.,0.));
#13025=DIRECTION('ref_axis',(0.,0.,-1.));
#13026=DIRECTION('',(0.,0.,-1.));
#13027=DIRECTION('',(1.,0.,0.));
#13028=DIRECTION('center_axis',(0.,1.,0.));
#13029=DIRECTION('ref_axis',(0.,0.,1.));
#13030=DIRECTION('',(0.,0.,-1.));
#13031=DIRECTION('center_axis',(-0.866025516172635,0.499999805337856,-1.67676261841002E-7));
#13032=DIRECTION('ref_axis',(-1.93615844694781E-7,0.,0.999999999999981));
#13033=DIRECTION('',(0.250339562475828,0.43360135672677,0.865632697455517));
#13034=DIRECTION('',(0.103054897191563,0.178496738714099,0.978528794892244));
#13035=DIRECTION('center_axis',(-0.866025661121602,0.499999554278693,0.));
#13036=DIRECTION('ref_axis',(0.,0.,1.));
#13037=DIRECTION('',(0.499999554278693,0.866025661121602,0.));
#13038=DIRECTION('center_axis',(-0.866025914202211,0.499999115929443,0.));
#13039=DIRECTION('ref_axis',(0.,0.,1.));
#13040=DIRECTION('',(0.,0.,-1.));
#13041=DIRECTION('',(0.499999115929443,0.866025914202211,0.));
#13042=DIRECTION('center_axis',(-0.866025611960578,0.499999639428176,0.));
#13043=DIRECTION('ref_axis',(0.,0.,1.));
#13044=DIRECTION('',(0.250339615756901,0.433601350556551,0.865632685137421));
#13045=DIRECTION('center_axis',(-0.866025820843435,0.499999277631934,0.));
#13046=DIRECTION('ref_axis',(0.,0.,1.));
#13047=DIRECTION('',(-0.103054941157607,-0.178496737896663,-0.978528790411019));
#13048=DIRECTION('',(0.,0.,-1.));
#13049=DIRECTION('',(0.499999277631934,0.866025820843435,0.));
#13050=DIRECTION('center_axis',(-0.866025492325364,0.499999846642568,-1.38393426712032E-7));
#13051=DIRECTION('ref_axis',(-1.59802947994557E-7,0.,0.999999999999987));
#13052=DIRECTION('center_axis',(0.866025820843435,0.499999277631934,0.));
#13053=DIRECTION('ref_axis',(0.,0.,-1.));
#13054=DIRECTION('',(-0.499999277631934,0.866025820843435,0.));
#13055=DIRECTION('',(0.,0.,-1.));
#13056=DIRECTION('',(0.103054941157607,-0.178496737896663,-0.978528790411019));
#13057=DIRECTION('center_axis',(0.866025492325364,0.499999846642568,-1.38393426712032E-7));
#13058=DIRECTION('ref_axis',(-1.59802947994557E-7,0.,-0.999999999999987));
#13059=DIRECTION('',(-0.250339615756901,0.433601350556551,0.865632685137421));
#13060=DIRECTION('center_axis',(0.866025611960578,0.499999639428176,0.));
#13061=DIRECTION('ref_axis',(0.,0.,-1.));
#13062=DIRECTION('',(-0.499999639428176,0.866025611960578,0.));
#13063=DIRECTION('center_axis',(-1.,0.,0.));
#13064=DIRECTION('ref_axis',(0.,0.,1.));
#13065=DIRECTION('',(0.,0.0265470277213253,0.999647565554562));
#13066=DIRECTION('',(0.,0.261066764992279,0.965320746807229));
#13067=DIRECTION('',(0.,0.480922423146512,0.87676315097915));
#13068=DIRECTION('',(0.,0.673756965469764,0.738953010333522));
#13069=DIRECTION('',(0.,0.828739728057253,0.559634222630809));
#13070=DIRECTION('',(0.,-0.937171517372723,-0.348868953943035));
#13071=DIRECTION('',(0.,0.992953260164244,0.118506637490054));
#13072=DIRECTION('',(0.,0.992953260164244,-0.118506637490054));
#13073=DIRECTION('',(0.,0.937171517372723,-0.348868953943035));
#13074=DIRECTION('',(0.,0.828739728057253,-0.559634222630809));
#13075=DIRECTION('',(0.,0.673756965469764,-0.738953010333522));
#13076=DIRECTION('',(0.,0.480922423146512,-0.87676315097915));
#13077=DIRECTION('',(0.,0.261066764992279,-0.965320746807229));
#13078=DIRECTION('',(0.,0.0265470277213253,-0.999647565554562));
#13079=DIRECTION('',(0.,-1.,0.));
#13080=DIRECTION('',(0.,0.,-1.));
#13081=DIRECTION('',(0.,-0.179940842899678,0.983677433438703));
#13082=DIRECTION('',(0.,0.420164464786289,-0.907447972354807));
#13083=DIRECTION('',(0.,0.633706526289257,-0.773573550826554));
#13084=DIRECTION('',(0.,0.806989056361769,-0.590566391621079));
#13085=DIRECTION('',(0.,0.929012556330565,-0.370048199806659));
#13086=DIRECTION('',(0.,0.992028270109449,-0.126015520090401));
#13087=DIRECTION('',(0.,0.992028270109449,0.126015520090401));
#13088=DIRECTION('',(0.,0.929012556330565,0.370048199806659));
#13089=DIRECTION('',(0.,0.806989056361769,0.590566391621079));
#13090=DIRECTION('',(0.,0.633706526289257,0.773573550826554));
#13091=DIRECTION('',(0.,0.420164464786289,0.907447972354807));
#13092=DIRECTION('',(0.,0.179940842899678,0.983677433438703));
#13093=DIRECTION('',(0.,-1.,0.));
#13094=DIRECTION('',(0.,0.,1.));
#13095=DIRECTION('',(0.,1.,0.));
#13096=DIRECTION('center_axis',(-0.866025820843435,-0.499999277631934,0.));
#13097=DIRECTION('ref_axis',(0.,0.,1.));
#13098=DIRECTION('',(0.499999277631934,-0.866025820843435,0.));
#13099=DIRECTION('',(0.,0.,-1.));
#13100=DIRECTION('',(-0.103054941157607,0.178496737896663,-0.978528790411019));
#13101=DIRECTION('center_axis',(-0.866025492325364,-0.499999846642568,-1.38393426712032E-7));
#13102=DIRECTION('ref_axis',(-1.59802947994557E-7,0.,0.999999999999987));
#13103=DIRECTION('',(0.250339615756901,-0.433601350556551,0.865632685137421));
#13104=DIRECTION('center_axis',(-0.866025611960578,-0.499999639428176,0.));
#13105=DIRECTION('ref_axis',(0.,0.,1.));
#13106=DIRECTION('',(0.499999639428176,-0.866025611960578,0.));
#13107=DIRECTION('center_axis',(-0.866025661121602,-0.499999554278693,0.));
#13108=DIRECTION('ref_axis',(0.,0.,1.));
#13109=DIRECTION('',(0.250339562475828,-0.43360135672677,0.865632697455517));
#13110=DIRECTION('',(0.499999554278693,-0.866025661121602,0.));
#13111=DIRECTION('center_axis',(-0.866025516172635,-0.499999805337856,-1.67676261841002E-7));
#13112=DIRECTION('ref_axis',(-1.93615844694781E-7,0.,0.999999999999981));
#13113=DIRECTION('center_axis',(0.866025516172635,-0.499999805337856,-1.67676261841002E-7));
#13114=DIRECTION('ref_axis',(-1.93615844694781E-7,0.,-0.999999999999981));
#13115=DIRECTION('',(0.103054897191563,0.178496738714099,-0.978528794892244));
#13116=DIRECTION('center_axis',(0.866025914202211,-0.499999115929443,0.));
#13117=DIRECTION('ref_axis',(0.,0.,-1.));
#13118=DIRECTION('',(0.,0.,-1.));
#13119=DIRECTION('',(0.499999115929443,0.866025914202211,0.));
#13120=DIRECTION('center_axis',(-0.0134479451395853,-0.978934867110534,
0.203729425284627));
#13121=DIRECTION('ref_axis',(0.,-0.203747849734634,-0.97902339794742));
#13122=DIRECTION('',(0.994352374925775,-0.0345438676575147,-0.100349766749759));
#13123=DIRECTION('',(0.874559846345418,0.0872564810074839,0.477002496515972));
#13124=DIRECTION('center_axis',(0.,-0.983677433438703,0.179940842899678));
#13125=DIRECTION('ref_axis',(0.,-0.179940842899678,-0.983677433438703));
#13126=DIRECTION('center_axis',(-0.0217439774402012,-0.874285885124031,
0.484924107998323));
#13127=DIRECTION('ref_axis',(0.,-0.485038784858066,-0.874492639868061));
#13128=DIRECTION('',(0.97797946243777,-0.119301675573807,-0.171240419455256));
#13129=DIRECTION('',(0.912458540083576,0.180874898202763,0.367020004670984));
#13130=DIRECTION('center_axis',(0.0108774351261464,-0.907394286782232,0.42013960741644));
#13131=DIRECTION('ref_axis',(0.,-0.420164464786289,-0.907447972354807));
#13132=DIRECTION('center_axis',(-0.0248670623915955,-0.691001644202026,
0.722425329648753));
#13133=DIRECTION('ref_axis',(0.999408101387221,0.,0.0344012627906408));
#13134=DIRECTION('',(-0.952440082717049,0.235919340183526,0.192872895351605));
#13135=DIRECTION('',(0.946159874585708,0.21703397530606,0.240161914730056));
#13136=DIRECTION('center_axis',(0.0165906521916452,-0.773467080540146,0.633619306508694));
#13137=DIRECTION('ref_axis',(0.999657376715071,0.,-0.0261749723809349));
#13138=DIRECTION('center_axis',(-0.0234116752919816,-0.443300094532765,
0.89606747494107));
#13139=DIRECTION('ref_axis',(0.999658861068782,0.,0.0261182213534016));
#13140=DIRECTION('',(-0.916203415922557,0.368163484790733,0.158199080650242));
#13141=DIRECTION('',(-0.973348210149503,-0.194428295160776,-0.121617843426172));
#13142=DIRECTION('center_axis',(0.0171327175805747,-0.590479710779835,0.806870609915659));
#13143=DIRECTION('ref_axis',(0.999774644637092,0.,-0.0212287526900715));
#13144=DIRECTION('center_axis',(-0.0148508616046521,-0.152526680906526,
0.988187767340417));
#13145=DIRECTION('ref_axis',(0.999887093017194,0.,0.0150266835205226));
#13146=DIRECTION('',(-0.874559227116075,0.481053072050758,0.0611072838265722));
#13147=DIRECTION('',(-0.993127712459578,-0.112493561609256,-0.032288470717432));
#13148=DIRECTION('center_axis',(0.011711331179363,-0.370022821904593,0.928948844658181));
#13149=DIRECTION('ref_axis',(0.99992054025529,0.,-0.0126060769301955));
#13150=DIRECTION('center_axis',(-0.0148508616046521,0.152526680906526,0.988187767340417));
#13151=DIRECTION('ref_axis',(0.999887093017194,0.,0.0150266835205226));
#13152=DIRECTION('',(-0.993127712459578,0.112493561609256,-0.032288470717432));
#13153=DIRECTION('',(-0.874559227116075,-0.481053072050758,0.0611072838265722));
#13154=DIRECTION('center_axis',(0.,-0.126015520090401,0.992028270109449));
#13155=DIRECTION('ref_axis',(1.,0.,0.));
#13156=DIRECTION('',(-1.,0.,0.));
#13157=DIRECTION('center_axis',(0.,0.126015520090401,0.992028270109449));
#13158=DIRECTION('ref_axis',(1.,0.,0.));
#13159=DIRECTION('center_axis',(-0.0234116752919816,0.443300094532765,0.89606747494107));
#13160=DIRECTION('ref_axis',(0.999658861068782,0.,0.0261182213534016));
#13161=DIRECTION('',(-0.973348210149503,0.194428295160776,-0.121617843426172));
#13162=DIRECTION('',(-0.916203415922557,-0.368163484790733,0.158199080650242));
#13163=DIRECTION('center_axis',(0.011711331179363,0.370022821904593,0.928948844658181));
#13164=DIRECTION('ref_axis',(0.99992054025529,0.,-0.0126060769301955));
#13165=DIRECTION('center_axis',(-0.0248670623915955,0.691001644202026,0.722425329648753));
#13166=DIRECTION('ref_axis',(0.999408101387221,0.,0.0344012627906408));
#13167=DIRECTION('',(-0.946159874585708,0.21703397530606,-0.240161914730056));
#13168=DIRECTION('',(-0.952440082717049,-0.235919340183526,0.192872895351605));
#13169=DIRECTION('center_axis',(0.0171327175805747,0.590479710779835,0.806870609915659));
#13170=DIRECTION('ref_axis',(0.999774644637092,0.,-0.0212287526900715));
#13171=DIRECTION('center_axis',(-0.0217439774402012,0.874285885124031,0.484924107998323));
#13172=DIRECTION('ref_axis',(0.,-0.485038784858066,0.874492639868061));
#13173=DIRECTION('',(-0.912458540083576,0.180874898202763,-0.367020004670984));
#13174=DIRECTION('',(-0.97797946243777,-0.119301675573807,0.171240419455256));
#13175=DIRECTION('center_axis',(0.0165906521916452,0.773467080540146,0.633619306508694));
#13176=DIRECTION('ref_axis',(0.999657376715071,0.,-0.0261749723809349));
#13177=DIRECTION('center_axis',(-0.0134479451395853,0.978934867110534,0.203729425284627));
#13178=DIRECTION('ref_axis',(0.,-0.203747849734634,0.97902339794742));
#13179=DIRECTION('',(-0.874559846345418,0.0872564810074839,-0.477002496515972));
#13180=DIRECTION('',(-0.994352374925775,-0.0345438676575147,0.100349766749759));
#13181=DIRECTION('center_axis',(0.0108774351261464,0.907394286782232,0.42013960741644));
#13182=DIRECTION('ref_axis',(0.,-0.420164464786289,0.907447972354807));
#13183=DIRECTION('center_axis',(0.,0.983677433438703,0.179940842899678));
#13184=DIRECTION('ref_axis',(0.,-0.179940842899678,0.983677433438703));
#13185=DIRECTION('center_axis',(0.,0.,1.));
#13186=DIRECTION('ref_axis',(1.,0.,0.));
#13187=DIRECTION('',(1.,0.,0.));
#13188=DIRECTION('center_axis',(0.,0.,1.));
#13189=DIRECTION('ref_axis',(1.,0.,0.));
#13190=DIRECTION('',(1.,0.,0.));
#13191=DIRECTION('',(-0.998026403103828,-0.0627956901995377,0.));
#13192=DIRECTION('',(0.982285807345951,-0.187388880904696,0.));
#13193=DIRECTION('',(-0.90482818646891,0.425776881677932,0.));
#13194=DIRECTION('center_axis',(0.,0.,1.));
#13195=DIRECTION('ref_axis',(1.,0.,0.));
#13196=DIRECTION('',(-1.,0.,0.));
#13197=DIRECTION('',(-0.998026403103828,-0.0627956901995377,0.));
#13198=DIRECTION('',(0.982285807345951,-0.187388880904696,0.));
#13199=DIRECTION('',(-0.904828343222354,0.425776548557444,0.));
#13200=DIRECTION('center_axis',(0.,0.813807757053705,0.581134179479419));
#13201=DIRECTION('ref_axis',(1.,0.,0.));
#13202=DIRECTION('',(1.,0.,0.));
#13203=DIRECTION('center_axis',(0.,-0.813807757053705,0.581134179479419));
#13204=DIRECTION('ref_axis',(1.,0.,0.));
#13205=DIRECTION('',(1.,0.,0.));
#13206=DIRECTION('',(1.,0.,0.));
#13207=DIRECTION('center_axis',(0.,1.,0.));
#13208=DIRECTION('ref_axis',(0.,0.,1.));
#13209=DIRECTION('',(1.,0.,0.));
#13210=DIRECTION('center_axis',(0.,-1.,0.));
#13211=DIRECTION('ref_axis',(0.,0.,-1.));
#13212=DIRECTION('',(0.,0.,-1.));
#13213=DIRECTION('',(-1.,0.,0.));
#13214=DIRECTION('center_axis',(0.,0.,1.));
#13215=DIRECTION('ref_axis',(1.,0.,0.));
#13216=DIRECTION('',(0.,1.,0.));
#13217=DIRECTION('',(-1.,0.,0.));
#13218=DIRECTION('center_axis',(0.,0.871937100244297,0.489617905327784));
#13219=DIRECTION('ref_axis',(0.,-0.489617905327784,0.871937100244297));
#13220=DIRECTION('',(1.,0.,0.));
#13221=DIRECTION('',(1.,0.,0.));
#13222=DIRECTION('center_axis',(0.,0.992016140443761,-0.126110971366745));
#13223=DIRECTION('ref_axis',(0.,0.126110971366745,0.992016140443761));
#13224=DIRECTION('',(1.,0.,0.));
#13225=DIRECTION('center_axis',(0.,0.827787685891263,-0.561041484283281));
#13226=DIRECTION('ref_axis',(-1.,0.,0.));
#13227=DIRECTION('center_axis',(0.,0.420122071536785,-0.907467599976793));
#13228=DIRECTION('ref_axis',(-1.,0.,0.));
#13229=DIRECTION('',(1.,0.,0.));
#13230=DIRECTION('center_axis',(0.,0.310946859707028,-0.950427298870533));
#13231=DIRECTION('ref_axis',(-1.,0.,0.));
#13232=DIRECTION('',(1.,0.,0.));
#13233=DIRECTION('center_axis',(0.,0.,-1.));
#13234=DIRECTION('ref_axis',(-1.,0.,0.));
#13235=DIRECTION('',(1.,0.,0.));
#13236=DIRECTION('center_axis',(0.,-0.310946859707028,-0.950427298870533));
#13237=DIRECTION('ref_axis',(-1.,0.,0.));
#13238=DIRECTION('center_axis',(0.,-0.632722028517017,-0.774378999346774));
#13239=DIRECTION('ref_axis',(-1.,0.,0.));
#13240=DIRECTION('',(1.,0.,0.));
#13241=DIRECTION('center_axis',(0.,-0.827787685891263,-0.561041484283281));
#13242=DIRECTION('ref_axis',(-1.,0.,0.));
#13243=DIRECTION('',(1.,0.,0.));
#13244=DIRECTION('center_axis',(0.,-0.992016140443761,-0.126110971366745));
#13245=DIRECTION('ref_axis',(0.,0.126110971366745,-0.992016140443761));
#13246=DIRECTION('',(1.,0.,0.));
#13247=DIRECTION('center_axis',(0.,-0.871937100244297,0.489617905327784));
#13248=DIRECTION('ref_axis',(0.,-0.489617905327784,-0.871937100244297));
#13249=DIRECTION('',(1.,0.,0.));
#13250=DIRECTION('center_axis',(0.,0.,1.));
#13251=DIRECTION('ref_axis',(1.,0.,0.));
#13252=DIRECTION('',(0.,-1.,0.));
#13253=DIRECTION('',(-1.,0.,0.));
#13254=DIRECTION('',(-1.,0.,0.));
#13255=DIRECTION('center_axis',(0.,1.,0.));
#13256=DIRECTION('ref_axis',(0.,0.,1.));
#13257=DIRECTION('',(0.,0.,-1.));
#13258=DIRECTION('',(-1.,0.,0.));
#13259=DIRECTION('center_axis',(0.,-1.,0.));
#13260=DIRECTION('ref_axis',(0.,0.,-1.));
#13261=DIRECTION('',(1.,0.,0.));
#13262=DIRECTION('',(-1.,0.,0.));
#13263=DIRECTION('center_axis',(0.,0.,1.));
#13264=DIRECTION('ref_axis',(1.,0.,0.));
#13265=DIRECTION('',(1.,0.,0.));
#13266=DIRECTION('',(1.,0.,0.));
#13267=DIRECTION('center_axis',(0.,-1.,0.));
#13268=DIRECTION('ref_axis',(0.,0.,-1.));
#13269=DIRECTION('',(1.,0.,0.));
#13270=DIRECTION('center_axis',(0.,0.,1.));
#13271=DIRECTION('ref_axis',(1.,0.,0.));
#13272=DIRECTION('',(1.,0.,0.));
#13273=DIRECTION('center_axis',(0.,0.,1.));
#13274=DIRECTION('ref_axis',(1.,0.,0.));
#13275=DIRECTION('',(1.,0.,0.));
#13276=DIRECTION('',(1.,0.,0.));
#13277=DIRECTION('center_axis',(0.,1.,0.));
#13278=DIRECTION('ref_axis',(0.,0.,1.));
#13279=DIRECTION('center_axis',(0.,0.813807757053705,0.581134179479419));
#13280=DIRECTION('ref_axis',(1.,0.,0.));
#13281=DIRECTION('',(1.,0.,0.));
#13282=DIRECTION('center_axis',(0.,-0.813807757053705,0.581134179479419));
#13283=DIRECTION('ref_axis',(1.,0.,0.));
#13284=DIRECTION('',(1.,0.,0.));
#13285=DIRECTION('',(1.,0.,0.));
#13286=DIRECTION('center_axis',(0.,1.,0.));
#13287=DIRECTION('ref_axis',(0.,0.,1.));
#13288=DIRECTION('',(-1.,0.,0.));
#13289=DIRECTION('center_axis',(0.,0.,1.));
#13290=DIRECTION('ref_axis',(1.,0.,0.));
#13291=DIRECTION('',(-1.,0.,0.));
#13292=DIRECTION('center_axis',(0.,-1.,0.));
#13293=DIRECTION('ref_axis',(0.,0.,-1.));
#13294=DIRECTION('',(-1.,0.,0.));
#13295=DIRECTION('center_axis',(0.,0.,1.));
#13296=DIRECTION('ref_axis',(1.,0.,0.));
#13297=DIRECTION('',(-1.,0.,0.));
#13298=DIRECTION('center_axis',(0.,0.871937100244297,0.489617905327784));
#13299=DIRECTION('ref_axis',(0.,-0.489617905327784,0.871937100244297));
#13300=DIRECTION('',(1.,0.,0.));
#13301=DIRECTION('',(1.,0.,0.));
#13302=DIRECTION('center_axis',(0.,0.992016140443761,-0.126110971366745));
#13303=DIRECTION('ref_axis',(0.,0.126110971366745,0.992016140443761));
#13304=DIRECTION('',(1.,0.,0.));
#13305=DIRECTION('center_axis',(0.,0.827787685891263,-0.561041484283281));
#13306=DIRECTION('ref_axis',(-1.,0.,0.));
#13307=DIRECTION('center_axis',(0.,0.420122071536785,-0.907467599976793));
#13308=DIRECTION('ref_axis',(-1.,0.,0.));
#13309=DIRECTION('center_axis',(0.,-0.632722028517017,-0.774378999346774));
#13310=DIRECTION('ref_axis',(-1.,0.,0.));
#13311=DIRECTION('',(1.,0.,0.));
#13312=DIRECTION('center_axis',(0.,-0.827787685891263,-0.561041484283281));
#13313=DIRECTION('ref_axis',(-1.,0.,0.));
#13314=DIRECTION('',(1.,0.,0.));
#13315=DIRECTION('center_axis',(0.,-0.992016140443761,-0.126110971366745));
#13316=DIRECTION('ref_axis',(0.,0.126110971366745,-0.992016140443761));
#13317=DIRECTION('',(1.,0.,0.));
#13318=DIRECTION('center_axis',(0.,-0.871937100244297,0.489617905327784));
#13319=DIRECTION('ref_axis',(0.,-0.489617905327784,-0.871937100244297));
#13320=DIRECTION('',(1.,0.,0.));
#13321=DIRECTION('center_axis',(0.,-0.348868953943035,0.937171517372723));
#13322=DIRECTION('ref_axis',(1.,0.,0.));
#13323=DIRECTION('',(0.,-0.937171517372723,-0.348868953943035));
#13324=DIRECTION('',(1.,0.,0.));
#13325=DIRECTION('',(1.,0.,0.));
#13326=DIRECTION('center_axis',(0.,-0.118506637490054,0.992953260164244));
#13327=DIRECTION('ref_axis',(1.,0.,0.));
#13328=DIRECTION('',(0.,-0.992953260164244,-0.118506637490054));
#13329=DIRECTION('',(1.,0.,0.));
#13330=DIRECTION('center_axis',(0.,0.118506637490054,0.992953260164244));
#13331=DIRECTION('ref_axis',(1.,0.,0.));
#13332=DIRECTION('',(0.,0.992953260164244,-0.118506637490054));
#13333=DIRECTION('',(1.,0.,0.));
#13334=DIRECTION('center_axis',(0.,0.348868953943035,0.937171517372723));
#13335=DIRECTION('ref_axis',(1.,0.,0.));
#13336=DIRECTION('',(0.,-0.937171517372723,0.348868953943035));
#13337=DIRECTION('',(1.,0.,0.));
#13338=DIRECTION('center_axis',(0.,0.559634222630809,0.828739728057253));
#13339=DIRECTION('ref_axis',(1.,0.,0.));
#13340=DIRECTION('',(0.,-0.828739728057253,0.559634222630809));
#13341=DIRECTION('',(1.,0.,0.));
#13342=DIRECTION('center_axis',(-0.00250653512441418,-0.999644425297588,
0.0265469443274454));
#13343=DIRECTION('ref_axis',(0.,-0.0265470277213253,-0.999647565554562));
#13344=DIRECTION('',(0.751020676055309,-0.0194101675333375,-0.659993325370609));
#13345=DIRECTION('',(0.999765902237852,-0.00193455220760403,0.0215499009345817));
#13346=DIRECTION('center_axis',(0.,0.738953010333522,0.673756965469764));
#13347=DIRECTION('ref_axis',(1.,0.,0.));
#13348=DIRECTION('',(0.,-0.673756965469764,0.738953010333522));
#13349=DIRECTION('',(1.,0.,0.));
#13350=DIRECTION('center_axis',(0.,-0.995994791915521,-0.0894112659409164));
#13351=DIRECTION('ref_axis',(0.,0.0894112659409164,-0.995994791915522));
#13352=DIRECTION('center_axis',(0.,0.87676315097915,0.480922423146512));
#13353=DIRECTION('ref_axis',(0.,-0.480922423146512,0.87676315097915));
#13354=DIRECTION('',(0.,0.480922423146512,-0.87676315097915));
#13355=DIRECTION('',(1.,0.,0.));
#13356=DIRECTION('center_axis',(-0.00250653512441418,0.999644425297588,
0.0265469443274454));
#13357=DIRECTION('ref_axis',(0.,-0.0265470277213253,0.999647565554562));
#13358=DIRECTION('',(0.999765902237852,0.00193455220760403,0.0215499009345817));
#13359=DIRECTION('',(0.751020676055309,0.0194101675333375,-0.659993325370609));
#13360=DIRECTION('center_axis',(0.,0.965320746807229,0.261066764992279));
#13361=DIRECTION('ref_axis',(0.,-0.261066764992279,0.965320746807229));
#13362=DIRECTION('',(0.,0.261066764992279,-0.965320746807229));
#13363=DIRECTION('',(1.,0.,0.));
#13364=DIRECTION('center_axis',(0.,0.995994791915521,-0.0894112659409164));
#13365=DIRECTION('ref_axis',(0.,0.0894112659409164,0.995994791915522));
#13366=DIRECTION('center_axis',(0.,-0.995994791915521,-0.0894112659409164));
#13367=DIRECTION('ref_axis',(0.,0.0894112659409164,-0.995994791915522));
#13368=DIRECTION('',(-1.,0.,0.));
#13369=DIRECTION('center_axis',(0.,-0.965320746807229,0.261066764992279));
#13370=DIRECTION('ref_axis',(0.,-0.261066764992279,-0.965320746807229));
#13371=DIRECTION('',(0.,0.261066764992279,0.965320746807229));
#13372=DIRECTION('',(1.,0.,0.));
#13373=DIRECTION('',(1.,0.,0.));
#13374=DIRECTION('center_axis',(0.,0.995994791915521,-0.0894112659409164));
#13375=DIRECTION('ref_axis',(0.,0.0894112659409164,0.995994791915522));
#13376=DIRECTION('',(-1.,0.,0.));
#13377=DIRECTION('',(-1.,0.,0.));
#13378=DIRECTION('center_axis',(0.,-0.999567816808736,0.0293969318163865));
#13379=DIRECTION('ref_axis',(0.,-0.0293969318163865,-0.999567816808736));
#13380=DIRECTION('',(-0.751020676055309,-0.0194101675333375,-0.659993325370609));
#13381=DIRECTION('center_axis',(0.00250653512441418,0.999644425297588,0.0265469443274454));
#13382=DIRECTION('ref_axis',(0.,-0.0265470277213253,0.999647565554562));
#13383=DIRECTION('',(-0.999765902237852,0.00193455220760403,0.0215499009345817));
#13384=DIRECTION('',(-0.751020676055309,0.0194101675333375,-0.659993325370609));
#13385=DIRECTION('',(0.,-0.0265470277213253,0.999647565554562));
#13386=DIRECTION('center_axis',(0.,0.999567816808736,0.0293969318163865));
#13387=DIRECTION('ref_axis',(0.,-0.0293969318163865,0.999567816808736));
#13388=DIRECTION('center_axis',(0.,-0.995994791915521,-0.0894112659409164));
#13389=DIRECTION('ref_axis',(0.,0.0894112659409164,-0.995994791915522));
#13390=DIRECTION('',(-0.999765902237852,-0.00193455220760403,0.0215499009345817));
#13391=DIRECTION('center_axis',(0.00250653512441418,-0.999644425297588,
0.0265469443274454));
#13392=DIRECTION('ref_axis',(0.,-0.0265470277213253,-0.999647565554562));
#13393=DIRECTION('',(0.,0.0265470277213253,0.999647565554562));
#13394=DIRECTION('center_axis',(0.,0.995994791915521,-0.0894112659409164));
#13395=DIRECTION('ref_axis',(0.,0.0894112659409164,0.995994791915522));
#13396=DIRECTION('center_axis',(0.,-0.738953010333522,0.673756965469764));
#13397=DIRECTION('ref_axis',(1.,0.,0.));
#13398=DIRECTION('',(1.,0.,0.));
#13399=DIRECTION('',(0.,0.673756965469764,0.738953010333522));
#13400=DIRECTION('',(1.,0.,0.));
#13401=DIRECTION('center_axis',(0.,-0.87676315097915,0.480922423146512));
#13402=DIRECTION('ref_axis',(0.,-0.480922423146512,-0.87676315097915));
#13403=DIRECTION('',(0.,0.480922423146512,0.87676315097915));
#13404=DIRECTION('center_axis',(0.,-0.559634222630809,0.828739728057253));
#13405=DIRECTION('ref_axis',(1.,0.,0.));
#13406=DIRECTION('',(0.,-0.828739728057253,-0.559634222630809));
#13407=DIRECTION('center_axis',(0.,0.,1.));
#13408=DIRECTION('ref_axis',(1.,0.,0.));
#13409=DIRECTION('',(-1.,0.,0.));
#13410=DIRECTION('center_axis',(0.,1.,0.));
#13411=DIRECTION('ref_axis',(0.,0.,1.));
#13412=DIRECTION('',(-1.,0.,0.));
#13413=DIRECTION('center_axis',(0.,0.,1.));
#13414=DIRECTION('ref_axis',(1.,0.,0.));
#13415=DIRECTION('',(-1.,0.,0.));
#13416=DIRECTION('center_axis',(0.,-1.,0.));
#13417=DIRECTION('ref_axis',(0.,0.,-1.));
#13418=DIRECTION('center_axis',(1.,0.,0.));
#13419=DIRECTION('ref_axis',(0.,0.,-1.));
#13420=DIRECTION('',(0.,0.,1.));
#13421=DIRECTION('',(0.,1.,0.));
#13422=DIRECTION('',(0.,0.179940842899678,0.983677433438703));
#13423=DIRECTION('',(0.,0.992028270109449,-0.126015520090401));
#13424=DIRECTION('',(0.,-1.,0.));
#13425=DIRECTION('',(0.,0.,-1.));
#13426=DIRECTION('',(0.,-1.,0.));
#13427=DIRECTION('center_axis',(-0.187387517332768,-0.982278659550704,-0.00381488389517591));
#13428=DIRECTION('ref_axis',(0.,0.0038836791251629,-0.999992458489789));
#13429=DIRECTION('',(-0.142252057661131,0.0232940186281272,0.98955633532777));
#13430=DIRECTION('',(0.0367863132268805,-0.0108985071499593,0.999263723799216));
#13431=DIRECTION('center_axis',(0.130519123292825,-0.991432898234001,0.0050563578000504));
#13432=DIRECTION('ref_axis',(0.,-0.00509998412510374,-0.999986994996397));
#13433=DIRECTION('',(-0.13612281113654,-0.0128680009518985,0.990608396309959));
#13434=DIRECTION('center_axis',(0.0627951000649171,-0.998017023958048,-0.00433535439823034));
#13435=DIRECTION('ref_axis',(0.,0.0043439273985669,-0.999990565102869));
#13436=DIRECTION('',(0.0459977883879517,-0.00144519112843333,0.998940496168826));
#13437=DIRECTION('center_axis',(-0.382677418412054,-0.923873314945181,0.00401140495197096));
#13438=DIRECTION('ref_axis',(0.,-0.00434190172524453,-0.999990573900278));
#13439=DIRECTION('',(-0.138436053761797,0.0616333763924351,0.988451711482827));
#13440=DIRECTION('center_axis',(-0.425774684855028,-0.904823517950326,-0.00321233569182619));
#13441=DIRECTION('ref_axis',(0.,0.00355021215064072,-0.999993697976985));
#13442=DIRECTION('center_axis',(-0.130519425470087,-0.991435193594799,0.00457563947464377));
#13443=DIRECTION('ref_axis',(0.,-0.00461511834050935,-0.999989350284643));
#13444=DIRECTION('center_axis',(-0.187387517332768,-0.982278659550704,-0.00381488389517591));
#13445=DIRECTION('ref_axis',(0.,0.0038836791251629,-0.999992458489789));
#13446=DIRECTION('',(-0.142252057661131,0.0232940186281272,0.98955633532777));
#13447=DIRECTION('',(0.0367863132268805,-0.0108985071499593,0.999263723799216));
#13448=DIRECTION('center_axis',(0.130519123292825,-0.991432898234001,0.0050563578000504));
#13449=DIRECTION('ref_axis',(0.,-0.00509998412510374,-0.999986994996397));
#13450=DIRECTION('',(-0.13612281113654,-0.0128680009518985,0.990608396309959));
#13451=DIRECTION('center_axis',(0.0627951000649171,-0.998017023958048,-0.00433535439823034));
#13452=DIRECTION('ref_axis',(0.,0.0043439273985669,-0.999990565102869));
#13453=DIRECTION('',(0.0459977883879517,-0.00144519112843333,0.998940496168826));
#13454=DIRECTION('center_axis',(-0.382677711933485,-0.923873193312984,0.00401141708408423));
#13455=DIRECTION('ref_axis',(0.,-0.00434191542828882,-0.999990573840781));
#13456=DIRECTION('',(-0.138435899662567,0.0616333777329425,0.988451732981355));
#13457=DIRECTION('center_axis',(-0.425774351905995,-0.904823675063674,-0.00321221158960147));
#13458=DIRECTION('ref_axis',(0.,0.00355007438053074,-0.999993698466092));
#13459=DIRECTION('center_axis',(-0.130519425470087,-0.991435193594799,0.00457563947464377));
#13460=DIRECTION('ref_axis',(0.,-0.00461511834050935,-0.999989350284643));
#13461=DIRECTION('center_axis',(0.,-0.573149292182249,0.819450967948044));
#13462=DIRECTION('ref_axis',(1.,0.,0.));
#13463=DIRECTION('center_axis',(0.,-0.573149292182249,0.819450967948044));
#13464=DIRECTION('ref_axis',(1.,0.,0.));
#13465=DIRECTION('center_axis',(0.,-0.983677433438703,0.179940842899678));
#13466=DIRECTION('ref_axis',(0.,-0.179940842899678,-0.983677433438703));
#13467=DIRECTION('',(0.,0.179940842899678,0.983677433438703));
#13468=DIRECTION('',(1.,0.,0.));
#13469=DIRECTION('center_axis',(0.0148508616046521,-0.152526680906526,0.988187767340417));
#13470=DIRECTION('ref_axis',(0.999887093017194,0.,-0.0150266835205226));
#13471=DIRECTION('',(0.999813684791624,-0.00992256283018013,-0.0165571268726454));
#13472=DIRECTION('',(-0.874559227116075,-0.481053072050758,-0.0611072838265722));
#13473=DIRECTION('',(0.,-0.988296756831339,-0.152543503423312));
#13474=DIRECTION('center_axis',(0.,0.126015520090401,0.992028270109449));
#13475=DIRECTION('ref_axis',(1.,0.,0.));
#13476=DIRECTION('',(0.,0.992028270109449,-0.126015520090401));
#13477=DIRECTION('center_axis',(-1.,0.,0.));
#13478=DIRECTION('ref_axis',(0.,0.,1.));
#13479=DIRECTION('',(0.,0.420164464786289,0.907447972354807));
#13480=DIRECTION('',(0.,0.179940842899678,0.983677433438703));
#13481=DIRECTION('',(0.,0.203747849734634,0.97902339794742));
#13482=DIRECTION('center_axis',(0.,-0.983677433438703,0.179940842899678));
#13483=DIRECTION('ref_axis',(0.,-0.179940842899678,-0.983677433438703));
#13484=DIRECTION('',(0.874559846345418,0.0872564810074839,0.477002496515972));
#13485=DIRECTION('',(1.,0.,0.));
#13486=DIRECTION('center_axis',(0.,-0.983677433438703,0.179940842899678));
#13487=DIRECTION('ref_axis',(0.,-0.179940842899678,-0.983677433438703));
#13488=DIRECTION('',(1.,0.,0.));
#13489=DIRECTION('',(0.,0.179940842899678,0.983677433438703));
#13490=DIRECTION('',(0.874559846345418,0.0872564810074839,0.477002496515972));
#13491=DIRECTION('center_axis',(-0.0134479451395853,-0.978934867110534,
0.203729425284627));
#13492=DIRECTION('ref_axis',(0.,-0.203747849734634,-0.97902339794742));
#13493=DIRECTION('',(0.,0.203747849734634,0.97902339794742));
#13494=DIRECTION('center_axis',(-0.0134479451395853,-0.978934867110534,
0.203729425284627));
#13495=DIRECTION('ref_axis',(0.,-0.203747849734634,-0.97902339794742));
#13496=DIRECTION('',(0.994352374925775,-0.0345438676575147,-0.100349766749759));
#13497=DIRECTION('center_axis',(0.,0.,1.));
#13498=DIRECTION('ref_axis',(1.,0.,0.));
#13499=DIRECTION('',(-1.,0.,0.));
#13500=DIRECTION('',(0.,1.,0.));
#13501=DIRECTION('center_axis',(0.,-1.,0.));
#13502=DIRECTION('ref_axis',(0.,0.,-1.));
#13503=DIRECTION('',(0.,0.,-1.));
#13504=DIRECTION('center_axis',(-0.0217439774402012,-0.874285885124031,
0.484924107998323));
#13505=DIRECTION('ref_axis',(0.,-0.485038784858066,-0.874492639868061));
#13506=DIRECTION('',(0.912458540083576,0.180874898202763,0.367020004670984));
#13507=DIRECTION('',(0.97797946243777,-0.119301675573807,-0.171240419455256));
#13508=DIRECTION('center_axis',(-0.0217439774402012,-0.874285885124031,
0.484924107998323));
#13509=DIRECTION('ref_axis',(0.,-0.485038784858066,-0.874492639868061));
#13510=DIRECTION('',(0.,0.485038784858066,0.874492639868061));
#13511=DIRECTION('center_axis',(-0.0248670623915955,-0.691001644202026,
0.722425329648753));
#13512=DIRECTION('ref_axis',(0.999408101387221,0.,0.0344012627906408));
#13513=DIRECTION('',(0.946159874585708,0.21703397530606,0.240161914730056));
#13514=DIRECTION('',(-0.952440082717049,0.235919340183526,0.192872895351605));
#13515=DIRECTION('center_axis',(-0.0248670623915955,-0.691001644202026,
0.722425329648753));
#13516=DIRECTION('ref_axis',(0.999408101387221,0.,0.0344012627906408));
#13517=DIRECTION('',(0.,0.722648796654821,0.691215390955193));
#13518=DIRECTION('center_axis',(-0.0234116752919816,-0.443300094532765,
0.89606747494107));
#13519=DIRECTION('ref_axis',(0.999658861068782,0.,0.0261182213534016));
#13520=DIRECTION('',(-0.973348210149503,-0.194428295160776,-0.121617843426172));
#13521=DIRECTION('',(-0.916203415922557,0.368163484790733,0.158199080650242));
#13522=DIRECTION('center_axis',(-0.0234116752919816,-0.443300094532765,
0.89606747494107));
#13523=DIRECTION('ref_axis',(0.999658861068782,0.,0.0261182213534016));
#13524=DIRECTION('',(0.,-0.896313146157822,-0.44342163233729));
#13525=DIRECTION('center_axis',(-0.0148508616046521,-0.152526680906526,
0.988187767340417));
#13526=DIRECTION('ref_axis',(0.999887093017194,0.,0.0150266835205226));
#13527=DIRECTION('',(-0.993127712459578,-0.112493561609256,-0.032288470717432));
#13528=DIRECTION('',(-0.874559227116075,0.481053072050758,0.0611072838265722));
#13529=DIRECTION('center_axis',(-0.0148508616046521,-0.152526680906526,
0.988187767340417));
#13530=DIRECTION('ref_axis',(0.999887093017194,0.,0.0150266835205226));
#13531=DIRECTION('',(-0.874559227116075,0.481053072050758,0.0611072838265722));
#13532=DIRECTION('',(0.,0.988296756831339,0.152543503423312));
#13533=DIRECTION('center_axis',(0.,-0.126015520090401,0.992028270109449));
#13534=DIRECTION('ref_axis',(1.,0.,0.));
#13535=DIRECTION('',(0.,0.992028270109449,0.126015520090401));
#13536=DIRECTION('',(-1.,0.,0.));
#13537=DIRECTION('center_axis',(0.,-0.126015520090401,0.992028270109449));
#13538=DIRECTION('ref_axis',(1.,0.,0.));
#13539=DIRECTION('',(-1.,0.,0.));
#13540=DIRECTION('center_axis',(0.,0.126015520090401,0.992028270109449));
#13541=DIRECTION('ref_axis',(1.,0.,0.));
#13542=DIRECTION('',(-0.874559227116075,-0.481053072050758,0.0611072838265722));
#13543=DIRECTION('center_axis',(0.,0.126015520090401,0.992028270109449));
#13544=DIRECTION('ref_axis',(1.,0.,0.));
#13545=DIRECTION('',(0.,0.992028270109449,-0.126015520090401));
#13546=DIRECTION('',(-0.874559227116075,-0.481053072050758,0.0611072838265722));
#13547=DIRECTION('center_axis',(-0.0148508616046521,0.152526680906526,0.988187767340417));
#13548=DIRECTION('ref_axis',(0.999887093017194,0.,0.0150266835205226));
#13549=DIRECTION('',(0.,0.988296756831339,-0.152543503423312));
#13550=DIRECTION('center_axis',(-0.0234116752919816,0.443300094532765,0.89606747494107));
#13551=DIRECTION('ref_axis',(0.999658861068782,0.,0.0261182213534016));
#13552=DIRECTION('',(-0.916203415922557,-0.368163484790733,0.158199080650242));
#13553=DIRECTION('',(-0.973348210149503,0.194428295160776,-0.121617843426172));
#13554=DIRECTION('center_axis',(-0.0234116752919816,0.443300094532765,0.89606747494107));
#13555=DIRECTION('ref_axis',(0.999658861068782,0.,0.0261182213534016));
#13556=DIRECTION('',(0.,0.896313146157822,-0.44342163233729));
#13557=DIRECTION('center_axis',(0.,0.,1.));
#13558=DIRECTION('ref_axis',(1.,0.,0.));
#13559=DIRECTION('',(0.499999554278693,-0.866025661121602,0.));
#13560=DIRECTION('',(1.,0.,0.));
#13561=DIRECTION('',(-0.499999639428176,-0.866025611960578,0.));
#13562=DIRECTION('',(0.951056827435093,0.309016036783039,0.));
#13563=DIRECTION('',(-0.998026403103828,-0.0627956901995377,0.));
#13564=DIRECTION('',(0.982285807345951,-0.187388880904696,0.));
#13565=DIRECTION('center_axis',(-0.0248670623915955,0.691001644202026,0.722425329648753));
#13566=DIRECTION('ref_axis',(0.999408101387221,0.,0.0344012627906408));
#13567=DIRECTION('',(-0.952440082717049,-0.235919340183526,0.192872895351605));
#13568=DIRECTION('',(-0.946159874585708,0.21703397530606,-0.240161914730056));
#13569=DIRECTION('center_axis',(-0.0248670623915955,0.691001644202026,0.722425329648753));
#13570=DIRECTION('ref_axis',(0.999408101387221,0.,0.0344012627906408));
#13571=DIRECTION('',(0.,-0.722648796654821,0.691215390955193));
#13572=DIRECTION('center_axis',(-0.866025661121602,-0.499999554278693,0.));
#13573=DIRECTION('ref_axis',(0.,0.,1.));
#13574=DIRECTION('',(0.250339562475828,-0.43360135672677,0.865632697455517));
#13575=DIRECTION('center_axis',(-0.866025516172635,-0.499999805337856,-1.67676261841002E-7));
#13576=DIRECTION('ref_axis',(-1.93615844694781E-7,0.,0.999999999999981));
#13577=DIRECTION('',(0.103054897191563,-0.178496738714099,0.978528794892244));
#13578=DIRECTION('center_axis',(-0.0217439774402012,0.874285885124031,0.484924107998323));
#13579=DIRECTION('ref_axis',(0.,-0.485038784858066,0.874492639868061));
#13580=DIRECTION('',(-0.97797946243777,-0.119301675573807,0.171240419455256));
#13581=DIRECTION('',(-0.912458540083576,0.180874898202763,-0.367020004670984));
#13582=DIRECTION('center_axis',(-0.0217439774402012,0.874285885124031,0.484924107998323));
#13583=DIRECTION('ref_axis',(0.,-0.485038784858066,0.874492639868061));
#13584=DIRECTION('',(0.,0.485038784858066,-0.874492639868061));
#13585=DIRECTION('center_axis',(0.,0.,1.));
#13586=DIRECTION('ref_axis',(1.,0.,0.));
#13587=DIRECTION('',(1.,0.,0.));
#13588=DIRECTION('',(0.,1.,0.));
#13589=DIRECTION('',(1.,0.,0.));
#13590=DIRECTION('',(1.,0.,0.));
#13591=DIRECTION('',(0.499999115929443,-0.866025914202211,0.));
#13592=DIRECTION('center_axis',(1.,0.,0.));
#13593=DIRECTION('ref_axis',(0.,0.,-1.));
#13594=DIRECTION('',(0.,-0.203747849734634,0.97902339794742));
#13595=DIRECTION('center_axis',(1.,0.,0.));
#13596=DIRECTION('ref_axis',(0.,0.,-1.));
#13597=DIRECTION('center_axis',(1.,0.,0.));
#13598=DIRECTION('ref_axis',(0.,0.,-1.));
#13599=DIRECTION('center_axis',(1.,0.,0.));
#13600=DIRECTION('ref_axis',(0.,0.,-1.));
#13601=DIRECTION('center_axis',(1.,0.,0.));
#13602=DIRECTION('ref_axis',(0.,0.,-1.));
#13603=DIRECTION('center_axis',(1.,0.,0.));
#13604=DIRECTION('ref_axis',(0.,0.,-1.));
#13605=DIRECTION('center_axis',(1.,0.,0.));
#13606=DIRECTION('ref_axis',(0.,0.,-1.));
#13607=DIRECTION('center_axis',(1.,0.,0.));
#13608=DIRECTION('ref_axis',(0.,0.,-1.));
#13609=DIRECTION('center_axis',(1.,0.,0.));
#13610=DIRECTION('ref_axis',(0.,0.,-1.));
#13611=DIRECTION('center_axis',(1.,0.,0.));
#13612=DIRECTION('ref_axis',(0.,0.,-1.));
#13613=DIRECTION('center_axis',(0.,1.,0.));
#13614=DIRECTION('ref_axis',(0.,0.,1.));
#13615=DIRECTION('',(-1.,0.,0.));
#13616=DIRECTION('',(0.,0.,-1.));
#13617=DIRECTION('center_axis',(0.,0.,1.));
#13618=DIRECTION('ref_axis',(1.,0.,0.));
#13619=DIRECTION('',(-1.,0.,0.));
#13620=DIRECTION('',(0.,-1.,0.));
#13621=DIRECTION('',(-1.,0.,0.));
#13622=DIRECTION('center_axis',(0.,0.983677433438703,0.179940842899678));
#13623=DIRECTION('ref_axis',(0.,-0.179940842899678,0.983677433438703));
#13624=DIRECTION('',(-0.874559846345418,0.0872564810074839,-0.477002496515972));
#13625=DIRECTION('',(0.,-0.179940842899678,0.983677433438703));
#13626=DIRECTION('center_axis',(0.,0.983677433438703,0.179940842899678));
#13627=DIRECTION('ref_axis',(0.,-0.179940842899678,0.983677433438703));
#13628=DIRECTION('',(-0.874559846345418,0.0872564810074839,-0.477002496515972));
#13629=DIRECTION('center_axis',(-0.0134479451395853,0.978934867110534,0.203729425284627));
#13630=DIRECTION('ref_axis',(0.,-0.203747849734634,0.97902339794742));
#13631=DIRECTION('',(-0.994352374925775,-0.0345438676575147,0.100349766749759));
#13632=DIRECTION('center_axis',(-0.0134479451395853,0.978934867110534,0.203729425284627));
#13633=DIRECTION('ref_axis',(0.,-0.203747849734634,0.97902339794742));
#13634=DIRECTION('center_axis',(-1.,0.,0.));
#13635=DIRECTION('ref_axis',(0.,0.,1.));
#13636=DIRECTION('',(0.,0.0265470277213253,0.999647565554562));
#13637=DIRECTION('',(0.,0.261066764992279,0.965320746807229));
#13638=DIRECTION('',(0.,0.480922423146512,0.87676315097915));
#13639=DIRECTION('',(0.,0.673756965469764,0.738953010333522));
#13640=DIRECTION('',(0.,0.828739728057253,0.559634222630809));
#13641=DIRECTION('',(0.,-0.937171517372723,-0.348868953943035));
#13642=DIRECTION('',(0.,0.992953260164244,0.118506637490054));
#13643=DIRECTION('',(0.,0.992953260164244,-0.118506637490054));
#13644=DIRECTION('',(0.,0.937171517372723,-0.348868953943035));
#13645=DIRECTION('',(0.,0.828739728057253,-0.559634222630809));
#13646=DIRECTION('',(0.,0.673756965469764,-0.738953010333522));
#13647=DIRECTION('',(0.,0.480922423146512,-0.87676315097915));
#13648=DIRECTION('',(0.,0.261066764992279,-0.965320746807229));
#13649=DIRECTION('',(0.,0.0265470277213253,-0.999647565554562));
#13650=DIRECTION('',(0.,-1.,0.));
#13651=DIRECTION('',(0.,0.,-1.));
#13652=DIRECTION('',(0.,0.420164464786289,-0.907447972354807));
#13653=DIRECTION('',(0.,0.633706526289257,-0.773573550826554));
#13654=DIRECTION('',(0.,0.806989056361769,-0.590566391621079));
#13655=DIRECTION('',(0.,0.929012556330565,-0.370048199806659));
#13656=DIRECTION('',(0.,0.929012556330565,0.370048199806659));
#13657=DIRECTION('',(0.,0.806989056361769,0.590566391621079));
#13658=DIRECTION('',(0.,0.633706526289257,0.773573550826554));
#13659=DIRECTION('',(0.,0.420164464786289,0.907447972354807));
#13660=DIRECTION('',(0.,0.,1.));
#13661=DIRECTION('',(0.,1.,0.));
#13662=DIRECTION('center_axis',(-0.866025820843435,-0.499999277631934,0.));
#13663=DIRECTION('ref_axis',(0.,0.,1.));
#13664=DIRECTION('',(0.499999277631934,-0.866025820843435,0.));
#13665=DIRECTION('',(0.,0.,-1.));
#13666=DIRECTION('center_axis',(0.866025611960578,-0.499999639428176,0.));
#13667=DIRECTION('ref_axis',(0.,0.,-1.));
#13668=DIRECTION('',(-0.250339615756901,-0.433601350556551,0.865632685137421));
#13669=DIRECTION('center_axis',(0.866025492325364,-0.499999846642568,-1.38393426712032E-7));
#13670=DIRECTION('ref_axis',(-1.59802947994557E-7,0.,-0.999999999999987));
#13671=DIRECTION('',(-0.103054941157607,-0.178496737896663,0.978528790411019));
#13672=DIRECTION('center_axis',(0.866025820843435,-0.499999277631934,0.));
#13673=DIRECTION('ref_axis',(0.,0.,-1.));
#13674=DIRECTION('',(0.,0.,-1.));
#13675=DIRECTION('',(-0.499999277631934,-0.866025820843435,0.));
#13676=DIRECTION('center_axis',(-0.866025914202211,-0.499999115929443,0.));
#13677=DIRECTION('ref_axis',(0.,0.,1.));
#13678=DIRECTION('',(0.,0.,-1.));
#13679=DIRECTION('center_axis',(0.866025516172635,0.499999805337856,-1.67676261841002E-7));
#13680=DIRECTION('ref_axis',(-1.93615844694781E-7,0.,-0.999999999999981));
#13681=DIRECTION('',(0.103054897191563,-0.178496738714099,-0.978528794892244));
#13682=DIRECTION('center_axis',(0.866025914202211,0.499999115929443,0.));
#13683=DIRECTION('ref_axis',(0.,0.,-1.));
#13684=DIRECTION('',(0.499999115929443,-0.866025914202211,0.));
#13685=DIRECTION('',(0.,0.,-1.));
#13686=DIRECTION('center_axis',(0.866025516172635,-0.499999805337856,-1.67676261841002E-7));
#13687=DIRECTION('ref_axis',(-1.93615844694781E-7,0.,-0.999999999999981));
#13688=DIRECTION('',(0.250339562475828,0.43360135672677,-0.865632697455517));
#13689=DIRECTION('center_axis',(0.866025661121602,-0.499999554278693,0.));
#13690=DIRECTION('ref_axis',(0.,0.,-1.));
#13691=DIRECTION('center_axis',(0.0108774351261464,-0.907394286782232,0.42013960741644));
#13692=DIRECTION('ref_axis',(0.,-0.420164464786289,-0.907447972354807));
#13693=DIRECTION('center_axis',(0.0165906521916452,-0.773467080540146,0.633619306508694));
#13694=DIRECTION('ref_axis',(0.999657376715071,0.,-0.0261749723809349));
#13695=DIRECTION('center_axis',(0.0171327175805747,-0.590479710779835,0.806870609915659));
#13696=DIRECTION('ref_axis',(0.999774644637092,0.,-0.0212287526900715));
#13697=DIRECTION('center_axis',(0.011711331179363,-0.370022821904593,0.928948844658181));
#13698=DIRECTION('ref_axis',(0.99992054025529,0.,-0.0126060769301955));
#13699=DIRECTION('center_axis',(-0.0148508616046521,0.152526680906526,0.988187767340417));
#13700=DIRECTION('ref_axis',(0.999887093017194,0.,0.0150266835205226));
#13701=DIRECTION('',(-0.993127712459578,0.112493561609256,-0.032288470717432));
#13702=DIRECTION('center_axis',(0.011711331179363,0.370022821904593,0.928948844658181));
#13703=DIRECTION('ref_axis',(0.99992054025529,0.,-0.0126060769301955));
#13704=DIRECTION('center_axis',(0.0171327175805747,0.590479710779835,0.806870609915659));
#13705=DIRECTION('ref_axis',(0.999774644637092,0.,-0.0212287526900715));
#13706=DIRECTION('center_axis',(0.0165906521916452,0.773467080540146,0.633619306508694));
#13707=DIRECTION('ref_axis',(0.999657376715071,0.,-0.0261749723809349));
#13708=DIRECTION('center_axis',(0.0108774351261464,0.907394286782232,0.42013960741644));
#13709=DIRECTION('ref_axis',(0.,-0.420164464786289,0.907447972354807));
#13710=DIRECTION('center_axis',(0.,0.813807757053705,0.581134179479419));
#13711=DIRECTION('ref_axis',(1.,0.,0.));
#13712=DIRECTION('',(1.,0.,0.));
#13713=DIRECTION('center_axis',(0.,-0.813807757053705,0.581134179479419));
#13714=DIRECTION('ref_axis',(1.,0.,0.));
#13715=DIRECTION('',(1.,0.,0.));
#13716=DIRECTION('',(1.,0.,0.));
#13717=DIRECTION('center_axis',(0.,1.,0.));
#13718=DIRECTION('ref_axis',(0.,0.,1.));
#13719=DIRECTION('',(-1.,0.,0.));
#13720=DIRECTION('center_axis',(0.,-1.,0.));
#13721=DIRECTION('ref_axis',(0.,0.,-1.));
#13722=DIRECTION('',(-1.,0.,0.));
#13723=DIRECTION('',(0.,0.,-1.));
#13724=DIRECTION('',(-1.,0.,0.));
#13725=DIRECTION('center_axis',(0.,0.,1.));
#13726=DIRECTION('ref_axis',(1.,0.,0.));
#13727=DIRECTION('',(0.,1.,0.));
#13728=DIRECTION('',(-1.,0.,0.));
#13729=DIRECTION('center_axis',(0.,0.871937100244297,0.489617905327784));
#13730=DIRECTION('ref_axis',(0.,-0.489617905327784,0.871937100244297));
#13731=DIRECTION('',(1.,0.,0.));
#13732=DIRECTION('',(1.,0.,0.));
#13733=DIRECTION('center_axis',(0.,0.992016140443761,-0.126110971366745));
#13734=DIRECTION('ref_axis',(0.,0.126110971366745,0.992016140443761));
#13735=DIRECTION('',(1.,0.,0.));
#13736=DIRECTION('center_axis',(0.,0.827787685891263,-0.561041484283281));
#13737=DIRECTION('ref_axis',(-1.,0.,0.));
#13738=DIRECTION('center_axis',(0.,0.420122071536785,-0.907467599976793));
#13739=DIRECTION('ref_axis',(-1.,0.,0.));
#13740=DIRECTION('',(1.,0.,0.));
#13741=DIRECTION('center_axis',(0.,0.310946859707028,-0.950427298870533));
#13742=DIRECTION('ref_axis',(-1.,0.,0.));
#13743=DIRECTION('',(1.,0.,0.));
#13744=DIRECTION('center_axis',(0.,0.,-1.));
#13745=DIRECTION('ref_axis',(-1.,0.,0.));
#13746=DIRECTION('',(1.,0.,0.));
#13747=DIRECTION('center_axis',(0.,-0.310946859707028,-0.950427298870533));
#13748=DIRECTION('ref_axis',(-1.,0.,0.));
#13749=DIRECTION('center_axis',(0.,-0.632722028517017,-0.774378999346774));
#13750=DIRECTION('ref_axis',(-1.,0.,0.));
#13751=DIRECTION('',(1.,0.,0.));
#13752=DIRECTION('center_axis',(0.,-0.827787685891263,-0.561041484283281));
#13753=DIRECTION('ref_axis',(-1.,0.,0.));
#13754=DIRECTION('',(1.,0.,0.));
#13755=DIRECTION('center_axis',(0.,-0.992016140443761,-0.126110971366745));
#13756=DIRECTION('ref_axis',(0.,0.126110971366745,-0.992016140443761));
#13757=DIRECTION('',(1.,0.,0.));
#13758=DIRECTION('center_axis',(0.,-0.871937100244297,0.489617905327784));
#13759=DIRECTION('ref_axis',(0.,-0.489617905327784,-0.871937100244297));
#13760=DIRECTION('',(1.,0.,0.));
#13761=DIRECTION('center_axis',(0.,0.,1.));
#13762=DIRECTION('ref_axis',(1.,0.,0.));
#13763=DIRECTION('',(0.,-1.,0.));
#13764=DIRECTION('',(-1.,0.,0.));
#13765=DIRECTION('',(-1.,0.,0.));
#13766=DIRECTION('center_axis',(0.,1.,0.));
#13767=DIRECTION('ref_axis',(0.,0.,1.));
#13768=DIRECTION('',(0.,0.,-1.));
#13769=DIRECTION('center_axis',(0.,-1.,0.));
#13770=DIRECTION('ref_axis',(0.,0.,-1.));
#13771=DIRECTION('',(1.,0.,0.));
#13772=DIRECTION('center_axis',(0.,-1.,0.));
#13773=DIRECTION('ref_axis',(0.,0.,-1.));
#13774=DIRECTION('',(1.,0.,0.));
#13775=DIRECTION('center_axis',(0.,0.,1.));
#13776=DIRECTION('ref_axis',(1.,0.,0.));
#13777=DIRECTION('',(1.,0.,0.));
#13778=DIRECTION('center_axis',(0.,0.,1.));
#13779=DIRECTION('ref_axis',(1.,0.,0.));
#13780=DIRECTION('',(1.,0.,0.));
#13781=DIRECTION('',(1.,0.,0.));
#13782=DIRECTION('center_axis',(0.,1.,0.));
#13783=DIRECTION('ref_axis',(0.,0.,1.));
#13784=DIRECTION('center_axis',(0.,0.813807757053705,0.581134179479419));
#13785=DIRECTION('ref_axis',(1.,0.,0.));
#13786=DIRECTION('',(1.,0.,0.));
#13787=DIRECTION('',(1.,0.,0.));
#13788=DIRECTION('center_axis',(0.,-0.813807757053705,0.581134179479419));
#13789=DIRECTION('ref_axis',(1.,0.,0.));
#13790=DIRECTION('',(1.,0.,0.));
#13791=DIRECTION('center_axis',(0.,1.,0.));
#13792=DIRECTION('ref_axis',(0.,0.,1.));
#13793=DIRECTION('center_axis',(0.,-1.,0.));
#13794=DIRECTION('ref_axis',(0.,0.,-1.));
#13795=DIRECTION('',(-1.,0.,0.));
#13796=DIRECTION('center_axis',(0.,0.,1.));
#13797=DIRECTION('ref_axis',(1.,0.,0.));
#13798=DIRECTION('',(-1.,0.,0.));
#13799=DIRECTION('center_axis',(0.,0.871937100244297,0.489617905327784));
#13800=DIRECTION('ref_axis',(0.,-0.489617905327784,0.871937100244297));
#13801=DIRECTION('',(1.,0.,0.));
#13802=DIRECTION('',(1.,0.,0.));
#13803=DIRECTION('center_axis',(0.,0.992016140443761,-0.126110971366745));
#13804=DIRECTION('ref_axis',(0.,0.126110971366745,0.992016140443761));
#13805=DIRECTION('',(1.,0.,0.));
#13806=DIRECTION('center_axis',(0.,0.827787685891263,-0.561041484283281));
#13807=DIRECTION('ref_axis',(-1.,0.,0.));
#13808=DIRECTION('',(1.,0.,0.));
#13809=DIRECTION('center_axis',(0.,0.632722028517017,-0.774378999346774));
#13810=DIRECTION('ref_axis',(-1.,0.,0.));
#13811=DIRECTION('center_axis',(0.,0.310946859707028,-0.950427298870533));
#13812=DIRECTION('ref_axis',(-1.,0.,0.));
#13813=DIRECTION('',(1.,0.,0.));
#13814=DIRECTION('center_axis',(0.,0.,-1.));
#13815=DIRECTION('ref_axis',(-1.,0.,0.));
#13816=DIRECTION('',(1.,0.,0.));
#13817=DIRECTION('center_axis',(0.,-0.310946859707028,-0.950427298870533));
#13818=DIRECTION('ref_axis',(-1.,0.,0.));
#13819=DIRECTION('',(1.,0.,0.));
#13820=DIRECTION('center_axis',(0.,-0.420122071536785,-0.907467599976793));
#13821=DIRECTION('ref_axis',(-1.,0.,0.));
#13822=DIRECTION('center_axis',(0.,-0.632722028517017,-0.774378999346774));
#13823=DIRECTION('ref_axis',(-1.,0.,0.));
#13824=DIRECTION('',(1.,0.,0.));
#13825=DIRECTION('center_axis',(0.,-0.827787685891263,-0.561041484283281));
#13826=DIRECTION('ref_axis',(-1.,0.,0.));
#13827=DIRECTION('',(1.,0.,0.));
#13828=DIRECTION('center_axis',(0.,-0.992016140443761,-0.126110971366745));
#13829=DIRECTION('ref_axis',(0.,0.126110971366745,-0.992016140443761));
#13830=DIRECTION('',(1.,0.,0.));
#13831=DIRECTION('center_axis',(0.,-0.871937100244297,0.489617905327784));
#13832=DIRECTION('ref_axis',(0.,-0.489617905327784,-0.871937100244297));
#13833=DIRECTION('',(1.,0.,0.));
#13834=DIRECTION('center_axis',(0.,-0.348868953943035,0.937171517372723));
#13835=DIRECTION('ref_axis',(1.,0.,0.));
#13836=DIRECTION('',(0.,-0.937171517372723,-0.348868953943035));
#13837=DIRECTION('',(1.,0.,0.));
#13838=DIRECTION('',(1.,0.,0.));
#13839=DIRECTION('center_axis',(0.,-0.118506637490054,0.992953260164244));
#13840=DIRECTION('ref_axis',(1.,0.,0.));
#13841=DIRECTION('',(0.,-0.992953260164244,-0.118506637490054));
#13842=DIRECTION('',(1.,0.,0.));
#13843=DIRECTION('center_axis',(0.,0.118506637490054,0.992953260164244));
#13844=DIRECTION('ref_axis',(1.,0.,0.));
#13845=DIRECTION('',(0.,0.992953260164244,-0.118506637490054));
#13846=DIRECTION('',(1.,0.,0.));
#13847=DIRECTION('center_axis',(0.,0.348868953943035,0.937171517372723));
#13848=DIRECTION('ref_axis',(1.,0.,0.));
#13849=DIRECTION('',(0.,-0.937171517372723,0.348868953943035));
#13850=DIRECTION('',(1.,0.,0.));
#13851=DIRECTION('center_axis',(0.,0.559634222630809,0.828739728057253));
#13852=DIRECTION('ref_axis',(1.,0.,0.));
#13853=DIRECTION('',(0.,-0.828739728057253,0.559634222630809));
#13854=DIRECTION('',(1.,0.,0.));
#13855=DIRECTION('center_axis',(-0.00250653512441418,-0.999644425297588,
0.0265469443274454));
#13856=DIRECTION('ref_axis',(0.,-0.0265470277213253,-0.999647565554562));
#13857=DIRECTION('',(0.751020676055309,-0.0194101675333375,-0.659993325370609));
#13858=DIRECTION('',(0.999765902237852,-0.00193455220760403,0.0215499009345817));
#13859=DIRECTION('center_axis',(0.,0.738953010333522,0.673756965469764));
#13860=DIRECTION('ref_axis',(1.,0.,0.));
#13861=DIRECTION('',(0.,-0.673756965469764,0.738953010333522));
#13862=DIRECTION('',(1.,0.,0.));
#13863=DIRECTION('center_axis',(0.,-0.995994791915521,-0.0894112659409164));
#13864=DIRECTION('ref_axis',(0.,0.0894112659409164,-0.995994791915522));
#13865=DIRECTION('center_axis',(0.,0.87676315097915,0.480922423146512));
#13866=DIRECTION('ref_axis',(0.,-0.480922423146512,0.87676315097915));
#13867=DIRECTION('',(0.,0.480922423146512,-0.87676315097915));
#13868=DIRECTION('',(1.,0.,0.));
#13869=DIRECTION('center_axis',(-0.00250653512441418,0.999644425297588,
0.0265469443274454));
#13870=DIRECTION('ref_axis',(0.,-0.0265470277213253,0.999647565554562));
#13871=DIRECTION('',(0.999765902237852,0.00193455220760403,0.0215499009345817));
#13872=DIRECTION('',(0.751020676055309,0.0194101675333375,-0.659993325370609));
#13873=DIRECTION('center_axis',(0.,0.965320746807229,0.261066764992279));
#13874=DIRECTION('ref_axis',(0.,-0.261066764992279,0.965320746807229));
#13875=DIRECTION('',(0.,0.261066764992279,-0.965320746807229));
#13876=DIRECTION('',(1.,0.,0.));
#13877=DIRECTION('center_axis',(0.,0.995994791915521,-0.0894112659409164));
#13878=DIRECTION('ref_axis',(0.,0.0894112659409164,0.995994791915522));
#13879=DIRECTION('center_axis',(0.,-0.995994791915521,-0.0894112659409164));
#13880=DIRECTION('ref_axis',(0.,0.0894112659409164,-0.995994791915522));
#13881=DIRECTION('',(-1.,0.,0.));
#13882=DIRECTION('center_axis',(0.,-0.965320746807229,0.261066764992279));
#13883=DIRECTION('ref_axis',(0.,-0.261066764992279,-0.965320746807229));
#13884=DIRECTION('',(0.,0.261066764992279,0.965320746807229));
#13885=DIRECTION('',(1.,0.,0.));
#13886=DIRECTION('',(1.,0.,0.));
#13887=DIRECTION('center_axis',(0.,0.995994791915521,-0.0894112659409164));
#13888=DIRECTION('ref_axis',(0.,0.0894112659409164,0.995994791915522));
#13889=DIRECTION('',(-1.,0.,0.));
#13890=DIRECTION('',(-1.,0.,0.));
#13891=DIRECTION('center_axis',(0.,-0.999567816808736,0.0293969318163865));
#13892=DIRECTION('ref_axis',(0.,-0.0293969318163865,-0.999567816808736));
#13893=DIRECTION('',(-0.751020676055309,-0.0194101675333375,-0.659993325370609));
#13894=DIRECTION('center_axis',(0.00250653512441418,0.999644425297588,0.0265469443274454));
#13895=DIRECTION('ref_axis',(0.,-0.0265470277213253,0.999647565554562));
#13896=DIRECTION('',(-0.999765902237852,0.00193455220760403,0.0215499009345817));
#13897=DIRECTION('',(-0.751020676055309,0.0194101675333375,-0.659993325370609));
#13898=DIRECTION('',(0.,-0.0265470277213253,0.999647565554562));
#13899=DIRECTION('center_axis',(0.,0.999567816808736,0.0293969318163865));
#13900=DIRECTION('ref_axis',(0.,-0.0293969318163865,0.999567816808736));
#13901=DIRECTION('center_axis',(0.,-0.995994791915521,-0.0894112659409164));
#13902=DIRECTION('ref_axis',(0.,0.0894112659409164,-0.995994791915522));
#13903=DIRECTION('',(-0.999765902237852,-0.00193455220760403,0.0215499009345817));
#13904=DIRECTION('center_axis',(0.00250653512441418,-0.999644425297588,
0.0265469443274454));
#13905=DIRECTION('ref_axis',(0.,-0.0265470277213253,-0.999647565554562));
#13906=DIRECTION('',(0.,0.0265470277213253,0.999647565554562));
#13907=DIRECTION('center_axis',(0.,0.995994791915521,-0.0894112659409164));
#13908=DIRECTION('ref_axis',(0.,0.0894112659409164,0.995994791915522));
#13909=DIRECTION('center_axis',(0.,-0.738953010333522,0.673756965469764));
#13910=DIRECTION('ref_axis',(1.,0.,0.));
#13911=DIRECTION('',(1.,0.,0.));
#13912=DIRECTION('',(0.,0.673756965469764,0.738953010333522));
#13913=DIRECTION('',(1.,0.,0.));
#13914=DIRECTION('center_axis',(0.,-0.87676315097915,0.480922423146512));
#13915=DIRECTION('ref_axis',(0.,-0.480922423146512,-0.87676315097915));
#13916=DIRECTION('',(0.,0.480922423146512,0.87676315097915));
#13917=DIRECTION('center_axis',(0.,-0.559634222630809,0.828739728057253));
#13918=DIRECTION('ref_axis',(1.,0.,0.));
#13919=DIRECTION('',(0.,-0.828739728057253,-0.559634222630809));
#13920=DIRECTION('center_axis',(0.,0.,1.));
#13921=DIRECTION('ref_axis',(1.,0.,0.));
#13922=DIRECTION('',(-1.,0.,0.));
#13923=DIRECTION('center_axis',(0.,1.,0.));
#13924=DIRECTION('ref_axis',(0.,0.,1.));
#13925=DIRECTION('',(-1.,0.,0.));
#13926=DIRECTION('center_axis',(0.,0.,1.));
#13927=DIRECTION('ref_axis',(1.,0.,0.));
#13928=DIRECTION('',(-1.,0.,0.));
#13929=DIRECTION('center_axis',(0.,-1.,0.));
#13930=DIRECTION('ref_axis',(0.,0.,-1.));
#13931=DIRECTION('center_axis',(0.,0.,1.));
#13932=DIRECTION('ref_axis',(1.,0.,0.));
#13933=DIRECTION('',(1.,0.,0.));
#13934=DIRECTION('',(0.,1.,0.));
#13935=DIRECTION('center_axis',(0.,-1.,0.));
#13936=DIRECTION('ref_axis',(0.,0.,-1.));
#13937=DIRECTION('',(1.,0.,0.));
#13938=DIRECTION('',(0.,0.,1.));
#13939=DIRECTION('center_axis',(0.,0.,1.));
#13940=DIRECTION('ref_axis',(1.,0.,0.));
#13941=DIRECTION('',(1.,0.,0.));
#13942=DIRECTION('',(0.,1.,0.));
#13943=DIRECTION('center_axis',(1.,0.,0.));
#13944=DIRECTION('ref_axis',(0.,0.,-1.));
#13945=DIRECTION('',(0.,0.179940842899678,0.983677433438703));
#13946=DIRECTION('',(0.,0.420164464786289,0.907447972354807));
#13947=DIRECTION('',(0.,0.633706526289257,0.773573550826554));
#13948=DIRECTION('',(0.,0.806989056361769,0.590566391621079));
#13949=DIRECTION('',(0.,0.929012556330565,0.370048199806659));
#13950=DIRECTION('',(0.,0.992028270109449,0.126015520090401));
#13951=DIRECTION('',(0.,0.992028270109449,-0.126015520090401));
#13952=DIRECTION('',(0.,0.929012556330565,-0.370048199806659));
#13953=DIRECTION('',(0.,0.806989056361769,-0.590566391621079));
#13954=DIRECTION('',(0.,0.633706526289257,-0.773573550826554));
#13955=DIRECTION('',(0.,0.420164464786289,-0.907447972354807));
#13956=DIRECTION('',(0.,0.179940842899678,-0.983677433438703));
#13957=DIRECTION('',(0.,-1.,0.));
#13958=DIRECTION('',(0.,0.,-1.));
#13959=DIRECTION('center_axis',(0.,0.,1.));
#13960=DIRECTION('ref_axis',(1.,0.,0.));
#13961=DIRECTION('',(1.,0.,0.));
#13962=DIRECTION('',(1.,0.,0.));
#13963=DIRECTION('center_axis',(0.,1.,0.));
#13964=DIRECTION('ref_axis',(0.,0.,1.));
#13965=DIRECTION('center_axis',(-0.187387517332768,-0.982278659550704,-0.00381488389517591));
#13966=DIRECTION('ref_axis',(0.,0.0038836791251629,-0.999992458489789));
#13967=DIRECTION('',(-0.142252057661131,0.0232940186281272,0.98955633532777));
#13968=DIRECTION('center_axis',(0.130519123292825,-0.991432898234001,0.0050563578000504));
#13969=DIRECTION('ref_axis',(0.,-0.00509998412510374,-0.999986994996397));
#13970=DIRECTION('',(0.0523111118196271,0.0119792998400979,0.998558983713799));
#13971=DIRECTION('',(-0.13612281113654,-0.0128680009518985,0.990608396309959));
#13972=DIRECTION('center_axis',(0.0627951000649171,-0.998017023958048,-0.00433535439823034));
#13973=DIRECTION('ref_axis',(0.,0.0043439273985669,-0.999990565102869));
#13974=DIRECTION('',(0.0459977883879517,-0.00144519112843333,0.998940496168826));
#13975=DIRECTION('center_axis',(0.309012508260289,-0.951045967721509,-0.00477880940639868));
#13976=DIRECTION('ref_axis',(0.,0.00502472986662384,-0.999987375965201));
#13977=DIRECTION('center_axis',(-0.130519425470087,-0.991435193594799,0.00457563947464377));
#13978=DIRECTION('ref_axis',(0.,-0.00461511834050935,-0.999989350284643));
#13979=DIRECTION('center_axis',(-0.187387517332768,-0.982278659550704,-0.00381488389517591));
#13980=DIRECTION('ref_axis',(0.,0.0038836791251629,-0.999992458489789));
#13981=DIRECTION('',(-0.142252057661131,0.0232940186281272,0.98955633532777));
#13982=DIRECTION('center_axis',(0.130519123292825,-0.991432898234001,0.0050563578000504));
#13983=DIRECTION('ref_axis',(0.,-0.00509998412510374,-0.999986994996397));
#13984=DIRECTION('',(0.0523111118196271,0.0119792998400979,0.998558983713799));
#13985=DIRECTION('',(-0.13612281113654,-0.0128680009518985,0.990608396309959));
#13986=DIRECTION('center_axis',(0.0627951000649171,-0.998017023958048,-0.00433535439823034));
#13987=DIRECTION('ref_axis',(0.,0.0043439273985669,-0.999990565102869));
#13988=DIRECTION('',(0.0459977883879517,-0.00144519112843333,0.998940496168826));
#13989=DIRECTION('center_axis',(0.382674797386928,-0.923866987173917,0.00545797169869867));
#13990=DIRECTION('ref_axis',(0.,-0.00590764312542668,-0.999982549724095));
#13991=DIRECTION('',(-0.121409305801259,-0.0444307629764989,0.991607627928599));
#13992=DIRECTION('center_axis',(0.309012508260289,-0.951045967721509,-0.00477880940639868));
#13993=DIRECTION('ref_axis',(0.,0.00502472986662384,-0.999987375965201));
#13994=DIRECTION('center_axis',(-0.130519425470087,-0.991435193594799,0.00457563947464377));
#13995=DIRECTION('ref_axis',(0.,-0.00461511834050935,-0.999989350284643));
#13996=DIRECTION('center_axis',(0.,-0.573149292182249,0.819450967948044));
#13997=DIRECTION('ref_axis',(1.,0.,0.));
#13998=DIRECTION('center_axis',(0.,0.573149292182249,0.819450967948044));
#13999=DIRECTION('ref_axis',(1.,0.,0.));
#14000=DIRECTION('center_axis',(0.,-0.983677433438703,0.179940842899678));
#14001=DIRECTION('ref_axis',(0.,-0.179940842899678,-0.983677433438703));
#14002=DIRECTION('',(0.874559846345418,-0.0872564810074839,-0.477002496515972));
#14003=DIRECTION('center_axis',(-0.0108774351261464,-0.907394286782232,
0.42013960741644));
#14004=DIRECTION('ref_axis',(0.,-0.420164464786289,-0.907447972354807));
#14005=DIRECTION('',(0.912458540083576,-0.180874898202763,-0.367020004670984));
#14006=DIRECTION('',(0.994352374925775,0.0345438676575147,0.100349766749759));
#14007=DIRECTION('center_axis',(0.0134479451395853,-0.978934867110534,0.203729425284627));
#14008=DIRECTION('ref_axis',(0.,-0.203747849734634,-0.97902339794742));
#14009=DIRECTION('center_axis',(-0.0165906521916452,-0.773467080540146,
0.633619306508694));
#14010=DIRECTION('ref_axis',(0.999657376715071,0.,0.0261749723809349));
#14011=DIRECTION('',(0.946159874585708,-0.21703397530606,-0.240161914730056));
#14012=DIRECTION('',(0.97797946243777,0.119301675573807,0.171240419455256));
#14013=DIRECTION('center_axis',(0.0217439774402012,-0.874285885124031,0.484924107998323));
#14014=DIRECTION('ref_axis',(0.,-0.485038784858066,-0.874492639868061));
#14015=DIRECTION('center_axis',(-0.0171327175805747,-0.590479710779835,
0.806870609915659));
#14016=DIRECTION('ref_axis',(0.999774644637092,0.,0.0212287526900715));
#14017=DIRECTION('',(0.973348210149503,-0.194428295160776,-0.121617843426172));
#14018=DIRECTION('',(0.952440082717049,0.235919340183526,0.192872895351605));
#14019=DIRECTION('center_axis',(0.0248670623915955,-0.691001644202026,0.722425329648753));
#14020=DIRECTION('ref_axis',(0.999408101387221,0.,-0.0344012627906408));
#14021=DIRECTION('center_axis',(-0.011711331179363,-0.370022821904593,0.928948844658181));
#14022=DIRECTION('ref_axis',(0.99992054025529,0.,0.0126060769301955));
#14023=DIRECTION('',(0.993127712459578,-0.112493561609256,-0.032288470717432));
#14024=DIRECTION('',(0.916203415922557,0.368163484790733,0.158199080650242));
#14025=DIRECTION('center_axis',(0.0234116752919816,-0.443300094532765,0.89606747494107));
#14026=DIRECTION('ref_axis',(0.999658861068782,0.,-0.0261182213534016));
#14027=DIRECTION('center_axis',(0.,-0.126015520090401,0.992028270109449));
#14028=DIRECTION('ref_axis',(1.,0.,0.));
#14029=DIRECTION('',(1.,0.,0.));
#14030=DIRECTION('',(0.874559227116075,0.481053072050758,0.0611072838265722));
#14031=DIRECTION('center_axis',(0.0148508616046521,-0.152526680906526,0.988187767340417));
#14032=DIRECTION('ref_axis',(0.999887093017194,0.,-0.0150266835205226));
#14033=DIRECTION('center_axis',(0.,0.126015520090401,0.992028270109449));
#14034=DIRECTION('ref_axis',(1.,0.,0.));
#14035=DIRECTION('',(0.874559227116075,-0.481053072050758,0.0611072838265722));
#14036=DIRECTION('center_axis',(-0.011711331179363,0.370022821904593,0.928948844658181));
#14037=DIRECTION('ref_axis',(0.99992054025529,0.,0.0126060769301955));
#14038=DIRECTION('',(0.916203415922557,-0.368163484790733,0.158199080650242));
#14039=DIRECTION('',(0.993127712459578,0.112493561609256,-0.032288470717432));
#14040=DIRECTION('center_axis',(0.0148508616046521,0.152526680906526,0.988187767340417));
#14041=DIRECTION('ref_axis',(0.999887093017194,0.,-0.0150266835205226));
#14042=DIRECTION('center_axis',(-0.0171327175805747,0.590479710779835,0.806870609915659));
#14043=DIRECTION('ref_axis',(0.999774644637092,0.,0.0212287526900715));
#14044=DIRECTION('',(0.952440082717049,-0.235919340183526,0.192872895351605));
#14045=DIRECTION('',(0.973348210149503,0.194428295160776,-0.121617843426172));
#14046=DIRECTION('center_axis',(0.0234116752919816,0.443300094532765,0.89606747494107));
#14047=DIRECTION('ref_axis',(0.999658861068782,0.,-0.0261182213534016));
#14048=DIRECTION('center_axis',(-0.0165906521916452,0.773467080540146,0.633619306508694));
#14049=DIRECTION('ref_axis',(0.999657376715071,0.,0.0261749723809349));
#14050=DIRECTION('',(0.97797946243777,-0.119301675573807,0.171240419455256));
#14051=DIRECTION('',(0.946159874585708,0.21703397530606,-0.240161914730056));
#14052=DIRECTION('center_axis',(0.0248670623915955,0.691001644202026,0.722425329648753));
#14053=DIRECTION('ref_axis',(0.999408101387221,0.,-0.0344012627906408));
#14054=DIRECTION('center_axis',(-0.0108774351261464,0.907394286782232,0.42013960741644));
#14055=DIRECTION('ref_axis',(0.,-0.420164464786289,0.907447972354807));
#14056=DIRECTION('',(0.994352374925775,-0.0345438676575147,0.100349766749759));
#14057=DIRECTION('',(0.912458540083576,0.180874898202763,-0.367020004670984));
#14058=DIRECTION('center_axis',(0.0217439774402012,0.874285885124031,0.484924107998323));
#14059=DIRECTION('ref_axis',(0.,-0.485038784858066,0.874492639868061));
#14060=DIRECTION('center_axis',(0.0134479451395853,0.978934867110534,0.203729425284627));
#14061=DIRECTION('ref_axis',(0.,-0.203747849734634,0.97902339794742));
#14062=DIRECTION('',(0.874559846345418,0.0872564810074839,-0.477002496515972));
#14063=DIRECTION('center_axis',(0.,0.983677433438703,0.179940842899678));
#14064=DIRECTION('ref_axis',(0.,-0.179940842899678,0.983677433438703));
#14065=CARTESIAN_POINT('',(0.,0.,0.));
#14066=CARTESIAN_POINT('Origin',(220.000003278255,-116.148001098633,2.33475463626027E-14));
#14067=CARTESIAN_POINT('',(220.000003278255,-116.148001098633,2.33475463626027E-14));
#14068=CARTESIAN_POINT('',(220.000003278255,-126.148001098633,2.33475463626027E-14));
#14069=CARTESIAN_POINT('',(220.000003278255,-111.648001098633,2.33475463626027E-14));
#14070=CARTESIAN_POINT('',(220.000003278255,-116.148001098633,1.50000000000002));
#14071=CARTESIAN_POINT('',(220.000003278255,-116.148001098633,2.33475463626027E-14));
#14072=CARTESIAN_POINT('',(220.000003278255,-126.148001098633,1.50000000000002));
#14073=CARTESIAN_POINT('',(220.000003278255,-116.148001098633,1.50000000000002));
#14074=CARTESIAN_POINT('',(220.000003278255,-126.148001098633,2.33475463626027E-14));
#14075=CARTESIAN_POINT('Origin',(248.000003695488,-116.148001098633,2.33475463626027E-14));
#14076=CARTESIAN_POINT('',(248.000003695488,-116.148001098633,2.33475463626027E-14));
#14077=CARTESIAN_POINT('',(248.000003695488,-126.148001098633,2.33475463626027E-14));
#14078=CARTESIAN_POINT('',(248.000003695488,-111.648001098633,2.33475463626027E-14));
#14079=CARTESIAN_POINT('',(248.000003695488,-116.148001098633,1.50000000000002));
#14080=CARTESIAN_POINT('',(248.000003695488,-116.148001098633,2.33475463626027E-14));
#14081=CARTESIAN_POINT('',(248.000003695488,-126.148001098633,1.50000000000002));
#14082=CARTESIAN_POINT('',(248.000003695488,-126.148001098633,1.50000000000002));
#14083=CARTESIAN_POINT('',(248.000003695488,-126.148001098633,2.33475463626027E-14));
#14084=CARTESIAN_POINT('Origin',(249.,-126.148001098633,2.33475463626027E-14));
#14085=CARTESIAN_POINT('',(249.,-121.148001098633,1.34040875193956));
#14086=CARTESIAN_POINT('',(249.,-120.660201096535,1.50000000000002));
#14087=CARTESIAN_POINT('',(249.,-120.660201096535,1.50000000000002));
#14088=CARTESIAN_POINT('',(249.,-121.635801100731,1.50000000000002));
#14089=CARTESIAN_POINT('',(249.,-123.778571033478,2.20104002952578));
#14090=CARTESIAN_POINT('',(249.,-116.148001098633,1.50000000000002));
#14091=CARTESIAN_POINT('Origin',(227.498500823975,-121.273001098633,1.50000000000002));
#14092=CARTESIAN_POINT('',(249.,-126.148001098633,1.50000000000002));
#14093=CARTESIAN_POINT('',(249.,-126.148001098633,1.50000000000002));
#14094=CARTESIAN_POINT('',(249.,-116.148001098633,1.50000000000002));
#14095=CARTESIAN_POINT('',(248.000003695488,-116.148001098633,1.50000000000002));
#14096=CARTESIAN_POINT('',(249.,-125.391846084595,1.50000000000002));
#14097=CARTESIAN_POINT('',(249.,-125.391846084595,1.50000000000002));
#14098=CARTESIAN_POINT('Origin',(235.,-126.148001098633,2.33475463626027E-14));
#14099=CARTESIAN_POINT('',(235.,-126.148001098633,2.33475463626027E-14));
#14100=CARTESIAN_POINT('',(235.,-116.148001098633,2.33475463626027E-14));
#14101=CARTESIAN_POINT('',(235.,-116.648001098633,2.33475463626027E-14));
#14102=CARTESIAN_POINT('',(235.,-126.148001098633,1.50000000000002));
#14103=CARTESIAN_POINT('',(235.,-126.148001098633,2.33475463626027E-14));
#14104=CARTESIAN_POINT('',(235.,-116.148001098633,1.50000000000002));
#14105=CARTESIAN_POINT('',(235.,-116.148001098633,1.50000000000002));
#14106=CARTESIAN_POINT('',(235.,-116.148001098633,2.33475463626027E-14));
#14107=CARTESIAN_POINT('Origin',(207.,-126.148001098633,2.33475463626027E-14));
#14108=CARTESIAN_POINT('',(207.,-126.148001098633,2.33475463626027E-14));
#14109=CARTESIAN_POINT('',(207.,-116.148001098633,2.33475463626027E-14));
#14110=CARTESIAN_POINT('',(207.,-116.648001098633,2.33475463626027E-14));
#14111=CARTESIAN_POINT('',(207.,-126.148001098633,1.50000000000002));
#14112=CARTESIAN_POINT('',(207.,-126.148001098633,2.33475463626027E-14));
#14113=CARTESIAN_POINT('',(207.,-116.148001098633,1.50000000000002));
#14114=CARTESIAN_POINT('',(207.,-126.148001098633,1.50000000000002));
#14115=CARTESIAN_POINT('',(207.,-116.148001098633,2.33475463626027E-14));
#14116=CARTESIAN_POINT('Origin',(225.,-126.148001098633,2.33475463626027E-14));
#14117=CARTESIAN_POINT('',(225.,-126.148001098633,2.33475463626027E-14));
#14118=CARTESIAN_POINT('',(225.,-116.148001098633,2.33475463626027E-14));
#14119=CARTESIAN_POINT('',(225.,-116.648001098633,2.33475463626027E-14));
#14120=CARTESIAN_POINT('',(225.,-126.148001098633,1.50000000000002));
#14121=CARTESIAN_POINT('',(225.,-126.148001098633,2.33475463626027E-14));
#14122=CARTESIAN_POINT('',(225.,-116.148001098633,1.50000000000002));
#14123=CARTESIAN_POINT('',(225.,-116.148001098633,1.50000000000002));
#14124=CARTESIAN_POINT('',(225.,-116.148001098633,2.33475463626027E-14));
#14125=CARTESIAN_POINT('Origin',(253.,-126.148001098633,2.33475463626027E-14));
#14126=CARTESIAN_POINT('',(253.,-126.148001098633,2.33475463626027E-14));
#14127=CARTESIAN_POINT('',(253.,-116.148001098633,2.33475463626027E-14));
#14128=CARTESIAN_POINT('',(253.,-116.648001098633,2.33475463626027E-14));
#14129=CARTESIAN_POINT('',(253.,-126.148001098633,1.50000000000002));
#14130=CARTESIAN_POINT('',(253.,-126.148001098633,2.33475463626027E-14));
#14131=CARTESIAN_POINT('',(253.,-116.148001098633,1.50000000000002));
#14132=CARTESIAN_POINT('',(253.,-116.148001098633,1.50000000000002));
#14133=CARTESIAN_POINT('',(253.,-116.148001098633,2.33475463626027E-14));
#14134=CARTESIAN_POINT('Origin',(252.,-116.148001098633,2.33475463626027E-14));
#14135=CARTESIAN_POINT('',(252.,-121.635801100731,1.50000000000002));
#14136=CARTESIAN_POINT('',(252.,-121.148001098633,1.34040875193956));
#14137=CARTESIAN_POINT('',(252.,-123.778571033478,2.20104002952578));
#14138=CARTESIAN_POINT('',(252.,-120.660201096535,1.50000000000002));
#14139=CARTESIAN_POINT('',(252.,-120.660201096535,1.50000000000002));
#14140=CARTESIAN_POINT('',(252.,-126.148001098633,1.50000000000002));
#14141=CARTESIAN_POINT('Origin',(227.498500823975,-121.273001098633,1.50000000000002));
#14142=CARTESIAN_POINT('',(252.,-116.148001098633,1.50000000000002));
#14143=CARTESIAN_POINT('',(252.,-116.148001098633,1.50000000000002));
#14144=CARTESIAN_POINT('',(252.,-126.148001098633,1.50000000000002));
#14145=CARTESIAN_POINT('',(253.,-126.148001098633,1.50000000000002));
#14146=CARTESIAN_POINT('',(252.,-125.010501050949,1.50000000000002));
#14147=CARTESIAN_POINT('',(252.,-125.010501050949,1.50000000000002));
#14148=CARTESIAN_POINT('Origin',(230.,-116.148001098633,2.33475463626027E-14));
#14149=CARTESIAN_POINT('',(230.,-116.148001098633,2.33475463626027E-14));
#14150=CARTESIAN_POINT('',(230.,-126.148001098633,2.33475463626027E-14));
#14151=CARTESIAN_POINT('',(230.,-111.648001098633,2.33475463626027E-14));
#14152=CARTESIAN_POINT('',(230.,-116.148001098633,1.50000000000002));
#14153=CARTESIAN_POINT('',(230.,-116.148001098633,2.33475463626027E-14));
#14154=CARTESIAN_POINT('',(230.,-126.148001098633,1.50000000000002));
#14155=CARTESIAN_POINT('',(230.,-126.148001098633,1.50000000000002));
#14156=CARTESIAN_POINT('',(230.,-126.148001098633,2.33475463626027E-14));
#14157=CARTESIAN_POINT('Origin',(202.,-116.148001098633,2.33475463626027E-14));
#14158=CARTESIAN_POINT('',(202.,-116.148001098633,2.33475463626027E-14));
#14159=CARTESIAN_POINT('',(202.,-126.148001098633,2.33475463626027E-14));
#14160=CARTESIAN_POINT('',(202.,-111.648001098633,2.33475463626027E-14));
#14161=CARTESIAN_POINT('',(202.,-116.148001098633,1.50000000000002));
#14162=CARTESIAN_POINT('',(202.,-116.148001098633,2.33475463626027E-14));
#14163=CARTESIAN_POINT('',(202.,-126.148001098633,1.50000000000002));
#14164=CARTESIAN_POINT('',(202.,-116.148001098633,1.50000000000002));
#14165=CARTESIAN_POINT('',(202.,-126.148001098633,2.33475463626027E-14));
#14166=CARTESIAN_POINT('Origin',(221.,-129.510691070557,13.5));
#14167=CARTESIAN_POINT('',(221.,-116.148001098633,1.50000000000002));
#14168=CARTESIAN_POINT('',(221.,-116.148001098633,1.39886171253774));
#14169=CARTESIAN_POINT('',(221.,-116.148001098633,6.75000000000002));
#14170=CARTESIAN_POINT('',(221.,-115.059060955048,2.16050004959109));
#14171=CARTESIAN_POINT('',(221.,-118.148001098633,2.33475463626027E-14));
#14172=CARTESIAN_POINT('',(221.,-112.785311126709,5.34461021423342));
#14173=CARTESIAN_POINT('',(221.,-112.785311126709,5.34461021423342));
#14174=CARTESIAN_POINT('',(221.,-112.785311126709,13.5));
#14175=CARTESIAN_POINT('',(221.,-112.785311126709,13.5));
#14176=CARTESIAN_POINT('',(221.,-113.548001194,13.5));
#14177=CARTESIAN_POINT('',(221.,-112.785311126709,13.5));
#14178=CARTESIAN_POINT('',(221.,-113.548001194,11.6999998092652));
#14179=CARTESIAN_POINT('',(221.,-113.548001194,11.6999998092652));
#14180=CARTESIAN_POINT('',(221.,-113.580311203003,11.6999998092652));
#14181=CARTESIAN_POINT('',(221.,-113.548001194,11.6999998092652));
#14182=CARTESIAN_POINT('',(221.,-113.576441192627,11.6568899154663));
#14183=CARTESIAN_POINT('',(221.,-113.580311203003,11.6999998092652));
#14184=CARTESIAN_POINT('',(221.,-113.063540840149,10.7434902191162));
#14185=CARTESIAN_POINT('',(221.,-113.576441192627,11.6568899154663));
#14186=CARTESIAN_POINT('',(221.,-113.552931213379,6.89383983612063));
#14187=CARTESIAN_POINT('',(221.,-113.063540840149,10.7434902191162));
#14188=CARTESIAN_POINT('',(221.,-115.227540874481,4.42303991317751));
#14189=CARTESIAN_POINT('',(221.,-113.552931213379,6.89383983612063));
#14190=CARTESIAN_POINT('',(221.,-117.091566577357,2.90000000000002));
#14191=CARTESIAN_POINT('',(221.,-117.201251173019,2.81037998199465));
#14192=CARTESIAN_POINT('',(221.,-118.148001098633,2.90000000000002));
#14193=CARTESIAN_POINT('',(221.,-118.148001098633,2.90000000000002));
#14194=CARTESIAN_POINT('',(221.,-118.148001098633,2.37207172725787));
#14195=CARTESIAN_POINT('',(221.,-118.148001098633,2.33475463626027E-14));
#14196=CARTESIAN_POINT('',(221.,-118.517431163788,2.20104002952578));
#14197=CARTESIAN_POINT('',(221.,-118.517431163788,2.20104002952578));
#14198=CARTESIAN_POINT('',(221.,-120.660201096535,1.50000000000002));
#14199=CARTESIAN_POINT('',(221.,-120.660201096535,1.50000000000002));
#14200=CARTESIAN_POINT('',(221.,-125.391846084595,1.50000000000002));
#14201=CARTESIAN_POINT('Origin',(221.,-129.510691070557,13.5));
#14202=CARTESIAN_POINT('',(221.,-126.148001098633,1.39886171253775));
#14203=CARTESIAN_POINT('',(221.,-126.148001098633,1.50000000000002));
#14204=CARTESIAN_POINT('',(221.,-126.148001098633,6.75000000000002));
#14205=CARTESIAN_POINT('',(221.,-121.635801100731,1.50000000000002));
#14206=CARTESIAN_POINT('',(221.,-125.391846084595,1.50000000000002));
#14207=CARTESIAN_POINT('',(221.,-123.778571033478,2.20104002952578));
#14208=CARTESIAN_POINT('',(221.,-123.778571033478,2.20104002952578));
#14209=CARTESIAN_POINT('',(221.,-124.148001098633,2.37207172725788));
#14210=CARTESIAN_POINT('',(221.,-125.094751024246,2.81037998199465));
#14211=CARTESIAN_POINT('',(221.,-124.148001098633,2.90000000000002));
#14212=CARTESIAN_POINT('',(221.,-124.148001098633,2.33475463626027E-14));
#14213=CARTESIAN_POINT('',(221.,-125.204435619908,2.90000000000002));
#14214=CARTESIAN_POINT('',(221.,-124.148001098633,2.90000000000002));
#14215=CARTESIAN_POINT('',(221.,-127.068461322784,4.42303991317751));
#14216=CARTESIAN_POINT('',(221.,-127.068461322784,4.42303991317751));
#14217=CARTESIAN_POINT('',(221.,-128.743070983887,6.89383983612063));
#14218=CARTESIAN_POINT('',(221.,-128.743070983887,6.89383983612063));
#14219=CARTESIAN_POINT('',(221.,-129.232461357117,10.7434902191162));
#14220=CARTESIAN_POINT('',(221.,-129.232461357117,10.7434902191162));
#14221=CARTESIAN_POINT('',(221.,-128.719561004639,11.6568899154663));
#14222=CARTESIAN_POINT('',(221.,-128.719561004639,11.6568899154663));
#14223=CARTESIAN_POINT('',(221.,-128.715690994263,11.6999998092652));
#14224=CARTESIAN_POINT('',(221.,-128.715690994263,11.6999998092652));
#14225=CARTESIAN_POINT('',(221.,-128.748001003265,11.6999998092652));
#14226=CARTESIAN_POINT('',(221.,-128.748001003265,11.6999998092652));
#14227=CARTESIAN_POINT('',(221.,-128.748001003265,13.5));
#14228=CARTESIAN_POINT('',(221.,-128.748001003265,11.6999998092652));
#14229=CARTESIAN_POINT('',(221.,-129.510691070557,13.5));
#14230=CARTESIAN_POINT('',(221.,-128.748001003265,13.5));
#14231=CARTESIAN_POINT('',(221.,-129.510691070557,5.34461021423342));
#14232=CARTESIAN_POINT('',(221.,-129.510691070557,13.5));
#14233=CARTESIAN_POINT('',(221.,-127.236941242218,2.16050004959109));
#14234=CARTESIAN_POINT('',(221.,-129.510691070557,5.34461021423342));
#14235=CARTESIAN_POINT('',(221.,-124.148001098633,2.33475463626027E-14));
#14236=CARTESIAN_POINT('Origin',(249.,-129.510691070557,13.5));
#14237=CARTESIAN_POINT('',(249.,-123.778571033478,2.20104002952578));
#14238=CARTESIAN_POINT('',(249.,-123.778571033478,2.20104002952578));
#14239=CARTESIAN_POINT('',(249.,-124.148001098633,2.37207172725788));
#14240=CARTESIAN_POINT('',(249.,-125.094751024246,2.81037998199465));
#14241=CARTESIAN_POINT('',(249.,-124.148001098633,2.90000000000002));
#14242=CARTESIAN_POINT('',(249.,-124.148001098633,2.33475463626027E-14));
#14243=CARTESIAN_POINT('',(249.,-125.204435619908,2.90000000000002));
#14244=CARTESIAN_POINT('',(249.,-124.148001098633,2.90000000000002));
#14245=CARTESIAN_POINT('',(249.,-127.068461322784,4.42303991317751));
#14246=CARTESIAN_POINT('',(249.,-127.068461322784,4.42303991317751));
#14247=CARTESIAN_POINT('',(249.,-128.743070983887,6.89383983612063));
#14248=CARTESIAN_POINT('',(249.,-128.743070983887,6.89383983612063));
#14249=CARTESIAN_POINT('',(249.,-129.232461357117,10.7434902191162));
#14250=CARTESIAN_POINT('',(249.,-129.232461357117,10.7434902191162));
#14251=CARTESIAN_POINT('',(249.,-128.719561004639,11.6568899154663));
#14252=CARTESIAN_POINT('',(249.,-128.719561004639,11.6568899154663));
#14253=CARTESIAN_POINT('',(249.,-128.715690994263,11.6999998092652));
#14254=CARTESIAN_POINT('',(249.,-128.715690994263,11.6999998092652));
#14255=CARTESIAN_POINT('',(249.,-128.748001003265,11.6999998092652));
#14256=CARTESIAN_POINT('',(249.,-128.748001003265,11.6999998092652));
#14257=CARTESIAN_POINT('',(249.,-128.748001003265,13.5));
#14258=CARTESIAN_POINT('',(249.,-128.748001003265,11.6999998092652));
#14259=CARTESIAN_POINT('',(249.,-129.510691070557,13.5));
#14260=CARTESIAN_POINT('',(249.,-128.748001003265,13.5));
#14261=CARTESIAN_POINT('',(249.,-129.510691070557,5.34461021423342));
#14262=CARTESIAN_POINT('',(249.,-129.510691070557,13.5));
#14263=CARTESIAN_POINT('',(249.,-127.236941242218,2.16050004959109));
#14264=CARTESIAN_POINT('',(249.,-129.510691070557,5.34461021423342));
#14265=CARTESIAN_POINT('',(249.,-126.148001098633,1.39886171253775));
#14266=CARTESIAN_POINT('',(249.,-124.148001098633,2.33475463626027E-14));
#14267=CARTESIAN_POINT('',(249.,-126.148001098633,6.75000000000002));
#14268=CARTESIAN_POINT('Origin',(249.,-129.510691070557,13.5));
#14269=CARTESIAN_POINT('',(249.,-116.148001098633,1.39886171253774));
#14270=CARTESIAN_POINT('',(249.,-116.148001098633,6.75000000000002));
#14271=CARTESIAN_POINT('',(249.,-115.059060955048,2.16050004959109));
#14272=CARTESIAN_POINT('',(249.,-118.148001098633,2.33475463626027E-14));
#14273=CARTESIAN_POINT('',(249.,-112.785311126709,5.34461021423342));
#14274=CARTESIAN_POINT('',(249.,-112.785311126709,5.34461021423342));
#14275=CARTESIAN_POINT('',(249.,-112.785311126709,13.5));
#14276=CARTESIAN_POINT('',(249.,-112.785311126709,13.5));
#14277=CARTESIAN_POINT('',(249.,-113.548001194,13.5));
#14278=CARTESIAN_POINT('',(249.,-112.785311126709,13.5));
#14279=CARTESIAN_POINT('',(249.,-113.548001194,11.6999998092652));
#14280=CARTESIAN_POINT('',(249.,-113.548001194,11.6999998092652));
#14281=CARTESIAN_POINT('',(249.,-113.580311203003,11.6999998092652));
#14282=CARTESIAN_POINT('',(249.,-113.548001194,11.6999998092652));
#14283=CARTESIAN_POINT('',(249.,-113.576441192627,11.6568899154663));
#14284=CARTESIAN_POINT('',(249.,-113.580311203003,11.6999998092652));
#14285=CARTESIAN_POINT('',(249.,-113.063540840149,10.7434902191162));
#14286=CARTESIAN_POINT('',(249.,-113.576441192627,11.6568899154663));
#14287=CARTESIAN_POINT('',(249.,-113.552931213379,6.89383983612063));
#14288=CARTESIAN_POINT('',(249.,-113.063540840149,10.7434902191162));
#14289=CARTESIAN_POINT('',(249.,-115.227540874481,4.42303991317751));
#14290=CARTESIAN_POINT('',(249.,-113.552931213379,6.89383983612063));
#14291=CARTESIAN_POINT('',(249.,-117.091566577357,2.90000000000002));
#14292=CARTESIAN_POINT('',(249.,-117.201251173019,2.81037998199465));
#14293=CARTESIAN_POINT('',(249.,-118.148001098633,2.90000000000002));
#14294=CARTESIAN_POINT('',(249.,-118.148001098633,2.90000000000002));
#14295=CARTESIAN_POINT('',(249.,-118.148001098633,2.37207172725787));
#14296=CARTESIAN_POINT('',(249.,-118.148001098633,2.33475463626027E-14));
#14297=CARTESIAN_POINT('',(249.,-118.517431163788,2.20104002952578));
#14298=CARTESIAN_POINT('',(249.,-118.517431163788,2.20104002952578));
#14299=CARTESIAN_POINT('',(249.,-120.660201096535,1.50000000000002));
#14300=CARTESIAN_POINT('Origin',(234.,-128.748001003265,11.6999998092652));
#14301=CARTESIAN_POINT('',(234.,-126.148001098633,1.50000000000002));
#14302=CARTESIAN_POINT('',(234.,-126.148001098633,1.39886171253775));
#14303=CARTESIAN_POINT('',(234.,-126.148001098633,5.84999990463259));
#14304=CARTESIAN_POINT('',(234.,-127.236941242218,2.16050004959109));
#14305=CARTESIAN_POINT('',(234.,-124.148001098633,2.33475463626027E-14));
#14306=CARTESIAN_POINT('',(234.,-129.510691070557,5.34461021423342));
#14307=CARTESIAN_POINT('',(234.,-129.510691070557,5.34461021423342));
#14308=CARTESIAN_POINT('',(234.,-129.510691070557,13.5));
#14309=CARTESIAN_POINT('',(234.,-129.510691070557,13.5));
#14310=CARTESIAN_POINT('',(234.,-128.748001003265,13.5));
#14311=CARTESIAN_POINT('',(234.,-129.510691070557,13.5));
#14312=CARTESIAN_POINT('',(234.,-128.748001003265,11.6999998092652));
#14313=CARTESIAN_POINT('',(234.,-128.748001003265,13.5));
#14314=CARTESIAN_POINT('',(234.,-128.715690994263,11.6999998092652));
#14315=CARTESIAN_POINT('',(234.,-128.748001003265,11.6999998092652));
#14316=CARTESIAN_POINT('',(234.,-128.719561004639,11.6568899154663));
#14317=CARTESIAN_POINT('',(234.,-128.715690994263,11.6999998092652));
#14318=CARTESIAN_POINT('',(234.,-129.232461357117,10.7434902191162));
#14319=CARTESIAN_POINT('',(234.,-128.719561004639,11.6568899154663));
#14320=CARTESIAN_POINT('',(234.,-128.743070983887,6.89383983612063));
#14321=CARTESIAN_POINT('',(234.,-129.232461357117,10.7434902191162));
#14322=CARTESIAN_POINT('',(234.,-127.068461322784,4.42303991317751));
#14323=CARTESIAN_POINT('',(234.,-128.743070983887,6.89383983612063));
#14324=CARTESIAN_POINT('',(234.,-125.204435619908,2.90000000000002));
#14325=CARTESIAN_POINT('',(234.,-127.068461322784,4.42303991317751));
#14326=CARTESIAN_POINT('',(234.,-124.148001098633,2.90000000000002));
#14327=CARTESIAN_POINT('',(234.,-126.148001098633,2.90000000000002));
#14328=CARTESIAN_POINT('',(234.,-124.148001098633,2.37207172725788));
#14329=CARTESIAN_POINT('',(234.,-124.148001098633,2.33475463626027E-14));
#14330=CARTESIAN_POINT('',(234.,-123.778571033478,2.20104002952578));
#14331=CARTESIAN_POINT('',(234.,-125.094751024246,2.81037998199465));
#14332=CARTESIAN_POINT('',(234.,-121.635801100731,1.50000000000002));
#14333=CARTESIAN_POINT('',(234.,-123.778571033478,2.20104002952578));
#14334=CARTESIAN_POINT('',(234.,-125.010501050949,1.50000000000002));
#14335=CARTESIAN_POINT('Origin',(234.,-128.748001003265,11.6999998092652));
#14336=CARTESIAN_POINT('',(234.,-116.148001098633,1.39886171253774));
#14337=CARTESIAN_POINT('',(234.,-116.148001098633,1.50000000000002));
#14338=CARTESIAN_POINT('',(234.,-116.148001098633,5.84999990463259));
#14339=CARTESIAN_POINT('',(234.,-120.660201096535,1.50000000000002));
#14340=CARTESIAN_POINT('',(234.,-125.010501050949,1.50000000000002));
#14341=CARTESIAN_POINT('',(234.,-118.517431163788,2.20104002952578));
#14342=CARTESIAN_POINT('',(234.,-120.660201096535,1.50000000000002));
#14343=CARTESIAN_POINT('',(234.,-118.148001098633,2.37207172725787));
#14344=CARTESIAN_POINT('',(234.,-118.517431163788,2.20104002952578));
#14345=CARTESIAN_POINT('',(234.,-118.148001098633,2.90000000000002));
#14346=CARTESIAN_POINT('',(234.,-118.148001098633,2.33475463626027E-14));
#14347=CARTESIAN_POINT('',(234.,-117.091566577357,2.90000000000002));
#14348=CARTESIAN_POINT('',(234.,-116.148001098633,2.90000000000002));
#14349=CARTESIAN_POINT('',(234.,-115.227540874481,4.42303991317751));
#14350=CARTESIAN_POINT('',(234.,-117.201251173019,2.81037998199465));
#14351=CARTESIAN_POINT('',(234.,-113.552931213379,6.89383983612063));
#14352=CARTESIAN_POINT('',(234.,-115.227540874481,4.42303991317751));
#14353=CARTESIAN_POINT('',(234.,-113.063540840149,10.7434902191162));
#14354=CARTESIAN_POINT('',(234.,-113.063540840149,10.7434902191162));
#14355=CARTESIAN_POINT('',(234.,-113.576441192627,11.6568899154663));
#14356=CARTESIAN_POINT('',(234.,-113.576441192627,11.6568899154663));
#14357=CARTESIAN_POINT('',(234.,-113.580311203003,11.6999998092652));
#14358=CARTESIAN_POINT('',(234.,-113.580311203003,11.6999998092652));
#14359=CARTESIAN_POINT('',(234.,-113.548001194,11.6999998092652));
#14360=CARTESIAN_POINT('',(234.,-113.548001194,11.6999998092652));
#14361=CARTESIAN_POINT('',(234.,-113.548001194,13.5));
#14362=CARTESIAN_POINT('',(234.,-113.548001194,11.6999998092652));
#14363=CARTESIAN_POINT('',(234.,-112.785311126709,13.5));
#14364=CARTESIAN_POINT('',(234.,-113.548001194,13.5));
#14365=CARTESIAN_POINT('',(234.,-112.785311126709,5.34461021423342));
#14366=CARTESIAN_POINT('',(234.,-112.785311126709,13.5));
#14367=CARTESIAN_POINT('',(234.,-115.059060955048,2.16050004959109));
#14368=CARTESIAN_POINT('',(234.,-115.059060955048,2.16050004959109));
#14369=CARTESIAN_POINT('',(234.,-118.148001098633,2.33475463626027E-14));
#14370=CARTESIAN_POINT('Origin',(206.,-128.748001003265,11.6999998092652));
#14371=CARTESIAN_POINT('',(206.,-126.148001098633,1.50000000000002));
#14372=CARTESIAN_POINT('',(206.,-126.148001098633,1.39886171253775));
#14373=CARTESIAN_POINT('',(206.,-126.148001098633,5.84999990463259));
#14374=CARTESIAN_POINT('',(206.,-127.236941242218,2.16050004959109));
#14375=CARTESIAN_POINT('',(206.,-124.148001098633,2.33475463626027E-14));
#14376=CARTESIAN_POINT('',(206.,-129.510691070557,5.34461021423342));
#14377=CARTESIAN_POINT('',(206.,-129.510691070557,5.34461021423342));
#14378=CARTESIAN_POINT('',(206.,-129.510691070557,13.5));
#14379=CARTESIAN_POINT('',(206.,-129.510691070557,13.5));
#14380=CARTESIAN_POINT('',(206.,-128.748001003265,13.5));
#14381=CARTESIAN_POINT('',(206.,-129.510691070557,13.5));
#14382=CARTESIAN_POINT('',(206.,-128.748001003265,11.6999998092652));
#14383=CARTESIAN_POINT('',(206.,-128.748001003265,13.5));
#14384=CARTESIAN_POINT('',(206.,-128.715690994263,11.6999998092652));
#14385=CARTESIAN_POINT('',(206.,-128.748001003265,11.6999998092652));
#14386=CARTESIAN_POINT('',(206.,-128.719561004639,11.6568899154663));
#14387=CARTESIAN_POINT('',(206.,-128.715690994263,11.6999998092652));
#14388=CARTESIAN_POINT('',(206.,-129.232461357117,10.7434902191162));
#14389=CARTESIAN_POINT('',(206.,-128.719561004639,11.6568899154663));
#14390=CARTESIAN_POINT('',(206.,-128.743070983887,6.89383983612063));
#14391=CARTESIAN_POINT('',(206.,-129.232461357117,10.7434902191162));
#14392=CARTESIAN_POINT('',(206.,-127.068461322784,4.42303991317751));
#14393=CARTESIAN_POINT('',(206.,-128.743070983887,6.89383983612063));
#14394=CARTESIAN_POINT('',(206.,-125.204435619908,2.90000000000002));
#14395=CARTESIAN_POINT('',(206.,-127.068461322784,4.42303991317751));
#14396=CARTESIAN_POINT('',(206.,-124.148001098633,2.90000000000002));
#14397=CARTESIAN_POINT('',(206.,-126.148001098633,2.90000000000002));
#14398=CARTESIAN_POINT('',(206.,-124.148001098633,2.37207172725788));
#14399=CARTESIAN_POINT('',(206.,-124.148001098633,2.33475463626027E-14));
#14400=CARTESIAN_POINT('',(206.,-123.778571033478,2.20104002952578));
#14401=CARTESIAN_POINT('',(206.,-125.094751024246,2.81037998199465));
#14402=CARTESIAN_POINT('',(206.,-121.635801100731,1.50000000000002));
#14403=CARTESIAN_POINT('',(206.,-123.778571033478,2.20104002952578));
#14404=CARTESIAN_POINT('',(206.,-125.010501050949,1.50000000000002));
#14405=CARTESIAN_POINT('Origin',(206.,-128.748001003265,11.6999998092652));
#14406=CARTESIAN_POINT('',(206.,-116.148001098633,1.39886171253774));
#14407=CARTESIAN_POINT('',(206.,-116.148001098633,1.50000000000002));
#14408=CARTESIAN_POINT('',(206.,-116.148001098633,5.84999990463259));
#14409=CARTESIAN_POINT('',(206.,-120.660201096535,1.50000000000002));
#14410=CARTESIAN_POINT('',(206.,-125.010501050949,1.50000000000002));
#14411=CARTESIAN_POINT('',(206.,-118.517431163788,2.20104002952578));
#14412=CARTESIAN_POINT('',(206.,-120.660201096535,1.50000000000002));
#14413=CARTESIAN_POINT('',(206.,-118.148001098633,2.37207172725787));
#14414=CARTESIAN_POINT('',(206.,-118.517431163788,2.20104002952578));
#14415=CARTESIAN_POINT('',(206.,-118.148001098633,2.90000000000002));
#14416=CARTESIAN_POINT('',(206.,-118.148001098633,2.33475463626027E-14));
#14417=CARTESIAN_POINT('',(206.,-117.091566577357,2.90000000000002));
#14418=CARTESIAN_POINT('',(206.,-116.148001098633,2.90000000000002));
#14419=CARTESIAN_POINT('',(206.,-115.227540874481,4.42303991317751));
#14420=CARTESIAN_POINT('',(206.,-117.201251173019,2.81037998199465));
#14421=CARTESIAN_POINT('',(206.,-113.552931213379,6.89383983612063));
#14422=CARTESIAN_POINT('',(206.,-115.227540874481,4.42303991317751));
#14423=CARTESIAN_POINT('',(206.,-113.063540840149,10.7434902191162));
#14424=CARTESIAN_POINT('',(206.,-113.063540840149,10.7434902191162));
#14425=CARTESIAN_POINT('',(206.,-113.576441192627,11.6568899154663));
#14426=CARTESIAN_POINT('',(206.,-113.576441192627,11.6568899154663));
#14427=CARTESIAN_POINT('',(206.,-113.580311203003,11.6999998092652));
#14428=CARTESIAN_POINT('',(206.,-113.580311203003,11.6999998092652));
#14429=CARTESIAN_POINT('',(206.,-113.548001194,11.6999998092652));
#14430=CARTESIAN_POINT('',(206.,-113.548001194,11.6999998092652));
#14431=CARTESIAN_POINT('',(206.,-113.548001194,13.5));
#14432=CARTESIAN_POINT('',(206.,-113.548001194,11.6999998092652));
#14433=CARTESIAN_POINT('',(206.,-112.785311126709,13.5));
#14434=CARTESIAN_POINT('',(206.,-113.548001194,13.5));
#14435=CARTESIAN_POINT('',(206.,-112.785311126709,5.34461021423342));
#14436=CARTESIAN_POINT('',(206.,-112.785311126709,13.5));
#14437=CARTESIAN_POINT('',(206.,-115.059060955048,2.16050004959109));
#14438=CARTESIAN_POINT('',(206.,-115.059060955048,2.16050004959109));
#14439=CARTESIAN_POINT('',(206.,-118.148001098633,2.33475463626027E-14));
#14440=CARTESIAN_POINT('Origin',(224.,-128.748001003265,11.6999998092652));
#14441=CARTESIAN_POINT('',(224.,-126.148001098633,1.50000000000002));
#14442=CARTESIAN_POINT('',(224.,-126.148001098633,1.39886171253775));
#14443=CARTESIAN_POINT('',(224.,-126.148001098633,5.84999990463259));
#14444=CARTESIAN_POINT('',(224.,-127.236941242218,2.16050004959109));
#14445=CARTESIAN_POINT('',(224.,-124.148001098633,2.33475463626027E-14));
#14446=CARTESIAN_POINT('',(224.,-129.510691070557,5.34461021423342));
#14447=CARTESIAN_POINT('',(224.,-129.510691070557,5.34461021423342));
#14448=CARTESIAN_POINT('',(224.,-129.510691070557,13.5));
#14449=CARTESIAN_POINT('',(224.,-129.510691070557,13.5));
#14450=CARTESIAN_POINT('',(224.,-128.748001003265,13.5));
#14451=CARTESIAN_POINT('',(224.,-129.510691070557,13.5));
#14452=CARTESIAN_POINT('',(224.,-128.748001003265,11.6999998092652));
#14453=CARTESIAN_POINT('',(224.,-128.748001003265,13.5));
#14454=CARTESIAN_POINT('',(224.,-128.715690994263,11.6999998092652));
#14455=CARTESIAN_POINT('',(224.,-128.748001003265,11.6999998092652));
#14456=CARTESIAN_POINT('',(224.,-128.719561004639,11.6568899154663));
#14457=CARTESIAN_POINT('',(224.,-128.715690994263,11.6999998092652));
#14458=CARTESIAN_POINT('',(224.,-129.232461357117,10.7434902191162));
#14459=CARTESIAN_POINT('',(224.,-128.719561004639,11.6568899154663));
#14460=CARTESIAN_POINT('',(224.,-128.743070983887,6.89383983612063));
#14461=CARTESIAN_POINT('',(224.,-129.232461357117,10.7434902191162));
#14462=CARTESIAN_POINT('',(224.,-127.068461322784,4.42303991317751));
#14463=CARTESIAN_POINT('',(224.,-128.743070983887,6.89383983612063));
#14464=CARTESIAN_POINT('',(224.,-125.204435619908,2.90000000000002));
#14465=CARTESIAN_POINT('',(224.,-127.068461322784,4.42303991317751));
#14466=CARTESIAN_POINT('',(224.,-124.148001098633,2.90000000000002));
#14467=CARTESIAN_POINT('',(224.,-126.148001098633,2.90000000000002));
#14468=CARTESIAN_POINT('',(224.,-124.148001098633,2.37207172725788));
#14469=CARTESIAN_POINT('',(224.,-124.148001098633,2.33475463626027E-14));
#14470=CARTESIAN_POINT('',(224.,-123.778571033478,2.20104002952578));
#14471=CARTESIAN_POINT('',(224.,-125.094751024246,2.81037998199465));
#14472=CARTESIAN_POINT('',(224.,-121.635801100731,1.50000000000002));
#14473=CARTESIAN_POINT('',(224.,-123.778571033478,2.20104002952578));
#14474=CARTESIAN_POINT('',(224.,-125.010501050949,1.50000000000002));
#14475=CARTESIAN_POINT('Origin',(224.,-128.748001003265,11.6999998092652));
#14476=CARTESIAN_POINT('',(224.,-116.148001098633,1.39886171253774));
#14477=CARTESIAN_POINT('',(224.,-116.148001098633,1.50000000000002));
#14478=CARTESIAN_POINT('',(224.,-116.148001098633,5.84999990463259));
#14479=CARTESIAN_POINT('',(224.,-120.660201096535,1.50000000000002));
#14480=CARTESIAN_POINT('',(224.,-125.010501050949,1.50000000000002));
#14481=CARTESIAN_POINT('',(224.,-118.517431163788,2.20104002952578));
#14482=CARTESIAN_POINT('',(224.,-120.660201096535,1.50000000000002));
#14483=CARTESIAN_POINT('',(224.,-118.148001098633,2.37207172725787));
#14484=CARTESIAN_POINT('',(224.,-118.517431163788,2.20104002952578));
#14485=CARTESIAN_POINT('',(224.,-118.148001098633,2.90000000000002));
#14486=CARTESIAN_POINT('',(224.,-118.148001098633,2.33475463626027E-14));
#14487=CARTESIAN_POINT('',(224.,-117.091566577357,2.90000000000002));
#14488=CARTESIAN_POINT('',(224.,-116.148001098633,2.90000000000002));
#14489=CARTESIAN_POINT('',(224.,-115.227540874481,4.42303991317751));
#14490=CARTESIAN_POINT('',(224.,-117.201251173019,2.81037998199465));
#14491=CARTESIAN_POINT('',(224.,-113.552931213379,6.89383983612063));
#14492=CARTESIAN_POINT('',(224.,-115.227540874481,4.42303991317751));
#14493=CARTESIAN_POINT('',(224.,-113.063540840149,10.7434902191162));
#14494=CARTESIAN_POINT('',(224.,-113.063540840149,10.7434902191162));
#14495=CARTESIAN_POINT('',(224.,-113.576441192627,11.6568899154663));
#14496=CARTESIAN_POINT('',(224.,-113.576441192627,11.6568899154663));
#14497=CARTESIAN_POINT('',(224.,-113.580311203003,11.6999998092652));
#14498=CARTESIAN_POINT('',(224.,-113.580311203003,11.6999998092652));
#14499=CARTESIAN_POINT('',(224.,-113.548001194,11.6999998092652));
#14500=CARTESIAN_POINT('',(224.,-113.548001194,11.6999998092652));
#14501=CARTESIAN_POINT('',(224.,-113.548001194,13.5));
#14502=CARTESIAN_POINT('',(224.,-113.548001194,11.6999998092652));
#14503=CARTESIAN_POINT('',(224.,-112.785311126709,13.5));
#14504=CARTESIAN_POINT('',(224.,-113.548001194,13.5));
#14505=CARTESIAN_POINT('',(224.,-112.785311126709,5.34461021423342));
#14506=CARTESIAN_POINT('',(224.,-112.785311126709,13.5));
#14507=CARTESIAN_POINT('',(224.,-115.059060955048,2.16050004959109));
#14508=CARTESIAN_POINT('',(224.,-115.059060955048,2.16050004959109));
#14509=CARTESIAN_POINT('',(224.,-118.148001098633,2.33475463626027E-14));
#14510=CARTESIAN_POINT('Origin',(252.,-128.748001003265,11.6999998092652));
#14511=CARTESIAN_POINT('',(252.,-118.517431163788,2.20104002952578));
#14512=CARTESIAN_POINT('',(252.,-120.660201096535,1.50000000000002));
#14513=CARTESIAN_POINT('',(252.,-118.148001098633,2.37207172725787));
#14514=CARTESIAN_POINT('',(252.,-118.517431163788,2.20104002952578));
#14515=CARTESIAN_POINT('',(252.,-118.148001098633,2.90000000000002));
#14516=CARTESIAN_POINT('',(252.,-118.148001098633,2.33475463626027E-14));
#14517=CARTESIAN_POINT('',(252.,-117.091566577357,2.90000000000002));
#14518=CARTESIAN_POINT('',(252.,-116.148001098633,2.90000000000002));
#14519=CARTESIAN_POINT('',(252.,-115.227540874481,4.42303991317751));
#14520=CARTESIAN_POINT('',(252.,-117.201251173019,2.81037998199465));
#14521=CARTESIAN_POINT('',(252.,-113.552931213379,6.89383983612063));
#14522=CARTESIAN_POINT('',(252.,-115.227540874481,4.42303991317751));
#14523=CARTESIAN_POINT('',(252.,-113.063540840149,10.7434902191162));
#14524=CARTESIAN_POINT('',(252.,-113.063540840149,10.7434902191162));
#14525=CARTESIAN_POINT('',(252.,-113.576441192627,11.6568899154663));
#14526=CARTESIAN_POINT('',(252.,-113.576441192627,11.6568899154663));
#14527=CARTESIAN_POINT('',(252.,-113.580311203003,11.6999998092652));
#14528=CARTESIAN_POINT('',(252.,-113.580311203003,11.6999998092652));
#14529=CARTESIAN_POINT('',(252.,-113.548001194,11.6999998092652));
#14530=CARTESIAN_POINT('',(252.,-113.548001194,11.6999998092652));
#14531=CARTESIAN_POINT('',(252.,-113.548001194,13.5));
#14532=CARTESIAN_POINT('',(252.,-113.548001194,11.6999998092652));
#14533=CARTESIAN_POINT('',(252.,-112.785311126709,13.5));
#14534=CARTESIAN_POINT('',(252.,-113.548001194,13.5));
#14535=CARTESIAN_POINT('',(252.,-112.785311126709,5.34461021423342));
#14536=CARTESIAN_POINT('',(252.,-112.785311126709,13.5));
#14537=CARTESIAN_POINT('',(252.,-115.059060955048,2.16050004959109));
#14538=CARTESIAN_POINT('',(252.,-115.059060955048,2.16050004959109));
#14539=CARTESIAN_POINT('',(252.,-116.148001098633,1.39886171253774));
#14540=CARTESIAN_POINT('',(252.,-118.148001098633,2.33475463626027E-14));
#14541=CARTESIAN_POINT('',(252.,-116.148001098633,5.84999990463259));
#14542=CARTESIAN_POINT('Origin',(252.,-128.748001003265,11.6999998092652));
#14543=CARTESIAN_POINT('',(252.,-126.148001098633,1.39886171253775));
#14544=CARTESIAN_POINT('',(252.,-126.148001098633,5.84999990463259));
#14545=CARTESIAN_POINT('',(252.,-127.236941242218,2.16050004959109));
#14546=CARTESIAN_POINT('',(252.,-124.148001098633,2.33475463626027E-14));
#14547=CARTESIAN_POINT('',(252.,-129.510691070557,5.34461021423342));
#14548=CARTESIAN_POINT('',(252.,-129.510691070557,5.34461021423342));
#14549=CARTESIAN_POINT('',(252.,-129.510691070557,13.5));
#14550=CARTESIAN_POINT('',(252.,-129.510691070557,13.5));
#14551=CARTESIAN_POINT('',(252.,-128.748001003265,13.5));
#14552=CARTESIAN_POINT('',(252.,-129.510691070557,13.5));
#14553=CARTESIAN_POINT('',(252.,-128.748001003265,11.6999998092652));
#14554=CARTESIAN_POINT('',(252.,-128.748001003265,13.5));
#14555=CARTESIAN_POINT('',(252.,-128.715690994263,11.6999998092652));
#14556=CARTESIAN_POINT('',(252.,-128.748001003265,11.6999998092652));
#14557=CARTESIAN_POINT('',(252.,-128.719561004639,11.6568899154663));
#14558=CARTESIAN_POINT('',(252.,-128.715690994263,11.6999998092652));
#14559=CARTESIAN_POINT('',(252.,-129.232461357117,10.7434902191162));
#14560=CARTESIAN_POINT('',(252.,-128.719561004639,11.6568899154663));
#14561=CARTESIAN_POINT('',(252.,-128.743070983887,6.89383983612063));
#14562=CARTESIAN_POINT('',(252.,-129.232461357117,10.7434902191162));
#14563=CARTESIAN_POINT('',(252.,-127.068461322784,4.42303991317751));
#14564=CARTESIAN_POINT('',(252.,-128.743070983887,6.89383983612063));
#14565=CARTESIAN_POINT('',(252.,-125.204435619908,2.90000000000002));
#14566=CARTESIAN_POINT('',(252.,-127.068461322784,4.42303991317751));
#14567=CARTESIAN_POINT('',(252.,-124.148001098633,2.90000000000002));
#14568=CARTESIAN_POINT('',(252.,-126.148001098633,2.90000000000002));
#14569=CARTESIAN_POINT('',(252.,-124.148001098633,2.37207172725788));
#14570=CARTESIAN_POINT('',(252.,-124.148001098633,2.33475463626027E-14));
#14571=CARTESIAN_POINT('',(252.,-123.778571033478,2.20104002952578));
#14572=CARTESIAN_POINT('',(252.,-125.094751024246,2.81037998199465));
#14573=CARTESIAN_POINT('',(252.,-123.778571033478,2.20104002952578));
#14574=CARTESIAN_POINT('Origin',(231.,-129.510691070557,13.5));
#14575=CARTESIAN_POINT('',(231.,-116.148001098633,1.50000000000002));
#14576=CARTESIAN_POINT('',(231.,-116.148001098633,1.39886171253774));
#14577=CARTESIAN_POINT('',(231.,-116.148001098633,6.75000000000002));
#14578=CARTESIAN_POINT('',(231.,-115.059060955048,2.16050004959109));
#14579=CARTESIAN_POINT('',(231.,-118.148001098633,2.33475463626027E-14));
#14580=CARTESIAN_POINT('',(231.,-112.785311126709,5.34461021423342));
#14581=CARTESIAN_POINT('',(231.,-112.785311126709,5.34461021423342));
#14582=CARTESIAN_POINT('',(231.,-112.785311126709,13.5));
#14583=CARTESIAN_POINT('',(231.,-112.785311126709,13.5));
#14584=CARTESIAN_POINT('',(231.,-113.548001194,13.5));
#14585=CARTESIAN_POINT('',(231.,-112.785311126709,13.5));
#14586=CARTESIAN_POINT('',(231.,-113.548001194,11.6999998092652));
#14587=CARTESIAN_POINT('',(231.,-113.548001194,11.6999998092652));
#14588=CARTESIAN_POINT('',(231.,-113.580311203003,11.6999998092652));
#14589=CARTESIAN_POINT('',(231.,-113.548001194,11.6999998092652));
#14590=CARTESIAN_POINT('',(231.,-113.576441192627,11.6568899154663));
#14591=CARTESIAN_POINT('',(231.,-113.580311203003,11.6999998092652));
#14592=CARTESIAN_POINT('',(231.,-113.063540840149,10.7434902191162));
#14593=CARTESIAN_POINT('',(231.,-113.576441192627,11.6568899154663));
#14594=CARTESIAN_POINT('',(231.,-113.552931213379,6.89383983612063));
#14595=CARTESIAN_POINT('',(231.,-113.063540840149,10.7434902191162));
#14596=CARTESIAN_POINT('',(231.,-115.227540874481,4.42303991317751));
#14597=CARTESIAN_POINT('',(231.,-113.552931213379,6.89383983612063));
#14598=CARTESIAN_POINT('',(231.,-117.091566577357,2.90000000000002));
#14599=CARTESIAN_POINT('',(231.,-117.201251173019,2.81037998199465));
#14600=CARTESIAN_POINT('',(231.,-118.148001098633,2.90000000000002));
#14601=CARTESIAN_POINT('',(231.,-118.148001098633,2.90000000000002));
#14602=CARTESIAN_POINT('',(231.,-118.148001098633,2.37207172725787));
#14603=CARTESIAN_POINT('',(231.,-118.148001098633,2.33475463626027E-14));
#14604=CARTESIAN_POINT('',(231.,-118.517431163788,2.20104002952578));
#14605=CARTESIAN_POINT('',(231.,-118.517431163788,2.20104002952578));
#14606=CARTESIAN_POINT('',(231.,-120.660201096535,1.50000000000002));
#14607=CARTESIAN_POINT('',(231.,-120.660201096535,1.50000000000002));
#14608=CARTESIAN_POINT('',(231.,-125.391846084595,1.50000000000002));
#14609=CARTESIAN_POINT('Origin',(231.,-129.510691070557,13.5));
#14610=CARTESIAN_POINT('',(231.,-126.148001098633,1.39886171253775));
#14611=CARTESIAN_POINT('',(231.,-126.148001098633,1.50000000000002));
#14612=CARTESIAN_POINT('',(231.,-126.148001098633,6.75000000000002));
#14613=CARTESIAN_POINT('',(231.,-121.635801100731,1.50000000000002));
#14614=CARTESIAN_POINT('',(231.,-125.391846084595,1.50000000000002));
#14615=CARTESIAN_POINT('',(231.,-123.778571033478,2.20104002952578));
#14616=CARTESIAN_POINT('',(231.,-123.778571033478,2.20104002952578));
#14617=CARTESIAN_POINT('',(231.,-124.148001098633,2.37207172725788));
#14618=CARTESIAN_POINT('',(231.,-125.094751024246,2.81037998199465));
#14619=CARTESIAN_POINT('',(231.,-124.148001098633,2.90000000000002));
#14620=CARTESIAN_POINT('',(231.,-124.148001098633,2.33475463626027E-14));
#14621=CARTESIAN_POINT('',(231.,-125.204435619908,2.90000000000002));
#14622=CARTESIAN_POINT('',(231.,-124.148001098633,2.90000000000002));
#14623=CARTESIAN_POINT('',(231.,-127.068461322784,4.42303991317751));
#14624=CARTESIAN_POINT('',(231.,-127.068461322784,4.42303991317751));
#14625=CARTESIAN_POINT('',(231.,-128.743070983887,6.89383983612063));
#14626=CARTESIAN_POINT('',(231.,-128.743070983887,6.89383983612063));
#14627=CARTESIAN_POINT('',(231.,-129.232461357117,10.7434902191162));
#14628=CARTESIAN_POINT('',(231.,-129.232461357117,10.7434902191162));
#14629=CARTESIAN_POINT('',(231.,-128.719561004639,11.6568899154663));
#14630=CARTESIAN_POINT('',(231.,-128.719561004639,11.6568899154663));
#14631=CARTESIAN_POINT('',(231.,-128.715690994263,11.6999998092652));
#14632=CARTESIAN_POINT('',(231.,-128.715690994263,11.6999998092652));
#14633=CARTESIAN_POINT('',(231.,-128.748001003265,11.6999998092652));
#14634=CARTESIAN_POINT('',(231.,-128.748001003265,11.6999998092652));
#14635=CARTESIAN_POINT('',(231.,-128.748001003265,13.5));
#14636=CARTESIAN_POINT('',(231.,-128.748001003265,11.6999998092652));
#14637=CARTESIAN_POINT('',(231.,-129.510691070557,13.5));
#14638=CARTESIAN_POINT('',(231.,-128.748001003265,13.5));
#14639=CARTESIAN_POINT('',(231.,-129.510691070557,5.34461021423342));
#14640=CARTESIAN_POINT('',(231.,-129.510691070557,13.5));
#14641=CARTESIAN_POINT('',(231.,-127.236941242218,2.16050004959109));
#14642=CARTESIAN_POINT('',(231.,-129.510691070557,5.34461021423342));
#14643=CARTESIAN_POINT('',(231.,-124.148001098633,2.33475463626027E-14));
#14644=CARTESIAN_POINT('Origin',(198.5,-107.148001098633,2.33475463626027E-14));
#14645=CARTESIAN_POINT('',(198.5,-115.398500823975,1.47989400343051E-14));
#14646=CARTESIAN_POINT('',(198.5,-111.406501098633,2.33475463626027E-14));
#14647=CARTESIAN_POINT('',(198.5,-135.148001098633,2.33475463626027E-14));
#14648=CARTESIAN_POINT('',(256.5,-111.406501098633,2.33475463626027E-14));
#14649=CARTESIAN_POINT('',(211.4375,-111.406501098633,2.30926389122033E-14));
#14650=CARTESIAN_POINT('',(256.5,-115.405001922607,1.4100498180636E-14));
#14651=CARTESIAN_POINT('',(256.5,-107.148001098633,2.33475463626027E-14));
#14652=CARTESIAN_POINT('',(262.320594776756,-115.405001922607,1.53929298482696E-14));
#14653=CARTESIAN_POINT('',(260.997001647949,-115.405001922607,1.50990331349021E-14));
#14654=CARTESIAN_POINT('',(265.497001647949,-118.5814087938,1.73935105641049E-14));
#14655=CARTESIAN_POINT('',(258.029548212353,-111.113955358204,1.33226762955019E-14));
#14656=CARTESIAN_POINT('',(265.497001647949,-124.146501922607,1.86292094692619E-14));
#14657=CARTESIAN_POINT('',(265.497001647949,-100.146501922607,1.33001389510611E-14));
#14658=CARTESIAN_POINT('',(262.497001647949,-127.146501922607,1.86292094692619E-14));
#14659=CARTESIAN_POINT('',(265.497001647949,-124.146501922607,1.86292094692619E-14));
#14660=CARTESIAN_POINT('',(256.5,-127.146501922607,1.72976076076082E-14));
#14661=CARTESIAN_POINT('',(262.497001647949,-127.146501922607,1.86292094692619E-14));
#14662=CARTESIAN_POINT('',(256.5,-131.139501098633,2.33475463626027E-14));
#14663=CARTESIAN_POINT('',(256.5,-107.148001098633,2.33475463626027E-14));
#14664=CARTESIAN_POINT('',(251.350754941479,-131.139501098633,2.33475463626027E-14));
#14665=CARTESIAN_POINT('',(211.3125,-131.139501098633,2.30926389122033E-14));
#14666=CARTESIAN_POINT('',(251.069399833679,-131.022961044312,2.33475463626027E-14));
#14667=CARTESIAN_POINT('',(251.069399833679,-131.022961044312,2.33475463626027E-14));
#14668=CARTESIAN_POINT('',(250.5,-130.948001289368,2.33475463626027E-14));
#14669=CARTESIAN_POINT('',(250.5,-130.948001289368,2.33475463626027E-14));
#14670=CARTESIAN_POINT('',(249.930600166321,-131.022961044312,2.33475463626027E-14));
#14671=CARTESIAN_POINT('',(249.930600166321,-131.022961044312,2.33475463626027E-14));
#14672=CARTESIAN_POINT('',(249.649245311368,-131.139501098633,2.33475463626027E-14));
#14673=CARTESIAN_POINT('',(249.400000095367,-131.242741012573,2.33475463626027E-14));
#14674=CARTESIAN_POINT('',(233.350754688632,-131.139501098633,2.33475463626027E-14));
#14675=CARTESIAN_POINT('',(211.3125,-131.139501098633,2.30926389122033E-14));
#14676=CARTESIAN_POINT('',(233.069399833679,-131.022961044312,2.33475463626027E-14));
#14677=CARTESIAN_POINT('',(233.069399833679,-131.022961044312,2.33475463626027E-14));
#14678=CARTESIAN_POINT('',(232.5,-130.948001289368,2.33475463626027E-14));
#14679=CARTESIAN_POINT('',(232.5,-130.948001289368,2.33475463626027E-14));
#14680=CARTESIAN_POINT('',(231.930600166321,-131.022961044312,2.33475463626027E-14));
#14681=CARTESIAN_POINT('',(231.930600166321,-131.022961044312,2.33475463626027E-14));
#14682=CARTESIAN_POINT('',(231.649245058521,-131.139501098633,2.33475463626027E-14));
#14683=CARTESIAN_POINT('',(231.39999961853,-131.242741012573,2.33475463626027E-14));
#14684=CARTESIAN_POINT('',(223.350754941479,-131.139501098633,2.33475463626027E-14));
#14685=CARTESIAN_POINT('',(211.3125,-131.139501098633,2.30926389122033E-14));
#14686=CARTESIAN_POINT('',(223.069399833679,-131.022961044312,2.33475463626027E-14));
#14687=CARTESIAN_POINT('',(223.069399833679,-131.022961044312,2.33475463626027E-14));
#14688=CARTESIAN_POINT('',(222.5,-130.948001289368,2.33475463626027E-14));
#14689=CARTESIAN_POINT('',(222.5,-130.948001289368,2.33475463626027E-14));
#14690=CARTESIAN_POINT('',(221.930600166321,-131.022961044312,2.33475463626027E-14));
#14691=CARTESIAN_POINT('',(221.930600166321,-131.022961044312,2.33475463626027E-14));
#14692=CARTESIAN_POINT('',(221.649245311368,-131.139501098633,2.33475463626027E-14));
#14693=CARTESIAN_POINT('',(221.400000095367,-131.242741012573,2.33475463626027E-14));
#14694=CARTESIAN_POINT('',(205.350754688632,-131.139501098633,2.33475463626027E-14));
#14695=CARTESIAN_POINT('',(211.3125,-131.139501098633,2.30926389122033E-14));
#14696=CARTESIAN_POINT('',(205.069399833679,-131.022961044312,2.33475463626027E-14));
#14697=CARTESIAN_POINT('',(205.069399833679,-131.022961044312,2.33475463626027E-14));
#14698=CARTESIAN_POINT('',(204.5,-130.948001289368,2.33475463626027E-14));
#14699=CARTESIAN_POINT('',(204.5,-130.948001289368,2.33475463626027E-14));
#14700=CARTESIAN_POINT('',(203.930600166321,-131.022961044312,2.33475463626027E-14));
#14701=CARTESIAN_POINT('',(203.930600166321,-131.022961044312,2.33475463626027E-14));
#14702=CARTESIAN_POINT('',(203.649245058521,-131.139501098633,2.33475463626027E-14));
#14703=CARTESIAN_POINT('',(203.39999961853,-131.242741012573,2.33475463626027E-14));
#14704=CARTESIAN_POINT('',(198.5,-131.139501098633,2.33475463626027E-14));
#14705=CARTESIAN_POINT('',(211.3125,-131.139501098633,2.30926389122033E-14));
#14706=CARTESIAN_POINT('',(198.5,-127.140000823975,1.765254609154E-14));
#14707=CARTESIAN_POINT('',(198.5,-135.148001098633,2.33475463626027E-14));
#14708=CARTESIAN_POINT('',(192.676406871193,-127.140000823975,1.89456435270701E-14));
#14709=CARTESIAN_POINT('',(194.,-127.140000823975,1.86517468137026E-14));
#14710=CARTESIAN_POINT('',(189.5,-123.963593952782,1.86991741985624E-14));
#14711=CARTESIAN_POINT('',(196.967453435596,-131.431047388378,1.86517468137026E-14));
#14712=CARTESIAN_POINT('',(189.5,-118.398500823975,1.74634752934054E-14));
#14713=CARTESIAN_POINT('',(189.5,-142.398500823975,2.27925458116062E-14));
#14714=CARTESIAN_POINT('',(192.5,-115.398500823975,1.61312076638553E-14));
#14715=CARTESIAN_POINT('',(189.5,-118.398500823975,1.74634752934054E-14));
#14716=CARTESIAN_POINT('',(192.5,-115.398500823975,1.61312076638553E-14));
#14717=CARTESIAN_POINT('',(192.944370269775,-122.954131031036,1.77102245671492E-14));
#14718=CARTESIAN_POINT('',(193.39999961853,-123.303760910034,1.76866879567647E-14));
#14719=CARTESIAN_POINT('',(192.944370269775,-122.954131031036,1.77102245671492E-14));
#14720=CARTESIAN_POINT('',(193.930600166321,-123.523540878296,1.76176719239807E-14));
#14721=CARTESIAN_POINT('',(193.39999961853,-123.303760910034,1.76866879567647E-14));
#14722=CARTESIAN_POINT('',(194.5,-123.59850063324,1.75078841720388E-14));
#14723=CARTESIAN_POINT('',(193.930600166321,-123.523540878296,1.76176719239807E-14));
#14724=CARTESIAN_POINT('',(195.069399833679,-123.523540878296,1.73648076017533E-14));
#14725=CARTESIAN_POINT('',(194.5,-123.59850063324,1.75078841720388E-14));
#14726=CARTESIAN_POINT('',(195.60000038147,-123.303760910034,1.71981896565231E-14));
#14727=CARTESIAN_POINT('',(195.069399833679,-123.523540878296,1.73648076017533E-14));
#14728=CARTESIAN_POINT('',(196.055629730225,-122.954131031036,1.70193861894345E-14));
#14729=CARTESIAN_POINT('',(195.60000038147,-123.303760910034,1.71981896565231E-14));
#14730=CARTESIAN_POINT('',(196.40526008606,-122.498500728607,1.68405824047086E-14));
#14731=CARTESIAN_POINT('',(196.40526008606,-122.498500728607,1.68405824047086E-14));
#14732=CARTESIAN_POINT('',(196.625040054321,-121.967900657654,1.66739645653574E-14));
#14733=CARTESIAN_POINT('',(196.625040054321,-121.967900657654,1.66739645653574E-14));
#14734=CARTESIAN_POINT('',(196.699999809265,-121.398500823975,1.6530887995072E-14));
#14735=CARTESIAN_POINT('',(196.625040054321,-121.967900657654,1.66739645653574E-14));
#14736=CARTESIAN_POINT('',(196.625040054321,-120.829100990295,1.64211002431301E-14));
#14737=CARTESIAN_POINT('',(196.699999809265,-121.398500823975,1.6530887995072E-14));
#14738=CARTESIAN_POINT('',(196.40526008606,-120.298500442505,1.6352084210346E-14));
#14739=CARTESIAN_POINT('',(196.40526008606,-120.298500442505,1.6352084210346E-14));
#14740=CARTESIAN_POINT('',(196.055629730225,-119.84287109375,1.63285477058407E-14));
#14741=CARTESIAN_POINT('',(196.055629730225,-119.84287109375,1.63285477058407E-14));
#14742=CARTESIAN_POINT('',(195.60000038147,-119.493240737915,1.6352084210346E-14));
#14743=CARTESIAN_POINT('',(195.60000038147,-119.493240737915,1.6352084210346E-14));
#14744=CARTESIAN_POINT('',(195.069399833679,-119.273460769653,1.64211002431301E-14));
#14745=CARTESIAN_POINT('',(195.069399833679,-119.273460769653,1.64211002431301E-14));
#14746=CARTESIAN_POINT('',(194.5,-119.198501014709,1.6530887995072E-14));
#14747=CARTESIAN_POINT('',(194.5,-119.198501014709,1.6530887995072E-14));
#14748=CARTESIAN_POINT('',(193.930600166321,-119.273460769653,1.66739645653574E-14));
#14749=CARTESIAN_POINT('',(193.930600166321,-119.273460769653,1.66739645653574E-14));
#14750=CARTESIAN_POINT('',(193.39999961853,-119.493240737915,1.68405825105877E-14));
#14751=CARTESIAN_POINT('',(193.39999961853,-119.493240737915,1.68405825105877E-14));
#14752=CARTESIAN_POINT('',(192.944370269775,-119.84287109375,1.70193860835554E-14));
#14753=CARTESIAN_POINT('',(192.944370269775,-119.84287109375,1.70193860835554E-14));
#14754=CARTESIAN_POINT('',(192.59473991394,-120.298500442505,1.71981896565231E-14));
#14755=CARTESIAN_POINT('',(192.59473991394,-120.298500442505,1.71981896565231E-14));
#14756=CARTESIAN_POINT('',(192.374959945679,-120.829100990295,1.73648076017533E-14));
#14757=CARTESIAN_POINT('',(192.374959945679,-120.829100990295,1.73648076017533E-14));
#14758=CARTESIAN_POINT('',(192.300000190735,-121.398500823975,1.75078841720388E-14));
#14759=CARTESIAN_POINT('',(192.300000190735,-121.398500823975,1.75078841720388E-14));
#14760=CARTESIAN_POINT('',(192.374959945679,-121.967900657654,1.76176719239807E-14));
#14761=CARTESIAN_POINT('',(192.374959945679,-121.967900657654,1.76176719239807E-14));
#14762=CARTESIAN_POINT('',(192.59473991394,-122.498500728607,1.76866878508856E-14));
#14763=CARTESIAN_POINT('',(192.59473991394,-122.498500728607,1.76866878508856E-14));
#14764=CARTESIAN_POINT('',(192.944370269775,-122.954131031036,1.77102245671492E-14));
#14765=CARTESIAN_POINT('',(262.052631378174,-119.590871715546,1.68528525239825E-14));
#14766=CARTESIAN_POINT('',(261.597002029419,-119.241241836548,1.66740490568939E-14));
#14767=CARTESIAN_POINT('',(262.052631378174,-119.590871715546,1.68528525239825E-14));
#14768=CARTESIAN_POINT('',(261.066401481628,-119.021461868286,1.65074311116637E-14));
#14769=CARTESIAN_POINT('',(261.597002029419,-119.241241836548,1.66740490568939E-14));
#14770=CARTESIAN_POINT('',(260.497001647949,-118.946502113342,1.63643545413782E-14));
#14771=CARTESIAN_POINT('',(261.066401481628,-119.021461868286,1.65074311116637E-14));
#14772=CARTESIAN_POINT('',(259.92760181427,-119.021461868286,1.62545667894363E-14));
#14773=CARTESIAN_POINT('',(260.497001647949,-118.946502113342,1.63643545413782E-14));
#14774=CARTESIAN_POINT('',(259.397001266479,-119.241241836548,1.61855507566523E-14));
#14775=CARTESIAN_POINT('',(259.92760181427,-119.021461868286,1.62545667894363E-14));
#14776=CARTESIAN_POINT('',(258.941371917725,-119.590871715546,1.61620141462678E-14));
#14777=CARTESIAN_POINT('',(259.397001266479,-119.241241836548,1.61855507566523E-14));
#14778=CARTESIAN_POINT('',(258.59174156189,-120.046502017975,1.61855508625314E-14));
#14779=CARTESIAN_POINT('',(258.59174156189,-120.046502017975,1.61855508625314E-14));
#14780=CARTESIAN_POINT('',(258.371961593628,-120.577102088928,1.62545667894363E-14));
#14781=CARTESIAN_POINT('',(258.371961593628,-120.577102088928,1.62545667894363E-14));
#14782=CARTESIAN_POINT('',(258.297001838684,-121.146501922607,1.63643545413782E-14));
#14783=CARTESIAN_POINT('',(258.371961593628,-120.577102088928,1.62545667894363E-14));
#14784=CARTESIAN_POINT('',(258.371961593628,-121.715901756287,1.65074311116637E-14));
#14785=CARTESIAN_POINT('',(258.297001838684,-121.146501922607,1.63643545413782E-14));
#14786=CARTESIAN_POINT('',(258.59174156189,-122.246502304077,1.66740490568939E-14));
#14787=CARTESIAN_POINT('',(258.59174156189,-122.246502304077,1.66740490568939E-14));
#14788=CARTESIAN_POINT('',(258.941371917725,-122.702131652832,1.68528526298616E-14));
#14789=CARTESIAN_POINT('',(258.941371917725,-122.702131652832,1.68528526298616E-14));
#14790=CARTESIAN_POINT('',(259.397001266479,-123.051762008667,1.70316562028293E-14));
#14791=CARTESIAN_POINT('',(259.397001266479,-123.051762008667,1.70316562028293E-14));
#14792=CARTESIAN_POINT('',(259.92760181427,-123.271541976929,1.71982741480596E-14));
#14793=CARTESIAN_POINT('',(259.92760181427,-123.271541976929,1.71982741480596E-14));
#14794=CARTESIAN_POINT('',(260.497001647949,-123.346501731873,1.7341350718345E-14));
#14795=CARTESIAN_POINT('',(260.497001647949,-123.346501731873,1.7341350718345E-14));
#14796=CARTESIAN_POINT('',(261.066401481628,-123.271541976929,1.74511384702869E-14));
#14797=CARTESIAN_POINT('',(261.066401481628,-123.271541976929,1.74511384702869E-14));
#14798=CARTESIAN_POINT('',(261.597002029419,-123.051762008667,1.7520154503071E-14));
#14799=CARTESIAN_POINT('',(261.597002029419,-123.051762008667,1.7520154503071E-14));
#14800=CARTESIAN_POINT('',(262.052631378174,-122.702131652832,1.75436910075763E-14));
#14801=CARTESIAN_POINT('',(262.052631378174,-122.702131652832,1.75436910075763E-14));
#14802=CARTESIAN_POINT('',(262.402261734009,-122.246502304077,1.7520154503071E-14));
#14803=CARTESIAN_POINT('',(262.402261734009,-122.246502304077,1.7520154503071E-14));
#14804=CARTESIAN_POINT('',(262.622041702271,-121.715901756287,1.74511384702869E-14));
#14805=CARTESIAN_POINT('',(262.622041702271,-121.715901756287,1.74511384702869E-14));
#14806=CARTESIAN_POINT('',(262.697001457214,-121.146501922607,1.7341350718345E-14));
#14807=CARTESIAN_POINT('',(262.697001457214,-121.146501922607,1.7341350718345E-14));
#14808=CARTESIAN_POINT('',(262.622041702271,-120.577102088928,1.71982741480596E-14));
#14809=CARTESIAN_POINT('',(262.622041702271,-120.577102088928,1.71982741480596E-14));
#14810=CARTESIAN_POINT('',(262.402261734009,-120.046502017975,1.70316563087084E-14));
#14811=CARTESIAN_POINT('',(262.402261734009,-120.046502017975,1.70316563087084E-14));
#14812=CARTESIAN_POINT('',(262.052631378174,-119.590871715546,1.68528525239825E-14));
#14813=CARTESIAN_POINT('',(225.25,-116.148001098633,2.33475463626027E-14));
#14814=CARTESIAN_POINT('',(223.250001847744,-126.148001098633,2.33475463626027E-14));
#14815=CARTESIAN_POINT('',(202.25,-116.148001098633,2.33475463626027E-14));
#14816=CARTESIAN_POINT('',(200.75,-126.148001098633,2.33475463626027E-14));
#14817=CARTESIAN_POINT('',(216.25,-116.148001098633,2.33475463626027E-14));
#14818=CARTESIAN_POINT('',(214.75,-126.148001098633,2.33475463626027E-14));
#14819=CARTESIAN_POINT('',(211.25,-126.148001098633,2.33475463626027E-14));
#14820=CARTESIAN_POINT('',(209.75,-116.148001098633,2.33475463626027E-14));
#14821=CARTESIAN_POINT('Origin',(203.,-129.510691070557,13.5));
#14822=CARTESIAN_POINT('',(203.,-116.148001098633,1.50000000000002));
#14823=CARTESIAN_POINT('',(203.,-116.148001098633,1.39886171253774));
#14824=CARTESIAN_POINT('',(203.,-116.148001098633,6.75000000000002));
#14825=CARTESIAN_POINT('',(203.,-115.059060955048,2.16050004959109));
#14826=CARTESIAN_POINT('',(203.,-118.148001098633,2.33475463626027E-14));
#14827=CARTESIAN_POINT('',(203.,-112.785311126709,5.34461021423342));
#14828=CARTESIAN_POINT('',(203.,-112.785311126709,5.34461021423342));
#14829=CARTESIAN_POINT('',(203.,-112.785311126709,13.5));
#14830=CARTESIAN_POINT('',(203.,-112.785311126709,13.5));
#14831=CARTESIAN_POINT('',(203.,-113.548001194,13.5));
#14832=CARTESIAN_POINT('',(203.,-112.785311126709,13.5));
#14833=CARTESIAN_POINT('',(203.,-113.548001194,11.6999998092652));
#14834=CARTESIAN_POINT('',(203.,-113.548001194,11.6999998092652));
#14835=CARTESIAN_POINT('',(203.,-113.580311203003,11.6999998092652));
#14836=CARTESIAN_POINT('',(203.,-113.548001194,11.6999998092652));
#14837=CARTESIAN_POINT('',(203.,-113.576441192627,11.6568899154663));
#14838=CARTESIAN_POINT('',(203.,-113.580311203003,11.6999998092652));
#14839=CARTESIAN_POINT('',(203.,-113.063540840149,10.7434902191162));
#14840=CARTESIAN_POINT('',(203.,-113.576441192627,11.6568899154663));
#14841=CARTESIAN_POINT('',(203.,-113.552931213379,6.89383983612063));
#14842=CARTESIAN_POINT('',(203.,-113.063540840149,10.7434902191162));
#14843=CARTESIAN_POINT('',(203.,-115.227540874481,4.42303991317751));
#14844=CARTESIAN_POINT('',(203.,-113.552931213379,6.89383983612063));
#14845=CARTESIAN_POINT('',(203.,-117.091566577357,2.90000000000002));
#14846=CARTESIAN_POINT('',(203.,-117.201251173019,2.81037998199465));
#14847=CARTESIAN_POINT('',(203.,-118.148001098633,2.90000000000002));
#14848=CARTESIAN_POINT('',(203.,-118.148001098633,2.90000000000002));
#14849=CARTESIAN_POINT('',(203.,-118.148001098633,2.37207172725787));
#14850=CARTESIAN_POINT('',(203.,-118.148001098633,2.33475463626027E-14));
#14851=CARTESIAN_POINT('',(203.,-118.517431163788,2.20104002952578));
#14852=CARTESIAN_POINT('',(203.,-118.517431163788,2.20104002952578));
#14853=CARTESIAN_POINT('',(203.,-120.660201096535,1.50000000000002));
#14854=CARTESIAN_POINT('',(203.,-120.660201096535,1.50000000000002));
#14855=CARTESIAN_POINT('',(203.,-125.391846084595,1.50000000000002));
#14856=CARTESIAN_POINT('Origin',(203.,-129.510691070557,13.5));
#14857=CARTESIAN_POINT('',(203.,-126.148001098633,1.39886171253775));
#14858=CARTESIAN_POINT('',(203.,-126.148001098633,1.50000000000002));
#14859=CARTESIAN_POINT('',(203.,-126.148001098633,6.75000000000002));
#14860=CARTESIAN_POINT('',(203.,-121.635801100731,1.50000000000002));
#14861=CARTESIAN_POINT('',(203.,-125.391846084595,1.50000000000002));
#14862=CARTESIAN_POINT('',(203.,-123.778571033478,2.20104002952578));
#14863=CARTESIAN_POINT('',(203.,-123.778571033478,2.20104002952578));
#14864=CARTESIAN_POINT('',(203.,-124.148001098633,2.37207172725788));
#14865=CARTESIAN_POINT('',(203.,-125.094751024246,2.81037998199465));
#14866=CARTESIAN_POINT('',(203.,-124.148001098633,2.90000000000002));
#14867=CARTESIAN_POINT('',(203.,-124.148001098633,2.33475463626027E-14));
#14868=CARTESIAN_POINT('',(203.,-125.204435619908,2.90000000000002));
#14869=CARTESIAN_POINT('',(203.,-124.148001098633,2.90000000000002));
#14870=CARTESIAN_POINT('',(203.,-127.068461322784,4.42303991317751));
#14871=CARTESIAN_POINT('',(203.,-127.068461322784,4.42303991317751));
#14872=CARTESIAN_POINT('',(203.,-128.743070983887,6.89383983612063));
#14873=CARTESIAN_POINT('',(203.,-128.743070983887,6.89383983612063));
#14874=CARTESIAN_POINT('',(203.,-129.232461357117,10.7434902191162));
#14875=CARTESIAN_POINT('',(203.,-129.232461357117,10.7434902191162));
#14876=CARTESIAN_POINT('',(203.,-128.719561004639,11.6568899154663));
#14877=CARTESIAN_POINT('',(203.,-128.719561004639,11.6568899154663));
#14878=CARTESIAN_POINT('',(203.,-128.715690994263,11.6999998092652));
#14879=CARTESIAN_POINT('',(203.,-128.715690994263,11.6999998092652));
#14880=CARTESIAN_POINT('',(203.,-128.748001003265,11.6999998092652));
#14881=CARTESIAN_POINT('',(203.,-128.748001003265,11.6999998092652));
#14882=CARTESIAN_POINT('',(203.,-128.748001003265,13.5));
#14883=CARTESIAN_POINT('',(203.,-128.748001003265,11.6999998092652));
#14884=CARTESIAN_POINT('',(203.,-129.510691070557,13.5));
#14885=CARTESIAN_POINT('',(203.,-128.748001003265,13.5));
#14886=CARTESIAN_POINT('',(203.,-129.510691070557,5.34461021423342));
#14887=CARTESIAN_POINT('',(203.,-129.510691070557,13.5));
#14888=CARTESIAN_POINT('',(203.,-127.236941242218,2.16050004959109));
#14889=CARTESIAN_POINT('',(203.,-129.510691070557,5.34461021423342));
#14890=CARTESIAN_POINT('',(203.,-124.148001098633,2.33475463626027E-14));
#14891=CARTESIAN_POINT('Origin',(252.,-123.778571033478,2.20104002952578));
#14892=CARTESIAN_POINT('',(252.,-121.148001098633,1.34040875193956));
#14893=CARTESIAN_POINT('',(249.,-123.778571033478,2.20104002952578));
#14894=CARTESIAN_POINT('Origin',(252.,-120.660201096535,1.50000000000002));
#14895=CARTESIAN_POINT('',(249.,-118.517431163788,2.20104002952578));
#14896=CARTESIAN_POINT('Origin',(252.,-116.148001098633,2.33475463626027E-14));
#14897=CARTESIAN_POINT('',(252.,-116.148001098633,1.39886171253774));
#14898=CARTESIAN_POINT('Origin',(249.,-126.148001098633,2.33475463626027E-14));
#14899=CARTESIAN_POINT('',(250.5,-126.148001098633,1.39886171253775));
#14900=CARTESIAN_POINT('Origin',(231.,-126.148001098633,2.33475463626027E-14));
#14901=CARTESIAN_POINT('',(232.5,-126.148001098633,1.39886171253775));
#14902=CARTESIAN_POINT('',(235.,-126.148001098633,1.50000000000002));
#14903=CARTESIAN_POINT('',(231.,-126.148001098633,1.50000000000002));
#14904=CARTESIAN_POINT('Origin',(234.,-124.148001098633,2.33475463626027E-14));
#14905=CARTESIAN_POINT('',(234.,-124.148001098633,2.37207172725788));
#14906=CARTESIAN_POINT('',(231.,-124.148001098633,2.90000000000002));
#14907=CARTESIAN_POINT('Origin',(227.498500823975,-121.273001098633,2.90000000000002));
#14908=CARTESIAN_POINT('',(230.749250411987,-125.204435619908,2.90000000000002));
#14909=CARTESIAN_POINT('Origin',(224.,-124.148001098633,2.33475463626027E-14));
#14910=CARTESIAN_POINT('',(224.,-124.148001098633,2.37207172725788));
#14911=CARTESIAN_POINT('',(221.,-124.148001098633,2.90000000000002));
#14912=CARTESIAN_POINT('Origin',(221.,-126.148001098633,2.33475463626027E-14));
#14913=CARTESIAN_POINT('',(222.5,-126.148001098633,1.39886171253775));
#14914=CARTESIAN_POINT('',(225.,-126.148001098633,1.50000000000002));
#14915=CARTESIAN_POINT('',(220.000003278255,-126.148001098633,1.50000000000002));
#14916=CARTESIAN_POINT('Origin',(227.498500823975,-121.273001098633,2.90000000000002));
#14917=CARTESIAN_POINT('',(225.749250411987,-125.204435619908,2.90000000000002));
#14918=CARTESIAN_POINT('Origin',(252.,-124.148001098633,2.33475463626027E-14));
#14919=CARTESIAN_POINT('',(252.,-124.148001098633,2.37207172725788));
#14920=CARTESIAN_POINT('',(249.,-124.148001098633,2.90000000000002));
#14921=CARTESIAN_POINT('Origin',(227.498500823975,-121.273001098633,2.90000000000002));
#14922=CARTESIAN_POINT('',(239.749250411987,-125.204435619908,2.90000000000002));
#14923=CARTESIAN_POINT('Origin',(227.498500823975,-121.273001098633,2.90000000000002));
#14924=CARTESIAN_POINT('',(230.749250411987,-117.091566577357,2.90000000000002));
#14925=CARTESIAN_POINT('',(234.,-118.148001098633,2.90000000000002));
#14926=CARTESIAN_POINT('Origin',(234.,-116.148001098633,2.33475463626027E-14));
#14927=CARTESIAN_POINT('',(234.,-116.148001098633,1.39886171253774));
#14928=CARTESIAN_POINT('',(230.,-116.148001098633,1.50000000000002));
#14929=CARTESIAN_POINT('',(234.,-116.148001098633,1.50000000000002));
#14930=CARTESIAN_POINT('Origin',(231.,-118.148001098633,2.33475463626027E-14));
#14931=CARTESIAN_POINT('',(232.5,-118.148001098633,2.37207172725787));
#14932=CARTESIAN_POINT('Origin',(224.,-116.148001098633,2.33475463626027E-14));
#14933=CARTESIAN_POINT('',(224.,-116.148001098633,1.39886171253774));
#14934=CARTESIAN_POINT('',(221.,-116.148001098633,1.50000000000002));
#14935=CARTESIAN_POINT('',(224.,-116.148001098633,1.50000000000002));
#14936=CARTESIAN_POINT('Origin',(221.,-118.148001098633,2.33475463626027E-14));
#14937=CARTESIAN_POINT('',(222.5,-118.148001098633,2.37207172725787));
#14938=CARTESIAN_POINT('',(224.,-118.148001098633,2.90000000000002));
#14939=CARTESIAN_POINT('Origin',(227.498500823975,-121.273001098633,2.90000000000002));
#14940=CARTESIAN_POINT('',(225.749250411987,-117.091566577357,2.90000000000002));
#14941=CARTESIAN_POINT('Origin',(227.498500823975,-121.273001098633,2.90000000000002));
#14942=CARTESIAN_POINT('',(239.749250411987,-117.091566577357,2.90000000000002));
#14943=CARTESIAN_POINT('',(252.,-118.148001098633,2.90000000000002));
#14944=CARTESIAN_POINT('Origin',(249.,-118.148001098633,2.33475463626027E-14));
#14945=CARTESIAN_POINT('',(250.5,-118.148001098633,2.37207172725787));
#14946=CARTESIAN_POINT('Origin',(234.,-127.236941242218,2.16050004959109));
#14947=CARTESIAN_POINT('',(231.,-127.236941242218,2.16050004959109));
#14948=CARTESIAN_POINT('Origin',(234.,-123.778571033478,2.20104002952578));
#14949=CARTESIAN_POINT('',(231.,-123.778571033478,2.20104002952578));
#14950=CARTESIAN_POINT('Origin',(252.,-127.236941242218,2.16050004959109));
#14951=CARTESIAN_POINT('',(249.,-127.236941242218,2.16050004959109));
#14952=CARTESIAN_POINT('Origin',(252.,-123.778571033478,2.20104002952578));
#14953=CARTESIAN_POINT('Origin',(234.,-115.227540874481,4.42303991317751));
#14954=CARTESIAN_POINT('',(231.,-115.227540874481,4.42303991317751));
#14955=CARTESIAN_POINT('Origin',(224.,-118.148001098633,2.33475463626027E-14));
#14956=CARTESIAN_POINT('',(221.,-115.059060955048,2.16050004959109));
#14957=CARTESIAN_POINT('Origin',(224.,-117.201251173019,2.81037998199465));
#14958=CARTESIAN_POINT('',(221.,-118.517431163788,2.20104002952578));
#14959=CARTESIAN_POINT('Origin',(252.,-115.227540874481,4.42303991317751));
#14960=CARTESIAN_POINT('',(249.,-115.227540874481,4.42303991317751));
#14961=CARTESIAN_POINT('Origin',(203.,-126.148001098633,2.33475463626027E-14));
#14962=CARTESIAN_POINT('',(204.5,-126.148001098633,1.39886171253775));
#14963=CARTESIAN_POINT('',(206.,-126.148001098633,1.50000000000002));
#14964=CARTESIAN_POINT('',(202.,-126.148001098633,1.50000000000002));
#14965=CARTESIAN_POINT('Origin',(206.,-124.148001098633,2.33475463626027E-14));
#14966=CARTESIAN_POINT('',(206.,-124.148001098633,2.37207172725788));
#14967=CARTESIAN_POINT('',(203.,-124.148001098633,2.90000000000002));
#14968=CARTESIAN_POINT('Origin',(227.498500823975,-121.273001098633,2.90000000000002));
#14969=CARTESIAN_POINT('',(216.749250411987,-125.204435619908,2.90000000000002));
#14970=CARTESIAN_POINT('Origin',(227.498500823975,-121.273001098633,2.90000000000002));
#14971=CARTESIAN_POINT('',(216.749250411987,-117.091566577357,2.90000000000002));
#14972=CARTESIAN_POINT('',(206.,-118.148001098633,2.90000000000002));
#14973=CARTESIAN_POINT('Origin',(206.,-116.148001098633,2.33475463626027E-14));
#14974=CARTESIAN_POINT('',(206.,-116.148001098633,1.39886171253774));
#14975=CARTESIAN_POINT('',(203.,-116.148001098633,1.50000000000002));
#14976=CARTESIAN_POINT('',(207.,-116.148001098633,1.50000000000002));
#14977=CARTESIAN_POINT('Origin',(203.,-118.148001098633,2.33475463626027E-14));
#14978=CARTESIAN_POINT('',(204.5,-118.148001098633,2.37207172725787));
#14979=CARTESIAN_POINT('Origin',(206.,-127.236941242218,2.16050004959109));
#14980=CARTESIAN_POINT('',(203.,-127.236941242218,2.16050004959109));
#14981=CARTESIAN_POINT('Origin',(206.,-123.778571033478,2.20104002952578));
#14982=CARTESIAN_POINT('',(203.,-123.778571033478,2.20104002952578));
#14983=CARTESIAN_POINT('Origin',(206.,-115.227540874481,4.42303991317751));
#14984=CARTESIAN_POINT('',(203.,-115.227540874481,4.42303991317751));
#14985=CARTESIAN_POINT('Origin',(195.5,-127.140000823975,10.));
#14986=CARTESIAN_POINT('',(198.5,-127.140000823975,4.74150000000002));
#14987=CARTESIAN_POINT('',(198.5,-127.140000823975,5.00000000000002));
#14988=CARTESIAN_POINT('',(192.676406871193,-127.140000823975,4.74150000000002));
#14989=CARTESIAN_POINT('',(196.5,-127.140000823975,4.74150000000002));
#14990=CARTESIAN_POINT('',(192.676406871193,-127.140000823975,10.));
#14991=CARTESIAN_POINT('Origin',(197.5,-123.398500823975,4.74150000000002));
#14992=CARTESIAN_POINT('',(198.5,-115.398500823975,4.74150000000001));
#14993=CARTESIAN_POINT('',(198.5,-115.273250961304,4.74150000000001));
#14994=CARTESIAN_POINT('',(192.5,-115.398500823975,4.74150000000001));
#14995=CARTESIAN_POINT('',(209.,-115.398500823975,4.74150000000001));
#14996=CARTESIAN_POINT('',(189.5,-118.398500823975,4.74150000000001));
#14997=CARTESIAN_POINT('',(191.75,-116.148500823975,4.74150000000001));
#14998=CARTESIAN_POINT('',(189.5,-123.963593952782,4.74150000000002));
#14999=CARTESIAN_POINT('',(189.5,-120.898500823975,4.74150000000001));
#15000=CARTESIAN_POINT('',(192.717453435596,-127.181047388378,4.74150000000002));
#15001=CARTESIAN_POINT('',(193.504857142857,-117.773046882221,4.74150000000001));
#15002=CARTESIAN_POINT('',(191.677368661608,-118.828146594729,4.74150000000001));
#15003=CARTESIAN_POINT('',(193.282662130587,-117.90133107989,4.74150000000001));
#15004=CARTESIAN_POINT('',(194.5,-117.198501014709,4.74150000000001));
#15005=CARTESIAN_POINT('',(193.282660942296,-117.901331889638,4.74150000000001));
#15006=CARTESIAN_POINT('',(197.26498073072,-118.794861486475,4.74150000000001));
#15007=CARTESIAN_POINT('',(196.967339205406,-118.623018275964,4.74150000000001));
#15008=CARTESIAN_POINT('',(197.819637137822,-119.115092346191,4.74150000000001));
#15009=CARTESIAN_POINT('',(196.967339740942,-118.623018470109,4.74150000000001));
#15010=CARTESIAN_POINT('',(198.137310028076,-119.298500442505,4.74150000000001));
#15011=CARTESIAN_POINT('',(197.828323349153,-119.120107320819,4.74150000000001));
#15012=CARTESIAN_POINT('',(198.137310028076,-123.498500728607,4.74150000000001));
#15013=CARTESIAN_POINT('',(198.137310028076,-123.148500823975,4.74150000000001));
#15014=CARTESIAN_POINT('',(197.819637137822,-123.681908904008,4.74150000000002));
#15015=CARTESIAN_POINT('',(196.962298919164,-124.176892401841,4.74150000000002));
#15016=CARTESIAN_POINT('',(197.26498073072,-124.002139798996,4.74150000000002));
#15017=CARTESIAN_POINT('',(197.919969208193,-123.623982179859,4.74150000000002));
#15018=CARTESIAN_POINT('',(194.5,-125.59850063324,4.74150000000002));
#15019=CARTESIAN_POINT('',(196.10131424265,-124.673982313137,4.74150000000002));
#15020=CARTESIAN_POINT('',(193.504857142857,-125.023955002989,4.74150000000002));
#15021=CARTESIAN_POINT('',(195.148686579535,-125.973019765844,4.74150000000002));
#15022=CARTESIAN_POINT('',(191.677368661608,-123.968855050904,4.74150000000002));
#15023=CARTESIAN_POINT('',(194.148686838672,-125.395669893767,4.74150000000002));
#15024=CARTESIAN_POINT('',(190.862689971924,-123.498500728607,4.74150000000001));
#15025=CARTESIAN_POINT('',(194.14868733611,-125.395669616014,4.74150000000002));
#15026=CARTESIAN_POINT('',(190.862689971924,-119.298500442505,4.74150000000001));
#15027=CARTESIAN_POINT('',(190.862689971924,-121.34850063324,4.74150000000001));
#15028=CARTESIAN_POINT('',(192.464009106144,-118.373980597031,4.74150000000001));
#15029=CARTESIAN_POINT('Origin',(192.217453435596,-126.681047388378,10.));
#15030=CARTESIAN_POINT('',(189.5,-123.963593952782,5.00000000000002));
#15031=CARTESIAN_POINT('Origin',(189.5,-118.398500823975,1.74634752934054E-14));
#15032=CARTESIAN_POINT('',(189.5,-118.398500823975,1.74634752934054E-14));
#15033=CARTESIAN_POINT('Origin',(192.5,-115.398500823975,6.50000000000002));
#15034=CARTESIAN_POINT('',(192.5,-115.398500823975,1.61312076638553E-14));
#15035=CARTESIAN_POINT('Origin',(220.5,-115.398500823975,9.91395872595438E-15));
#15036=CARTESIAN_POINT('',(198.5,-115.398500823975,1.75467420202523E-14));
#15037=CARTESIAN_POINT('Origin',(198.137310028076,-123.498500728607,3.00000000000002));
#15038=CARTESIAN_POINT('',(198.137310028076,-123.498500728607,3.00000000000002));
#15039=CARTESIAN_POINT('',(196.221969604492,-124.604320907593,13.5));
#15040=CARTESIAN_POINT('',(198.137310028076,-123.498500728607,3.00000000000002));
#15041=CARTESIAN_POINT('Origin',(196.221969604492,-124.604320907593,13.5));
#15042=CARTESIAN_POINT('',(198.137310028076,-123.498500728607,13.5));
#15043=CARTESIAN_POINT('Origin',(198.137310028076,-122.898500823975,5.34461021423342));
#15044=CARTESIAN_POINT('',(198.137310028076,-119.298500442505,3.00000000000002));
#15045=CARTESIAN_POINT('',(198.137310028076,-119.298500442505,13.5));
#15046=CARTESIAN_POINT('',(198.137310028076,-123.498500728607,3.00000000000002));
#15047=CARTESIAN_POINT('Origin',(196.221969604492,-118.192680740356,13.5));
#15048=CARTESIAN_POINT('',(198.137310028076,-119.298500442505,3.00000000000002));
#15049=CARTESIAN_POINT('Origin',(194.5,-117.198501014709,10.2614498138428));
#15050=CARTESIAN_POINT('',(198.137310028076,-119.298500442505,3.00000000000002));
#15051=CARTESIAN_POINT('Origin',(194.5,-117.198501014709,3.00000000000002));
#15052=CARTESIAN_POINT('',(194.5,-117.198501014709,3.00000000000002));
#15053=CARTESIAN_POINT('',(194.5,-117.198501014709,3.00000000000002));
#15054=CARTESIAN_POINT('',(198.137310028076,-119.298500442505,3.00000000000002));
#15055=CARTESIAN_POINT('Origin',(192.5,-118.353201293945,6.50000000000002));
#15056=CARTESIAN_POINT('',(192.5,-118.353201293945,6.50000000000002));
#15057=CARTESIAN_POINT('Origin',(194.5,-125.59850063324,3.00000000000002));
#15058=CARTESIAN_POINT('',(194.5,-125.59850063324,3.00000000000002));
#15059=CARTESIAN_POINT('',(198.137310028076,-123.498500728607,3.00000000000002));
#15060=CARTESIAN_POINT('',(194.5,-125.59850063324,3.00000000000002));
#15061=CARTESIAN_POINT('Origin',(190.862689971924,-119.298500442505,6.50000000000002));
#15062=CARTESIAN_POINT('',(190.862689971924,-123.498500728607,3.00000000000002));
#15063=CARTESIAN_POINT('',(190.862689971924,-123.498500728607,6.50000000000002));
#15064=CARTESIAN_POINT('',(190.862689971924,-119.298500442505,3.00000000000002));
#15065=CARTESIAN_POINT('',(190.862689971924,-123.498500728607,3.00000000000002));
#15066=CARTESIAN_POINT('',(190.862689971924,-119.298500442505,6.50000000000002));
#15067=CARTESIAN_POINT('Origin',(192.5,-124.443800830841,6.50000000000002));
#15068=CARTESIAN_POINT('',(192.5,-124.443800830841,6.50000000000002));
#15069=CARTESIAN_POINT('',(190.862689971924,-123.498500728607,3.00000000000002));
#15070=CARTESIAN_POINT('',(192.5,-124.443800830841,6.50000000000002));
#15071=CARTESIAN_POINT('Origin',(194.5,-125.59850063324,10.2614498138428));
#15072=CARTESIAN_POINT('Origin',(192.5,-124.443800830841,6.50000000000002));
#15073=CARTESIAN_POINT('Origin',(192.5,-118.353201293945,6.50000000000002));
#15074=CARTESIAN_POINT('',(192.5,-118.353201293945,6.50000000000002));
#15075=CARTESIAN_POINT('',(190.862689971924,-119.298500442505,3.00000000000002));
#15076=CARTESIAN_POINT('Origin',(190.862689971924,-119.298500442505,6.50000000000002));
#15077=CARTESIAN_POINT('Origin',(193.206870079041,-123.178340816498,3.00000000000002));
#15078=CARTESIAN_POINT('',(193.206870079041,-123.178340816498,3.00000000000002));
#15079=CARTESIAN_POINT('',(192.804869651794,-122.800830745697,3.00000000000002));
#15080=CARTESIAN_POINT('',(193.206870079041,-123.178340816498,3.00000000000002));
#15081=CARTESIAN_POINT('',(192.509380340576,-122.335211181641,3.00000000000002));
#15082=CARTESIAN_POINT('',(192.804869651794,-122.800830745697,3.00000000000002));
#15083=CARTESIAN_POINT('',(192.338970184326,-121.810740852356,3.00000000000002));
#15084=CARTESIAN_POINT('',(192.509380340576,-122.335211181641,3.00000000000002));
#15085=CARTESIAN_POINT('',(192.304340362549,-121.260361099243,3.00000000000002));
#15086=CARTESIAN_POINT('',(192.304340362549,-121.260361099243,3.00000000000002));
#15087=CARTESIAN_POINT('',(192.4076795578,-120.718660736084,3.00000000000002));
#15088=CARTESIAN_POINT('',(192.304340362549,-121.260361099243,3.00000000000002));
#15089=CARTESIAN_POINT('',(192.642479896545,-120.219681167603,3.00000000000002));
#15090=CARTESIAN_POINT('',(192.642479896545,-120.219681167603,3.00000000000002));
#15091=CARTESIAN_POINT('',(192.994000434876,-119.794770622253,3.00000000000002));
#15092=CARTESIAN_POINT('',(192.642479896545,-120.219681167603,3.00000000000002));
#15093=CARTESIAN_POINT('',(193.440139770508,-119.470631027222,3.00000000000002));
#15094=CARTESIAN_POINT('',(192.994000434876,-119.794770622253,3.00000000000002));
#15095=CARTESIAN_POINT('',(193.952879905701,-119.26762046814,3.00000000000002));
#15096=CARTESIAN_POINT('',(193.440139770508,-119.470631027222,3.00000000000002));
#15097=CARTESIAN_POINT('',(194.5,-119.198501014709,3.00000000000002));
#15098=CARTESIAN_POINT('',(194.5,-119.198501014709,3.00000000000002));
#15099=CARTESIAN_POINT('',(195.047120094299,-119.26762046814,3.00000000000002));
#15100=CARTESIAN_POINT('',(195.047120094299,-119.26762046814,3.00000000000002));
#15101=CARTESIAN_POINT('',(195.559860229492,-119.470631027222,3.00000000000002));
#15102=CARTESIAN_POINT('',(195.047120094299,-119.26762046814,3.00000000000002));
#15103=CARTESIAN_POINT('',(196.005999565125,-119.794770622253,3.00000000000002));
#15104=CARTESIAN_POINT('',(195.559860229492,-119.470631027222,3.00000000000002));
#15105=CARTESIAN_POINT('',(196.357520103455,-120.219681167603,3.00000000000002));
#15106=CARTESIAN_POINT('',(196.005999565125,-119.794770622253,3.00000000000002));
#15107=CARTESIAN_POINT('',(196.5923204422,-120.718660736084,3.00000000000002));
#15108=CARTESIAN_POINT('',(196.357520103455,-120.219681167603,3.00000000000002));
#15109=CARTESIAN_POINT('',(196.695659637451,-121.260361099243,3.00000000000002));
#15110=CARTESIAN_POINT('',(196.5923204422,-120.718660736084,3.00000000000002));
#15111=CARTESIAN_POINT('',(196.661029815674,-121.810740852356,3.00000000000002));
#15112=CARTESIAN_POINT('',(196.695659637451,-121.260361099243,3.00000000000002));
#15113=CARTESIAN_POINT('',(196.490619659424,-122.335211181641,3.00000000000002));
#15114=CARTESIAN_POINT('',(196.661029815674,-121.810740852356,3.00000000000002));
#15115=CARTESIAN_POINT('',(196.195130348206,-122.800830745697,3.00000000000002));
#15116=CARTESIAN_POINT('',(196.490619659424,-122.335211181641,3.00000000000002));
#15117=CARTESIAN_POINT('',(195.79312992096,-123.178340816498,3.00000000000002));
#15118=CARTESIAN_POINT('',(196.195130348206,-122.800830745697,3.00000000000002));
#15119=CARTESIAN_POINT('',(195.309869766235,-123.444010639191,3.00000000000002));
#15120=CARTESIAN_POINT('',(195.79312992096,-123.178340816498,3.00000000000002));
#15121=CARTESIAN_POINT('',(194.775730133057,-123.581150913239,3.00000000000002));
#15122=CARTESIAN_POINT('',(195.309869766235,-123.444010639191,3.00000000000002));
#15123=CARTESIAN_POINT('',(194.224269866943,-123.581150913239,3.00000000000002));
#15124=CARTESIAN_POINT('',(194.775730133057,-123.581150913239,3.00000000000002));
#15125=CARTESIAN_POINT('',(193.690130233765,-123.444010639191,3.00000000000002));
#15126=CARTESIAN_POINT('',(194.224269866943,-123.581150913239,3.00000000000002));
#15127=CARTESIAN_POINT('',(193.690130233765,-123.444010639191,3.00000000000002));
#15128=CARTESIAN_POINT('Origin',(192.374959945679,-120.829100990295,1.73648076017533E-14));
#15129=CARTESIAN_POINT('',(192.374959945679,-120.829100990295,1.73648076017533E-14));
#15130=CARTESIAN_POINT('',(192.374959945679,-120.829100990295,1.73648076017533E-14));
#15131=CARTESIAN_POINT('Origin',(192.300000190735,-121.398500823975,1.75078841720388E-14));
#15132=CARTESIAN_POINT('',(192.374959945679,-121.967900657654,1.76176719239807E-14));
#15133=CARTESIAN_POINT('',(192.300000190735,-121.398500823975,1.75078841720388E-14));
#15134=CARTESIAN_POINT('Origin',(192.300000190735,-121.398500823975,1.75078841720388E-14));
#15135=CARTESIAN_POINT('',(192.300000190735,-121.398500823975,1.75078841720388E-14));
#15136=CARTESIAN_POINT('Origin',(192.374959945679,-121.967900657654,1.76176719239807E-14));
#15137=CARTESIAN_POINT('',(192.59473991394,-122.498500728607,1.76866878508856E-14));
#15138=CARTESIAN_POINT('',(192.374959945679,-121.967900657654,1.76176719239807E-14));
#15139=CARTESIAN_POINT('Origin',(192.374959945679,-121.967900657654,1.76176719239807E-14));
#15140=CARTESIAN_POINT('Origin',(192.59473991394,-122.498500728607,1.76866878508856E-14));
#15141=CARTESIAN_POINT('',(192.944370269775,-122.954131031036,1.77102245671492E-14));
#15142=CARTESIAN_POINT('',(192.59473991394,-122.498500728607,1.76866878508856E-14));
#15143=CARTESIAN_POINT('Origin',(192.59473991394,-122.498500728607,1.76866878508856E-14));
#15144=CARTESIAN_POINT('Origin',(192.944370269775,-122.954131031036,1.77102245671492E-14));
#15145=CARTESIAN_POINT('',(192.944370269775,-122.954131031036,1.77102245671492E-14));
#15146=CARTESIAN_POINT('Origin',(192.944370269775,-122.954131031036,1.77102245671492E-14));
#15147=CARTESIAN_POINT('',(193.39999961853,-123.303760910034,1.76866879567647E-14));
#15148=CARTESIAN_POINT('Origin',(193.39999961853,-123.303760910034,1.76866879567647E-14));
#15149=CARTESIAN_POINT('',(193.39999961853,-123.303760910034,1.76866879567647E-14));
#15150=CARTESIAN_POINT('Origin',(193.39999961853,-123.303760910034,1.76866879567647E-14));
#15151=CARTESIAN_POINT('',(193.930600166321,-123.523540878296,1.76176719239807E-14));
#15152=CARTESIAN_POINT('Origin',(193.930600166321,-123.523540878296,1.76176719239807E-14));
#15153=CARTESIAN_POINT('',(193.930600166321,-123.523540878296,1.76176719239807E-14));
#15154=CARTESIAN_POINT('Origin',(193.930600166321,-123.523540878296,1.76176719239807E-14));
#15155=CARTESIAN_POINT('',(194.5,-123.59850063324,1.75078841720388E-14));
#15156=CARTESIAN_POINT('Origin',(194.5,-123.59850063324,1.75078841720388E-14));
#15157=CARTESIAN_POINT('',(194.5,-123.59850063324,1.75078841720388E-14));
#15158=CARTESIAN_POINT('Origin',(194.5,-123.59850063324,1.75078841720388E-14));
#15159=CARTESIAN_POINT('',(195.069399833679,-123.523540878296,1.73648076017533E-14));
#15160=CARTESIAN_POINT('Origin',(195.069399833679,-123.523540878296,1.73648076017533E-14));
#15161=CARTESIAN_POINT('',(195.60000038147,-123.303760910034,1.71981896565231E-14));
#15162=CARTESIAN_POINT('',(195.069399833679,-123.523540878296,1.73648076017533E-14));
#15163=CARTESIAN_POINT('Origin',(195.069399833679,-123.523540878296,1.73648076017533E-14));
#15164=CARTESIAN_POINT('Origin',(195.60000038147,-123.303760910034,1.71981896565231E-14));
#15165=CARTESIAN_POINT('',(196.055629730225,-122.954131031036,1.70193861894345E-14));
#15166=CARTESIAN_POINT('',(195.60000038147,-123.303760910034,1.71981896565231E-14));
#15167=CARTESIAN_POINT('Origin',(195.60000038147,-123.303760910034,1.71981896565231E-14));
#15168=CARTESIAN_POINT('Origin',(196.055629730225,-122.954131031036,1.70193861894345E-14));
#15169=CARTESIAN_POINT('',(196.40526008606,-122.498500728607,1.68405824047086E-14));
#15170=CARTESIAN_POINT('',(196.055629730225,-122.954131031036,1.70193861894345E-14));
#15171=CARTESIAN_POINT('Origin',(196.055629730225,-122.954131031036,1.70193861894345E-14));
#15172=CARTESIAN_POINT('Origin',(196.40526008606,-122.498500728607,1.68405824047086E-14));
#15173=CARTESIAN_POINT('',(196.625040054321,-121.967900657654,1.66739645653574E-14));
#15174=CARTESIAN_POINT('',(196.40526008606,-122.498500728607,1.68405824047086E-14));
#15175=CARTESIAN_POINT('Origin',(196.40526008606,-122.498500728607,1.68405824047086E-14));
#15176=CARTESIAN_POINT('Origin',(196.625040054321,-121.967900657654,1.66739645653574E-14));
#15177=CARTESIAN_POINT('',(196.699999809265,-121.398500823975,1.6530887995072E-14));
#15178=CARTESIAN_POINT('',(196.625040054321,-121.967900657654,1.66739645653574E-14));
#15179=CARTESIAN_POINT('Origin',(196.625040054321,-121.967900657654,1.66739645653574E-14));
#15180=CARTESIAN_POINT('Origin',(196.699999809265,-121.398500823975,1.6530887995072E-14));
#15181=CARTESIAN_POINT('',(196.625040054321,-120.829100990295,1.64211002431301E-14));
#15182=CARTESIAN_POINT('',(196.699999809265,-121.398500823975,1.6530887995072E-14));
#15183=CARTESIAN_POINT('Origin',(196.699999809265,-121.398500823975,1.6530887995072E-14));
#15184=CARTESIAN_POINT('Origin',(196.625040054321,-120.829100990295,1.64211002431301E-14));
#15185=CARTESIAN_POINT('',(196.40526008606,-120.298500442505,1.6352084210346E-14));
#15186=CARTESIAN_POINT('',(196.625040054321,-120.829100990295,1.64211002431301E-14));
#15187=CARTESIAN_POINT('Origin',(196.625040054321,-120.829100990295,1.64211002431301E-14));
#15188=CARTESIAN_POINT('Origin',(196.40526008606,-120.298500442505,1.6352084210346E-14));
#15189=CARTESIAN_POINT('',(196.055629730225,-119.84287109375,1.63285477058407E-14));
#15190=CARTESIAN_POINT('',(196.40526008606,-120.298500442505,1.6352084210346E-14));
#15191=CARTESIAN_POINT('Origin',(196.40526008606,-120.298500442505,1.6352084210346E-14));
#15192=CARTESIAN_POINT('Origin',(196.055629730225,-119.84287109375,1.63285477058407E-14));
#15193=CARTESIAN_POINT('',(195.60000038147,-119.493240737915,1.6352084210346E-14));
#15194=CARTESIAN_POINT('',(196.055629730225,-119.84287109375,1.63285477058407E-14));
#15195=CARTESIAN_POINT('Origin',(196.055629730225,-119.84287109375,1.63285477058407E-14));
#15196=CARTESIAN_POINT('Origin',(194.5,-119.198501014709,1.6530887995072E-14));
#15197=CARTESIAN_POINT('',(193.930600166321,-119.273460769653,1.66739645653574E-14));
#15198=CARTESIAN_POINT('',(194.5,-119.198501014709,1.6530887995072E-14));
#15199=CARTESIAN_POINT('Origin',(194.5,-119.198501014709,1.6530887995072E-14));
#15200=CARTESIAN_POINT('',(194.5,-119.198501014709,1.6530887995072E-14));
#15201=CARTESIAN_POINT('Origin',(193.930600166321,-119.273460769653,1.66739645653574E-14));
#15202=CARTESIAN_POINT('',(193.39999961853,-119.493240737915,1.68405825105877E-14));
#15203=CARTESIAN_POINT('',(193.930600166321,-119.273460769653,1.66739645653574E-14));
#15204=CARTESIAN_POINT('Origin',(195.60000038147,-119.493240737915,1.6352084210346E-14));
#15205=CARTESIAN_POINT('',(195.069399833679,-119.273460769653,1.64211002431301E-14));
#15206=CARTESIAN_POINT('',(195.60000038147,-119.493240737915,1.6352084210346E-14));
#15207=CARTESIAN_POINT('Origin',(193.930600166321,-119.273460769653,1.66739645653574E-14));
#15208=CARTESIAN_POINT('Origin',(195.60000038147,-119.493240737915,1.6352084210346E-14));
#15209=CARTESIAN_POINT('Origin',(193.39999961853,-119.493240737915,1.68405825105877E-14));
#15210=CARTESIAN_POINT('',(192.944370269775,-119.84287109375,1.70193860835554E-14));
#15211=CARTESIAN_POINT('',(193.39999961853,-119.493240737915,1.68405825105877E-14));
#15212=CARTESIAN_POINT('Origin',(193.39999961853,-119.493240737915,1.68405825105877E-14));
#15213=CARTESIAN_POINT('Origin',(195.069399833679,-119.273460769653,1.64211002431301E-14));
#15214=CARTESIAN_POINT('',(194.5,-119.198501014709,1.6530887995072E-14));
#15215=CARTESIAN_POINT('',(195.069399833679,-119.273460769653,1.64211002431301E-14));
#15216=CARTESIAN_POINT('Origin',(195.069399833679,-119.273460769653,1.64211002431301E-14));
#15217=CARTESIAN_POINT('Origin',(192.944370269775,-119.84287109375,1.70193860835554E-14));
#15218=CARTESIAN_POINT('',(192.59473991394,-120.298500442505,1.71981896565231E-14));
#15219=CARTESIAN_POINT('',(192.944370269775,-119.84287109375,1.70193860835554E-14));
#15220=CARTESIAN_POINT('Origin',(192.944370269775,-119.84287109375,1.70193860835554E-14));
#15221=CARTESIAN_POINT('Origin',(192.59473991394,-120.298500442505,1.71981896565231E-14));
#15222=CARTESIAN_POINT('',(192.59473991394,-120.298500442505,1.71981896565231E-14));
#15223=CARTESIAN_POINT('Origin',(194.5,-119.198501014709,1.6530887995072E-14));
#15224=CARTESIAN_POINT('Origin',(192.59473991394,-120.298500442505,1.71981896565231E-14));
#15225=CARTESIAN_POINT('Origin',(192.374959945679,-120.829100990295,1.73648076017533E-14));
#15226=CARTESIAN_POINT('Origin',(259.497001647949,-115.405001922607,10.));
#15227=CARTESIAN_POINT('',(256.5,-115.405001922607,4.74150000000001));
#15228=CARTESIAN_POINT('',(256.5,-115.405001922607,5.00000000000002));
#15229=CARTESIAN_POINT('',(262.320594776756,-115.405001922607,4.74150000000001));
#15230=CARTESIAN_POINT('',(258.497001647949,-115.405001922607,4.74150000000001));
#15231=CARTESIAN_POINT('',(262.320594776756,-115.405001922607,10.));
#15232=CARTESIAN_POINT('Origin',(257.497001647949,-119.146501922607,4.74150000000001));
#15233=CARTESIAN_POINT('',(256.5,-127.146501922607,4.74150000000002));
#15234=CARTESIAN_POINT('',(256.5,-127.14725151062,4.74150000000002));
#15235=CARTESIAN_POINT('',(262.497001647949,-127.146501922607,4.74150000000002));
#15236=CARTESIAN_POINT('',(245.997001647949,-127.146501922607,4.74150000000002));
#15237=CARTESIAN_POINT('',(265.497001647949,-124.146501922607,4.74150000000002));
#15238=CARTESIAN_POINT('',(263.247001647949,-126.396501922607,4.74150000000002));
#15239=CARTESIAN_POINT('',(265.497001647949,-118.5814087938,4.74150000000001));
#15240=CARTESIAN_POINT('',(265.497001647949,-121.646501922607,4.74150000000001));
#15241=CARTESIAN_POINT('',(262.279548212353,-115.363955358204,4.74150000000001));
#15242=CARTESIAN_POINT('',(261.492144505092,-124.771955864361,4.74150000000002));
#15243=CARTESIAN_POINT('',(263.319632986341,-123.716856151853,4.74150000000002));
#15244=CARTESIAN_POINT('',(261.714339517363,-124.643671666692,4.74150000000002));
#15245=CARTESIAN_POINT('',(260.497001647949,-125.346501731873,4.74150000000002));
#15246=CARTESIAN_POINT('',(261.714340705654,-124.643670856945,4.74150000000002));
#15247=CARTESIAN_POINT('',(257.732020917229,-123.750141260107,4.74150000000002));
#15248=CARTESIAN_POINT('',(258.029662442543,-123.921984470618,4.74150000000002));
#15249=CARTESIAN_POINT('',(257.177364510127,-123.429910400391,4.74150000000002));
#15250=CARTESIAN_POINT('',(258.029661907007,-123.921984276474,4.74150000000001));
#15251=CARTESIAN_POINT('',(256.859691619873,-123.246502304077,4.74150000000002));
#15252=CARTESIAN_POINT('',(257.168678298797,-123.424895425763,4.74150000000001));
#15253=CARTESIAN_POINT('',(256.859691619873,-119.046502017975,4.74150000000001));
#15254=CARTESIAN_POINT('',(256.859691619873,-119.396501922607,4.74150000000001));
#15255=CARTESIAN_POINT('',(257.177364510127,-118.863093842575,4.74150000000001));
#15256=CARTESIAN_POINT('',(258.034702728786,-118.368110344741,4.74150000000001));
#15257=CARTESIAN_POINT('',(257.732020917229,-118.542862947586,4.74150000000001));
#15258=CARTESIAN_POINT('',(257.077032439756,-118.921020566723,4.74150000000001));
#15259=CARTESIAN_POINT('',(260.497001647949,-116.946502113342,4.74150000000001));
#15260=CARTESIAN_POINT('',(258.8956874053,-117.871020433445,4.74150000000001));
#15261=CARTESIAN_POINT('',(261.492144505092,-117.521047743593,4.74150000000001));
#15262=CARTESIAN_POINT('',(259.848315068414,-116.571982980738,4.74150000000001));
#15263=CARTESIAN_POINT('',(263.319632986341,-118.576147695678,4.74150000000001));
#15264=CARTESIAN_POINT('',(260.848314809277,-117.149332852815,4.74150000000001));
#15265=CARTESIAN_POINT('',(264.134311676025,-119.046502017975,4.74150000000001));
#15266=CARTESIAN_POINT('',(260.848314311839,-117.149333130568,4.74150000000001));
#15267=CARTESIAN_POINT('',(264.134311676025,-123.246502304077,4.74150000000001));
#15268=CARTESIAN_POINT('',(264.134311676025,-121.196502113342,4.74150000000002));
#15269=CARTESIAN_POINT('',(262.532992541806,-124.171022149551,4.74150000000002));
#15270=CARTESIAN_POINT('Origin',(262.779548212353,-115.863955358204,10.));
#15271=CARTESIAN_POINT('',(265.497001647949,-118.5814087938,5.00000000000002));
#15272=CARTESIAN_POINT('Origin',(265.497001647949,-124.146501922607,1.86292094692619E-14));
#15273=CARTESIAN_POINT('',(265.497001647949,-124.146501922607,1.86292094692619E-14));
#15274=CARTESIAN_POINT('Origin',(262.497001647949,-127.146501922607,6.50000000000002));
#15275=CARTESIAN_POINT('',(262.497001647949,-127.146501922607,1.86292094692619E-14));
#15276=CARTESIAN_POINT('Origin',(234.497001647949,-127.146501922607,1.2411960531361E-14));
#15277=CARTESIAN_POINT('',(256.5,-127.146501922607,1.69914085853076E-14));
#15278=CARTESIAN_POINT('Origin',(256.859691619873,-119.046502017975,3.00000000000002));
#15279=CARTESIAN_POINT('',(256.859691619873,-119.046502017975,3.00000000000002));
#15280=CARTESIAN_POINT('',(258.775032043457,-117.940681838989,13.5));
#15281=CARTESIAN_POINT('',(256.859691619873,-119.046502017975,3.00000000000002));
#15282=CARTESIAN_POINT('Origin',(258.775032043457,-117.940681838989,13.5));
#15283=CARTESIAN_POINT('',(256.859691619873,-119.046502017975,13.5));
#15284=CARTESIAN_POINT('Origin',(256.859691619873,-119.646501922607,5.34461021423342));
#15285=CARTESIAN_POINT('',(256.859691619873,-123.246502304077,3.00000000000002));
#15286=CARTESIAN_POINT('',(256.859691619873,-123.246502304077,13.5));
#15287=CARTESIAN_POINT('',(256.859691619873,-119.046502017975,3.00000000000002));
#15288=CARTESIAN_POINT('Origin',(258.775032043457,-124.352322006226,13.5));
#15289=CARTESIAN_POINT('',(256.859691619873,-123.246502304077,3.00000000000002));
#15290=CARTESIAN_POINT('Origin',(260.497001647949,-125.346501731873,10.2614498138428));
#15291=CARTESIAN_POINT('',(256.859691619873,-123.246502304077,3.00000000000002));
#15292=CARTESIAN_POINT('Origin',(260.497001647949,-125.346501731873,3.00000000000002));
#15293=CARTESIAN_POINT('',(260.497001647949,-125.346501731873,3.00000000000002));
#15294=CARTESIAN_POINT('',(260.497001647949,-125.346501731873,3.00000000000002));
#15295=CARTESIAN_POINT('',(256.859691619873,-123.246502304077,3.00000000000002));
#15296=CARTESIAN_POINT('Origin',(262.497001647949,-124.191801452637,6.50000000000002));
#15297=CARTESIAN_POINT('',(262.497001647949,-124.191801452637,6.50000000000002));
#15298=CARTESIAN_POINT('Origin',(260.497001647949,-116.946502113342,3.00000000000002));
#15299=CARTESIAN_POINT('',(260.497001647949,-116.946502113342,3.00000000000002));
#15300=CARTESIAN_POINT('',(256.859691619873,-119.046502017975,3.00000000000002));
#15301=CARTESIAN_POINT('',(260.497001647949,-116.946502113342,3.00000000000002));
#15302=CARTESIAN_POINT('Origin',(264.134311676025,-123.246502304077,6.50000000000002));
#15303=CARTESIAN_POINT('',(264.134311676025,-119.046502017975,3.00000000000002));
#15304=CARTESIAN_POINT('',(264.134311676025,-119.046502017975,6.50000000000002));
#15305=CARTESIAN_POINT('',(264.134311676025,-123.246502304077,3.00000000000002));
#15306=CARTESIAN_POINT('',(264.134311676025,-119.046502017975,3.00000000000002));
#15307=CARTESIAN_POINT('',(264.134311676025,-123.246502304077,6.50000000000002));
#15308=CARTESIAN_POINT('Origin',(262.497001647949,-118.101201915741,6.50000000000002));
#15309=CARTESIAN_POINT('',(262.497001647949,-118.101201915741,6.50000000000002));
#15310=CARTESIAN_POINT('',(264.134311676025,-119.046502017975,3.00000000000002));
#15311=CARTESIAN_POINT('',(262.497001647949,-118.101201915741,6.50000000000002));
#15312=CARTESIAN_POINT('Origin',(260.497001647949,-116.946502113342,10.2614498138428));
#15313=CARTESIAN_POINT('Origin',(262.497001647949,-118.101201915741,6.50000000000002));
#15314=CARTESIAN_POINT('Origin',(262.497001647949,-124.191801452637,6.50000000000002));
#15315=CARTESIAN_POINT('',(262.497001647949,-124.191801452637,6.50000000000002));
#15316=CARTESIAN_POINT('',(264.134311676025,-123.246502304077,3.00000000000002));
#15317=CARTESIAN_POINT('Origin',(264.134311676025,-123.246502304077,6.50000000000002));
#15318=CARTESIAN_POINT('Origin',(261.790131568909,-119.366661930084,3.00000000000002));
#15319=CARTESIAN_POINT('',(261.790131568909,-119.366661930084,3.00000000000002));
#15320=CARTESIAN_POINT('',(262.192131996155,-119.744172000885,3.00000000000002));
#15321=CARTESIAN_POINT('',(261.790131568909,-119.366661930084,3.00000000000002));
#15322=CARTESIAN_POINT('',(262.487621307373,-120.209791564941,3.00000000000002));
#15323=CARTESIAN_POINT('',(262.192131996155,-119.744172000885,3.00000000000002));
#15324=CARTESIAN_POINT('',(262.658031463623,-120.734261894226,3.00000000000002));
#15325=CARTESIAN_POINT('',(262.487621307373,-120.209791564941,3.00000000000002));
#15326=CARTESIAN_POINT('',(262.6926612854,-121.284641647339,3.00000000000002));
#15327=CARTESIAN_POINT('',(262.6926612854,-121.284641647339,3.00000000000002));
#15328=CARTESIAN_POINT('',(262.589322090149,-121.826342010498,3.00000000000002));
#15329=CARTESIAN_POINT('',(262.6926612854,-121.284641647339,3.00000000000002));
#15330=CARTESIAN_POINT('',(262.354521751404,-122.32532157898,3.00000000000002));
#15331=CARTESIAN_POINT('',(262.354521751404,-122.32532157898,3.00000000000002));
#15332=CARTESIAN_POINT('',(262.003001213074,-122.750232124329,3.00000000000002));
#15333=CARTESIAN_POINT('',(262.354521751404,-122.32532157898,3.00000000000002));
#15334=CARTESIAN_POINT('',(261.556861877441,-123.07437171936,3.00000000000002));
#15335=CARTESIAN_POINT('',(262.003001213074,-122.750232124329,3.00000000000002));
#15336=CARTESIAN_POINT('',(261.044121742249,-123.277382278442,3.00000000000002));
#15337=CARTESIAN_POINT('',(261.556861877441,-123.07437171936,3.00000000000002));
#15338=CARTESIAN_POINT('',(260.497001647949,-123.346501731873,3.00000000000002));
#15339=CARTESIAN_POINT('',(260.497001647949,-123.346501731873,3.00000000000002));
#15340=CARTESIAN_POINT('',(259.94988155365,-123.277382278442,3.00000000000002));
#15341=CARTESIAN_POINT('',(259.94988155365,-123.277382278442,3.00000000000002));
#15342=CARTESIAN_POINT('',(259.437141418457,-123.07437171936,3.00000000000002));
#15343=CARTESIAN_POINT('',(259.94988155365,-123.277382278442,3.00000000000002));
#15344=CARTESIAN_POINT('',(258.991002082825,-122.750232124329,3.00000000000002));
#15345=CARTESIAN_POINT('',(259.437141418457,-123.07437171936,3.00000000000002));
#15346=CARTESIAN_POINT('',(258.639481544495,-122.325321578979,3.00000000000002));
#15347=CARTESIAN_POINT('',(258.991002082825,-122.750232124329,3.00000000000002));
#15348=CARTESIAN_POINT('',(258.40468120575,-121.826342010498,3.00000000000002));
#15349=CARTESIAN_POINT('',(258.639481544495,-122.325321578979,3.00000000000002));
#15350=CARTESIAN_POINT('',(258.301342010498,-121.284641647339,3.00000000000002));
#15351=CARTESIAN_POINT('',(258.40468120575,-121.826342010498,3.00000000000002));
#15352=CARTESIAN_POINT('',(258.335971832275,-120.734261894226,3.00000000000002));
#15353=CARTESIAN_POINT('',(258.301342010498,-121.284641647339,3.00000000000002));
#15354=CARTESIAN_POINT('',(258.506381988525,-120.209791564941,3.00000000000002));
#15355=CARTESIAN_POINT('',(258.335971832275,-120.734261894226,3.00000000000002));
#15356=CARTESIAN_POINT('',(258.801871299744,-119.744172000885,3.00000000000002));
#15357=CARTESIAN_POINT('',(258.506381988525,-120.209791564941,3.00000000000002));
#15358=CARTESIAN_POINT('',(259.20387172699,-119.366661930084,3.00000000000002));
#15359=CARTESIAN_POINT('',(258.801871299744,-119.744172000885,3.00000000000002));
#15360=CARTESIAN_POINT('',(259.687131881714,-119.100992107391,3.00000000000002));
#15361=CARTESIAN_POINT('',(259.20387172699,-119.366661930084,3.00000000000002));
#15362=CARTESIAN_POINT('',(260.221271514893,-118.963851833344,3.00000000000002));
#15363=CARTESIAN_POINT('',(259.687131881714,-119.100992107391,3.00000000000002));
#15364=CARTESIAN_POINT('',(260.772731781006,-118.963851833344,3.00000000000002));
#15365=CARTESIAN_POINT('',(260.221271514893,-118.963851833344,3.00000000000002));
#15366=CARTESIAN_POINT('',(261.306871414185,-119.100992107391,3.00000000000002));
#15367=CARTESIAN_POINT('',(260.772731781006,-118.963851833344,3.00000000000002));
#15368=CARTESIAN_POINT('',(261.306871414185,-119.100992107391,3.00000000000002));
#15369=CARTESIAN_POINT('Origin',(262.622041702271,-121.715901756287,1.74511384702869E-14));
#15370=CARTESIAN_POINT('',(262.622041702271,-121.715901756287,1.74511384702869E-14));
#15371=CARTESIAN_POINT('',(262.622041702271,-121.715901756287,1.74511384702869E-14));
#15372=CARTESIAN_POINT('Origin',(262.697001457214,-121.146501922607,1.7341350718345E-14));
#15373=CARTESIAN_POINT('',(262.622041702271,-120.577102088928,1.71982741480596E-14));
#15374=CARTESIAN_POINT('',(262.697001457214,-121.146501922607,1.7341350718345E-14));
#15375=CARTESIAN_POINT('Origin',(262.697001457214,-121.146501922607,1.7341350718345E-14));
#15376=CARTESIAN_POINT('',(262.697001457214,-121.146501922607,1.7341350718345E-14));
#15377=CARTESIAN_POINT('Origin',(262.622041702271,-120.577102088928,1.71982741480596E-14));
#15378=CARTESIAN_POINT('',(262.402261734009,-120.046502017975,1.70316563087084E-14));
#15379=CARTESIAN_POINT('',(262.622041702271,-120.577102088928,1.71982741480596E-14));
#15380=CARTESIAN_POINT('Origin',(262.622041702271,-120.577102088928,1.71982741480596E-14));
#15381=CARTESIAN_POINT('Origin',(262.402261734009,-120.046502017975,1.70316563087084E-14));
#15382=CARTESIAN_POINT('',(262.052631378174,-119.590871715546,1.68528525239825E-14));
#15383=CARTESIAN_POINT('',(262.402261734009,-120.046502017975,1.70316563087084E-14));
#15384=CARTESIAN_POINT('Origin',(262.402261734009,-120.046502017975,1.70316563087084E-14));
#15385=CARTESIAN_POINT('Origin',(262.052631378174,-119.590871715546,1.68528525239825E-14));
#15386=CARTESIAN_POINT('',(262.052631378174,-119.590871715546,1.68528525239825E-14));
#15387=CARTESIAN_POINT('Origin',(262.052631378174,-119.590871715546,1.68528525239825E-14));
#15388=CARTESIAN_POINT('',(261.597002029419,-119.241241836548,1.66740490568939E-14));
#15389=CARTESIAN_POINT('Origin',(261.597002029419,-119.241241836548,1.66740490568939E-14));
#15390=CARTESIAN_POINT('',(261.597002029419,-119.241241836548,1.66740490568939E-14));
#15391=CARTESIAN_POINT('Origin',(261.597002029419,-119.241241836548,1.66740490568939E-14));
#15392=CARTESIAN_POINT('',(261.066401481628,-119.021461868286,1.65074311116637E-14));
#15393=CARTESIAN_POINT('Origin',(261.066401481628,-119.021461868286,1.65074311116637E-14));
#15394=CARTESIAN_POINT('',(261.066401481628,-119.021461868286,1.65074311116637E-14));
#15395=CARTESIAN_POINT('Origin',(261.066401481628,-119.021461868286,1.65074311116637E-14));
#15396=CARTESIAN_POINT('',(260.497001647949,-118.946502113342,1.63643545413782E-14));
#15397=CARTESIAN_POINT('Origin',(260.497001647949,-118.946502113342,1.63643545413782E-14));
#15398=CARTESIAN_POINT('',(260.497001647949,-118.946502113342,1.63643545413782E-14));
#15399=CARTESIAN_POINT('Origin',(260.497001647949,-118.946502113342,1.63643545413782E-14));
#15400=CARTESIAN_POINT('',(259.92760181427,-119.021461868286,1.62545667894363E-14));
#15401=CARTESIAN_POINT('Origin',(259.92760181427,-119.021461868286,1.62545667894363E-14));
#15402=CARTESIAN_POINT('',(259.397001266479,-119.241241836548,1.61855507566523E-14));
#15403=CARTESIAN_POINT('',(259.92760181427,-119.021461868286,1.62545667894363E-14));
#15404=CARTESIAN_POINT('Origin',(259.92760181427,-119.021461868286,1.62545667894363E-14));
#15405=CARTESIAN_POINT('Origin',(259.397001266479,-119.241241836548,1.61855507566523E-14));
#15406=CARTESIAN_POINT('',(258.941371917725,-119.590871715546,1.61620141462678E-14));
#15407=CARTESIAN_POINT('',(259.397001266479,-119.241241836548,1.61855507566523E-14));
#15408=CARTESIAN_POINT('Origin',(259.397001266479,-119.241241836548,1.61855507566523E-14));
#15409=CARTESIAN_POINT('Origin',(258.941371917725,-119.590871715546,1.61620141462678E-14));
#15410=CARTESIAN_POINT('',(258.59174156189,-120.046502017975,1.61855508625314E-14));
#15411=CARTESIAN_POINT('',(258.941371917725,-119.590871715546,1.61620141462678E-14));
#15412=CARTESIAN_POINT('Origin',(258.941371917725,-119.590871715546,1.61620141462678E-14));
#15413=CARTESIAN_POINT('Origin',(258.59174156189,-120.046502017975,1.61855508625314E-14));
#15414=CARTESIAN_POINT('',(258.371961593628,-120.577102088928,1.62545667894363E-14));
#15415=CARTESIAN_POINT('',(258.59174156189,-120.046502017975,1.61855508625314E-14));
#15416=CARTESIAN_POINT('Origin',(258.59174156189,-120.046502017975,1.61855508625314E-14));
#15417=CARTESIAN_POINT('Origin',(258.371961593628,-120.577102088928,1.62545667894363E-14));
#15418=CARTESIAN_POINT('',(258.297001838684,-121.146501922607,1.63643545413782E-14));
#15419=CARTESIAN_POINT('',(258.371961593628,-120.577102088928,1.62545667894363E-14));
#15420=CARTESIAN_POINT('Origin',(258.371961593628,-120.577102088928,1.62545667894363E-14));
#15421=CARTESIAN_POINT('Origin',(258.297001838684,-121.146501922607,1.63643545413782E-14));
#15422=CARTESIAN_POINT('',(258.371961593628,-121.715901756287,1.65074311116637E-14));
#15423=CARTESIAN_POINT('',(258.297001838684,-121.146501922607,1.63643545413782E-14));
#15424=CARTESIAN_POINT('Origin',(258.297001838684,-121.146501922607,1.63643545413782E-14));
#15425=CARTESIAN_POINT('Origin',(258.371961593628,-121.715901756287,1.65074311116637E-14));
#15426=CARTESIAN_POINT('',(258.59174156189,-122.246502304077,1.66740490568939E-14));
#15427=CARTESIAN_POINT('',(258.371961593628,-121.715901756287,1.65074311116637E-14));
#15428=CARTESIAN_POINT('Origin',(258.371961593628,-121.715901756287,1.65074311116637E-14));
#15429=CARTESIAN_POINT('Origin',(258.59174156189,-122.246502304077,1.66740490568939E-14));
#15430=CARTESIAN_POINT('',(258.941371917725,-122.702131652832,1.68528526298616E-14));
#15431=CARTESIAN_POINT('',(258.59174156189,-122.246502304077,1.66740490568939E-14));
#15432=CARTESIAN_POINT('Origin',(258.59174156189,-122.246502304077,1.66740490568939E-14));
#15433=CARTESIAN_POINT('Origin',(258.941371917725,-122.702131652832,1.68528526298616E-14));
#15434=CARTESIAN_POINT('',(259.397001266479,-123.051762008667,1.70316562028293E-14));
#15435=CARTESIAN_POINT('',(258.941371917725,-122.702131652832,1.68528526298616E-14));
#15436=CARTESIAN_POINT('Origin',(258.941371917725,-122.702131652832,1.68528526298616E-14));
#15437=CARTESIAN_POINT('Origin',(260.497001647949,-123.346501731873,1.7341350718345E-14));
#15438=CARTESIAN_POINT('',(261.066401481628,-123.271541976929,1.74511384702869E-14));
#15439=CARTESIAN_POINT('',(260.497001647949,-123.346501731873,1.7341350718345E-14));
#15440=CARTESIAN_POINT('Origin',(260.497001647949,-123.346501731873,1.7341350718345E-14));
#15441=CARTESIAN_POINT('',(260.497001647949,-123.346501731873,1.7341350718345E-14));
#15442=CARTESIAN_POINT('Origin',(261.066401481628,-123.271541976929,1.74511384702869E-14));
#15443=CARTESIAN_POINT('',(261.597002029419,-123.051762008667,1.7520154503071E-14));
#15444=CARTESIAN_POINT('',(261.066401481628,-123.271541976929,1.74511384702869E-14));
#15445=CARTESIAN_POINT('Origin',(259.397001266479,-123.051762008667,1.70316562028293E-14));
#15446=CARTESIAN_POINT('',(259.92760181427,-123.271541976929,1.71982741480596E-14));
#15447=CARTESIAN_POINT('',(259.397001266479,-123.051762008667,1.70316562028293E-14));
#15448=CARTESIAN_POINT('Origin',(261.066401481628,-123.271541976929,1.74511384702869E-14));
#15449=CARTESIAN_POINT('Origin',(259.397001266479,-123.051762008667,1.70316562028293E-14));
#15450=CARTESIAN_POINT('Origin',(261.597002029419,-123.051762008667,1.7520154503071E-14));
#15451=CARTESIAN_POINT('',(262.052631378174,-122.702131652832,1.75436910075763E-14));
#15452=CARTESIAN_POINT('',(261.597002029419,-123.051762008667,1.7520154503071E-14));
#15453=CARTESIAN_POINT('Origin',(261.597002029419,-123.051762008667,1.7520154503071E-14));
#15454=CARTESIAN_POINT('Origin',(259.92760181427,-123.271541976929,1.71982741480596E-14));
#15455=CARTESIAN_POINT('',(260.497001647949,-123.346501731873,1.7341350718345E-14));
#15456=CARTESIAN_POINT('',(259.92760181427,-123.271541976929,1.71982741480596E-14));
#15457=CARTESIAN_POINT('Origin',(259.92760181427,-123.271541976929,1.71982741480596E-14));
#15458=CARTESIAN_POINT('Origin',(262.052631378174,-122.702131652832,1.75436910075763E-14));
#15459=CARTESIAN_POINT('',(262.402261734009,-122.246502304077,1.7520154503071E-14));
#15460=CARTESIAN_POINT('',(262.052631378174,-122.702131652832,1.75436910075763E-14));
#15461=CARTESIAN_POINT('Origin',(262.052631378174,-122.702131652832,1.75436910075763E-14));
#15462=CARTESIAN_POINT('Origin',(262.402261734009,-122.246502304077,1.7520154503071E-14));
#15463=CARTESIAN_POINT('',(262.402261734009,-122.246502304077,1.7520154503071E-14));
#15464=CARTESIAN_POINT('Origin',(260.497001647949,-123.346501731873,1.7341350718345E-14));
#15465=CARTESIAN_POINT('Origin',(262.402261734009,-122.246502304077,1.7520154503071E-14));
#15466=CARTESIAN_POINT('Origin',(262.622041702271,-121.715901756287,1.74511384702869E-14));
#15467=CARTESIAN_POINT('Origin',(224.125,-131.139501098633,10.));
#15468=CARTESIAN_POINT('',(201.459607927359,-131.139501098633,11.9292248439041));
#15469=CARTESIAN_POINT('',(201.459606828104,-131.139501098633,6.25172233982343));
#15470=CARTESIAN_POINT('',(201.459607892658,-131.139501098633,11.7500021781748));
#15471=CARTESIAN_POINT('',(201.459607927359,-131.139501098633,13.5));
#15472=CARTESIAN_POINT('',(201.459607927359,-131.139501098633,6.50000000000003));
#15473=CARTESIAN_POINT('',(198.5,-131.139501098633,13.5));
#15474=CARTESIAN_POINT('',(212.5625,-131.139501098633,13.5));
#15475=CARTESIAN_POINT('',(198.5,-131.139501098633,5.00000000000003));
#15476=CARTESIAN_POINT('',(203.612148576807,-131.139501098633,2.60094581057124));
#15477=CARTESIAN_POINT('',(203.580056937405,-131.139501098633,4.85098708670083));
#15478=CARTESIAN_POINT('',(203.618319860697,-131.139501098633,3.00000000000002));
#15479=CARTESIAN_POINT('',(203.651730947483,-131.139501098633,5.16046359115425));
#15480=CARTESIAN_POINT('',(201.459606828104,-131.139501098633,3.00000000000002));
#15481=CARTESIAN_POINT('',(213.42257976532,-131.139501098633,3.00000000000002));
#15482=CARTESIAN_POINT('',(201.459606828104,-131.139501098633,10.1307249069214));
#15483=CARTESIAN_POINT('Origin',(224.125,-131.139501098633,10.));
#15484=CARTESIAN_POINT('',(207.540392001308,-131.139501098633,11.9292248439041));
#15485=CARTESIAN_POINT('',(207.540392001308,-131.139501098633,13.5));
#15486=CARTESIAN_POINT('',(207.540392001308,-131.139501098633,11.75));
#15487=CARTESIAN_POINT('',(207.540392908589,-131.139501098633,6.25172233982343));
#15488=CARTESIAN_POINT('',(207.540392868914,-131.139501098633,6.49999875000425));
#15489=CARTESIAN_POINT('',(207.540392908589,-131.139501098633,3.00000000000002));
#15490=CARTESIAN_POINT('',(207.540392908589,-131.139501098633,6.50000000000002));
#15491=CARTESIAN_POINT('',(205.357968996354,-131.139501098633,3.00000000000002));
#15492=CARTESIAN_POINT('',(213.42257976532,-131.139501098633,3.00000000000002));
#15493=CARTESIAN_POINT('',(205.368110774211,-131.139501098633,1.6557209032001));
#15494=CARTESIAN_POINT('',(205.343422004839,-131.139501098633,4.92818427796715));
#15495=CARTESIAN_POINT('',(205.40420646487,-131.139501098633,5.09914651127742));
#15496=CARTESIAN_POINT('',(221.612148576807,-131.139501098633,2.60094581057124));
#15497=CARTESIAN_POINT('',(221.57822626188,-131.139501098633,4.9793250382009));
#15498=CARTESIAN_POINT('',(221.618319860697,-131.139501098633,3.00000000000002));
#15499=CARTESIAN_POINT('',(221.649579028298,-131.139501098633,5.02131388071688));
#15500=CARTESIAN_POINT('',(219.459607091411,-131.139501098633,3.00000000000002));
#15501=CARTESIAN_POINT('',(222.422580003738,-131.139501098633,3.00000000000002));
#15502=CARTESIAN_POINT('',(219.459607091411,-131.139501098633,6.25172233982343));
#15503=CARTESIAN_POINT('',(219.459607091411,-131.139501098633,10.1307249069214));
#15504=CARTESIAN_POINT('',(219.459607998692,-131.139501098633,11.9292248439041));
#15505=CARTESIAN_POINT('',(219.459607131086,-131.139501098633,6.50000044791058));
#15506=CARTESIAN_POINT('',(219.459607998692,-131.139501098633,13.5));
#15507=CARTESIAN_POINT('',(219.459607998692,-131.139501098633,11.75));
#15508=CARTESIAN_POINT('',(215.362499952316,-131.139501098633,13.5));
#15509=CARTESIAN_POINT('Origin',(224.125,-131.139501098633,10.));
#15510=CARTESIAN_POINT('',(223.35796882613,-131.139501098633,3.00000000000002));
#15511=CARTESIAN_POINT('',(225.540393171896,-131.139501098633,3.00000000000002));
#15512=CARTESIAN_POINT('',(222.422580003738,-131.139501098633,3.00000000000002));
#15513=CARTESIAN_POINT('',(223.368110987879,-131.139501098633,1.6557209032001));
#15514=CARTESIAN_POINT('',(223.342909033311,-131.139501098633,4.99607984861592));
#15515=CARTESIAN_POINT('',(223.403217763587,-131.139501098633,5.00481441473675));
#15516=CARTESIAN_POINT('',(231.612148576807,-131.139501098633,2.60094581057124));
#15517=CARTESIAN_POINT('',(231.577209576383,-131.139501098633,5.05062412443515));
#15518=CARTESIAN_POINT('',(231.618319860697,-131.139501098633,3.00000000000002));
#15519=CARTESIAN_POINT('',(231.648383517639,-131.139501098633,4.94400848602945));
#15520=CARTESIAN_POINT('',(229.459606828104,-131.139501098633,3.00000000000002));
#15521=CARTESIAN_POINT('',(227.42257976532,-131.139501098633,3.00000000000002));
#15522=CARTESIAN_POINT('',(229.459606828104,-131.139501098633,6.25172233982343));
#15523=CARTESIAN_POINT('',(229.459606828104,-131.139501098633,10.1307249069214));
#15524=CARTESIAN_POINT('',(229.459607927359,-131.139501098633,11.9292248439041));
#15525=CARTESIAN_POINT('',(229.459607892658,-131.139501098633,11.749999467553));
#15526=CARTESIAN_POINT('',(229.459607927359,-131.139501098633,13.5));
#15527=CARTESIAN_POINT('',(229.459607927359,-131.139501098633,6.50000000000002));
#15528=CARTESIAN_POINT('',(225.540392072641,-131.139501098633,13.5));
#15529=CARTESIAN_POINT('',(224.362500190735,-131.139501098633,13.5));
#15530=CARTESIAN_POINT('',(225.540392072641,-131.139501098633,11.9292248439041));
#15531=CARTESIAN_POINT('',(225.540392072641,-131.139501098633,11.75));
#15532=CARTESIAN_POINT('',(225.540393171896,-131.139501098633,6.25172233982343));
#15533=CARTESIAN_POINT('',(225.540392107342,-131.139501098633,11.7500001210065));
#15534=CARTESIAN_POINT('',(225.540393171896,-131.139501098633,10.1307249069214));
#15535=CARTESIAN_POINT('Origin',(224.125,-131.139501098633,10.));
#15536=CARTESIAN_POINT('',(233.368110774211,-131.139501098633,1.6557209032001));
#15537=CARTESIAN_POINT('',(233.402668276161,-131.139501098633,4.9524077096446));
#15538=CARTESIAN_POINT('',(249.612148576807,-131.139501098633,2.60094581057124));
#15539=CARTESIAN_POINT('',(249.575378862051,-131.139501098633,5.17896343609179));
#15540=CARTESIAN_POINT('',(249.618319860697,-131.139501098633,3.00000000000002));
#15541=CARTESIAN_POINT('',(249.646231598453,-131.139501098633,4.80485877559208));
#15542=CARTESIAN_POINT('',(247.459607091411,-131.139501098633,3.00000000000002));
#15543=CARTESIAN_POINT('',(236.422580003738,-131.139501098633,3.00000000000002));
#15544=CARTESIAN_POINT('',(247.459607091411,-131.139501098633,6.25172233982343));
#15545=CARTESIAN_POINT('',(247.459607091411,-131.139501098633,10.1307249069214));
#15546=CARTESIAN_POINT('',(247.459607998692,-131.139501098633,11.9292248439041));
#15547=CARTESIAN_POINT('',(247.459607131086,-131.139501098633,6.4999982106693));
#15548=CARTESIAN_POINT('',(247.459607998692,-131.139501098633,13.5));
#15549=CARTESIAN_POINT('',(247.459607998692,-131.139501098633,11.75));
#15550=CARTESIAN_POINT('',(235.540392001308,-131.139501098633,13.5));
#15551=CARTESIAN_POINT('',(229.362499952316,-131.139501098633,13.5));
#15552=CARTESIAN_POINT('',(235.540392001308,-131.139501098633,11.9292248439041));
#15553=CARTESIAN_POINT('',(235.540392001308,-131.139501098633,11.75));
#15554=CARTESIAN_POINT('',(235.540392908589,-131.139501098633,6.25172233982343));
#15555=CARTESIAN_POINT('',(235.540392868914,-131.139501098633,6.50000098724553));
#15556=CARTESIAN_POINT('',(235.540392908589,-131.139501098633,3.00000000000002));
#15557=CARTESIAN_POINT('',(235.540392908589,-131.139501098633,6.50000000000003));
#15558=CARTESIAN_POINT('',(233.357968996354,-131.139501098633,3.00000000000002));
#15559=CARTESIAN_POINT('',(227.42257976532,-131.139501098633,3.00000000000002));
#15560=CARTESIAN_POINT('',(233.342625198806,-131.139501098633,5.03379985237539));
#15561=CARTESIAN_POINT('Origin',(224.125,-131.139501098633,10.));
#15562=CARTESIAN_POINT('',(251.368110987879,-131.139501098633,1.6557209032001));
#15563=CARTESIAN_POINT('',(251.401679581821,-131.139501098633,4.85807594427604));
#15564=CARTESIAN_POINT('',(256.5,-131.139501098633,13.5));
#15565=CARTESIAN_POINT('',(256.5,-131.139501098633,5.00000000000002));
#15566=CARTESIAN_POINT('',(253.540392072641,-131.139501098633,13.5));
#15567=CARTESIAN_POINT('',(238.362500190735,-131.139501098633,13.5));
#15568=CARTESIAN_POINT('',(253.540392072641,-131.139501098633,11.9292248439041));
#15569=CARTESIAN_POINT('',(253.540392072641,-131.139501098633,11.75));
#15570=CARTESIAN_POINT('',(253.540393171896,-131.139501098633,6.25172233982343));
#15571=CARTESIAN_POINT('',(253.540392107342,-131.139501098633,11.7500028316283));
#15572=CARTESIAN_POINT('',(253.540393171896,-131.139501098633,3.00000000000002));
#15573=CARTESIAN_POINT('',(253.540393171896,-131.139501098633,10.1307249069214));
#15574=CARTESIAN_POINT('',(251.35796882613,-131.139501098633,3.00000000000002));
#15575=CARTESIAN_POINT('',(236.422580003738,-131.139501098633,3.00000000000002));
#15576=CARTESIAN_POINT('',(251.342112166958,-131.139501098633,5.10169942038228));
#15577=CARTESIAN_POINT('Origin',(252.60000038147,-129.510691070557,13.5));
#15578=CARTESIAN_POINT('',(252.60000038147,-129.510691070557,13.5));
#15579=CARTESIAN_POINT('',(252.60000038147,-129.510691070557,13.5));
#15580=CARTESIAN_POINT('',(252.60000038147,-129.510691070557,3.00000000000002));
#15581=CARTESIAN_POINT('',(252.60000038147,-129.510691070557,13.5));
#15582=CARTESIAN_POINT('',(252.60000038147,-129.510691070557,3.00000000000002));
#15583=CARTESIAN_POINT('Origin',(252.60000038147,-129.510691070557,13.5));
#15584=CARTESIAN_POINT('',(256.5,-126.648001098633,13.5));
#15585=CARTESIAN_POINT('',(256.5,-126.648001098633,13.5));
#15586=CARTESIAN_POINT('',(254.,-126.648001098633,13.5));
#15587=CARTESIAN_POINT('',(254.,-126.648001098633,13.5));
#15588=CARTESIAN_POINT('',(254.,-128.748001003265,13.5));
#15589=CARTESIAN_POINT('',(254.,-128.748001003265,13.5));
#15590=CARTESIAN_POINT('',(252.,-128.748001003265,13.5));
#15591=CARTESIAN_POINT('',(252.,-129.510691070557,13.5));
#15592=CARTESIAN_POINT('Origin',(256.5,-135.148001098633,2.33475463626027E-14));
#15593=CARTESIAN_POINT('',(256.5,-111.406501098633,13.5));
#15594=CARTESIAN_POINT('',(256.5,-111.406501098633,5.00000000000002));
#15595=CARTESIAN_POINT('',(256.5,-115.648001098633,13.5));
#15596=CARTESIAN_POINT('',(256.5,-115.648001098633,13.5));
#15597=CARTESIAN_POINT('',(256.5,-115.648001098633,10.6999998092652));
#15598=CARTESIAN_POINT('',(256.5,-115.648001098633,13.5));
#15599=CARTESIAN_POINT('',(256.5,-115.656191253662,10.6999998092652));
#15600=CARTESIAN_POINT('',(256.5,-115.656191253662,10.6999998092652));
#15601=CARTESIAN_POINT('',(256.5,-115.992471122742,9.08415031433108));
#15602=CARTESIAN_POINT('',(256.5,-115.992471122742,9.08415031433108));
#15603=CARTESIAN_POINT('',(256.5,-116.79301109314,7.64083003997805));
#15604=CARTESIAN_POINT('',(256.5,-116.79301109314,7.64083003997805));
#15605=CARTESIAN_POINT('',(256.5,-117.98572101593,6.50000000000002));
#15606=CARTESIAN_POINT('',(256.5,-117.98572101593,6.50000000000002));
#15607=CARTESIAN_POINT('',(256.5,-119.4896910429,5.7559599876404));
#15608=CARTESIAN_POINT('',(256.5,-117.98572101593,6.50000000000002));
#15609=CARTESIAN_POINT('',(256.5,-121.148001098633,5.50000000000002));
#15610=CARTESIAN_POINT('',(256.5,-121.148001098633,5.50000000000002));
#15611=CARTESIAN_POINT('',(256.5,-122.806311154366,5.7559599876404));
#15612=CARTESIAN_POINT('',(256.5,-122.806311154366,5.7559599876404));
#15613=CARTESIAN_POINT('',(256.5,-124.310281181335,6.50000000000002));
#15614=CARTESIAN_POINT('',(256.5,-124.310281181335,6.50000000000002));
#15615=CARTESIAN_POINT('',(256.5,-125.502991104126,7.64083003997805));
#15616=CARTESIAN_POINT('',(256.5,-124.310281181335,6.50000000000002));
#15617=CARTESIAN_POINT('',(256.5,-126.303531074524,9.08415031433108));
#15618=CARTESIAN_POINT('',(256.5,-126.303531074524,9.08415031433108));
#15619=CARTESIAN_POINT('',(256.5,-126.639810943604,10.6999998092652));
#15620=CARTESIAN_POINT('',(256.5,-126.303531074524,9.08415031433108));
#15621=CARTESIAN_POINT('',(256.5,-126.648001098633,10.6999998092652));
#15622=CARTESIAN_POINT('',(256.5,-126.639810943604,10.6999998092652));
#15623=CARTESIAN_POINT('',(256.5,-126.648001098633,13.5));
#15624=CARTESIAN_POINT('Origin',(248.400000095367,-129.510691070557,13.5));
#15625=CARTESIAN_POINT('',(248.400000095367,-129.510691070557,3.00000000000002));
#15626=CARTESIAN_POINT('',(248.400000095367,-129.510691070557,3.00000000000002));
#15627=CARTESIAN_POINT('',(248.400000095367,-129.510691070557,13.5));
#15628=CARTESIAN_POINT('',(248.400000095367,-129.510691070557,13.5));
#15629=CARTESIAN_POINT('',(248.400000095367,-129.510691070557,13.5));
#15630=CARTESIAN_POINT('Origin',(248.400000095367,-129.510691070557,3.00000000000002));
#15631=CARTESIAN_POINT('',(248.400000095367,-129.510691070557,3.00000000000002));
#15632=CARTESIAN_POINT('Origin',(246.300000190735,-133.148001098633,10.2614498138428));
#15633=CARTESIAN_POINT('',(248.400000095367,-129.510691070557,3.00000000000002));
#15634=CARTESIAN_POINT('Origin',(249.930600166321,-131.022961044312,2.33475463626027E-14));
#15635=CARTESIAN_POINT('',(249.930600166321,-131.022961044312,2.33475463626027E-14));
#15636=CARTESIAN_POINT('',(250.087759971619,-130.986971282959,3.00000000000002));
#15637=CARTESIAN_POINT('',(249.930600166321,-131.022961044312,2.33475463626027E-14));
#15638=CARTESIAN_POINT('',(249.563289642334,-131.157381439209,3.00000000000002));
#15639=CARTESIAN_POINT('Origin',(249.930600166321,-131.022961044312,2.33475463626027E-14));
#15640=CARTESIAN_POINT('Origin',(228.300000190735,-133.148001098633,10.2614498138428));
#15641=CARTESIAN_POINT('',(230.39999961853,-129.510691070557,3.00000000000002));
#15642=CARTESIAN_POINT('',(230.39999961853,-129.510691070557,3.00000000000002));
#15643=CARTESIAN_POINT('',(228.300000190735,-133.148001098633,10.2614498138428));
#15644=CARTESIAN_POINT('Origin',(231.930600166321,-131.022961044312,2.33475463626027E-14));
#15645=CARTESIAN_POINT('',(231.930600166321,-131.022961044312,2.33475463626027E-14));
#15646=CARTESIAN_POINT('',(232.087759971619,-130.986971282959,3.00000000000002));
#15647=CARTESIAN_POINT('',(231.930600166321,-131.022961044312,2.33475463626027E-14));
#15648=CARTESIAN_POINT('',(231.563289642334,-131.157381439209,3.00000000000002));
#15649=CARTESIAN_POINT('Origin',(231.930600166321,-131.022961044312,2.33475463626027E-14));
#15650=CARTESIAN_POINT('Origin',(223.60000038147,-131.242741012573,2.33475463626027E-14));
#15651=CARTESIAN_POINT('',(223.179840087891,-131.055680656433,3.00000000000002));
#15652=CARTESIAN_POINT('',(223.60000038147,-131.242741012573,2.33475463626027E-14));
#15653=CARTESIAN_POINT('',(223.069399833679,-131.022961044312,2.33475463626027E-14));
#15654=CARTESIAN_POINT('Origin',(223.60000038147,-131.242741012573,2.33475463626027E-14));
#15655=CARTESIAN_POINT('',(223.678819656372,-131.290480995178,3.00000000000002));
#15656=CARTESIAN_POINT('Origin',(221.930600166321,-131.022961044312,2.33475463626027E-14));
#15657=CARTESIAN_POINT('',(221.930600166321,-131.022961044312,2.33475463626027E-14));
#15658=CARTESIAN_POINT('Origin',(205.599999904633,-131.242741012573,2.33475463626027E-14));
#15659=CARTESIAN_POINT('',(205.179840087891,-131.055680656433,3.00000000000002));
#15660=CARTESIAN_POINT('',(205.599999904633,-131.242741012573,2.33475463626027E-14));
#15661=CARTESIAN_POINT('',(205.069399833679,-131.022961044312,2.33475463626027E-14));
#15662=CARTESIAN_POINT('Origin',(205.599999904633,-131.242741012573,2.33475463626027E-14));
#15663=CARTESIAN_POINT('',(205.678820133209,-131.290480995178,3.00000000000002));
#15664=CARTESIAN_POINT('Origin',(208.699999809265,-133.148001098633,3.00000000000002));
#15665=CARTESIAN_POINT('',(206.599999904633,-129.510691070557,3.00000000000002));
#15666=CARTESIAN_POINT('',(206.599999904633,-129.510691070557,3.00000000000002));
#15667=CARTESIAN_POINT('',(206.599999904633,-129.510691070557,3.00000000000002));
#15668=CARTESIAN_POINT('Origin',(206.599999904633,-129.510691070557,3.00000000000002));
#15669=CARTESIAN_POINT('',(207.705820083618,-131.426031494141,13.5));
#15670=CARTESIAN_POINT('Origin',(198.5,-107.148001098633,2.33475463626027E-14));
#15671=CARTESIAN_POINT('',(198.5,-126.648001098633,13.5));
#15672=CARTESIAN_POINT('',(198.5,-131.426031494141,13.5));
#15673=CARTESIAN_POINT('',(198.5,-126.648001098633,10.6999998092652));
#15674=CARTESIAN_POINT('',(198.5,-126.648001098633,10.6999998092652));
#15675=CARTESIAN_POINT('',(198.5,-126.639810943604,10.6999998092652));
#15676=CARTESIAN_POINT('',(198.5,-126.648001098633,10.6999998092652));
#15677=CARTESIAN_POINT('',(198.5,-126.303531074524,9.08415031433108));
#15678=CARTESIAN_POINT('',(198.5,-126.639810943604,10.6999998092652));
#15679=CARTESIAN_POINT('',(198.5,-125.502991104126,7.64083003997805));
#15680=CARTESIAN_POINT('',(198.5,-126.303531074524,9.08415031433108));
#15681=CARTESIAN_POINT('',(198.5,-124.310281181335,6.50000000000002));
#15682=CARTESIAN_POINT('',(198.5,-124.310281181335,6.50000000000002));
#15683=CARTESIAN_POINT('',(198.5,-122.806311154366,5.7559599876404));
#15684=CARTESIAN_POINT('',(198.5,-124.310281181335,6.50000000000002));
#15685=CARTESIAN_POINT('',(198.5,-121.148001098633,5.50000000000002));
#15686=CARTESIAN_POINT('',(198.5,-122.806311154366,5.7559599876404));
#15687=CARTESIAN_POINT('',(198.5,-119.4896910429,5.7559599876404));
#15688=CARTESIAN_POINT('',(198.5,-121.148001098633,5.50000000000002));
#15689=CARTESIAN_POINT('',(198.5,-117.98572101593,6.50000000000002));
#15690=CARTESIAN_POINT('',(198.5,-117.98572101593,6.50000000000002));
#15691=CARTESIAN_POINT('',(198.5,-116.79301109314,7.64083003997805));
#15692=CARTESIAN_POINT('',(198.5,-117.98572101593,6.50000000000002));
#15693=CARTESIAN_POINT('',(198.5,-115.992471122742,9.08415031433108));
#15694=CARTESIAN_POINT('',(198.5,-116.79301109314,7.64083003997805));
#15695=CARTESIAN_POINT('',(198.5,-115.656191253662,10.6999998092652));
#15696=CARTESIAN_POINT('',(198.5,-115.992471122742,9.08415031433108));
#15697=CARTESIAN_POINT('',(198.5,-115.648001098633,10.6999998092652));
#15698=CARTESIAN_POINT('',(198.5,-115.656191253662,10.6999998092652));
#15699=CARTESIAN_POINT('',(198.5,-115.648001098633,13.5));
#15700=CARTESIAN_POINT('',(198.5,-115.648001098633,10.6999998092652));
#15701=CARTESIAN_POINT('',(198.5,-111.406501098633,13.5));
#15702=CARTESIAN_POINT('',(198.5,-110.869970703125,13.5));
#15703=CARTESIAN_POINT('',(198.5,-111.406501098633,5.00000000000002));
#15704=CARTESIAN_POINT('Origin',(202.72015953064,-131.854871177673,3.00000000000002));
#15705=CARTESIAN_POINT('',(202.39999961853,-129.510691070557,3.00000000000002));
#15706=CARTESIAN_POINT('',(206.599999904633,-129.510691070557,3.00000000000002));
#15707=CARTESIAN_POINT('',(202.39999961853,-129.510691070557,3.00000000000002));
#15708=CARTESIAN_POINT('',(204.087759971619,-130.986971282959,3.00000000000002));
#15709=CARTESIAN_POINT('',(203.563289642334,-131.157381439209,3.00000000000002));
#15710=CARTESIAN_POINT('',(204.638139724731,-130.952341461182,3.00000000000002));
#15711=CARTESIAN_POINT('',(204.638139724731,-130.952341461182,3.00000000000002));
#15712=CARTESIAN_POINT('',(204.638139724731,-130.952341461182,3.00000000000002));
#15713=CARTESIAN_POINT('Origin',(201.,-128.748001003265,13.5));
#15714=CARTESIAN_POINT('',(202.39999961853,-129.510691070557,13.5));
#15715=CARTESIAN_POINT('',(201.294179916382,-131.426031494141,13.5));
#15716=CARTESIAN_POINT('',(203.,-129.510691070557,13.5));
#15717=CARTESIAN_POINT('',(201.,-128.748001003265,13.5));
#15718=CARTESIAN_POINT('',(203.,-128.748001003265,13.5));
#15719=CARTESIAN_POINT('',(201.,-126.648001098633,13.5));
#15720=CARTESIAN_POINT('',(201.,-126.648001098633,13.5));
#15721=CARTESIAN_POINT('',(198.5,-126.648001098633,13.5));
#15722=CARTESIAN_POINT('Origin',(202.39999961853,-129.510691070557,3.00000000000002));
#15723=CARTESIAN_POINT('',(201.294179916382,-131.426031494141,13.5));
#15724=CARTESIAN_POINT('',(202.39999961853,-129.510691070557,13.5));
#15725=CARTESIAN_POINT('Origin',(224.375,-111.406501098633,10.));
#15726=CARTESIAN_POINT('',(201.603944223843,-111.406501098633,5.75262755839208));
#15727=CARTESIAN_POINT('',(201.603945154377,-111.406501098633,10.5587112956712));
#15728=CARTESIAN_POINT('',(201.60394538503,-111.406501098633,11.7500021744308));
#15729=CARTESIAN_POINT('',(201.603944223843,-111.406501098633,3.00000000000002));
#15730=CARTESIAN_POINT('',(201.603944223843,-111.406501098633,10.1307249069214));
#15731=CARTESIAN_POINT('',(207.396055480076,-111.406501098633,3.00000000000002));
#15732=CARTESIAN_POINT('',(213.54757976532,-111.406501098633,3.00000000000002));
#15733=CARTESIAN_POINT('',(207.396055480076,-111.406501098633,5.75262755839208));
#15734=CARTESIAN_POINT('',(207.396055480076,-111.406501098633,6.50000000000002));
#15735=CARTESIAN_POINT('',(207.39605471205,-111.406501098633,10.5587112956712));
#15736=CARTESIAN_POINT('',(207.396054521678,-111.406501098633,11.7499986186065));
#15737=CARTESIAN_POINT('',(207.39605471205,-111.406501098633,13.5));
#15738=CARTESIAN_POINT('',(207.39605471205,-111.406501098633,6.50000000000002));
#15739=CARTESIAN_POINT('',(219.60394528795,-111.406501098633,13.5));
#15740=CARTESIAN_POINT('',(222.6875,-111.406501098633,13.5));
#15741=CARTESIAN_POINT('',(219.60394528795,-111.406501098633,10.5587112956712));
#15742=CARTESIAN_POINT('',(219.60394528795,-111.406501098633,11.75));
#15743=CARTESIAN_POINT('',(219.603944519924,-111.406501098633,5.75262755839208));
#15744=CARTESIAN_POINT('',(219.603944639356,-111.406501098633,6.50000044482038));
#15745=CARTESIAN_POINT('',(219.603944519924,-111.406501098633,3.00000000000002));
#15746=CARTESIAN_POINT('',(219.603944519924,-111.406501098633,6.50000000000002));
#15747=CARTESIAN_POINT('',(225.396055776157,-111.406501098633,3.00000000000002));
#15748=CARTESIAN_POINT('',(222.547580003738,-111.406501098633,3.00000000000002));
#15749=CARTESIAN_POINT('',(225.396055776157,-111.406501098633,5.75262755839208));
#15750=CARTESIAN_POINT('',(225.396055776157,-111.406501098633,6.50000000000002));
#15751=CARTESIAN_POINT('',(225.396054845623,-111.406501098633,10.5587112956712));
#15752=CARTESIAN_POINT('',(225.396054928488,-111.406501098633,10.1307248795354));
#15753=CARTESIAN_POINT('',(225.396054845623,-111.406501098633,13.5));
#15754=CARTESIAN_POINT('',(225.396054845623,-111.406501098633,11.75));
#15755=CARTESIAN_POINT('',(229.603945154377,-111.406501098633,13.5));
#15756=CARTESIAN_POINT('',(224.1875,-111.406501098633,13.5));
#15757=CARTESIAN_POINT('',(229.603945154377,-111.406501098633,10.5587112956712));
#15758=CARTESIAN_POINT('',(229.603945154377,-111.406501098633,11.75));
#15759=CARTESIAN_POINT('',(229.603944223843,-111.406501098633,5.75262755839208));
#15760=CARTESIAN_POINT('',(229.60394538503,-111.406501098633,11.7499994638089));
#15761=CARTESIAN_POINT('',(229.603944223843,-111.406501098633,3.00000000000002));
#15762=CARTESIAN_POINT('',(229.603944223843,-111.406501098633,10.1307249069214));
#15763=CARTESIAN_POINT('',(235.396055480076,-111.406501098633,3.00000000000002));
#15764=CARTESIAN_POINT('',(227.54757976532,-111.406501098633,3.00000000000002));
#15765=CARTESIAN_POINT('',(235.396055480076,-111.406501098633,5.75262755839208));
#15766=CARTESIAN_POINT('',(235.396055480076,-111.406501098633,6.50000000000002));
#15767=CARTESIAN_POINT('',(235.39605471205,-111.406501098633,10.5587112956712));
#15768=CARTESIAN_POINT('',(235.396054521678,-111.406501098633,11.7500008558478));
#15769=CARTESIAN_POINT('',(235.39605471205,-111.406501098633,13.5));
#15770=CARTESIAN_POINT('',(235.39605471205,-111.406501098633,6.50000000000002));
#15771=CARTESIAN_POINT('',(247.60394528795,-111.406501098633,13.5));
#15772=CARTESIAN_POINT('',(236.6875,-111.406501098633,13.5));
#15773=CARTESIAN_POINT('',(247.60394528795,-111.406501098633,10.5587112956712));
#15774=CARTESIAN_POINT('',(247.60394528795,-111.406501098633,11.75));
#15775=CARTESIAN_POINT('',(247.603944519924,-111.406501098633,5.75262755839208));
#15776=CARTESIAN_POINT('',(247.603944639356,-111.406501098633,6.49999820757911));
#15777=CARTESIAN_POINT('',(247.603944519924,-111.406501098633,3.00000000000002));
#15778=CARTESIAN_POINT('',(247.603944519924,-111.406501098633,6.50000000000003));
#15779=CARTESIAN_POINT('',(253.396055776157,-111.406501098633,3.00000000000002));
#15780=CARTESIAN_POINT('',(236.547580003738,-111.406501098633,3.00000000000002));
#15781=CARTESIAN_POINT('',(253.396055776157,-111.406501098633,5.75262755839208));
#15782=CARTESIAN_POINT('',(253.396055776157,-111.406501098633,6.50000000000002));
#15783=CARTESIAN_POINT('',(253.396054845623,-111.406501098633,10.5587112956712));
#15784=CARTESIAN_POINT('',(253.396054928487,-111.406501098633,10.1307275901572));
#15785=CARTESIAN_POINT('',(253.396054845623,-111.406501098633,13.5));
#15786=CARTESIAN_POINT('',(253.396054845623,-111.406501098633,11.75));
#15787=CARTESIAN_POINT('',(238.1875,-111.406501098633,13.5));
#15788=CARTESIAN_POINT('',(201.603945154377,-111.406501098633,13.5));
#15789=CARTESIAN_POINT('',(213.6875,-111.406501098633,13.5));
#15790=CARTESIAN_POINT('',(201.603945154377,-111.406501098633,11.75));
#15791=CARTESIAN_POINT('Origin',(230.72015953064,-107.854871177673,3.00000000000002));
#15792=CARTESIAN_POINT('',(230.39999961853,-112.785311126709,3.00000000000002));
#15793=CARTESIAN_POINT('',(230.39999961853,-112.785311126709,3.00000000000002));
#15794=CARTESIAN_POINT('',(234.599999904633,-112.785311126709,3.00000000000002));
#15795=CARTESIAN_POINT('',(230.39999961853,-112.785311126709,3.00000000000002));
#15796=CARTESIAN_POINT('',(234.599999904633,-112.785311126709,3.00000000000002));
#15797=CARTESIAN_POINT('Origin',(228.300000190735,-109.148001098633,10.2614498138428));
#15798=CARTESIAN_POINT('',(228.300000190735,-109.148001098633,10.2614498138428));
#15799=CARTESIAN_POINT('Origin',(229.294179916382,-110.869970703125,13.5));
#15800=CARTESIAN_POINT('',(229.294179916382,-110.869970703125,13.5));
#15801=CARTESIAN_POINT('Origin',(230.39999961853,-112.785311126709,13.5));
#15802=CARTESIAN_POINT('',(230.39999961853,-112.785311126709,13.5));
#15803=CARTESIAN_POINT('',(229.294179916382,-110.869970703125,13.5));
#15804=CARTESIAN_POINT('',(230.39999961853,-112.785311126709,13.5));
#15805=CARTESIAN_POINT('Origin',(224.,-113.548001194,13.5));
#15806=CARTESIAN_POINT('',(224.60000038147,-112.785311126709,13.5));
#15807=CARTESIAN_POINT('',(224.60000038147,-112.785311126709,13.5));
#15808=CARTESIAN_POINT('',(224.,-112.785311126709,13.5));
#15809=CARTESIAN_POINT('',(226.,-113.548001194,13.5));
#15810=CARTESIAN_POINT('',(224.,-113.548001194,13.5));
#15811=CARTESIAN_POINT('',(226.,-115.648001098633,13.5));
#15812=CARTESIAN_POINT('',(226.,-113.548001194,13.5));
#15813=CARTESIAN_POINT('',(229.,-115.648001098633,13.5));
#15814=CARTESIAN_POINT('',(226.,-115.648001098633,13.5));
#15815=CARTESIAN_POINT('',(229.,-113.548001194,13.5));
#15816=CARTESIAN_POINT('',(229.,-115.648001098633,13.5));
#15817=CARTESIAN_POINT('',(231.,-113.548001194,13.5));
#15818=CARTESIAN_POINT('',(231.,-112.785311126709,13.5));
#15819=CARTESIAN_POINT('Origin',(225.705820083618,-110.869970703125,13.5));
#15820=CARTESIAN_POINT('',(224.60000038147,-112.785311126709,3.00000000000002));
#15821=CARTESIAN_POINT('',(224.60000038147,-112.785311126709,3.00000000000002));
#15822=CARTESIAN_POINT('',(224.60000038147,-112.785311126709,13.5));
#15823=CARTESIAN_POINT('Origin',(226.699999809265,-109.148001098633,10.2614498138428));
#15824=CARTESIAN_POINT('',(224.60000038147,-112.785311126709,3.00000000000002));
#15825=CARTESIAN_POINT('Origin',(226.699999809265,-109.148001098633,3.00000000000002));
#15826=CARTESIAN_POINT('',(224.60000038147,-112.785311126709,3.00000000000002));
#15827=CARTESIAN_POINT('Origin',(220.720160007477,-107.854871177673,3.00000000000002));
#15828=CARTESIAN_POINT('',(220.400000095367,-112.785311126709,3.00000000000002));
#15829=CARTESIAN_POINT('',(220.400000095367,-112.785311126709,3.00000000000002));
#15830=CARTESIAN_POINT('',(220.400000095367,-112.785311126709,3.00000000000002));
#15831=CARTESIAN_POINT('Origin',(218.300000190735,-109.148001098633,3.00000000000002));
#15832=CARTESIAN_POINT('',(220.400000095367,-112.785311126709,3.00000000000002));
#15833=CARTESIAN_POINT('Origin',(220.400000095367,-112.785311126709,3.00000000000002));
#15834=CARTESIAN_POINT('',(219.294179916382,-110.869970703125,13.5));
#15835=CARTESIAN_POINT('Origin',(219.294179916382,-110.869970703125,13.5));
#15836=CARTESIAN_POINT('',(220.400000095367,-112.785311126709,13.5));
#15837=CARTESIAN_POINT('',(220.400000095367,-112.785311126709,13.5));
#15838=CARTESIAN_POINT('',(220.400000095367,-112.785311126709,13.5));
#15839=CARTESIAN_POINT('Origin',(221.,-113.548001194,13.5));
#15840=CARTESIAN_POINT('',(206.599999904633,-112.785311126709,13.5));
#15841=CARTESIAN_POINT('',(206.599999904633,-112.785311126709,13.5));
#15842=CARTESIAN_POINT('',(206.,-112.785311126709,13.5));
#15843=CARTESIAN_POINT('',(221.,-113.548001194,13.5));
#15844=CARTESIAN_POINT('',(221.,-112.785311126709,13.5));
#15845=CARTESIAN_POINT('Origin',(206.599999904633,-112.785311126709,3.00000000000002));
#15846=CARTESIAN_POINT('',(206.599999904633,-112.785311126709,3.00000000000002));
#15847=CARTESIAN_POINT('',(207.705820083618,-110.869970703125,13.5));
#15848=CARTESIAN_POINT('',(206.599999904633,-112.785311126709,13.5));
#15849=CARTESIAN_POINT('Origin',(207.705820083618,-110.869970703125,13.5));
#15850=CARTESIAN_POINT('',(206.599999904633,-112.785311126709,3.00000000000002));
#15851=CARTESIAN_POINT('Origin',(206.599999904633,-112.785311126709,3.00000000000002));
#15852=CARTESIAN_POINT('',(206.599999904633,-112.785311126709,3.00000000000002));
#15853=CARTESIAN_POINT('Origin',(202.72015953064,-107.854871177673,3.00000000000002));
#15854=CARTESIAN_POINT('',(202.39999961853,-112.785311126709,3.00000000000002));
#15855=CARTESIAN_POINT('',(202.39999961853,-112.785311126709,3.00000000000002));
#15856=CARTESIAN_POINT('',(202.39999961853,-112.785311126709,3.00000000000002));
#15857=CARTESIAN_POINT('Origin',(200.300000190735,-109.148001098633,10.2614498138428));
#15858=CARTESIAN_POINT('',(200.300000190735,-109.148001098633,10.2614498138428));
#15859=CARTESIAN_POINT('Origin',(229.,-115.905620956421,9.33644962310794));
#15860=CARTESIAN_POINT('',(227.5,-115.957731056213,9.18507003784182));
#15861=CARTESIAN_POINT('',(226.5,-115.97289695945,9.17820560808139));
#15862=CARTESIAN_POINT('',(228.749958510437,-115.938774306394,9.19365029024019));
#15863=CARTESIAN_POINT('',(227.5,-115.755963134766,10.1545797348023));
#15864=CARTESIAN_POINT('',(227.5,-115.784197865944,10.0189097756113));
#15865=CARTESIAN_POINT('',(226.5,-115.656191253662,10.6999998092652));
#15866=CARTESIAN_POINT('',(228.51485492484,-115.857217119664,9.60105748612699));
#15867=CARTESIAN_POINT('',(226.5,-115.992471122742,9.08415031433108));
#15868=CARTESIAN_POINT('Origin',(229.,-115.905620956421,9.33644962310794));
#15869=CARTESIAN_POINT('',(228.5,-115.922990989685,9.28598976135256));
#15870=CARTESIAN_POINT('',(228.5,-115.855735015869,9.60915966033938));
#15871=CARTESIAN_POINT('',(228.5,-117.242799799859,2.94421139333182));
#15872=CARTESIAN_POINT('',(229.,-115.905620956421,9.33644962310794));
#15873=CARTESIAN_POINT('',(226.5,-115.992471122742,9.08415031433108));
#15874=CARTESIAN_POINT('',(226.5,-115.656191253662,10.6999998092652));
#15875=CARTESIAN_POINT('Origin',(229.,-115.905620956421,9.33644962310794));
#15876=CARTESIAN_POINT('',(228.5,-115.97289695945,9.17820560808139));
#15877=CARTESIAN_POINT('',(228.5,-119.379081251108,1.82171716609984));
#15878=CARTESIAN_POINT('',(228.74125517527,-115.976555812094,9.1765495288764));
#15879=CARTESIAN_POINT('',(227.5,-116.190699195862,8.68191833496096));
#15880=CARTESIAN_POINT('',(227.5,-115.94657821697,9.20915732319239));
#15881=CARTESIAN_POINT('',(228.5,-116.137590136707,8.82251039278427));
#15882=CARTESIAN_POINT('',(228.807586177713,-116.121254524199,8.86575456646694));
#15883=CARTESIAN_POINT('',(228.5,-116.388927268982,8.27968635559084));
#15884=CARTESIAN_POINT('',(228.5,-119.379081251108,1.82171716609984));
#15885=CARTESIAN_POINT('',(229.,-116.488041305542,8.07857036590578));
#15886=CARTESIAN_POINT('',(226.5,-115.992471122742,9.08415031433108));
#15887=CARTESIAN_POINT('',(229.,-116.488041305542,8.07857036590578));
#15888=CARTESIAN_POINT('Origin',(229.,-116.488041305542,8.07857036590578));
#15889=CARTESIAN_POINT('',(226.5,-116.137590136707,8.82251039278427));
#15890=CARTESIAN_POINT('',(228.738789418461,-116.256490136367,8.50775438140971));
#15891=CARTESIAN_POINT('',(226.5,-116.703066031225,7.80299499893035));
#15892=CARTESIAN_POINT('',(226.5,-116.79301109314,7.64083003997805));
#15893=CARTESIAN_POINT('',(227.5,-116.671023178101,7.81592617034914));
#15894=CARTESIAN_POINT('',(228.750050749599,-116.630967985533,7.83209079087441));
#15895=CARTESIAN_POINT('',(227.5,-116.245011075384,8.58399763174751));
#15896=CARTESIAN_POINT('Origin',(229.,-116.488041305542,8.07857036590578));
#15897=CARTESIAN_POINT('',(228.5,-116.549035263062,7.99102230072024));
#15898=CARTESIAN_POINT('',(228.5,-120.405861274011,1.03742175347));
#15899=CARTESIAN_POINT('',(226.5,-116.79301109314,7.64083003997805));
#15900=CARTESIAN_POINT('Origin',(229.,-116.488041305542,8.07857036590578));
#15901=CARTESIAN_POINT('',(228.5,-116.703066031225,7.80299499893035));
#15902=CARTESIAN_POINT('',(228.5,-122.208526423149,1.08241004732239));
#15903=CARTESIAN_POINT('',(228.724836631492,-116.710270438385,7.80008759790732));
#15904=CARTESIAN_POINT('',(227.5,-117.022395133972,7.387001991272));
#15905=CARTESIAN_POINT('',(227.5,-116.637317235246,7.85707143999155));
#15906=CARTESIAN_POINT('',(228.5,-116.991216563284,7.45124600943701));
#15907=CARTESIAN_POINT('',(228.785717774527,-116.982308291454,7.46960166733377));
#15908=CARTESIAN_POINT('',(228.5,-117.251779174805,7.13317394256594));
#15909=CARTESIAN_POINT('',(228.5,-122.208526423149,1.08241004732239));
#15910=CARTESIAN_POINT('',(229.,-117.366471195221,7.00625991821291));
#15911=CARTESIAN_POINT('',(226.5,-116.79301109314,7.64083003997805));
#15912=CARTESIAN_POINT('',(229.,-117.366471195221,7.00625991821291));
#15913=CARTESIAN_POINT('Origin',(229.,-117.366471195221,7.00625991821291));
#15914=CARTESIAN_POINT('',(226.5,-116.991216563284,7.45124600943701));
#15915=CARTESIAN_POINT('',(228.749493038847,-117.061352541008,7.30672953778725));
#15916=CARTESIAN_POINT('',(226.5,-117.796716280436,6.68078350471493));
#15917=CARTESIAN_POINT('',(226.5,-117.98572101593,6.50000000000002));
#15918=CARTESIAN_POINT('',(227.5,-117.738021087646,6.70250396728518));
#15919=CARTESIAN_POINT('',(228.74983881986,-117.664661557159,6.7296510445908));
#15920=CARTESIAN_POINT('',(227.5,-117.084039597468,7.32803890694562));
#15921=CARTESIAN_POINT('Origin',(229.,-117.366471195221,7.00625991821291));
#15922=CARTESIAN_POINT('',(228.5,-117.490321159363,6.90500793457034));
#15923=CARTESIAN_POINT('',(228.5,-123.767849114476,0.900536661924839));
#15924=CARTESIAN_POINT('',(226.5,-117.98572101593,6.50000000000002));
#15925=CARTESIAN_POINT('Origin',(229.,-117.366471195221,7.00625991821291));
#15926=CARTESIAN_POINT('',(228.5,-117.796716280436,6.68078350471493));
#15927=CARTESIAN_POINT('',(228.5,-124.820880026867,1.54039776443317));
#15928=CARTESIAN_POINT('',(228.693199186909,-117.808056143958,6.67658712900707));
#15929=CARTESIAN_POINT('',(227.5,-118.185473060608,6.3750520706177));
#15930=CARTESIAN_POINT('',(227.5,-117.673566232451,6.7496729728063));
#15931=CARTESIAN_POINT('',(228.5,-118.164833448165,6.41138997858763));
#15932=CARTESIAN_POINT('',(228.772030381333,-118.159218846521,6.42127499354956));
#15933=CARTESIAN_POINT('',(228.5,-118.385225105286,6.25010414123538));
#15934=CARTESIAN_POINT('',(228.5,-124.820880026867,1.54039776443317));
#15935=CARTESIAN_POINT('',(229.,-118.485101127625,6.18763017654421));
#15936=CARTESIAN_POINT('',(226.5,-117.98572101593,6.50000000000002));
#15937=CARTESIAN_POINT('',(229.,-118.485101127625,6.18763017654421));
#15938=CARTESIAN_POINT('Origin',(229.,-118.485101127625,6.18763017654421));
#15939=CARTESIAN_POINT('',(226.5,-118.164833448165,6.41138997858763));
#15940=CARTESIAN_POINT('',(228.749982771428,-118.211272220571,6.32963031170555));
#15941=CARTESIAN_POINT('',(226.5,-119.228114661287,5.8853663526065));
#15942=CARTESIAN_POINT('',(226.5,-117.98572101593,6.50000000000002));
#15943=CARTESIAN_POINT('',(227.5,-119.08785507679,5.92862806320193));
#15944=CARTESIAN_POINT('',(228.739258818699,-118.914037149794,5.9822405195693));
#15945=CARTESIAN_POINT('',(227.5,-118.238007094142,6.34906257464447));
#15946=CARTESIAN_POINT('Origin',(229.,-118.485101127625,6.18763017654421));
#15947=CARTESIAN_POINT('',(228.5,-118.68601911068,6.10129613876345));
#15948=CARTESIAN_POINT('',(228.5,-126.413210818898,2.2785206106692));
#15949=CARTESIAN_POINT('',(226.5,-119.4896910429,5.7559599876404));
#15950=CARTESIAN_POINT('Origin',(229.,-118.485101127625,6.18763017654421));
#15951=CARTESIAN_POINT('',(228.5,-119.228114661287,5.8853663526065));
#15952=CARTESIAN_POINT('',(228.5,-126.737101367885,2.8943550963927));
#15953=CARTESIAN_POINT('',(228.589012809439,-119.240599560954,5.88151550620528));
#15954=CARTESIAN_POINT('',(227.5,-119.602963042259,5.72344808578494));
#15955=CARTESIAN_POINT('',(227.5,-118.9863125717,5.96907490211315));
#15956=CARTESIAN_POINT('',(228.5,-119.59303863036,5.74000829807698));
#15957=CARTESIAN_POINT('',(228.759752265779,-119.590460741883,5.74430985074162));
#15958=CARTESIAN_POINT('',(228.5,-119.716235041618,5.69093618392947));
#15959=CARTESIAN_POINT('',(228.5,-126.737101367885,2.8943550963927));
#15960=CARTESIAN_POINT('',(229.,-119.772871041298,5.67468023300173));
#15961=CARTESIAN_POINT('',(226.5,-119.4896910429,5.7559599876404));
#15962=CARTESIAN_POINT('',(229.,-119.772871041298,5.67468023300173));
#15963=CARTESIAN_POINT('Origin',(229.,-119.772871041298,5.67468023300173));
#15964=CARTESIAN_POINT('',(228.5,-120.047897052765,5.63974418640139));
#15965=CARTESIAN_POINT('',(228.5,-127.710435374373,4.45703217949263));
#15966=CARTESIAN_POINT('',(226.5,-121.148001098633,5.50000000000002));
#15967=CARTESIAN_POINT('Origin',(229.,-119.772871041298,5.67468023300173));
#15968=CARTESIAN_POINT('',(228.5,-121.148001098633,5.50000000000002));
#15969=CARTESIAN_POINT('',(228.5,-127.693056826446,4.66859365160026));
#15970=CARTESIAN_POINT('',(229.,-121.148001098633,5.50000000000002));
#15971=CARTESIAN_POINT('',(226.5,-121.148001098633,5.50000000000002));
#15972=CARTESIAN_POINT('',(229.,-121.148001098633,5.50000000000002));
#15973=CARTESIAN_POINT('Origin',(229.,-122.523131155968,5.67468023300173));
#15974=CARTESIAN_POINT('',(227.5,-122.693039155006,5.72344808578494));
#15975=CARTESIAN_POINT('',(226.5,-122.702963566905,5.74000829807698));
#15976=CARTESIAN_POINT('',(228.749949740999,-122.680634138924,5.7027486527196));
#15977=CARTESIAN_POINT('',(227.5,-121.698053121567,5.56987209320071));
#15978=CARTESIAN_POINT('',(227.5,-121.834999714222,5.59100978578248));
#15979=CARTESIAN_POINT('',(226.5,-121.148001098633,5.50000000000002));
#15980=CARTESIAN_POINT('',(228.514853841734,-122.256275530195,5.64078205541541));
#15981=CARTESIAN_POINT('',(226.5,-122.806311154366,5.7559599876404));
#15982=CARTESIAN_POINT('Origin',(229.,-122.523131155968,5.67468023300173));
#15983=CARTESIAN_POINT('',(228.5,-122.579767155647,5.69093618392947));
#15984=CARTESIAN_POINT('',(228.5,-122.248105144501,5.63974418640139));
#15985=CARTESIAN_POINT('',(228.5,-128.25979353678,6.56764767541792));
#15986=CARTESIAN_POINT('',(229.,-122.523131155968,5.67468023300173));
#15987=CARTESIAN_POINT('',(226.5,-122.806311154366,5.7559599876404));
#15988=CARTESIAN_POINT('',(226.5,-121.148001098633,5.50000000000002));
#15989=CARTESIAN_POINT('Origin',(229.,-122.523131155968,5.67468023300173));
#15990=CARTESIAN_POINT('',(228.5,-122.702963566905,5.74000829807698));
#15991=CARTESIAN_POINT('',(228.5,-126.997916490022,7.45079206157217));
#15992=CARTESIAN_POINT('',(228.738774373566,-122.70533326214,5.74396245239313));
#15993=CARTESIAN_POINT('',(227.5,-123.208147120476,5.92862806320193));
#15994=CARTESIAN_POINT('',(227.5,-122.665804668729,5.71259993034191));
#15995=CARTESIAN_POINT('',(228.5,-123.067887535978,5.8853663526065));
#15996=CARTESIAN_POINT('',(228.807284209005,-123.024787980501,5.87207271208598));
#15997=CARTESIAN_POINT('',(228.5,-123.609983086586,6.10129613876345));
#15998=CARTESIAN_POINT('',(228.5,-126.997916490022,7.45079206157217));
#15999=CARTESIAN_POINT('',(229.,-123.810901069641,6.18763017654421));
#16000=CARTESIAN_POINT('',(226.5,-122.806311154366,5.7559599876404));
#16001=CARTESIAN_POINT('',(229.,-123.810901069641,6.18763017654421));
#16002=CARTESIAN_POINT('Origin',(229.,-123.810901069641,6.18763017654421));
#16003=CARTESIAN_POINT('',(226.5,-123.067887535978,5.8853663526065));
#16004=CARTESIAN_POINT('',(228.739258818699,-123.381965047471,5.9822405195693));
#16005=CARTESIAN_POINT('',(226.5,-124.131168749101,6.41138997858763));
#16006=CARTESIAN_POINT('',(226.5,-124.310281181335,6.50000000000002));
#16007=CARTESIAN_POINT('',(227.5,-124.110529136658,6.3750520706177));
#16008=CARTESIAN_POINT('',(228.749982771428,-124.084729976695,6.32963031170555));
#16009=CARTESIAN_POINT('',(227.5,-123.306010089639,5.97704256846466));
#16010=CARTESIAN_POINT('Origin',(229.,-123.810901069641,6.18763017654421));
#16011=CARTESIAN_POINT('',(228.5,-123.91077709198,6.25010414123538));
#16012=CARTESIAN_POINT('',(228.5,-127.130072962022,7.84274554763463));
#16013=CARTESIAN_POINT('',(226.5,-124.310281181335,6.50000000000002));
#16014=CARTESIAN_POINT('Origin',(229.,-123.810901069641,6.18763017654421));
#16015=CARTESIAN_POINT('',(228.5,-124.131168749101,6.41138997858763));
#16016=CARTESIAN_POINT('',(228.5,-126.033045923424,7.80321150490459));
#16017=CARTESIAN_POINT('',(228.716670266063,-124.135640739421,6.41926332277566));
#16018=CARTESIAN_POINT('',(227.5,-124.557981109619,6.70250396728518));
#16019=CARTESIAN_POINT('',(227.5,-124.063120998612,6.34035810197195));
#16020=CARTESIAN_POINT('',(228.5,-124.49928591683,6.68078350471493));
#16021=CARTESIAN_POINT('',(228.781963959427,-124.482735987872,6.67465911708803));
#16022=CARTESIAN_POINT('',(228.5,-124.805681037903,6.90500793457034));
#16023=CARTESIAN_POINT('',(228.5,-126.033045923424,7.80321150490459));
#16024=CARTESIAN_POINT('',(229.,-124.929531002045,7.00625991821291));
#16025=CARTESIAN_POINT('',(226.5,-124.310281181335,6.50000000000002));
#16026=CARTESIAN_POINT('',(229.,-124.929531002045,7.00625991821291));
#16027=CARTESIAN_POINT('Origin',(229.,-124.929531002045,7.00625991821291));
#16028=CARTESIAN_POINT('',(226.5,-124.49928591683,6.68078350471493));
#16029=CARTESIAN_POINT('',(228.74983881986,-124.631340640106,6.7296510445908));
#16030=CARTESIAN_POINT('',(226.5,-125.304785633981,7.45124600943701));
#16031=CARTESIAN_POINT('',(226.5,-124.310281181335,6.50000000000002));
#16032=CARTESIAN_POINT('',(227.5,-125.273607063293,7.387001991272));
#16033=CARTESIAN_POINT('',(228.749493038847,-125.234649656258,7.30672953778725));
#16034=CARTESIAN_POINT('',(227.5,-124.615607638402,6.7576238869566));
#16035=CARTESIAN_POINT('Origin',(229.,-124.929531002045,7.00625991821291));
#16036=CARTESIAN_POINT('',(228.5,-125.044223022461,7.13317394256594));
#16037=CARTESIAN_POINT('',(228.5,-125.839251049083,7.8936202489677));
#16038=CARTESIAN_POINT('',(226.5,-125.502991104126,7.64083003997805));
#16039=CARTESIAN_POINT('Origin',(229.,-124.929531002045,7.00625991821291));
#16040=CARTESIAN_POINT('',(228.5,-125.304785633981,7.45124600943701));
#16041=CARTESIAN_POINT('',(228.5,-125.27043628974,7.40931533160554));
#16042=CARTESIAN_POINT('',(228.682864157597,-125.310487077045,7.46299393769938));
#16043=CARTESIAN_POINT('',(227.5,-125.624979019165,7.81592617034914));
#16044=CARTESIAN_POINT('',(227.5,-125.219470017181,7.32091621614511));
#16045=CARTESIAN_POINT('',(228.5,-125.592936166041,7.80299499893035));
#16046=CARTESIAN_POINT('',(228.767949674619,-125.584350293972,7.79953009575623));
#16047=CARTESIAN_POINT('',(228.5,-125.746966934204,7.99102230072024));
#16048=CARTESIAN_POINT('',(228.5,-125.27043628974,7.40931533160554));
#16049=CARTESIAN_POINT('',(229.,-125.807960891724,8.07857036590578));
#16050=CARTESIAN_POINT('',(226.5,-125.502991104126,7.64083003997805));
#16051=CARTESIAN_POINT('',(229.,-125.807960891724,8.07857036590578));
#16052=CARTESIAN_POINT('Origin',(229.,-125.807960891724,8.07857036590578));
#16053=CARTESIAN_POINT('',(226.5,-125.592936166041,7.80299499893035));
#16054=CARTESIAN_POINT('',(228.750050749599,-125.665034211733,7.83209079087441));
#16055=CARTESIAN_POINT('',(226.5,-126.158412060559,8.82251039278427));
#16056=CARTESIAN_POINT('',(226.5,-126.303531074524,9.08415031433108));
#16057=CARTESIAN_POINT('',(227.5,-126.105303001404,8.68191833496096));
#16058=CARTESIAN_POINT('',(228.738789418461,-126.039512060898,8.50775438140971));
#16059=CARTESIAN_POINT('',(227.5,-125.650721136683,7.862337494571));
#16060=CARTESIAN_POINT('Origin',(229.,-125.807960891724,8.07857036590578));
#16061=CARTESIAN_POINT('',(228.5,-125.907074928284,8.27968635559084));
#16062=CARTESIAN_POINT('',(228.5,-125.183817642687,6.97570161719497));
#16063=CARTESIAN_POINT('',(226.5,-126.303531074524,9.08415031433108));
#16064=CARTESIAN_POINT('Origin',(229.,-125.807960891724,8.07857036590578));
#16065=CARTESIAN_POINT('',(228.5,-126.158412060559,8.82251039278427));
#16066=CARTESIAN_POINT('',(228.5,-125.097245256165,6.53066102026082));
#16067=CARTESIAN_POINT('',(228.585983978777,-126.162978588774,8.83459905730037));
#16068=CARTESIAN_POINT('',(227.5,-126.338271141052,9.18507003784182));
#16069=CARTESIAN_POINT('',(227.5,-126.058213805735,8.58021769459132));
#16070=CARTESIAN_POINT('',(228.5,-126.323105237816,9.17820560808139));
#16071=CARTESIAN_POINT('',(228.758080226519,-126.319191218073,9.17643403449389));
#16072=CARTESIAN_POINT('',(228.5,-126.373011207581,9.28598976135256));
#16073=CARTESIAN_POINT('',(228.5,-125.097245256165,6.53066102026082));
#16074=CARTESIAN_POINT('',(229.,-126.390381240845,9.33644962310794));
#16075=CARTESIAN_POINT('',(226.5,-126.303531074524,9.08415031433108));
#16076=CARTESIAN_POINT('',(229.,-126.390381240845,9.33644962310794));
#16077=CARTESIAN_POINT('Origin',(229.,-126.390381240845,9.33644962310794));
#16078=CARTESIAN_POINT('',(228.5,-126.639810943604,10.6999998092652));
#16079=CARTESIAN_POINT('',(228.5,-126.440267181396,9.60915966033938));
#16080=CARTESIAN_POINT('',(228.5,-125.705868163077,5.5944416573619));
#16081=CARTESIAN_POINT('',(229.,-126.639810943604,10.6999998092652));
#16082=CARTESIAN_POINT('',(226.5,-126.639810943604,10.6999998092652));
#16083=CARTESIAN_POINT('',(229.,-126.639810943604,10.6999998092652));
#16084=CARTESIAN_POINT('',(226.5,-126.639810943604,10.6999998092652));
#16085=CARTESIAN_POINT('Origin',(229.,-126.390381240845,9.33644962310794));
#16086=CARTESIAN_POINT('',(227.5,-126.5400390625,10.1545797348023));
#16087=CARTESIAN_POINT('',(227.5,-126.343664396781,9.21098502814424));
#16088=CARTESIAN_POINT('',(226.5,-126.323105237816,9.17820560808139));
#16089=CARTESIAN_POINT('',(228.749958510437,-126.357227890871,9.19365029024019));
#16090=CARTESIAN_POINT('',(226.5,-126.639810943604,10.6999998092652));
#16091=CARTESIAN_POINT('',(226.5,-126.639810943604,10.6999998092652));
#16092=CARTESIAN_POINT('',(228.51485492484,-126.438785077602,9.60105748612699));
#16093=CARTESIAN_POINT('Origin',(229.,-126.390381240845,9.33644962310794));
#16094=CARTESIAN_POINT('',(228.5,-125.634387005207,5.73684616373536));
#16095=CARTESIAN_POINT('Origin',(226.5,-107.148001098633,2.33475463626027E-14));
#16096=CARTESIAN_POINT('',(226.5,-126.373011207581,9.28598976135256));
#16097=CARTESIAN_POINT('',(226.5,-122.86115674994,1.70128073934697));
#16098=CARTESIAN_POINT('',(226.5,-126.440267181396,9.60915966033938));
#16099=CARTESIAN_POINT('',(226.5,-125.02623611876,2.81463644181972));
#16100=CARTESIAN_POINT('',(226.5,-125.377281117248,3.79816429923958));
#16101=CARTESIAN_POINT('Origin',(226.5,-107.148001098633,2.33475463626027E-14));
#16102=CARTESIAN_POINT('',(226.5,-124.805681037903,6.90500793457034));
#16103=CARTESIAN_POINT('',(226.5,-117.152847894423,1.30455273682756));
#16104=CARTESIAN_POINT('',(226.5,-125.044223022461,7.13317394256594));
#16105=CARTESIAN_POINT('',(226.5,-118.240020438874,0.624937063567718));
#16106=CARTESIAN_POINT('',(226.5,-119.918946059842,0.876683699110367));
#16107=CARTESIAN_POINT('Origin',(226.5,-107.148001098633,2.33475463626027E-14));
#16108=CARTESIAN_POINT('',(226.5,-125.746966934204,7.99102230072024));
#16109=CARTESIAN_POINT('',(226.5,-119.918946059842,0.876683699110367));
#16110=CARTESIAN_POINT('',(226.5,-125.907074928284,8.27968635559084));
#16111=CARTESIAN_POINT('',(226.5,-121.761430335664,0.805365132360742));
#16112=CARTESIAN_POINT('',(226.5,-122.86115674994,1.70128073934697));
#16113=CARTESIAN_POINT('Origin',(226.5,-107.148001098633,2.33475463626027E-14));
#16114=CARTESIAN_POINT('',(226.5,-123.609983086586,6.10129613876345));
#16115=CARTESIAN_POINT('',(226.5,-115.051188303931,2.6921209018366));
#16116=CARTESIAN_POINT('',(226.5,-123.91077709198,6.25010414123538));
#16117=CARTESIAN_POINT('',(226.5,-115.393476532552,2.03644808435552));
#16118=CARTESIAN_POINT('',(226.5,-117.152847894423,1.30455273682756));
#16119=CARTESIAN_POINT('Origin',(226.5,-107.148001098633,2.33475463626027E-14));
#16120=CARTESIAN_POINT('',(226.5,-122.248105144501,5.63974418640139));
#16121=CARTESIAN_POINT('',(226.5,-113.915380342152,4.58125353509941));
#16122=CARTESIAN_POINT('',(226.5,-122.579767155647,5.69093618392947));
#16123=CARTESIAN_POINT('',(226.5,-113.900833859619,4.35134371658378));
#16124=CARTESIAN_POINT('',(226.5,-115.051188303931,2.6921209018366));
#16125=CARTESIAN_POINT('Origin',(226.5,-107.148001098633,2.33475463626027E-14));
#16126=CARTESIAN_POINT('',(226.5,-119.716235041618,5.69093618392947));
#16127=CARTESIAN_POINT('',(226.5,-119.59303863036,5.74000829807698));
#16128=CARTESIAN_POINT('',(226.5,-115.161913275857,7.50503283878731));
#16129=CARTESIAN_POINT('',(226.5,-120.047897052765,5.63974418640139));
#16130=CARTESIAN_POINT('',(226.5,-113.891786595894,6.58993920632926));
#16131=CARTESIAN_POINT('',(226.5,-114.602940613365,6.33140695273054));
#16132=CARTESIAN_POINT('',(226.5,-121.148001098633,5.50000000000002));
#16133=CARTESIAN_POINT('Origin',(226.5,-107.148001098633,2.33475463626027E-14));
#16134=CARTESIAN_POINT('',(226.5,-117.251779174805,7.13317394256594));
#16135=CARTESIAN_POINT('',(226.5,-116.754880676962,7.73974420723995));
#16136=CARTESIAN_POINT('',(226.5,-117.490321159363,6.90500793457034));
#16137=CARTESIAN_POINT('',(226.5,-116.148528830703,8.18843567059959));
#16138=CARTESIAN_POINT('',(226.5,-116.025915583615,7.97668134813333));
#16139=CARTESIAN_POINT('Origin',(226.5,-107.148001098633,2.33475463626027E-14));
#16140=CARTESIAN_POINT('',(226.5,-118.385225105286,6.25010414123538));
#16141=CARTESIAN_POINT('',(226.5,-116.025915583615,7.97668134813333));
#16142=CARTESIAN_POINT('',(226.5,-118.68601911068,6.10129613876345));
#16143=CARTESIAN_POINT('',(226.5,-114.903259067574,7.97269302750076));
#16144=CARTESIAN_POINT('',(226.5,-115.161913275857,7.50503283878731));
#16145=CARTESIAN_POINT('Origin',(226.5,-107.148001098633,2.33475463626027E-14));
#16146=CARTESIAN_POINT('',(226.5,-116.388927268982,8.27968635559084));
#16147=CARTESIAN_POINT('',(226.5,-116.963310962757,7.03916422210903));
#16148=CARTESIAN_POINT('',(226.5,-116.549035263062,7.99102230072024));
#16149=CARTESIAN_POINT('',(226.5,-116.84062515697,7.46530513326223));
#16150=CARTESIAN_POINT('',(226.5,-116.754880676962,7.73974420723995));
#16151=CARTESIAN_POINT('Origin',(256.5,-115.656191253662,10.6999998092652));
#16152=CARTESIAN_POINT('',(254.,-115.656191253662,10.6999998092652));
#16153=CARTESIAN_POINT('',(254.,-115.648001098633,10.6999998092652));
#16154=CARTESIAN_POINT('',(254.,-115.656191253662,10.6999998092652));
#16155=CARTESIAN_POINT('',(254.,-115.656191253662,10.6999998092652));
#16156=CARTESIAN_POINT('',(256.5,-115.648001098633,10.6999998092652));
#16157=CARTESIAN_POINT('Origin',(256.5,-126.639810943604,10.6999998092652));
#16158=CARTESIAN_POINT('',(254.,-126.639810943604,10.6999998092652));
#16159=CARTESIAN_POINT('',(254.,-126.648001098633,10.6999998092652));
#16160=CARTESIAN_POINT('',(254.,-126.639810943604,10.6999998092652));
#16161=CARTESIAN_POINT('',(256.5,-126.648001098633,10.6999998092652));
#16162=CARTESIAN_POINT('',(256.5,-126.639810943604,10.6999998092652));
#16163=CARTESIAN_POINT('Origin',(256.5,-115.648001098633,13.5));
#16164=CARTESIAN_POINT('',(254.,-115.648001098633,13.5));
#16165=CARTESIAN_POINT('',(254.,-115.648001098633,13.5));
#16166=CARTESIAN_POINT('',(254.,-115.648001098633,13.5));
#16167=CARTESIAN_POINT('Origin',(256.5,-126.648001098633,13.5));
#16168=CARTESIAN_POINT('',(254.,-126.648001098633,13.5));
#16169=CARTESIAN_POINT('Origin',(254.699999809265,-109.148001098633,10.2614498138428));
#16170=CARTESIAN_POINT('',(252.60000038147,-112.785311126709,3.00000000000002));
#16171=CARTESIAN_POINT('',(252.60000038147,-112.785311126709,3.00000000000002));
#16172=CARTESIAN_POINT('',(252.60000038147,-112.785311126709,3.00000000000002));
#16173=CARTESIAN_POINT('Origin',(254.699999809265,-109.148001098633,3.00000000000002));
#16174=CARTESIAN_POINT('',(252.60000038147,-112.785311126709,3.00000000000002));
#16175=CARTESIAN_POINT('Origin',(253.705820083618,-110.869970703125,13.5));
#16176=CARTESIAN_POINT('',(252.60000038147,-112.785311126709,13.5));
#16177=CARTESIAN_POINT('',(252.60000038147,-112.785311126709,13.5));
#16178=CARTESIAN_POINT('',(252.60000038147,-112.785311126709,13.5));
#16179=CARTESIAN_POINT('Origin',(234.599999904633,-112.785311126709,3.00000000000002));
#16180=CARTESIAN_POINT('',(234.599999904633,-112.785311126709,3.00000000000002));
#16181=CARTESIAN_POINT('Origin',(234.599999904633,-112.785311126709,3.00000000000002));
#16182=CARTESIAN_POINT('',(235.705820083618,-110.869970703125,13.5));
#16183=CARTESIAN_POINT('',(234.599999904633,-112.785311126709,13.5));
#16184=CARTESIAN_POINT('',(234.599999904633,-112.785311126709,13.5));
#16185=CARTESIAN_POINT('',(234.599999904633,-112.785311126709,13.5));
#16186=CARTESIAN_POINT('Origin',(235.705820083618,-110.869970703125,13.5));
#16187=CARTESIAN_POINT('Origin',(247.294179916382,-110.869970703125,13.5));
#16188=CARTESIAN_POINT('',(248.400000095367,-112.785311126709,13.5));
#16189=CARTESIAN_POINT('',(248.400000095367,-112.785311126709,13.5));
#16190=CARTESIAN_POINT('',(248.400000095367,-112.785311126709,3.00000000000002));
#16191=CARTESIAN_POINT('',(248.400000095367,-112.785311126709,13.5));
#16192=CARTESIAN_POINT('',(247.294179916382,-110.869970703125,13.5));
#16193=CARTESIAN_POINT('Origin',(248.400000095367,-112.785311126709,3.00000000000002));
#16194=CARTESIAN_POINT('',(248.400000095367,-112.785311126709,3.00000000000002));
#16195=CARTESIAN_POINT('Origin',(246.300000190735,-109.148001098633,3.00000000000002));
#16196=CARTESIAN_POINT('',(248.400000095367,-112.785311126709,3.00000000000002));
#16197=CARTESIAN_POINT('Origin',(254.,-115.648001098633,10.6999998092652));
#16198=CARTESIAN_POINT('',(254.,-113.62813129425,9.89929962158205));
#16199=CARTESIAN_POINT('',(254.,-113.580311203003,11.6999998092652));
#16200=CARTESIAN_POINT('',(254.,-113.62813129425,9.89929962158205));
#16201=CARTESIAN_POINT('',(254.,-114.098400974274,8.16042995452883));
#16202=CARTESIAN_POINT('',(254.,-114.098400974274,8.16042995452883));
#16203=CARTESIAN_POINT('',(254.,-114.964701080322,6.58108997344973));
#16204=CARTESIAN_POINT('',(254.,-114.964701080322,6.58108997344973));
#16205=CARTESIAN_POINT('',(254.,-116.178361320496,5.2499899864197));
#16206=CARTESIAN_POINT('',(254.,-116.178361320496,5.2499899864197));
#16207=CARTESIAN_POINT('',(254.,-117.671201133728,4.24189996719363));
#16208=CARTESIAN_POINT('',(254.,-117.671201133728,4.24189996719363));
#16209=CARTESIAN_POINT('',(254.,-119.359361076355,3.61347007751467));
#16210=CARTESIAN_POINT('',(254.,-117.671201133728,4.24189996719363));
#16211=CARTESIAN_POINT('',(254.,-121.148001098633,3.40000009536746));
#16212=CARTESIAN_POINT('',(254.,-121.148001098633,3.40000009536746));
#16213=CARTESIAN_POINT('',(254.,-122.936641120911,3.61347007751467));
#16214=CARTESIAN_POINT('',(254.,-122.936641120911,3.61347007751467));
#16215=CARTESIAN_POINT('',(254.,-124.624801063538,4.24189996719363));
#16216=CARTESIAN_POINT('',(254.,-124.624801063538,4.24189996719363));
#16217=CARTESIAN_POINT('',(254.,-126.11764087677,5.2499899864197));
#16218=CARTESIAN_POINT('',(254.,-126.11764087677,5.2499899864197));
#16219=CARTESIAN_POINT('',(254.,-127.331301116943,6.58108997344973));
#16220=CARTESIAN_POINT('',(254.,-127.331301116943,6.58108997344973));
#16221=CARTESIAN_POINT('',(254.,-128.197601222992,8.16042995452883));
#16222=CARTESIAN_POINT('',(254.,-128.197601222992,8.16042995452883));
#16223=CARTESIAN_POINT('',(254.,-128.667870903015,9.89929962158205));
#16224=CARTESIAN_POINT('',(254.,-128.667870903015,9.89929962158205));
#16225=CARTESIAN_POINT('',(254.,-128.715690994263,11.6999998092652));
#16226=CARTESIAN_POINT('',(254.,-128.715690994263,11.6999998092652));
#16227=CARTESIAN_POINT('',(254.,-128.748001003265,11.6999998092652));
#16228=CARTESIAN_POINT('',(254.,-128.715690994263,11.6999998092652));
#16229=CARTESIAN_POINT('',(254.,-128.748001003265,13.5));
#16230=CARTESIAN_POINT('',(254.,-126.390381240845,9.33644962310794));
#16231=CARTESIAN_POINT('',(254.,-126.390381240845,9.33644962310794));
#16232=CARTESIAN_POINT('',(254.,-125.807960891724,8.07857036590578));
#16233=CARTESIAN_POINT('',(254.,-126.390381240845,9.33644962310794));
#16234=CARTESIAN_POINT('',(254.,-124.929531002045,7.00625991821291));
#16235=CARTESIAN_POINT('',(254.,-125.807960891724,8.07857036590578));
#16236=CARTESIAN_POINT('',(254.,-123.810901069641,6.18763017654421));
#16237=CARTESIAN_POINT('',(254.,-124.929531002045,7.00625991821291));
#16238=CARTESIAN_POINT('',(254.,-122.523131155968,5.67468023300173));
#16239=CARTESIAN_POINT('',(254.,-123.810901069641,6.18763017654421));
#16240=CARTESIAN_POINT('',(254.,-121.148001098633,5.50000000000002));
#16241=CARTESIAN_POINT('',(254.,-122.523131155968,5.67468023300173));
#16242=CARTESIAN_POINT('',(254.,-119.772871041298,5.67468023300173));
#16243=CARTESIAN_POINT('',(254.,-121.148001098633,5.50000000000002));
#16244=CARTESIAN_POINT('',(254.,-118.485101127625,6.18763017654421));
#16245=CARTESIAN_POINT('',(254.,-119.772871041298,5.67468023300173));
#16246=CARTESIAN_POINT('',(254.,-117.366471195221,7.00625991821291));
#16247=CARTESIAN_POINT('',(254.,-118.485101127625,6.18763017654421));
#16248=CARTESIAN_POINT('',(254.,-116.488041305542,8.07857036590578));
#16249=CARTESIAN_POINT('',(254.,-117.366471195221,7.00625991821291));
#16250=CARTESIAN_POINT('',(254.,-115.905620956421,9.33644962310794));
#16251=CARTESIAN_POINT('',(254.,-116.488041305542,8.07857036590578));
#16252=CARTESIAN_POINT('',(254.,-115.905620956421,9.33644962310794));
#16253=CARTESIAN_POINT('',(254.,-113.548001194,13.5));
#16254=CARTESIAN_POINT('',(254.,-113.548001194,13.5));
#16255=CARTESIAN_POINT('',(254.,-113.548001194,11.6999998092652));
#16256=CARTESIAN_POINT('',(254.,-113.548001194,11.6999998092652));
#16257=CARTESIAN_POINT('',(254.,-113.580311203003,11.6999998092652));
#16258=CARTESIAN_POINT('Origin',(235.705820083618,-131.426031494141,13.5));
#16259=CARTESIAN_POINT('',(234.599999904633,-129.510691070557,13.5));
#16260=CARTESIAN_POINT('',(234.599999904633,-129.510691070557,13.5));
#16261=CARTESIAN_POINT('',(234.599999904633,-129.510691070557,3.00000000000002));
#16262=CARTESIAN_POINT('',(234.599999904633,-129.510691070557,13.5));
#16263=CARTESIAN_POINT('',(235.705820083618,-131.426031494141,13.5));
#16264=CARTESIAN_POINT('Origin',(234.599999904633,-129.510691070557,3.00000000000002));
#16265=CARTESIAN_POINT('',(234.599999904633,-129.510691070557,3.00000000000002));
#16266=CARTESIAN_POINT('Origin',(236.699999809265,-133.148001098633,3.00000000000002));
#16267=CARTESIAN_POINT('',(234.599999904633,-129.510691070557,3.00000000000002));
#16268=CARTESIAN_POINT('Origin',(254.699999809265,-133.148001098633,10.2614498138428));
#16269=CARTESIAN_POINT('',(252.60000038147,-129.510691070557,3.00000000000002));
#16270=CARTESIAN_POINT('',(252.60000038147,-129.510691070557,3.00000000000002));
#16271=CARTESIAN_POINT('Origin',(253.705820083618,-131.426031494141,13.5));
#16272=CARTESIAN_POINT('Origin',(229.294179916382,-131.426031494141,13.5));
#16273=CARTESIAN_POINT('',(229.294179916382,-131.426031494141,13.5));
#16274=CARTESIAN_POINT('Origin',(230.39999961853,-129.510691070557,3.00000000000002));
#16275=CARTESIAN_POINT('',(230.39999961853,-129.510691070557,13.5));
#16276=CARTESIAN_POINT('',(230.39999961853,-129.510691070557,13.5));
#16277=CARTESIAN_POINT('',(229.294179916382,-131.426031494141,13.5));
#16278=CARTESIAN_POINT('Origin',(256.5,-115.656191253662,10.6999998092652));
#16279=CARTESIAN_POINT('',(254.,-115.905620956421,9.33644962310794));
#16280=CARTESIAN_POINT('',(254.,-115.905620956421,9.33644962310794));
#16281=CARTESIAN_POINT('Origin',(256.5,-115.656191253662,10.6999998092652));
#16282=CARTESIAN_POINT('Origin',(256.5,-115.992471122742,9.08415031433108));
#16283=CARTESIAN_POINT('',(254.,-116.488041305542,8.07857036590578));
#16284=CARTESIAN_POINT('',(254.,-116.488041305542,8.07857036590578));
#16285=CARTESIAN_POINT('Origin',(256.5,-115.992471122742,9.08415031433108));
#16286=CARTESIAN_POINT('Origin',(256.5,-116.79301109314,7.64083003997805));
#16287=CARTESIAN_POINT('',(256.5,-117.98572101593,6.50000000000002));
#16288=CARTESIAN_POINT('',(254.,-117.366471195221,7.00625991821291));
#16289=CARTESIAN_POINT('Origin',(256.5,-116.79301109314,7.64083003997805));
#16290=CARTESIAN_POINT('Origin',(256.5,-117.98572101593,6.50000000000002));
#16291=CARTESIAN_POINT('',(256.5,-119.4896910429,5.7559599876404));
#16292=CARTESIAN_POINT('',(256.5,-117.98572101593,6.50000000000002));
#16293=CARTESIAN_POINT('Origin',(256.5,-117.98572101593,6.50000000000002));
#16294=CARTESIAN_POINT('Origin',(256.5,-119.4896910429,5.7559599876404));
#16295=CARTESIAN_POINT('',(256.5,-121.148001098633,5.50000000000002));
#16296=CARTESIAN_POINT('',(256.5,-119.4896910429,5.7559599876404));
#16297=CARTESIAN_POINT('Origin',(256.5,-119.4896910429,5.7559599876404));
#16298=CARTESIAN_POINT('Origin',(256.5,-121.148001098633,5.50000000000002));
#16299=CARTESIAN_POINT('',(256.5,-122.806311154366,5.7559599876404));
#16300=CARTESIAN_POINT('',(256.5,-121.148001098633,5.50000000000002));
#16301=CARTESIAN_POINT('Origin',(256.5,-121.148001098633,5.50000000000002));
#16302=CARTESIAN_POINT('',(256.5,-121.148001098633,5.50000000000002));
#16303=CARTESIAN_POINT('Origin',(256.5,-121.148001098633,5.50000000000002));
#16304=CARTESIAN_POINT('Origin',(256.5,-122.806311154366,5.7559599876404));
#16305=CARTESIAN_POINT('',(256.5,-124.310281181335,6.50000000000002));
#16306=CARTESIAN_POINT('',(256.5,-122.806311154366,5.7559599876404));
#16307=CARTESIAN_POINT('Origin',(256.5,-122.806311154366,5.7559599876404));
#16308=CARTESIAN_POINT('Origin',(256.5,-124.310281181335,6.50000000000002));
#16309=CARTESIAN_POINT('',(256.5,-125.502991104126,7.64083003997805));
#16310=CARTESIAN_POINT('',(256.5,-124.310281181335,6.50000000000002));
#16311=CARTESIAN_POINT('Origin',(256.5,-124.310281181335,6.50000000000002));
#16312=CARTESIAN_POINT('Origin',(256.5,-125.502991104126,7.64083003997805));
#16313=CARTESIAN_POINT('',(256.5,-126.303531074524,9.08415031433108));
#16314=CARTESIAN_POINT('',(256.5,-125.502991104126,7.64083003997805));
#16315=CARTESIAN_POINT('Origin',(256.5,-125.502991104126,7.64083003997805));
#16316=CARTESIAN_POINT('Origin',(256.5,-126.303531074524,9.08415031433108));
#16317=CARTESIAN_POINT('',(256.5,-126.639810943604,10.6999998092652));
#16318=CARTESIAN_POINT('',(256.5,-126.303531074524,9.08415031433108));
#16319=CARTESIAN_POINT('Origin',(256.5,-126.303531074524,9.08415031433108));
#16320=CARTESIAN_POINT('Origin',(256.5,-126.639810943604,10.6999998092652));
#16321=CARTESIAN_POINT('Origin',(248.720160007477,-107.854871177673,3.00000000000002));
#16322=CARTESIAN_POINT('',(248.400000095367,-112.785311126709,3.00000000000002));
#16323=CARTESIAN_POINT('Origin',(248.720160007477,-131.854871177673,3.00000000000002));
#16324=CARTESIAN_POINT('',(248.400000095367,-129.510691070557,3.00000000000002));
#16325=CARTESIAN_POINT('',(250.638139724731,-130.952341461182,3.00000000000002));
#16326=CARTESIAN_POINT('',(250.638139724731,-130.952341461182,3.00000000000002));
#16327=CARTESIAN_POINT('',(251.179840087891,-131.055680656433,3.00000000000002));
#16328=CARTESIAN_POINT('',(250.638139724731,-130.952341461182,3.00000000000002));
#16329=CARTESIAN_POINT('',(251.678819656372,-131.290480995178,3.00000000000002));
#16330=CARTESIAN_POINT('Origin',(230.72015953064,-131.854871177673,3.00000000000002));
#16331=CARTESIAN_POINT('',(234.599999904633,-129.510691070557,3.00000000000002));
#16332=CARTESIAN_POINT('',(232.638139724731,-130.952341461182,3.00000000000002));
#16333=CARTESIAN_POINT('',(232.638139724731,-130.952341461182,3.00000000000002));
#16334=CARTESIAN_POINT('',(233.179840087891,-131.055680656433,3.00000000000002));
#16335=CARTESIAN_POINT('',(232.638139724731,-130.952341461182,3.00000000000002));
#16336=CARTESIAN_POINT('',(233.678820133209,-131.290480995178,3.00000000000002));
#16337=CARTESIAN_POINT('Origin',(234.,-129.510691070557,5.34461021423342));
#16338=CARTESIAN_POINT('',(231.,-129.510691070557,5.34461021423342));
#16339=CARTESIAN_POINT('Origin',(234.,-115.059060955048,2.16050004959109));
#16340=CARTESIAN_POINT('',(231.,-115.059060955048,2.16050004959109));
#16341=CARTESIAN_POINT('',(231.,-112.785311126709,5.34461021423342));
#16342=CARTESIAN_POINT('Origin',(234.599999904633,-112.785311126709,13.5));
#16343=CARTESIAN_POINT('',(234.,-112.785311126709,13.5));
#16344=CARTESIAN_POINT('Origin',(229.,-113.548001194,11.6999998092652));
#16345=CARTESIAN_POINT('',(229.,-113.548001194,11.6999998092652));
#16346=CARTESIAN_POINT('',(229.,-113.548001194,13.5));
#16347=CARTESIAN_POINT('',(231.,-113.548001194,11.6999998092652));
#16348=CARTESIAN_POINT('Origin',(231.,-113.548001194,11.6999998092652));
#16349=CARTESIAN_POINT('',(229.,-113.580311203003,11.6999998092652));
#16350=CARTESIAN_POINT('',(229.,-113.580311203003,11.6999998092652));
#16351=CARTESIAN_POINT('',(231.,-113.580311203003,11.6999998092652));
#16352=CARTESIAN_POINT('Origin',(231.,-113.576441192627,11.6568899154663));
#16353=CARTESIAN_POINT('',(231.,-113.063540840149,10.7434902191162));
#16354=CARTESIAN_POINT('',(231.,-113.576441192627,11.6568899154663));
#16355=CARTESIAN_POINT('Origin',(234.,-113.063540840149,10.7434902191162));
#16356=CARTESIAN_POINT('',(231.,-113.552931213379,6.89383983612063));
#16357=CARTESIAN_POINT('Origin',(234.,-113.552931213379,6.89383983612063));
#16358=CARTESIAN_POINT('Origin',(234.,-117.201251173019,2.81037998199465));
#16359=CARTESIAN_POINT('',(231.,-118.517431163788,2.20104002952578));
#16360=CARTESIAN_POINT('Origin',(234.,-120.660201096535,1.50000000000002));
#16361=CARTESIAN_POINT('',(231.,-120.660201096535,1.50000000000002));
#16362=CARTESIAN_POINT('Origin',(234.,-120.660201096535,1.50000000000002));
#16363=CARTESIAN_POINT('',(231.,-121.635801100731,1.50000000000002));
#16364=CARTESIAN_POINT('Origin',(234.,-123.778571033478,2.20104002952578));
#16365=CARTESIAN_POINT('Origin',(234.,-125.094751024246,2.81037998199465));
#16366=CARTESIAN_POINT('',(231.,-127.068461322784,4.42303991317751));
#16367=CARTESIAN_POINT('Origin',(234.,-127.068461322784,4.42303991317751));
#16368=CARTESIAN_POINT('',(231.,-128.743070983887,6.89383983612063));
#16369=CARTESIAN_POINT('Origin',(234.,-128.743070983887,6.89383983612063));
#16370=CARTESIAN_POINT('',(231.,-129.232461357117,10.7434902191162));
#16371=CARTESIAN_POINT('Origin',(234.,-128.719561004639,11.6568899154663));
#16372=CARTESIAN_POINT('',(231.,-128.719561004639,11.6568899154663));
#16373=CARTESIAN_POINT('Origin',(231.,-128.715690994263,11.6999998092652));
#16374=CARTESIAN_POINT('',(229.,-128.715690994263,11.6999998092652));
#16375=CARTESIAN_POINT('',(229.,-128.748001003265,11.6999998092652));
#16376=CARTESIAN_POINT('',(229.,-128.715690994263,11.6999998092652));
#16377=CARTESIAN_POINT('',(231.,-128.748001003265,11.6999998092652));
#16378=CARTESIAN_POINT('',(231.,-128.715690994263,11.6999998092652));
#16379=CARTESIAN_POINT('Origin',(231.,-128.748001003265,13.5));
#16380=CARTESIAN_POINT('',(229.,-128.748001003265,13.5));
#16381=CARTESIAN_POINT('',(229.,-128.748001003265,13.5));
#16382=CARTESIAN_POINT('',(231.,-128.748001003265,13.5));
#16383=CARTESIAN_POINT('Origin',(234.,-129.510691070557,5.34461021423342));
#16384=CARTESIAN_POINT('',(234.,-129.510691070557,13.5));
#16385=CARTESIAN_POINT('',(231.,-129.510691070557,13.5));
#16386=CARTESIAN_POINT('Origin',(252.,-113.548001194,13.5));
#16387=CARTESIAN_POINT('',(252.,-112.785311126709,13.5));
#16388=CARTESIAN_POINT('',(252.,-113.548001194,13.5));
#16389=CARTESIAN_POINT('Origin',(252.,-113.548001194,11.6999998092652));
#16390=CARTESIAN_POINT('',(252.,-113.548001194,11.6999998092652));
#16391=CARTESIAN_POINT('Origin',(254.,-113.548001194,11.6999998092652));
#16392=CARTESIAN_POINT('',(252.,-113.580311203003,11.6999998092652));
#16393=CARTESIAN_POINT('Origin',(254.,-128.748001003265,11.6999998092652));
#16394=CARTESIAN_POINT('',(252.,-128.748001003265,11.6999998092652));
#16395=CARTESIAN_POINT('',(252.,-128.715690994263,11.6999998092652));
#16396=CARTESIAN_POINT('Origin',(254.,-128.748001003265,11.6999998092652));
#16397=CARTESIAN_POINT('Origin',(252.,-129.510691070557,5.34461021423342));
#16398=CARTESIAN_POINT('',(249.,-129.510691070557,5.34461021423342));
#16399=CARTESIAN_POINT('Origin',(252.,-115.059060955048,2.16050004959109));
#16400=CARTESIAN_POINT('',(249.,-115.059060955048,2.16050004959109));
#16401=CARTESIAN_POINT('',(249.,-112.785311126709,5.34461021423342));
#16402=CARTESIAN_POINT('Origin',(249.,-112.785311126709,5.34461021423342));
#16403=CARTESIAN_POINT('',(249.,-112.785311126709,13.5));
#16404=CARTESIAN_POINT('Origin',(249.,-113.548001194,13.5));
#16405=CARTESIAN_POINT('',(249.,-113.548001194,13.5));
#16406=CARTESIAN_POINT('Origin',(234.,-113.548001194,11.6999998092652));
#16407=CARTESIAN_POINT('',(249.,-113.548001194,11.6999998092652));
#16408=CARTESIAN_POINT('Origin',(249.,-113.548001194,11.6999998092652));
#16409=CARTESIAN_POINT('',(249.,-113.580311203003,11.6999998092652));
#16410=CARTESIAN_POINT('Origin',(249.,-113.576441192627,11.6568899154663));
#16411=CARTESIAN_POINT('',(249.,-113.063540840149,10.7434902191162));
#16412=CARTESIAN_POINT('',(249.,-113.576441192627,11.6568899154663));
#16413=CARTESIAN_POINT('Origin',(252.,-113.063540840149,10.7434902191162));
#16414=CARTESIAN_POINT('',(249.,-113.552931213379,6.89383983612063));
#16415=CARTESIAN_POINT('Origin',(252.,-113.552931213379,6.89383983612063));
#16416=CARTESIAN_POINT('Origin',(252.,-117.201251173019,2.81037998199465));
#16417=CARTESIAN_POINT('Origin',(252.,-125.094751024246,2.81037998199465));
#16418=CARTESIAN_POINT('',(249.,-127.068461322784,4.42303991317751));
#16419=CARTESIAN_POINT('Origin',(252.,-127.068461322784,4.42303991317751));
#16420=CARTESIAN_POINT('',(249.,-128.743070983887,6.89383983612063));
#16421=CARTESIAN_POINT('Origin',(252.,-128.743070983887,6.89383983612063));
#16422=CARTESIAN_POINT('',(249.,-129.232461357117,10.7434902191162));
#16423=CARTESIAN_POINT('Origin',(252.,-128.719561004639,11.6568899154663));
#16424=CARTESIAN_POINT('',(249.,-128.719561004639,11.6568899154663));
#16425=CARTESIAN_POINT('Origin',(254.,-117.671201133728,4.24189996719363));
#16426=CARTESIAN_POINT('',(229.,-117.671201133728,4.24189996719363));
#16427=CARTESIAN_POINT('',(229.,-119.359361076355,3.61347007751467));
#16428=CARTESIAN_POINT('',(229.,-117.671201133728,4.24189996719363));
#16429=CARTESIAN_POINT('',(229.,-119.359361076355,3.61347007751467));
#16430=CARTESIAN_POINT('',(229.,-117.671201133728,4.24189996719363));
#16431=CARTESIAN_POINT('Origin',(254.,-119.359361076355,3.61347007751467));
#16432=CARTESIAN_POINT('',(229.,-121.148001098633,3.40000009536746));
#16433=CARTESIAN_POINT('',(229.,-119.359361076355,3.61347007751467));
#16434=CARTESIAN_POINT('',(229.,-121.148001098633,3.40000009536746));
#16435=CARTESIAN_POINT('Origin',(254.,-122.936641120911,3.61347007751467));
#16436=CARTESIAN_POINT('',(229.,-122.936641120911,3.61347007751467));
#16437=CARTESIAN_POINT('',(229.,-122.936641120911,3.61347007751467));
#16438=CARTESIAN_POINT('',(229.,-122.936641120911,3.61347007751467));
#16439=CARTESIAN_POINT('Origin',(254.,-122.936641120911,3.61347007751467));
#16440=CARTESIAN_POINT('',(229.,-124.624801063538,4.24189996719363));
#16441=CARTESIAN_POINT('',(229.,-122.936641120911,3.61347007751467));
#16442=CARTESIAN_POINT('',(229.,-124.624801063538,4.24189996719363));
#16443=CARTESIAN_POINT('Origin',(254.,-124.624801063538,4.24189996719363));
#16444=CARTESIAN_POINT('',(229.,-126.11764087677,5.2499899864197));
#16445=CARTESIAN_POINT('',(229.,-124.624801063538,4.24189996719363));
#16446=CARTESIAN_POINT('',(229.,-126.11764087677,5.2499899864197));
#16447=CARTESIAN_POINT('Origin',(254.,-113.580311203003,11.6999998092652));
#16448=CARTESIAN_POINT('',(252.,-113.576441192627,11.6568899154663));
#16449=CARTESIAN_POINT('',(252.,-113.576441192627,11.6568899154663));
#16450=CARTESIAN_POINT('Origin',(254.,-126.11764087677,5.2499899864197));
#16451=CARTESIAN_POINT('',(229.,-127.331301116943,6.58108997344973));
#16452=CARTESIAN_POINT('',(229.,-126.11764087677,5.2499899864197));
#16453=CARTESIAN_POINT('',(229.,-127.331301116943,6.58108997344973));
#16454=CARTESIAN_POINT('Origin',(254.,-113.580311203003,11.6999998092652));
#16455=CARTESIAN_POINT('Origin',(254.,-128.197601222992,8.16042995452883));
#16456=CARTESIAN_POINT('',(229.,-128.197601222992,8.16042995452883));
#16457=CARTESIAN_POINT('',(229.,-128.197601222992,8.16042995452883));
#16458=CARTESIAN_POINT('',(229.,-128.197601222992,8.16042995452883));
#16459=CARTESIAN_POINT('Origin',(254.,-128.667870903015,9.89929962158205));
#16460=CARTESIAN_POINT('',(252.,-128.719561004639,11.6568899154663));
#16461=CARTESIAN_POINT('',(252.,-128.719561004639,11.6568899154663));
#16462=CARTESIAN_POINT('Origin',(254.,-128.667870903015,9.89929962158205));
#16463=CARTESIAN_POINT('',(229.,-128.667870903015,9.89929962158205));
#16464=CARTESIAN_POINT('',(229.,-128.667870903015,9.89929962158205));
#16465=CARTESIAN_POINT('',(229.,-128.667870903015,9.89929962158205));
#16466=CARTESIAN_POINT('Origin',(254.,-128.715690994263,11.6999998092652));
#16467=CARTESIAN_POINT('Origin',(249.,-113.580311203003,11.6999998092652));
#16468=CARTESIAN_POINT('',(249.,-113.576441192627,11.6568899154663));
#16469=CARTESIAN_POINT('Origin',(254.,-113.62813129425,9.89929962158205));
#16470=CARTESIAN_POINT('',(229.,-114.098400974274,8.16042995452883));
#16471=CARTESIAN_POINT('',(229.,-113.62813129425,9.89929962158205));
#16472=CARTESIAN_POINT('',(229.,-114.098400974274,8.16042995452883));
#16473=CARTESIAN_POINT('',(229.,-114.098400974274,8.16042995452883));
#16474=CARTESIAN_POINT('',(229.,-113.62813129425,9.89929962158205));
#16475=CARTESIAN_POINT('Origin',(234.,-128.719561004639,11.6568899154663));
#16476=CARTESIAN_POINT('',(249.,-128.715690994263,11.6999998092652));
#16477=CARTESIAN_POINT('',(249.,-128.719561004639,11.6568899154663));
#16478=CARTESIAN_POINT('Origin',(234.,-113.576441192627,11.6568899154663));
#16479=CARTESIAN_POINT('',(231.,-113.576441192627,11.6568899154663));
#16480=CARTESIAN_POINT('Origin',(229.,-128.667870903015,9.89929962158205));
#16481=CARTESIAN_POINT('',(231.,-128.719561004639,11.6568899154663));
#16482=CARTESIAN_POINT('',(231.,-128.719561004639,11.6568899154663));
#16483=CARTESIAN_POINT('',(229.,-128.667870903015,9.89929962158205));
#16484=CARTESIAN_POINT('Origin',(229.,-128.667870903015,9.89929962158205));
#16485=CARTESIAN_POINT('Origin',(231.,-113.580311203003,11.6999998092652));
#16486=CARTESIAN_POINT('',(231.,-113.576441192627,11.6568899154663));
#16487=CARTESIAN_POINT('Origin',(231.,-113.576441192627,11.6568899154663));
#16488=CARTESIAN_POINT('',(229.,-113.62813129425,9.89929962158205));
#16489=CARTESIAN_POINT('Origin',(231.,-128.719561004639,11.6568899154663));
#16490=CARTESIAN_POINT('Origin',(254.,-114.964701080322,6.58108997344973));
#16491=CARTESIAN_POINT('',(229.,-114.964701080322,6.58108997344973));
#16492=CARTESIAN_POINT('',(229.,-114.964701080322,6.58108997344973));
#16493=CARTESIAN_POINT('',(229.,-116.178361320496,5.2499899864197));
#16494=CARTESIAN_POINT('',(229.,-116.178361320496,5.2499899864197));
#16495=CARTESIAN_POINT('',(229.,-116.178361320496,5.2499899864197));
#16496=CARTESIAN_POINT('Origin',(254.,-114.964701080322,6.58108997344973));
#16497=CARTESIAN_POINT('',(229.,-114.964701080322,6.58108997344973));
#16498=CARTESIAN_POINT('Origin',(254.,-116.178361320496,5.2499899864197));
#16499=CARTESIAN_POINT('',(229.,-116.178361320496,5.2499899864197));
#16500=CARTESIAN_POINT('Origin',(249.,-128.748001003265,11.6999998092652));
#16501=CARTESIAN_POINT('',(249.,-128.748001003265,11.6999998092652));
#16502=CARTESIAN_POINT('Origin',(249.,-128.748001003265,11.6999998092652));
#16503=CARTESIAN_POINT('',(249.,-128.748001003265,13.5));
#16504=CARTESIAN_POINT('Origin',(234.599999904633,-129.510691070557,13.5));
#16505=CARTESIAN_POINT('',(249.,-129.510691070557,13.5));
#16506=CARTESIAN_POINT('Origin',(248.400000095367,-129.510691070557,13.5));
#16507=CARTESIAN_POINT('Origin',(229.,-113.580311203003,11.6999998092652));
#16508=CARTESIAN_POINT('',(229.,-115.648001098633,10.6999998092652));
#16509=CARTESIAN_POINT('',(229.,-115.648001098633,10.6999998092652));
#16510=CARTESIAN_POINT('',(229.,-115.656191253662,10.6999998092652));
#16511=CARTESIAN_POINT('',(229.,-115.656191253662,10.6999998092652));
#16512=CARTESIAN_POINT('',(229.,-115.905620956421,9.33644962310794));
#16513=CARTESIAN_POINT('',(229.,-122.523131155968,5.67468023300173));
#16514=CARTESIAN_POINT('',(229.,-126.648001098633,10.6999998092652));
#16515=CARTESIAN_POINT('',(229.,-126.639810943604,10.6999998092652));
#16516=CARTESIAN_POINT('',(229.,-126.648001098633,13.5));
#16517=CARTESIAN_POINT('',(229.,-126.648001098633,13.5));
#16518=CARTESIAN_POINT('',(229.,-126.648001098633,13.5));
#16519=CARTESIAN_POINT('Origin',(251.069399833679,-131.022961044312,2.33475463626027E-14));
#16520=CARTESIAN_POINT('',(251.069399833679,-131.022961044312,2.33475463626027E-14));
#16521=CARTESIAN_POINT('',(251.069399833679,-131.022961044312,2.33475463626027E-14));
#16522=CARTESIAN_POINT('Origin',(250.5,-130.948001289368,2.33475463626027E-14));
#16523=CARTESIAN_POINT('',(250.5,-130.948001289368,2.33475463626027E-14));
#16524=CARTESIAN_POINT('Origin',(250.5,-130.948001289368,2.33475463626027E-14));
#16525=CARTESIAN_POINT('',(250.5,-130.948001289368,2.33475463626027E-14));
#16526=CARTESIAN_POINT('Origin',(251.60000038147,-131.242741012573,2.33475463626027E-14));
#16527=CARTESIAN_POINT('',(251.60000038147,-131.242741012573,2.33475463626027E-14));
#16528=CARTESIAN_POINT('Origin',(251.60000038147,-131.242741012573,2.33475463626027E-14));
#16529=CARTESIAN_POINT('Origin',(251.069399833679,-131.022961044312,2.33475463626027E-14));
#16530=CARTESIAN_POINT('Origin',(233.069399833679,-131.022961044312,2.33475463626027E-14));
#16531=CARTESIAN_POINT('',(233.069399833679,-131.022961044312,2.33475463626027E-14));
#16532=CARTESIAN_POINT('',(233.069399833679,-131.022961044312,2.33475463626027E-14));
#16533=CARTESIAN_POINT('Origin',(232.5,-130.948001289368,2.33475463626027E-14));
#16534=CARTESIAN_POINT('',(232.5,-130.948001289368,2.33475463626027E-14));
#16535=CARTESIAN_POINT('Origin',(232.5,-130.948001289368,2.33475463626027E-14));
#16536=CARTESIAN_POINT('',(232.5,-130.948001289368,2.33475463626027E-14));
#16537=CARTESIAN_POINT('Origin',(233.599999904633,-131.242741012573,2.33475463626027E-14));
#16538=CARTESIAN_POINT('',(233.599999904633,-131.242741012573,2.33475463626027E-14));
#16539=CARTESIAN_POINT('Origin',(233.599999904633,-131.242741012573,2.33475463626027E-14));
#16540=CARTESIAN_POINT('Origin',(233.069399833679,-131.022961044312,2.33475463626027E-14));
#16541=CARTESIAN_POINT('Origin',(234.,-118.148001098633,2.33475463626027E-14));
#16542=CARTESIAN_POINT('Origin',(252.,-118.148001098633,2.33475463626027E-14));
#16543=CARTESIAN_POINT('Origin',(229.,-115.656191253662,10.6999998092652));
#16544=CARTESIAN_POINT('',(228.5,-115.656191253662,10.6999998092652));
#16545=CARTESIAN_POINT('',(228.5,-116.918721080017,3.79816429923958));
#16546=CARTESIAN_POINT('',(226.5,-115.656191253662,10.6999998092652));
#16547=CARTESIAN_POINT('Origin',(229.,-119.772871041298,5.67468023300173));
#16548=CARTESIAN_POINT('',(228.749949740999,-119.615368058342,5.7027486527196));
#16549=CARTESIAN_POINT('',(227.5,-120.597949075699,5.56987209320071));
#16550=CARTESIAN_POINT('',(228.514853841734,-120.039726667071,5.64078205541541));
#16551=CARTESIAN_POINT('',(227.5,-119.631847455178,5.71898977960267));
#16552=CARTESIAN_POINT('Origin',(229.,-121.148001098633,5.50000000000002));
#16553=CARTESIAN_POINT('',(228.5,-127.693061583901,6.33140695273054));
#16554=CARTESIAN_POINT('Origin',(226.5,-107.148001098633,2.33475463626027E-14));
#16555=CARTESIAN_POINT('',(226.5,-115.922990989685,9.28598976135256));
#16556=CARTESIAN_POINT('',(226.5,-116.963310962757,7.03916422210903));
#16557=CARTESIAN_POINT('',(226.5,-115.855735015869,9.60915966033938));
#16558=CARTESIAN_POINT('',(226.5,-116.465419182809,6.27621675044051));
#16559=CARTESIAN_POINT('',(226.5,-116.520441536165,6.4151959596903));
#16560=CARTESIAN_POINT('Origin',(228.5,-115.656191253662,10.6999998092652));
#16561=CARTESIAN_POINT('',(226.,-115.905620956421,9.33644962310794));
#16562=CARTESIAN_POINT('',(226.,-115.656191253662,10.6999998092652));
#16563=CARTESIAN_POINT('Origin',(228.5,-115.656191253662,10.6999998092652));
#16564=CARTESIAN_POINT('',(226.,-115.656191253662,10.6999998092652));
#16565=CARTESIAN_POINT('',(226.,-115.656191253662,10.6999998092652));
#16566=CARTESIAN_POINT('',(226.,-115.905620956421,9.33644962310794));
#16567=CARTESIAN_POINT('',(226.,-115.905620956421,9.33644962310794));
#16568=CARTESIAN_POINT('',(226.,-115.905620956421,9.33644962310794));
#16569=CARTESIAN_POINT('Origin',(228.5,-115.656191253662,10.6999998092652));
#16570=CARTESIAN_POINT('',(228.5,-115.992471122742,9.08415031433108));
#16571=CARTESIAN_POINT('Origin',(228.5,-115.656191253662,10.6999998092652));
#16572=CARTESIAN_POINT('',(226.,-115.905620956421,9.33644962310794));
#16573=CARTESIAN_POINT('Origin',(228.5,-115.656191253662,10.6999998092652));
#16574=CARTESIAN_POINT('',(226.,-115.648001098633,10.6999998092652));
#16575=CARTESIAN_POINT('',(228.5,-115.648001098633,10.6999998092652));
#16576=CARTESIAN_POINT('',(226.,-115.656191253662,10.6999998092652));
#16577=CARTESIAN_POINT('Origin',(228.5,-115.648001098633,13.5));
#16578=CARTESIAN_POINT('',(226.,-115.648001098633,13.5));
#16579=CARTESIAN_POINT('Origin',(228.5,-115.992471122742,9.08415031433108));
#16580=CARTESIAN_POINT('',(226.,-116.488041305542,8.07857036590578));
#16581=CARTESIAN_POINT('',(226.,-116.488041305542,8.07857036590578));
#16582=CARTESIAN_POINT('',(226.,-116.488041305542,8.07857036590578));
#16583=CARTESIAN_POINT('Origin',(228.5,-115.992471122742,9.08415031433108));
#16584=CARTESIAN_POINT('',(228.5,-116.79301109314,7.64083003997805));
#16585=CARTESIAN_POINT('Origin',(228.5,-116.79301109314,7.64083003997805));
#16586=CARTESIAN_POINT('',(226.,-117.366471195221,7.00625991821291));
#16587=CARTESIAN_POINT('',(226.,-117.366471195221,7.00625991821291));
#16588=CARTESIAN_POINT('',(228.5,-117.98572101593,6.50000000000002));
#16589=CARTESIAN_POINT('Origin',(228.5,-116.79301109314,7.64083003997805));
#16590=CARTESIAN_POINT('',(228.5,-117.98572101593,6.50000000000002));
#16591=CARTESIAN_POINT('Origin',(228.5,-117.98572101593,6.50000000000002));
#16592=CARTESIAN_POINT('',(226.,-118.485101127625,6.18763017654421));
#16593=CARTESIAN_POINT('',(228.5,-117.98572101593,6.50000000000002));
#16594=CARTESIAN_POINT('',(228.5,-119.4896910429,5.7559599876404));
#16595=CARTESIAN_POINT('Origin',(228.5,-117.98572101593,6.50000000000002));
#16596=CARTESIAN_POINT('',(228.5,-117.98572101593,6.50000000000002));
#16597=CARTESIAN_POINT('Origin',(228.5,-119.4896910429,5.7559599876404));
#16598=CARTESIAN_POINT('',(226.,-119.772871041298,5.67468023300173));
#16599=CARTESIAN_POINT('',(228.5,-119.4896910429,5.7559599876404));
#16600=CARTESIAN_POINT('',(228.5,-121.148001098633,5.50000000000002));
#16601=CARTESIAN_POINT('Origin',(228.5,-119.4896910429,5.7559599876404));
#16602=CARTESIAN_POINT('',(228.5,-121.148001098633,5.50000000000002));
#16603=CARTESIAN_POINT('',(228.5,-121.148001098633,5.50000000000002));
#16604=CARTESIAN_POINT('Origin',(228.5,-121.148001098633,5.50000000000002));
#16605=CARTESIAN_POINT('',(226.,-121.148001098633,5.50000000000002));
#16606=CARTESIAN_POINT('',(226.,-121.148001098633,5.50000000000002));
#16607=CARTESIAN_POINT('',(228.5,-121.148001098633,5.50000000000002));
#16608=CARTESIAN_POINT('Origin',(228.5,-121.148001098633,5.50000000000002));
#16609=CARTESIAN_POINT('',(228.5,-121.148001098633,5.50000000000002));
#16610=CARTESIAN_POINT('Origin',(228.5,-121.148001098633,5.50000000000002));
#16611=CARTESIAN_POINT('',(228.5,-121.148001098633,5.50000000000002));
#16612=CARTESIAN_POINT('Origin',(228.5,-121.148001098633,5.50000000000002));
#16613=CARTESIAN_POINT('',(226.,-122.523131155968,5.67468023300173));
#16614=CARTESIAN_POINT('',(226.,-122.523131155968,5.67468023300173));
#16615=CARTESIAN_POINT('',(228.5,-121.148001098633,5.50000000000002));
#16616=CARTESIAN_POINT('Origin',(228.5,-121.148001098633,5.50000000000002));
#16617=CARTESIAN_POINT('',(228.5,-122.806311154366,5.7559599876404));
#16618=CARTESIAN_POINT('Origin',(228.5,-122.806311154366,5.7559599876404));
#16619=CARTESIAN_POINT('',(226.,-123.810901069641,6.18763017654421));
#16620=CARTESIAN_POINT('',(228.5,-122.806311154366,5.7559599876404));
#16621=CARTESIAN_POINT('',(228.5,-124.310281181335,6.50000000000002));
#16622=CARTESIAN_POINT('Origin',(228.5,-122.806311154366,5.7559599876404));
#16623=CARTESIAN_POINT('',(228.5,-124.310281181335,6.50000000000002));
#16624=CARTESIAN_POINT('Origin',(220.720160007477,-131.854871177673,3.00000000000002));
#16625=CARTESIAN_POINT('',(224.60000038147,-129.510691070557,3.00000000000002));
#16626=CARTESIAN_POINT('',(224.60000038147,-129.510691070557,3.00000000000002));
#16627=CARTESIAN_POINT('',(220.400000095367,-129.510691070557,3.00000000000002));
#16628=CARTESIAN_POINT('',(220.400000095367,-129.510691070557,3.00000000000002));
#16629=CARTESIAN_POINT('',(220.400000095367,-129.510691070557,3.00000000000002));
#16630=CARTESIAN_POINT('',(222.087759971619,-130.986971282959,3.00000000000002));
#16631=CARTESIAN_POINT('',(221.563289642334,-131.157381439209,3.00000000000002));
#16632=CARTESIAN_POINT('',(222.638139724731,-130.952341461182,3.00000000000002));
#16633=CARTESIAN_POINT('',(222.638139724731,-130.952341461182,3.00000000000002));
#16634=CARTESIAN_POINT('',(222.638139724731,-130.952341461182,3.00000000000002));
#16635=CARTESIAN_POINT('Origin',(228.5,-124.310281181335,6.50000000000002));
#16636=CARTESIAN_POINT('',(226.,-124.929531002045,7.00625991821291));
#16637=CARTESIAN_POINT('',(228.5,-124.310281181335,6.50000000000002));
#16638=CARTESIAN_POINT('',(228.5,-125.502991104126,7.64083003997805));
#16639=CARTESIAN_POINT('Origin',(228.5,-124.310281181335,6.50000000000002));
#16640=CARTESIAN_POINT('',(228.5,-124.310281181335,6.50000000000002));
#16641=CARTESIAN_POINT('Origin',(226.699999809265,-133.148001098633,10.2614498138428));
#16642=CARTESIAN_POINT('',(224.60000038147,-129.510691070557,3.00000000000002));
#16643=CARTESIAN_POINT('Origin',(225.705820083618,-131.426031494141,13.5));
#16644=CARTESIAN_POINT('',(224.60000038147,-129.510691070557,3.00000000000002));
#16645=CARTESIAN_POINT('Origin',(228.5,-125.502991104126,7.64083003997805));
#16646=CARTESIAN_POINT('',(226.,-125.807960891724,8.07857036590578));
#16647=CARTESIAN_POINT('',(228.5,-125.502991104126,7.64083003997805));
#16648=CARTESIAN_POINT('',(228.5,-126.303531074524,9.08415031433108));
#16649=CARTESIAN_POINT('Origin',(228.5,-125.502991104126,7.64083003997805));
#16650=CARTESIAN_POINT('',(228.5,-126.303531074524,9.08415031433108));
#16651=CARTESIAN_POINT('Origin',(224.60000038147,-129.510691070557,13.5));
#16652=CARTESIAN_POINT('',(226.,-126.648001098633,13.5));
#16653=CARTESIAN_POINT('',(226.,-126.648001098633,13.5));
#16654=CARTESIAN_POINT('',(226.,-128.748001003265,13.5));
#16655=CARTESIAN_POINT('',(226.,-128.748001003265,13.5));
#16656=CARTESIAN_POINT('',(224.,-128.748001003265,13.5));
#16657=CARTESIAN_POINT('',(224.60000038147,-129.510691070557,13.5));
#16658=CARTESIAN_POINT('',(224.,-129.510691070557,13.5));
#16659=CARTESIAN_POINT('',(224.60000038147,-129.510691070557,13.5));
#16660=CARTESIAN_POINT('Origin',(228.5,-135.148001098633,2.33475463626027E-14));
#16661=CARTESIAN_POINT('',(228.5,-126.303531074524,9.08415031433108));
#16662=CARTESIAN_POINT('Origin',(228.5,-135.148001098633,2.33475463626027E-14));
#16663=CARTESIAN_POINT('Origin',(228.5,-135.148001098633,2.33475463626027E-14));
#16664=CARTESIAN_POINT('Origin',(228.5,-135.148001098633,2.33475463626027E-14));
#16665=CARTESIAN_POINT('Origin',(228.5,-135.148001098633,2.33475463626027E-14));
#16666=CARTESIAN_POINT('Origin',(228.5,-135.148001098633,2.33475463626027E-14));
#16667=CARTESIAN_POINT('Origin',(228.5,-135.148001098633,2.33475463626027E-14));
#16668=CARTESIAN_POINT('Origin',(228.5,-135.148001098633,2.33475463626027E-14));
#16669=CARTESIAN_POINT('Origin',(228.5,-135.148001098633,2.33475463626027E-14));
#16670=CARTESIAN_POINT('Origin',(228.5,-135.148001098633,2.33475463626027E-14));
#16671=CARTESIAN_POINT('Origin',(228.5,-126.648001098633,13.5));
#16672=CARTESIAN_POINT('',(226.,-126.648001098633,10.6999998092652));
#16673=CARTESIAN_POINT('',(228.5,-126.648001098633,10.6999998092652));
#16674=CARTESIAN_POINT('',(226.,-126.648001098633,13.5));
#16675=CARTESIAN_POINT('Origin',(228.5,-126.639810943604,10.6999998092652));
#16676=CARTESIAN_POINT('',(226.,-126.639810943604,10.6999998092652));
#16677=CARTESIAN_POINT('',(228.5,-126.639810943604,10.6999998092652));
#16678=CARTESIAN_POINT('',(226.,-126.639810943604,10.6999998092652));
#16679=CARTESIAN_POINT('',(228.5,-126.639810943604,10.6999998092652));
#16680=CARTESIAN_POINT('Origin',(228.5,-126.639810943604,10.6999998092652));
#16681=CARTESIAN_POINT('',(226.,-126.390381240845,9.33644962310794));
#16682=CARTESIAN_POINT('',(228.5,-126.639810943604,10.6999998092652));
#16683=CARTESIAN_POINT('',(226.,-126.390381240845,9.33644962310794));
#16684=CARTESIAN_POINT('Origin',(228.5,-126.639810943604,10.6999998092652));
#16685=CARTESIAN_POINT('',(228.5,-126.639810943604,10.6999998092652));
#16686=CARTESIAN_POINT('Origin',(228.5,-126.303531074524,9.08415031433108));
#16687=CARTESIAN_POINT('',(228.5,-126.303531074524,9.08415031433108));
#16688=CARTESIAN_POINT('Origin',(228.5,-126.303531074524,9.08415031433108));
#16689=CARTESIAN_POINT('Origin',(226.,-115.648001098633,10.6999998092652));
#16690=CARTESIAN_POINT('',(226.,-113.62813129425,9.89929962158205));
#16691=CARTESIAN_POINT('',(226.,-113.580311203003,11.6999998092652));
#16692=CARTESIAN_POINT('',(226.,-113.62813129425,9.89929962158205));
#16693=CARTESIAN_POINT('',(226.,-114.098400974274,8.16042995452883));
#16694=CARTESIAN_POINT('',(226.,-114.098400974274,8.16042995452883));
#16695=CARTESIAN_POINT('',(226.,-114.964701080322,6.58108997344973));
#16696=CARTESIAN_POINT('',(226.,-114.964701080322,6.58108997344973));
#16697=CARTESIAN_POINT('',(226.,-116.178361320496,5.2499899864197));
#16698=CARTESIAN_POINT('',(226.,-116.178361320496,5.2499899864197));
#16699=CARTESIAN_POINT('',(226.,-117.671201133728,4.24189996719363));
#16700=CARTESIAN_POINT('',(226.,-117.671201133728,4.24189996719363));
#16701=CARTESIAN_POINT('',(226.,-119.359361076355,3.61347007751467));
#16702=CARTESIAN_POINT('',(226.,-117.671201133728,4.24189996719363));
#16703=CARTESIAN_POINT('',(226.,-121.148001098633,3.40000009536746));
#16704=CARTESIAN_POINT('',(226.,-121.148001098633,3.40000009536746));
#16705=CARTESIAN_POINT('',(226.,-122.936641120911,3.61347007751467));
#16706=CARTESIAN_POINT('',(226.,-122.936641120911,3.61347007751467));
#16707=CARTESIAN_POINT('',(226.,-124.624801063538,4.24189996719363));
#16708=CARTESIAN_POINT('',(226.,-124.624801063538,4.24189996719363));
#16709=CARTESIAN_POINT('',(226.,-126.11764087677,5.2499899864197));
#16710=CARTESIAN_POINT('',(226.,-126.11764087677,5.2499899864197));
#16711=CARTESIAN_POINT('',(226.,-127.331301116943,6.58108997344973));
#16712=CARTESIAN_POINT('',(226.,-127.331301116943,6.58108997344973));
#16713=CARTESIAN_POINT('',(226.,-128.197601222992,8.16042995452883));
#16714=CARTESIAN_POINT('',(226.,-128.197601222992,8.16042995452883));
#16715=CARTESIAN_POINT('',(226.,-128.667870903015,9.89929962158205));
#16716=CARTESIAN_POINT('',(226.,-128.667870903015,9.89929962158205));
#16717=CARTESIAN_POINT('',(226.,-128.715690994263,11.6999998092652));
#16718=CARTESIAN_POINT('',(226.,-128.715690994263,11.6999998092652));
#16719=CARTESIAN_POINT('',(226.,-128.748001003265,11.6999998092652));
#16720=CARTESIAN_POINT('',(226.,-128.715690994263,11.6999998092652));
#16721=CARTESIAN_POINT('',(226.,-128.748001003265,13.5));
#16722=CARTESIAN_POINT('',(226.,-126.390381240845,9.33644962310794));
#16723=CARTESIAN_POINT('',(226.,-125.807960891724,8.07857036590578));
#16724=CARTESIAN_POINT('',(226.,-124.929531002045,7.00625991821291));
#16725=CARTESIAN_POINT('',(226.,-123.810901069641,6.18763017654421));
#16726=CARTESIAN_POINT('',(226.,-119.772871041298,5.67468023300173));
#16727=CARTESIAN_POINT('',(226.,-118.485101127625,6.18763017654421));
#16728=CARTESIAN_POINT('',(226.,-117.366471195221,7.00625991821291));
#16729=CARTESIAN_POINT('',(226.,-116.488041305542,8.07857036590578));
#16730=CARTESIAN_POINT('',(226.,-113.548001194,11.6999998092652));
#16731=CARTESIAN_POINT('',(226.,-113.548001194,11.6999998092652));
#16732=CARTESIAN_POINT('',(226.,-113.580311203003,11.6999998092652));
#16733=CARTESIAN_POINT('Origin',(207.705820083618,-131.426031494141,13.5));
#16734=CARTESIAN_POINT('',(206.599999904633,-129.510691070557,13.5));
#16735=CARTESIAN_POINT('',(206.599999904633,-129.510691070557,13.5));
#16736=CARTESIAN_POINT('',(206.599999904633,-129.510691070557,13.5));
#16737=CARTESIAN_POINT('Origin',(218.300000190735,-133.148001098633,10.2614498138428));
#16738=CARTESIAN_POINT('',(220.400000095367,-129.510691070557,3.00000000000002));
#16739=CARTESIAN_POINT('Origin',(220.400000095367,-129.510691070557,3.00000000000002));
#16740=CARTESIAN_POINT('',(220.400000095367,-129.510691070557,3.00000000000002));
#16741=CARTESIAN_POINT('Origin',(220.400000095367,-129.510691070557,13.5));
#16742=CARTESIAN_POINT('',(220.400000095367,-129.510691070557,13.5));
#16743=CARTESIAN_POINT('',(220.400000095367,-129.510691070557,13.5));
#16744=CARTESIAN_POINT('',(220.400000095367,-129.510691070557,13.5));
#16745=CARTESIAN_POINT('Origin',(224.60000038147,-129.510691070557,13.5));
#16746=CARTESIAN_POINT('',(224.60000038147,-129.510691070557,13.5));
#16747=CARTESIAN_POINT('Origin',(201.294179916382,-110.869970703125,13.5));
#16748=CARTESIAN_POINT('',(201.294179916382,-110.869970703125,13.5));
#16749=CARTESIAN_POINT('Origin',(202.39999961853,-112.785311126709,13.5));
#16750=CARTESIAN_POINT('',(202.39999961853,-112.785311126709,13.5));
#16751=CARTESIAN_POINT('',(201.294179916382,-110.869970703125,13.5));
#16752=CARTESIAN_POINT('',(202.39999961853,-112.785311126709,13.5));
#16753=CARTESIAN_POINT('Origin',(201.294179916382,-131.426031494141,13.5));
#16754=CARTESIAN_POINT('',(200.300000190735,-133.148001098633,10.2614498138428));
#16755=CARTESIAN_POINT('Origin',(200.300000190735,-133.148001098633,10.2614498138428));
#16756=CARTESIAN_POINT('Origin',(228.5,-115.992471122742,9.08415031433108));
#16757=CARTESIAN_POINT('Origin',(228.5,-116.79301109314,7.64083003997805));
#16758=CARTESIAN_POINT('Origin',(228.5,-117.98572101593,6.50000000000002));
#16759=CARTESIAN_POINT('Origin',(228.5,-119.4896910429,5.7559599876404));
#16760=CARTESIAN_POINT('Origin',(228.5,-121.148001098633,5.50000000000002));
#16761=CARTESIAN_POINT('',(228.5,-122.806311154366,5.7559599876404));
#16762=CARTESIAN_POINT('Origin',(228.5,-122.806311154366,5.7559599876404));
#16763=CARTESIAN_POINT('Origin',(228.5,-124.310281181335,6.50000000000002));
#16764=CARTESIAN_POINT('Origin',(228.5,-125.502991104126,7.64083003997805));
#16765=CARTESIAN_POINT('Origin',(228.5,-126.303531074524,9.08415031433108));
#16766=CARTESIAN_POINT('Origin',(206.,-129.510691070557,5.34461021423342));
#16767=CARTESIAN_POINT('',(203.,-129.510691070557,5.34461021423342));
#16768=CARTESIAN_POINT('Origin',(206.,-115.059060955048,2.16050004959109));
#16769=CARTESIAN_POINT('',(203.,-115.059060955048,2.16050004959109));
#16770=CARTESIAN_POINT('',(203.,-112.785311126709,5.34461021423342));
#16771=CARTESIAN_POINT('Origin',(206.599999904633,-112.785311126709,13.5));
#16772=CARTESIAN_POINT('',(203.,-112.785311126709,13.5));
#16773=CARTESIAN_POINT('Origin',(201.,-113.548001194,11.6999998092652));
#16774=CARTESIAN_POINT('',(201.,-113.548001194,13.5));
#16775=CARTESIAN_POINT('',(203.,-113.548001194,13.5));
#16776=CARTESIAN_POINT('',(201.,-113.548001194,11.6999998092652));
#16777=CARTESIAN_POINT('',(201.,-113.548001194,13.5));
#16778=CARTESIAN_POINT('',(203.,-113.548001194,11.6999998092652));
#16779=CARTESIAN_POINT('Origin',(203.,-113.548001194,11.6999998092652));
#16780=CARTESIAN_POINT('',(201.,-113.580311203003,11.6999998092652));
#16781=CARTESIAN_POINT('',(201.,-113.580311203003,11.6999998092652));
#16782=CARTESIAN_POINT('',(203.,-113.580311203003,11.6999998092652));
#16783=CARTESIAN_POINT('Origin',(203.,-113.576441192627,11.6568899154663));
#16784=CARTESIAN_POINT('',(203.,-113.063540840149,10.7434902191162));
#16785=CARTESIAN_POINT('',(203.,-113.576441192627,11.6568899154663));
#16786=CARTESIAN_POINT('Origin',(206.,-113.063540840149,10.7434902191162));
#16787=CARTESIAN_POINT('',(203.,-113.552931213379,6.89383983612063));
#16788=CARTESIAN_POINT('Origin',(206.,-113.552931213379,6.89383983612063));
#16789=CARTESIAN_POINT('Origin',(206.,-117.201251173019,2.81037998199465));
#16790=CARTESIAN_POINT('',(203.,-118.517431163788,2.20104002952578));
#16791=CARTESIAN_POINT('Origin',(206.,-120.660201096535,1.50000000000002));
#16792=CARTESIAN_POINT('',(203.,-120.660201096535,1.50000000000002));
#16793=CARTESIAN_POINT('Origin',(206.,-120.660201096535,1.50000000000002));
#16794=CARTESIAN_POINT('',(203.,-121.635801100731,1.50000000000002));
#16795=CARTESIAN_POINT('Origin',(206.,-123.778571033478,2.20104002952578));
#16796=CARTESIAN_POINT('Origin',(206.,-125.094751024246,2.81037998199465));
#16797=CARTESIAN_POINT('',(203.,-127.068461322784,4.42303991317751));
#16798=CARTESIAN_POINT('Origin',(206.,-127.068461322784,4.42303991317751));
#16799=CARTESIAN_POINT('',(203.,-128.743070983887,6.89383983612063));
#16800=CARTESIAN_POINT('Origin',(206.,-128.743070983887,6.89383983612063));
#16801=CARTESIAN_POINT('',(203.,-129.232461357117,10.7434902191162));
#16802=CARTESIAN_POINT('Origin',(206.,-128.719561004639,11.6568899154663));
#16803=CARTESIAN_POINT('',(203.,-128.719561004639,11.6568899154663));
#16804=CARTESIAN_POINT('Origin',(203.,-128.715690994263,11.6999998092652));
#16805=CARTESIAN_POINT('',(201.,-128.715690994263,11.6999998092652));
#16806=CARTESIAN_POINT('',(201.,-128.748001003265,11.6999998092652));
#16807=CARTESIAN_POINT('',(201.,-128.715690994263,11.6999998092652));
#16808=CARTESIAN_POINT('',(203.,-128.748001003265,11.6999998092652));
#16809=CARTESIAN_POINT('',(203.,-128.715690994263,11.6999998092652));
#16810=CARTESIAN_POINT('Origin',(203.,-128.748001003265,13.5));
#16811=CARTESIAN_POINT('',(201.,-128.748001003265,13.5));
#16812=CARTESIAN_POINT('Origin',(206.,-129.510691070557,5.34461021423342));
#16813=CARTESIAN_POINT('',(206.,-129.510691070557,13.5));
#16814=CARTESIAN_POINT('Origin',(224.,-113.548001194,11.6999998092652));
#16815=CARTESIAN_POINT('',(224.,-113.548001194,11.6999998092652));
#16816=CARTESIAN_POINT('Origin',(226.,-113.548001194,11.6999998092652));
#16817=CARTESIAN_POINT('',(224.,-113.580311203003,11.6999998092652));
#16818=CARTESIAN_POINT('Origin',(226.,-128.748001003265,11.6999998092652));
#16819=CARTESIAN_POINT('',(224.,-128.748001003265,11.6999998092652));
#16820=CARTESIAN_POINT('',(224.,-128.715690994263,11.6999998092652));
#16821=CARTESIAN_POINT('Origin',(226.,-128.748001003265,11.6999998092652));
#16822=CARTESIAN_POINT('Origin',(224.,-129.510691070557,5.34461021423342));
#16823=CARTESIAN_POINT('',(221.,-129.510691070557,5.34461021423342));
#16824=CARTESIAN_POINT('',(221.,-127.236941242218,2.16050004959109));
#16825=CARTESIAN_POINT('Origin',(224.,-115.059060955048,2.16050004959109));
#16826=CARTESIAN_POINT('',(221.,-112.785311126709,5.34461021423342));
#16827=CARTESIAN_POINT('Origin',(221.,-112.785311126709,5.34461021423342));
#16828=CARTESIAN_POINT('Origin',(206.,-113.548001194,11.6999998092652));
#16829=CARTESIAN_POINT('',(221.,-113.548001194,11.6999998092652));
#16830=CARTESIAN_POINT('Origin',(221.,-113.548001194,11.6999998092652));
#16831=CARTESIAN_POINT('',(221.,-113.580311203003,11.6999998092652));
#16832=CARTESIAN_POINT('Origin',(221.,-113.576441192627,11.6568899154663));
#16833=CARTESIAN_POINT('',(221.,-113.063540840149,10.7434902191162));
#16834=CARTESIAN_POINT('',(221.,-113.576441192627,11.6568899154663));
#16835=CARTESIAN_POINT('Origin',(224.,-113.063540840149,10.7434902191162));
#16836=CARTESIAN_POINT('',(221.,-113.552931213379,6.89383983612063));
#16837=CARTESIAN_POINT('Origin',(224.,-113.552931213379,6.89383983612063));
#16838=CARTESIAN_POINT('',(221.,-115.227540874481,4.42303991317751));
#16839=CARTESIAN_POINT('Origin',(224.,-115.227540874481,4.42303991317751));
#16840=CARTESIAN_POINT('Origin',(224.,-120.660201096535,1.50000000000002));
#16841=CARTESIAN_POINT('',(221.,-120.660201096535,1.50000000000002));
#16842=CARTESIAN_POINT('Origin',(224.,-120.660201096535,1.50000000000002));
#16843=CARTESIAN_POINT('',(221.,-121.635801100731,1.50000000000002));
#16844=CARTESIAN_POINT('Origin',(224.,-123.778571033478,2.20104002952578));
#16845=CARTESIAN_POINT('',(221.,-123.778571033478,2.20104002952578));
#16846=CARTESIAN_POINT('Origin',(224.,-123.778571033478,2.20104002952578));
#16847=CARTESIAN_POINT('Origin',(224.,-125.094751024246,2.81037998199465));
#16848=CARTESIAN_POINT('',(221.,-127.068461322784,4.42303991317751));
#16849=CARTESIAN_POINT('Origin',(224.,-127.068461322784,4.42303991317751));
#16850=CARTESIAN_POINT('',(221.,-128.743070983887,6.89383983612063));
#16851=CARTESIAN_POINT('Origin',(224.,-128.743070983887,6.89383983612063));
#16852=CARTESIAN_POINT('',(221.,-129.232461357117,10.7434902191162));
#16853=CARTESIAN_POINT('Origin',(224.,-128.719561004639,11.6568899154663));
#16854=CARTESIAN_POINT('',(221.,-128.719561004639,11.6568899154663));
#16855=CARTESIAN_POINT('Origin',(226.,-117.671201133728,4.24189996719363));
#16856=CARTESIAN_POINT('',(201.,-117.671201133728,4.24189996719363));
#16857=CARTESIAN_POINT('',(201.,-119.359361076355,3.61347007751467));
#16858=CARTESIAN_POINT('',(201.,-117.671201133728,4.24189996719363));
#16859=CARTESIAN_POINT('',(201.,-119.359361076355,3.61347007751467));
#16860=CARTESIAN_POINT('',(201.,-117.671201133728,4.24189996719363));
#16861=CARTESIAN_POINT('Origin',(226.,-119.359361076355,3.61347007751467));
#16862=CARTESIAN_POINT('',(201.,-121.148001098633,3.40000009536746));
#16863=CARTESIAN_POINT('',(201.,-119.359361076355,3.61347007751467));
#16864=CARTESIAN_POINT('',(201.,-121.148001098633,3.40000009536746));
#16865=CARTESIAN_POINT('Origin',(226.,-122.936641120911,3.61347007751467));
#16866=CARTESIAN_POINT('',(201.,-122.936641120911,3.61347007751467));
#16867=CARTESIAN_POINT('',(201.,-122.936641120911,3.61347007751467));
#16868=CARTESIAN_POINT('',(201.,-122.936641120911,3.61347007751467));
#16869=CARTESIAN_POINT('Origin',(226.,-122.936641120911,3.61347007751467));
#16870=CARTESIAN_POINT('',(201.,-124.624801063538,4.24189996719363));
#16871=CARTESIAN_POINT('',(201.,-122.936641120911,3.61347007751467));
#16872=CARTESIAN_POINT('',(201.,-124.624801063538,4.24189996719363));
#16873=CARTESIAN_POINT('Origin',(226.,-124.624801063538,4.24189996719363));
#16874=CARTESIAN_POINT('',(201.,-126.11764087677,5.2499899864197));
#16875=CARTESIAN_POINT('',(201.,-124.624801063538,4.24189996719363));
#16876=CARTESIAN_POINT('',(201.,-126.11764087677,5.2499899864197));
#16877=CARTESIAN_POINT('Origin',(226.,-113.580311203003,11.6999998092652));
#16878=CARTESIAN_POINT('',(224.,-113.576441192627,11.6568899154663));
#16879=CARTESIAN_POINT('',(224.,-113.576441192627,11.6568899154663));
#16880=CARTESIAN_POINT('Origin',(226.,-126.11764087677,5.2499899864197));
#16881=CARTESIAN_POINT('',(201.,-127.331301116943,6.58108997344973));
#16882=CARTESIAN_POINT('',(201.,-126.11764087677,5.2499899864197));
#16883=CARTESIAN_POINT('',(201.,-127.331301116943,6.58108997344973));
#16884=CARTESIAN_POINT('Origin',(226.,-113.580311203003,11.6999998092652));
#16885=CARTESIAN_POINT('Origin',(226.,-128.197601222992,8.16042995452883));
#16886=CARTESIAN_POINT('',(201.,-128.197601222992,8.16042995452883));
#16887=CARTESIAN_POINT('',(201.,-128.197601222992,8.16042995452883));
#16888=CARTESIAN_POINT('',(201.,-128.197601222992,8.16042995452883));
#16889=CARTESIAN_POINT('Origin',(226.,-128.667870903015,9.89929962158205));
#16890=CARTESIAN_POINT('',(224.,-128.719561004639,11.6568899154663));
#16891=CARTESIAN_POINT('',(224.,-128.719561004639,11.6568899154663));
#16892=CARTESIAN_POINT('Origin',(226.,-128.667870903015,9.89929962158205));
#16893=CARTESIAN_POINT('',(201.,-128.667870903015,9.89929962158205));
#16894=CARTESIAN_POINT('',(201.,-128.667870903015,9.89929962158205));
#16895=CARTESIAN_POINT('',(201.,-128.667870903015,9.89929962158205));
#16896=CARTESIAN_POINT('Origin',(226.,-128.715690994263,11.6999998092652));
#16897=CARTESIAN_POINT('Origin',(221.,-113.580311203003,11.6999998092652));
#16898=CARTESIAN_POINT('',(221.,-113.576441192627,11.6568899154663));
#16899=CARTESIAN_POINT('Origin',(226.,-113.62813129425,9.89929962158205));
#16900=CARTESIAN_POINT('',(201.,-114.098400974274,8.16042995452883));
#16901=CARTESIAN_POINT('',(201.,-113.62813129425,9.89929962158205));
#16902=CARTESIAN_POINT('',(201.,-114.098400974274,8.16042995452883));
#16903=CARTESIAN_POINT('',(201.,-114.098400974274,8.16042995452883));
#16904=CARTESIAN_POINT('',(201.,-113.62813129425,9.89929962158205));
#16905=CARTESIAN_POINT('Origin',(206.,-128.719561004639,11.6568899154663));
#16906=CARTESIAN_POINT('',(221.,-128.715690994263,11.6999998092652));
#16907=CARTESIAN_POINT('',(221.,-128.719561004639,11.6568899154663));
#16908=CARTESIAN_POINT('Origin',(206.,-113.576441192627,11.6568899154663));
#16909=CARTESIAN_POINT('',(203.,-113.576441192627,11.6568899154663));
#16910=CARTESIAN_POINT('Origin',(201.,-128.667870903015,9.89929962158205));
#16911=CARTESIAN_POINT('',(203.,-128.719561004639,11.6568899154663));
#16912=CARTESIAN_POINT('',(203.,-128.719561004639,11.6568899154663));
#16913=CARTESIAN_POINT('',(201.,-128.667870903015,9.89929962158205));
#16914=CARTESIAN_POINT('Origin',(201.,-128.667870903015,9.89929962158205));
#16915=CARTESIAN_POINT('Origin',(203.,-113.580311203003,11.6999998092652));
#16916=CARTESIAN_POINT('',(203.,-113.576441192627,11.6568899154663));
#16917=CARTESIAN_POINT('Origin',(203.,-113.576441192627,11.6568899154663));
#16918=CARTESIAN_POINT('',(201.,-113.62813129425,9.89929962158205));
#16919=CARTESIAN_POINT('Origin',(203.,-128.719561004639,11.6568899154663));
#16920=CARTESIAN_POINT('Origin',(226.,-114.964701080322,6.58108997344973));
#16921=CARTESIAN_POINT('',(201.,-114.964701080322,6.58108997344973));
#16922=CARTESIAN_POINT('',(201.,-114.964701080322,6.58108997344973));
#16923=CARTESIAN_POINT('',(201.,-116.178361320496,5.2499899864197));
#16924=CARTESIAN_POINT('',(201.,-116.178361320496,5.2499899864197));
#16925=CARTESIAN_POINT('',(201.,-116.178361320496,5.2499899864197));
#16926=CARTESIAN_POINT('Origin',(226.,-114.964701080322,6.58108997344973));
#16927=CARTESIAN_POINT('',(201.,-114.964701080322,6.58108997344973));
#16928=CARTESIAN_POINT('Origin',(226.,-116.178361320496,5.2499899864197));
#16929=CARTESIAN_POINT('',(201.,-116.178361320496,5.2499899864197));
#16930=CARTESIAN_POINT('Origin',(221.,-128.748001003265,11.6999998092652));
#16931=CARTESIAN_POINT('',(221.,-128.748001003265,11.6999998092652));
#16932=CARTESIAN_POINT('Origin',(221.,-128.748001003265,11.6999998092652));
#16933=CARTESIAN_POINT('',(221.,-128.748001003265,13.5));
#16934=CARTESIAN_POINT('Origin',(206.599999904633,-129.510691070557,13.5));
#16935=CARTESIAN_POINT('',(221.,-129.510691070557,13.5));
#16936=CARTESIAN_POINT('Origin',(220.400000095367,-129.510691070557,13.5));
#16937=CARTESIAN_POINT('Origin',(203.,-113.548001194,13.5));
#16938=CARTESIAN_POINT('',(201.,-115.648001098633,13.5));
#16939=CARTESIAN_POINT('',(198.5,-115.648001098633,13.5));
#16940=CARTESIAN_POINT('',(201.,-115.648001098633,13.5));
#16941=CARTESIAN_POINT('Origin',(201.,-115.648001098633,10.6999998092652));
#16942=CARTESIAN_POINT('',(201.,-115.648001098633,10.6999998092652));
#16943=CARTESIAN_POINT('',(198.5,-115.648001098633,10.6999998092652));
#16944=CARTESIAN_POINT('',(201.,-115.648001098633,10.6999998092652));
#16945=CARTESIAN_POINT('Origin',(201.,-115.648001098633,10.6999998092652));
#16946=CARTESIAN_POINT('',(201.,-115.656191253662,10.6999998092652));
#16947=CARTESIAN_POINT('',(198.5,-115.656191253662,10.6999998092652));
#16948=CARTESIAN_POINT('',(201.,-115.656191253662,10.6999998092652));
#16949=CARTESIAN_POINT('Origin',(201.,-113.580311203003,11.6999998092652));
#16950=CARTESIAN_POINT('',(201.,-115.905620956421,9.33644962310794));
#16951=CARTESIAN_POINT('',(201.,-115.905620956421,9.33644962310794));
#16952=CARTESIAN_POINT('',(201.,-116.488041305542,8.07857036590578));
#16953=CARTESIAN_POINT('',(201.,-116.488041305542,8.07857036590578));
#16954=CARTESIAN_POINT('',(201.,-117.366471195221,7.00625991821291));
#16955=CARTESIAN_POINT('',(201.,-117.366471195221,7.00625991821291));
#16956=CARTESIAN_POINT('',(201.,-118.485101127625,6.18763017654421));
#16957=CARTESIAN_POINT('',(201.,-118.485101127625,6.18763017654421));
#16958=CARTESIAN_POINT('',(201.,-119.772871041298,5.67468023300173));
#16959=CARTESIAN_POINT('',(201.,-119.772871041298,5.67468023300173));
#16960=CARTESIAN_POINT('',(201.,-121.148001098633,5.50000000000002));
#16961=CARTESIAN_POINT('',(201.,-121.148001098633,5.50000000000002));
#16962=CARTESIAN_POINT('',(201.,-122.523131155968,5.67468023300173));
#16963=CARTESIAN_POINT('',(201.,-122.523131155968,5.67468023300173));
#16964=CARTESIAN_POINT('',(201.,-123.810901069641,6.18763017654421));
#16965=CARTESIAN_POINT('',(201.,-123.810901069641,6.18763017654421));
#16966=CARTESIAN_POINT('',(201.,-124.929531002045,7.00625991821291));
#16967=CARTESIAN_POINT('',(201.,-124.929531002045,7.00625991821291));
#16968=CARTESIAN_POINT('',(201.,-125.807960891724,8.07857036590578));
#16969=CARTESIAN_POINT('',(201.,-125.807960891724,8.07857036590578));
#16970=CARTESIAN_POINT('',(201.,-126.390381240845,9.33644962310794));
#16971=CARTESIAN_POINT('',(201.,-126.390381240845,9.33644962310794));
#16972=CARTESIAN_POINT('',(201.,-126.639810943604,10.6999998092652));
#16973=CARTESIAN_POINT('',(201.,-126.639810943604,10.6999998092652));
#16974=CARTESIAN_POINT('',(201.,-126.648001098633,10.6999998092652));
#16975=CARTESIAN_POINT('',(201.,-126.639810943604,10.6999998092652));
#16976=CARTESIAN_POINT('',(201.,-126.648001098633,13.5));
#16977=CARTESIAN_POINT('Origin',(201.,-126.648001098633,10.6999998092652));
#16978=CARTESIAN_POINT('',(198.5,-126.639810943604,10.6999998092652));
#16979=CARTESIAN_POINT('',(198.5,-126.648001098633,10.6999998092652));
#16980=CARTESIAN_POINT('Origin',(201.,-126.648001098633,10.6999998092652));
#16981=CARTESIAN_POINT('Origin',(223.069399833679,-131.022961044312,2.33475463626027E-14));
#16982=CARTESIAN_POINT('',(223.069399833679,-131.022961044312,2.33475463626027E-14));
#16983=CARTESIAN_POINT('Origin',(222.5,-130.948001289368,2.33475463626027E-14));
#16984=CARTESIAN_POINT('',(221.930600166321,-131.022961044312,2.33475463626027E-14));
#16985=CARTESIAN_POINT('',(222.5,-130.948001289368,2.33475463626027E-14));
#16986=CARTESIAN_POINT('Origin',(222.5,-130.948001289368,2.33475463626027E-14));
#16987=CARTESIAN_POINT('',(222.5,-130.948001289368,2.33475463626027E-14));
#16988=CARTESIAN_POINT('Origin',(221.930600166321,-131.022961044312,2.33475463626027E-14));
#16989=CARTESIAN_POINT('Origin',(223.069399833679,-131.022961044312,2.33475463626027E-14));
#16990=CARTESIAN_POINT('Origin',(205.069399833679,-131.022961044312,2.33475463626027E-14));
#16991=CARTESIAN_POINT('',(205.069399833679,-131.022961044312,2.33475463626027E-14));
#16992=CARTESIAN_POINT('Origin',(204.5,-130.948001289368,2.33475463626027E-14));
#16993=CARTESIAN_POINT('',(203.930600166321,-131.022961044312,2.33475463626027E-14));
#16994=CARTESIAN_POINT('',(204.5,-130.948001289368,2.33475463626027E-14));
#16995=CARTESIAN_POINT('Origin',(204.5,-130.948001289368,2.33475463626027E-14));
#16996=CARTESIAN_POINT('',(204.5,-130.948001289368,2.33475463626027E-14));
#16997=CARTESIAN_POINT('Origin',(203.930600166321,-131.022961044312,2.33475463626027E-14));
#16998=CARTESIAN_POINT('',(203.930600166321,-131.022961044312,2.33475463626027E-14));
#16999=CARTESIAN_POINT('Origin',(203.930600166321,-131.022961044312,2.33475463626027E-14));
#17000=CARTESIAN_POINT('Origin',(205.069399833679,-131.022961044312,2.33475463626027E-14));
#17001=CARTESIAN_POINT('Origin',(206.,-118.148001098633,2.33475463626027E-14));
#17002=CARTESIAN_POINT('Origin',(224.,-127.236941242218,2.16050004959109));
#17003=CARTESIAN_POINT('Origin',(201.,-115.656191253662,10.6999998092652));
#17004=CARTESIAN_POINT('',(198.5,-115.656191253662,10.6999998092652));
#17005=CARTESIAN_POINT('Origin',(201.,-115.905620956421,9.33644962310794));
#17006=CARTESIAN_POINT('',(198.5,-115.992471122742,9.08415031433108));
#17007=CARTESIAN_POINT('',(198.5,-115.992471122742,9.08415031433108));
#17008=CARTESIAN_POINT('Origin',(201.,-115.905620956421,9.33644962310794));
#17009=CARTESIAN_POINT('Origin',(201.,-116.488041305542,8.07857036590578));
#17010=CARTESIAN_POINT('',(198.5,-116.79301109314,7.64083003997805));
#17011=CARTESIAN_POINT('',(198.5,-116.79301109314,7.64083003997805));
#17012=CARTESIAN_POINT('Origin',(201.,-116.488041305542,8.07857036590578));
#17013=CARTESIAN_POINT('Origin',(201.,-117.366471195221,7.00625991821291));
#17014=CARTESIAN_POINT('',(198.5,-117.98572101593,6.50000000000002));
#17015=CARTESIAN_POINT('',(198.5,-117.98572101593,6.50000000000002));
#17016=CARTESIAN_POINT('Origin',(201.,-117.366471195221,7.00625991821291));
#17017=CARTESIAN_POINT('Origin',(201.,-118.485101127625,6.18763017654421));
#17018=CARTESIAN_POINT('',(198.5,-119.4896910429,5.7559599876404));
#17019=CARTESIAN_POINT('',(198.5,-119.4896910429,5.7559599876404));
#17020=CARTESIAN_POINT('Origin',(201.,-118.485101127625,6.18763017654421));
#17021=CARTESIAN_POINT('Origin',(201.,-119.772871041298,5.67468023300173));
#17022=CARTESIAN_POINT('',(198.5,-121.148001098633,5.50000000000002));
#17023=CARTESIAN_POINT('',(198.5,-121.148001098633,5.50000000000002));
#17024=CARTESIAN_POINT('Origin',(201.,-119.772871041298,5.67468023300173));
#17025=CARTESIAN_POINT('Origin',(201.,-121.148001098633,5.50000000000002));
#17026=CARTESIAN_POINT('',(198.5,-121.148001098633,5.50000000000002));
#17027=CARTESIAN_POINT('Origin',(201.,-122.523131155968,5.67468023300173));
#17028=CARTESIAN_POINT('',(198.5,-122.806311154366,5.7559599876404));
#17029=CARTESIAN_POINT('',(198.5,-122.806311154366,5.7559599876404));
#17030=CARTESIAN_POINT('Origin',(201.,-122.523131155968,5.67468023300173));
#17031=CARTESIAN_POINT('Origin',(201.,-123.810901069641,6.18763017654421));
#17032=CARTESIAN_POINT('',(198.5,-124.310281181335,6.50000000000002));
#17033=CARTESIAN_POINT('',(198.5,-124.310281181335,6.50000000000002));
#17034=CARTESIAN_POINT('Origin',(201.,-123.810901069641,6.18763017654421));
#17035=CARTESIAN_POINT('Origin',(201.,-124.929531002045,7.00625991821291));
#17036=CARTESIAN_POINT('',(198.5,-125.502991104126,7.64083003997805));
#17037=CARTESIAN_POINT('',(198.5,-125.502991104126,7.64083003997805));
#17038=CARTESIAN_POINT('Origin',(201.,-124.929531002045,7.00625991821291));
#17039=CARTESIAN_POINT('Origin',(201.,-125.807960891724,8.07857036590578));
#17040=CARTESIAN_POINT('',(198.5,-126.303531074524,9.08415031433108));
#17041=CARTESIAN_POINT('',(198.5,-126.303531074524,9.08415031433108));
#17042=CARTESIAN_POINT('Origin',(201.,-125.807960891724,8.07857036590578));
#17043=CARTESIAN_POINT('Origin',(201.,-126.390381240845,9.33644962310794));
#17044=CARTESIAN_POINT('',(198.5,-126.639810943604,10.6999998092652));
#17045=CARTESIAN_POINT('Origin',(201.,-126.390381240845,9.33644962310794));
#17046=UNCERTAINTY_MEASURE_WITH_UNIT(LENGTH_MEASURE(0.01),#17050,
'DISTANCE_ACCURACY_VALUE',
'Maximum model space distance between geometric entities at asserted c
onnectivities');
#17047=UNCERTAINTY_MEASURE_WITH_UNIT(LENGTH_MEASURE(0.01),#17050,
'DISTANCE_ACCURACY_VALUE',
'Maximum model space distance between geometric entities at asserted c
onnectivities');
#17048=(
GEOMETRIC_REPRESENTATION_CONTEXT(3)
GLOBAL_UNCERTAINTY_ASSIGNED_CONTEXT((#17046))
GLOBAL_UNIT_ASSIGNED_CONTEXT((#17050,#17052,#17053))
REPRESENTATION_CONTEXT('','3D')
);
#17049=(
GEOMETRIC_REPRESENTATION_CONTEXT(3)
GLOBAL_UNCERTAINTY_ASSIGNED_CONTEXT((#17047))
GLOBAL_UNIT_ASSIGNED_CONTEXT((#17050,#17052,#17053))
REPRESENTATION_CONTEXT('','3D')
);
#17050=(
LENGTH_UNIT()
NAMED_UNIT(*)
SI_UNIT(.MILLI.,.METRE.)
);
#17051=(
LENGTH_UNIT()
NAMED_UNIT(*)
SI_UNIT($,.METRE.)
);
#17052=(
NAMED_UNIT(*)
PLANE_ANGLE_UNIT()
SI_UNIT($,.RADIAN.)
);
#17053=(
NAMED_UNIT(*)
SI_UNIT($,.STERADIAN.)
SOLID_ANGLE_UNIT()
);
#17054=SHAPE_DEFINITION_REPRESENTATION(#17055,#17056);
#17055=PRODUCT_DEFINITION_SHAPE('',$,#17058);
#17056=SHAPE_REPRESENTATION('',(#10786),#17048);
#17057=PRODUCT_DEFINITION_CONTEXT('part definition',#17062,'design');
#17058=PRODUCT_DEFINITION('suporte_z.f3d','suporte_z.f3d v3',#17059,#17057);
#17059=PRODUCT_DEFINITION_FORMATION('',$,#17064);
#17060=PRODUCT_RELATED_PRODUCT_CATEGORY('suporte_z.f3d v3',
'suporte_z.f3d v3',(#17064));
#17061=APPLICATION_PROTOCOL_DEFINITION('international standard',
'automotive_design',2009,#17062);
#17062=APPLICATION_CONTEXT(
'Core Data for Automotive Mechanical Design Process');
#17063=PRODUCT_CONTEXT('part definition',#17062,'mechanical');
#17064=PRODUCT('suporte_z.f3d','suporte_z.f3d v3',$,(#17063));
#17065=PRESENTATION_STYLE_ASSIGNMENT((#17067));
#17066=PRESENTATION_STYLE_ASSIGNMENT((#17068));
#17067=SURFACE_STYLE_USAGE(.BOTH.,#17069);
#17068=SURFACE_STYLE_USAGE(.BOTH.,#17070);
#17069=SURFACE_SIDE_STYLE('',(#17071));
#17070=SURFACE_SIDE_STYLE('',(#17072));
#17071=SURFACE_STYLE_FILL_AREA(#17073);
#17072=SURFACE_STYLE_FILL_AREA(#17074);
#17073=FILL_AREA_STYLE('A\X\E7o - Acetinado',(#17075));
#17074=FILL_AREA_STYLE('Pintura - Esmalte com brilho (Amarelo)',(#17076));
#17075=FILL_AREA_STYLE_COLOUR('A\X\E7o - Acetinado',#17077);
#17076=FILL_AREA_STYLE_COLOUR('Pintura - Esmalte com brilho (Amarelo)',
#17078);
#17077=COLOUR_RGB('A\X\E7o - Acetinado',0.627450980392157,0.627450980392157,
0.627450980392157);
#17078=COLOUR_RGB('Pintura - Esmalte com brilho (Amarelo)',0.909803921568627,
0.67843137254902,0.137254901960784);
ENDSEC;
END-ISO-10303-21;
